concesionaria,estado_facturacion,num_boleta,tipo_servicio,patente,fecha,hora,portico,lugar,monto,archivo_origen
Autopista Central,No Facturado,,Tránsito Tag,CYPW26,25-09-2026,01:23:16,PA20,Lo Espejo Poniente,412.57,Autopase_Central_CYPW26_28092026_055854.csv
Autopista Central,No Facturado,,Tránsito Tag,CYPW26,25-09-2026,01:24:45,PA32,Lo Blanco - Las Acacias,176.67,Autopase_Central_CYPW26_28092026_055854.csv
Autopista Central,No Facturado,,Tránsito Tag,CYPW26,25-09-2026,23:40:35,PA21,Lo Ovalle Oriente,512.34,Autopase_Central_CYPW26_28092026_055854.csv
Autopista Central,No Facturado,,Tránsito Tag,HXJJ44,17-09-2026,05:07:21,PA21,Lo Ovalle Oriente,512.34,Autopase_Central_HXJJ44_28092026_055904.csv
Autopista Central,No Facturado,,Tránsito Tag,HXJJ44,17-09-2026,18:39:24,PA25,San Pablo Oriente,421.93,Autopase_Central_HXJJ44_28092026_055904.csv
Autopista Central,No Facturado,,Tránsito Tag,HXJJ44,17-09-2026,18:44:08,PA28,Cerro Renca Oriente,1024.69,Autopase_Central_HXJJ44_28092026_055904.csv
Autopista Central,No Facturado,,Tránsito Tag,HXJJ44,17-09-2026,18:45:17,PA17,Américo Vespucio Oriente,924.92,Autopase_Central_HXJJ44_28092026_055904.csv
Autopista Central,No Facturado,,Tránsito Tag,HXJJ44,18-09-2026,05:14:48,PA21,Lo Ovalle Oriente,512.34,Autopase_Central_HXJJ44_28092026_055904.csv
Autopista Central,No Facturado,,Tránsito Tag,HXJJ44,18-09-2026,21:43:31,PA18,Américo Vespucio Poniente,462.46,Autopase_Central_HXJJ44_28092026_055904.csv
Autopista Central,No Facturado,,Tránsito Tag,HXJJ44,18-09-2026,21:44:52,PA29,Cerro Renca Poniente,512.34,Autopase_Central_HXJJ44_28092026_055904.csv
Autopista Central,No Facturado,,Tránsito Tag,HXJJ44,18-09-2026,21:50:32,PA26,San Pablo Poniente,421.93,Autopase_Central_HXJJ44_28092026_055904.csv
Autopista Central,No Facturado,,Tránsito Tag,HXJJ44,19-09-2026,04:55:42,PA21,Lo Ovalle Oriente,512.34,Autopase_Central_HXJJ44_28092026_055904.csv
Autopista Central,No Facturado,,Tránsito Tag,HXJJ44,19-09-2026,17:51:03,PA25,San Pablo Oriente,421.93,Autopase_Central_HXJJ44_28092026_055904.csv
Autopista Central,No Facturado,,Tránsito Tag,HXJJ44,19-09-2026,17:55:49,PA28,Cerro Renca Oriente,512.34,Autopase_Central_HXJJ44_28092026_055904.csv
Autopista Central,No Facturado,,Tránsito Tag,HXJJ44,19-09-2026,17:56:54,PA17,Américo Vespucio Oriente,462.46,Autopase_Central_HXJJ44_28092026_055904.csv
Autopista Central,No Facturado,,Tránsito Tag,HXJJ44,19-09-2026,20:46:39,PA16,Avda Santa María Oriente,425.04,Autopase_Central_HXJJ44_28092026_055904.csv
Autopista Central,No Facturado,,Tránsito Tag,HXJJ44,19-09-2026,20:50:27,PA17,Américo Vespucio Oriente,462.46,Autopase_Central_HXJJ44_28092026_055904.csv
Autopista Central,No Facturado,,Tránsito Tag,HXJJ44,19-09-2026,22:58:07,PA18,Américo Vespucio Poniente,462.46,Autopase_Central_HXJJ44_28092026_055904.csv
Autopista Central,No Facturado,,Tránsito Tag,HXJJ44,19-09-2026,22:59:20,PA29,Cerro Renca Poniente,512.34,Autopase_Central_HXJJ44_28092026_055904.csv
Autopista Central,No Facturado,,Tránsito Tag,HXJJ44,19-09-2026,23:04:33,PA26,San Pablo Poniente,421.93,Autopase_Central_HXJJ44_28092026_055904.csv
Autopista Central,No Facturado,,Tránsito Tag,HXJJ44,19-09-2026,23:53:30,PA26,San Pablo Poniente,421.93,Autopase_Central_HXJJ44_28092026_055904.csv
Autopista Central,No Facturado,,Tránsito Tag,HXJJ44,19-09-2026,23:55:18,PA24,Carlos Valdovinos Poniente,287.86,Autopase_Central_HXJJ44_28092026_055904.csv
Autopista Central,No Facturado,,Tránsito Tag,HXJJ44,19-09-2026,23:58:18,PA22,Lo Ovalle Poniente,512.34,Autopase_Central_HXJJ44_28092026_055904.csv
Autopista Central,No Facturado,,Tránsito Tag,HXJJ44,20-09-2026,04:18:18,PA24,Carlos Valdovinos Poniente,287.86,Autopase_Central_HXJJ44_28092026_055904.csv
Autopista Central,No Facturado,,Tránsito Tag,HXJJ44,20-09-2026,04:27:41,PA22,Lo Ovalle Poniente,512.34,Autopase_Central_HXJJ44_28092026_055904.csv
Autopista Central,No Facturado,,Tránsito Tag,HXJJ44,20-09-2026,04:45:19,PA21,Lo Ovalle Oriente,512.34,Autopase_Central_HXJJ44_28092026_055904.csv
Autopista Central,No Facturado,,Tránsito Tag,HXJJ44,20-09-2026,17:51:58,PA25,San Pablo Oriente,421.93,Autopase_Central_HXJJ44_28092026_055904.csv
Autopista Central,No Facturado,,Tránsito Tag,HXJJ44,20-09-2026,17:56:44,PA28,Cerro Renca Oriente,512.34,Autopase_Central_HXJJ44_28092026_055904.csv
Autopista Central,No Facturado,,Tránsito Tag,HXJJ44,20-09-2026,17:57:50,PA17,Américo Vespucio Oriente,462.46,Autopase_Central_HXJJ44_28092026_055904.csv
Autopista Central,No Facturado,,Tránsito Tag,HXJJ44,20-09-2026,20:38:35,PA16,Avda Santa María Oriente,425.04,Autopase_Central_HXJJ44_28092026_055904.csv
Autopista Central,No Facturado,,Tránsito Tag,HXJJ44,20-09-2026,20:42:23,PA17,Américo Vespucio Oriente,462.46,Autopase_Central_HXJJ44_28092026_055904.csv
Autopista Central,No Facturado,,Tránsito Tag,HXJJ44,20-09-2026,22:26:46,PA18,Américo Vespucio Poniente,462.46,Autopase_Central_HXJJ44_28092026_055904.csv
Autopista Central,No Facturado,,Tránsito Tag,HXJJ44,20-09-2026,22:27:58,PA29,Cerro Renca Poniente,512.34,Autopase_Central_HXJJ44_28092026_055904.csv
Autopista Central,No Facturado,,Tránsito Tag,HXJJ44,20-09-2026,22:32:55,PA26,San Pablo Poniente,421.93,Autopase_Central_HXJJ44_28092026_055904.csv
Autopista Central,No Facturado,,Tránsito Tag,HXJJ44,20-09-2026,22:34:33,PA24,Carlos Valdovinos Poniente,287.86,Autopase_Central_HXJJ44_28092026_055904.csv
Autopista Central,No Facturado,,Tránsito Tag,HXJJ44,20-09-2026,22:37:20,PA22,Lo Ovalle Poniente,512.34,Autopase_Central_HXJJ44_28092026_055904.csv
Autopista Central,No Facturado,,Tránsito Tag,HXJJ44,20-09-2026,23:21:57,PA21,Lo Ovalle Oriente,512.34,Autopase_Central_HXJJ44_28092026_055904.csv
Autopista Central,No Facturado,,Tránsito Tag,HXJJ44,20-09-2026,23:25:11,PA23,Carlos Valdovinos Oriente,287.86,Autopase_Central_HXJJ44_28092026_055904.csv
Autopista Central,No Facturado,,Tránsito Tag,HXJJ44,20-09-2026,23:49:19,PA24,Carlos Valdovinos Poniente,287.86,Autopase_Central_HXJJ44_28092026_055904.csv
Autopista Central,No Facturado,,Tránsito Tag,HXJJ44,20-09-2026,23:52:06,PA22,Lo Ovalle Poniente,512.34,Autopase_Central_HXJJ44_28092026_055904.csv
Autopista Central,No Facturado,,Tránsito Tag,HXJJ44,21-09-2026,17:48:59,PA17,Américo Vespucio Oriente,924.92,Autopase_Central_HXJJ44_28092026_055904.csv
Autopista Central,No Facturado,,Tránsito Tag,HXJJ44,21-09-2026,20:22:28,PA18,Américo Vespucio Poniente,462.46,Autopase_Central_HXJJ44_28092026_055904.csv
Autopista Central,No Facturado,,Tránsito Tag,HXJJ44,21-09-2026,20:40:32,PA16,Avda Santa María Oriente,425.04,Autopase_Central_HXJJ44_28092026_055904.csv
Autopista Central,No Facturado,,Tránsito Tag,HXJJ44,21-09-2026,20:44:38,PA17,Américo Vespucio Oriente,462.46,Autopase_Central_HXJJ44_28092026_055904.csv
Autopista Central,No Facturado,,Tránsito Tag,HXJJ44,21-09-2026,21:49:52,PA18,Américo Vespucio Poniente,462.46,Autopase_Central_HXJJ44_28092026_055904.csv
Autopista Central,No Facturado,,Tránsito Tag,HXJJ44,21-09-2026,21:51:09,PA29,Cerro Renca Poniente,512.34,Autopase_Central_HXJJ44_28092026_055904.csv
Autopista Central,No Facturado,,Tránsito Tag,HXJJ44,21-09-2026,22:12:57,PA24,Carlos Valdovinos Poniente,287.86,Autopase_Central_HXJJ44_28092026_055904.csv
Autopista Central,No Facturado,,Tránsito Tag,HXJJ44,21-09-2026,22:15:59,PA22,Lo Ovalle Poniente,512.34,Autopase_Central_HXJJ44_28092026_055904.csv
Autopista Central,No Facturado,,Tránsito Tag,HXJJ44,22-09-2026,09:19:15,PA26,San Pablo Poniente,421.93,Autopase_Central_HXJJ44_28092026_055904.csv
Autopista Central,No Facturado,,Tránsito Tag,HXJJ44,22-09-2026,17:49:20,PA25,San Pablo Oriente,421.93,Autopase_Central_HXJJ44_28092026_055904.csv
Autopista Central,No Facturado,,Tránsito Tag,HXJJ44,22-09-2026,17:54:34,PA28,Cerro Renca Oriente,512.34,Autopase_Central_HXJJ44_28092026_055904.csv
Autopista Central,No Facturado,,Tránsito Tag,HXJJ44,22-09-2026,17:59:36,PA17,Américo Vespucio Oriente,924.92,Autopase_Central_HXJJ44_28092026_055904.csv
Autopista Central,No Facturado,,Tránsito Tag,HXJJ44,22-09-2026,20:32:58,PA16,Avda Santa María Oriente,425.04,Autopase_Central_HXJJ44_28092026_055904.csv
Autopista Central,No Facturado,,Tránsito Tag,HXJJ44,22-09-2026,20:36:42,PA17,Américo Vespucio Oriente,462.46,Autopase_Central_HXJJ44_28092026_055904.csv
Autopista Central,No Facturado,,Tránsito Tag,HXJJ44,22-09-2026,21:59:17,PA18,Américo Vespucio Poniente,462.46,Autopase_Central_HXJJ44_28092026_055904.csv
Autopista Central,No Facturado,,Tránsito Tag,HXJJ44,22-09-2026,22:00:22,PA29,Cerro Renca Poniente,512.34,Autopase_Central_HXJJ44_28092026_055904.csv
Autopista Central,No Facturado,,Tránsito Tag,HXJJ44,22-09-2026,22:05:39,PA26,San Pablo Poniente,421.93,Autopase_Central_HXJJ44_28092026_055904.csv
Autopista Central,No Facturado,,Tránsito Tag,HXJJ44,23-09-2026,00:18:46,PA24,Carlos Valdovinos Poniente,287.86,Autopase_Central_HXJJ44_28092026_055904.csv
Autopista Central,No Facturado,,Tránsito Tag,HXJJ44,23-09-2026,00:21:16,PA22,Lo Ovalle Poniente,512.34,Autopase_Central_HXJJ44_28092026_055904.csv
Autopista Central,No Facturado,,Tránsito Tag,HXJJ44,23-09-2026,03:14:25,PA30,Americo Vespucio - Departamental,392.83,Autopase_Central_HXJJ44_28092026_055904.csv
Autopista Central,No Facturado,,Tránsito Tag,HXJJ44,23-09-2026,03:15:09,PA10,La Marina San Nicolás Oriente,285.79,Autopase_Central_HXJJ44_28092026_055904.csv
Autopista Central,No Facturado,,Tránsito Tag,HXJJ44,23-09-2026,03:16:48,PA31,Avenida Matta,368.93,Autopase_Central_HXJJ44_28092026_055904.csv
Autopista Central,No Facturado,,Tránsito Tag,HXJJ44,23-09-2026,03:17:56,PA13,Alameda - Rio Mapocho,181.86,Autopase_Central_HXJJ44_28092026_055904.csv
Autopista Central,No Facturado,,Tránsito Tag,HXJJ44,23-09-2026,03:36:16,PA11,La Marina San Nicolás Poniente,285.79,Autopase_Central_HXJJ44_28092026_055904.csv
Autopista Central,No Facturado,,Tránsito Tag,HXJJ44,23-09-2026,07:06:35,PA25,San Pablo Oriente,843.86,Autopase_Central_HXJJ44_28092026_055904.csv
Autopista Central,No Facturado,,Tránsito Tag,HXJJ44,23-09-2026,07:12:55,PA28,Cerro Renca Oriente,1024.69,Autopase_Central_HXJJ44_28092026_055904.csv
Autopista Central,No Facturado,,Tránsito Tag,HXJJ44,23-09-2026,07:15:38,PA17,Américo Vespucio Oriente,924.92,Autopase_Central_HXJJ44_28092026_055904.csv
Autopista Central,No Facturado,,Tránsito Tag,HXJJ44,23-09-2026,09:09:50,PA14,Alameda Poniente,363.73,Autopase_Central_HXJJ44_28092026_055904.csv
Autopista Central,No Facturado,,Tránsito Tag,HXJJ44,23-09-2026,09:15:32,PA13,Alameda - Rio Mapocho,363.73,Autopase_Central_HXJJ44_28092026_055904.csv
Autopista Central,No Facturado,,Tránsito Tag,HXJJ44,24-09-2026,05:50:51,PA21,Lo Ovalle Oriente,512.34,Autopase_Central_HXJJ44_28092026_055904.csv
Autopista Central,No Facturado,,Tránsito Tag,HXJJ44,24-09-2026,08:06:57,PA24,Carlos Valdovinos Poniente,287.86,Autopase_Central_HXJJ44_28092026_055904.csv
Autopista Central,No Facturado,,Tránsito Tag,HXJJ44,24-09-2026,08:09:46,PA22,Lo Ovalle Poniente,512.34,Autopase_Central_HXJJ44_28092026_055904.csv
Autopista Central,No Facturado,,Tránsito Tag,HXJJ44,24-09-2026,22:15:09,PA12,Avda Matta Poniente,368.93,Autopase_Central_HXJJ44_28092026_055904.csv
Autopista Central,No Facturado,,Tránsito Tag,HXJJ44,24-09-2026,22:17:15,PA11,La Marina San Nicolás Poniente,285.79,Autopase_Central_HXJJ44_28092026_055904.csv
Autopista Central,No Facturado,,Tránsito Tag,HXJJ44,24-09-2026,22:18:11,PA9,Lo Ovalle Poniente,392.83,Autopase_Central_HXJJ44_28092026_055904.csv
Autopista Central,No Facturado,,Tránsito Tag,HXJJ44,25-09-2026,05:46:42,PA21,Lo Ovalle Oriente,512.34,Autopase_Central_HXJJ44_28092026_055904.csv
Autopista Central,No Facturado,,Tránsito Tag,HXJJ44,25-09-2026,05:49:31,PA23,Carlos Valdovinos Oriente,287.86,Autopase_Central_HXJJ44_28092026_055904.csv
Autopista Central,No Facturado,,Tránsito Tag,HXJJ44,25-09-2026,05:51:01,PA25,San Pablo Oriente,421.93,Autopase_Central_HXJJ44_28092026_055904.csv
Autopista Central,No Facturado,,Tránsito Tag,HXJJ44,25-09-2026,05:59:07,PA28,Cerro Renca Oriente,512.34,Autopase_Central_HXJJ44_28092026_055904.csv
Autopista Central,No Facturado,,Tránsito Tag,HXJJ44,25-09-2026,06:00:15,PA17,Américo Vespucio Oriente,462.46,Autopase_Central_HXJJ44_28092026_055904.csv
Autopista Central,No Facturado,,Tránsito Tag,HXJJ44,25-09-2026,21:15:12,PA22,Lo Ovalle Poniente,512.34,Autopase_Central_HXJJ44_28092026_055904.csv
Autopista Central,No Facturado,,Tránsito Tag,HXJJ44,26-09-2026,07:21:54,PA31,Avenida Matta,368.93,Autopase_Central_HXJJ44_28092026_055904.csv
Autopista Central,No Facturado,,Tránsito Tag,HXJJ44,26-09-2026,07:23:22,PA13,Alameda - Rio Mapocho,181.86,Autopase_Central_HXJJ44_28092026_055904.csv
Autopista Central,No Facturado,,Tránsito Tag,HXJJ44,26-09-2026,07:26:10,PA16,Avda Santa María Oriente,425.04,Autopase_Central_HXJJ44_28092026_055904.csv
Autopista Central,No Facturado,,Tránsito Tag,HXJJ44,26-09-2026,07:29:42,PA17,Américo Vespucio Oriente,462.46,Autopase_Central_HXJJ44_28092026_055904.csv
Autopista Central,No Facturado,,Tránsito Tag,HXJJ44,26-09-2026,08:21:27,PA18,Américo Vespucio Poniente,462.46,Autopase_Central_HXJJ44_28092026_055904.csv
Autopista Central,No Facturado,,Tránsito Tag,HXJJ44,26-09-2026,08:26:09,PA15,Bulnes Poniente,425.04,Autopase_Central_HXJJ44_28092026_055904.csv
Autopista Central,No Facturado,,Tránsito Tag,HXJJ44,26-09-2026,19:51:46,PA13,Alameda - Rio Mapocho,181.86,Autopase_Central_HXJJ44_28092026_055904.csv
Autopista Central,No Facturado,,Tránsito Tag,HXJJ44,26-09-2026,19:54:57,PA16,Avda Santa María Oriente,425.04,Autopase_Central_HXJJ44_28092026_055904.csv
Autopista Central,No Facturado,,Tránsito Tag,HXJJ44,26-09-2026,19:58:33,PA17,Américo Vespucio Oriente,462.46,Autopase_Central_HXJJ44_28092026_055904.csv
Autopista Central,No Facturado,,Tránsito Tag,HXJJ44,27-09-2026,05:10:15,PA21,Lo Ovalle Oriente,512.34,Autopase_Central_HXJJ44_28092026_055904.csv
Autopista Central,No Facturado,,Tránsito Tag,HXJJ44,27-09-2026,05:13:16,PA23,Carlos Valdovinos Oriente,287.86,Autopase_Central_HXJJ44_28092026_055904.csv
Autopista Central,No Facturado,,Tránsito Tag,HXJJ44,27-09-2026,05:15:10,PA25,San Pablo Oriente,421.93,Autopase_Central_HXJJ44_28092026_055904.csv
Autopista Central,No Facturado,,Tránsito Tag,HXJJ44,27-09-2026,05:20:33,PA28,Cerro Renca Oriente,512.34,Autopase_Central_HXJJ44_28092026_055904.csv
Autopista Central,No Facturado,,Tránsito Tag,HXJJ44,27-09-2026,05:21:50,PA17,Américo Vespucio Oriente,462.46,Autopase_Central_HXJJ44_28092026_055904.csv
Autopista Central,No Facturado,,Tránsito Tag,HXJJ44,27-09-2026,06:46:38,PA18,Américo Vespucio Poniente,462.46,Autopase_Central_HXJJ44_28092026_055904.csv
Autopista Central,No Facturado,,Tránsito Tag,HXJJ44,27-09-2026,09:03:07,PA14,Alameda Poniente,181.86,Autopase_Central_HXJJ44_28092026_055904.csv
Autopista Central,No Facturado,,Tránsito Tag,HXJJ44,27-09-2026,09:04:42,PA12,Avda Matta Poniente,368.93,Autopase_Central_HXJJ44_28092026_055904.csv
Autopista Central,No Facturado,,Tránsito Tag,HXJJ44,27-09-2026,09:06:53,PA11,La Marina San Nicolás Poniente,285.79,Autopase_Central_HXJJ44_28092026_055904.csv
Autopista Central,No Facturado,,Tránsito Tag,HXJJ44,27-09-2026,09:07:52,PA9,Lo Ovalle Poniente,392.83,Autopase_Central_HXJJ44_28092026_055904.csv
Autopista Central,No Facturado,,Tránsito Tag,HXJJ44,27-09-2026,23:46:59,PA8,Lo Espejo Poniente,452.06,Autopase_Central_HXJJ44_28092026_055904.csv
Autopista Central,No Facturado,,Tránsito Tag,HXJJ44,27-09-2026,23:48:06,PA32,Lo Blanco - Las Acacias,176.67,Autopase_Central_HXJJ44_28092026_055904.csv
Autopista Central,No Facturado,,Tránsito Tag,KDRJ20,21-09-2026,22:24:06,PA12,Avda Matta Poniente,368.93,Autopase_Central_KDRJ20_28092026_055913.csv
Autopista Central,No Facturado,,Tránsito Tag,KDRJ20,21-09-2026,22:26:34,PA11,La Marina San Nicolás Poniente,285.79,Autopase_Central_KDRJ20_28092026_055913.csv
Autopista Central,No Facturado,,Tránsito Tag,KDRJ20,21-09-2026,22:27:40,PA9,Lo Ovalle Poniente,392.83,Autopase_Central_KDRJ20_28092026_055913.csv
Autopista Central,No Facturado,,Tránsito Tag,KDRJ20,22-09-2026,01:07:58,PA3,Calera de Tango Oriente,585.09,Autopase_Central_KDRJ20_28092026_055913.csv
Autopista Central,No Facturado,,Tránsito Tag,KDRJ20,22-09-2026,01:12:59,PA5,Colón Oriente,334.63,Autopase_Central_KDRJ20_28092026_055913.csv
Autopista Central,No Facturado,,Tránsito Tag,KDRJ20,22-09-2026,01:22:08,PA19,Puerta Sur Oriente,412.57,Autopase_Central_KDRJ20_28092026_055913.csv
Autopista Central,No Facturado,,Tránsito Tag,KDRJ20,22-09-2026,04:56:55,PA19,Puerta Sur Oriente,412.57,Autopase_Central_KDRJ20_28092026_055913.csv
Autopista Central,No Facturado,,Tránsito Tag,KDRJ20,22-09-2026,06:50:14,PA23,Carlos Valdovinos Oriente,287.86,Autopase_Central_KDRJ20_28092026_055913.csv
Autopista Central,No Facturado,,Tránsito Tag,KDRJ20,22-09-2026,08:12:57,PA17,Américo Vespucio Oriente,924.92,Autopase_Central_KDRJ20_28092026_055913.csv
Autopista Central,No Facturado,,Tránsito Tag,KDRJ20,22-09-2026,09:18:08,PA14,Alameda Poniente,363.73,Autopase_Central_KDRJ20_28092026_055913.csv
Autopista Central,No Facturado,,Tránsito Tag,KDRJ20,22-09-2026,09:25:17,PA13,Alameda - Rio Mapocho,363.73,Autopase_Central_KDRJ20_28092026_055913.csv
Autopista Central,No Facturado,,Tránsito Tag,KDRJ20,22-09-2026,23:54:22,PA19,Puerta Sur Oriente,412.57,Autopase_Central_KDRJ20_28092026_055913.csv
Autopista Central,No Facturado,,Tránsito Tag,KDRJ20,22-09-2026,23:57:48,PA21,Lo Ovalle Oriente,512.34,Autopase_Central_KDRJ20_28092026_055913.csv
Autopista Central,No Facturado,,Tránsito Tag,KDRJ20,23-09-2026,01:19:29,PA32,Lo Blanco - Las Acacias,176.67,Autopase_Central_KDRJ20_28092026_055913.csv
Autopista Central,No Facturado,,Tránsito Tag,KDRJ20,24-09-2026,01:31:59,PA21,Lo Ovalle Oriente,512.34,Autopase_Central_KDRJ20_28092026_055913.csv
Autopista Central,No Facturado,,Tránsito Tag,KDRJ20,24-09-2026,03:18:46,PA13,Alameda - Rio Mapocho,181.86,Autopase_Central_KDRJ20_28092026_055913.csv
Autopista Central,No Facturado,,Tránsito Tag,KDRJ20,24-09-2026,03:33:16,PA14,Alameda Poniente,181.86,Autopase_Central_KDRJ20_28092026_055913.csv
Autopista Central,No Facturado,,Tránsito Tag,KDRJ20,24-09-2026,03:35:14,PA12,Avda Matta Poniente,368.93,Autopase_Central_KDRJ20_28092026_055913.csv
Autopista Central,No Facturado,,Tránsito Tag,KDRJ20,24-09-2026,03:37:51,PA11,La Marina San Nicolás Poniente,285.79,Autopase_Central_KDRJ20_28092026_055913.csv
Autopista Central,No Facturado,,Tránsito Tag,KDRJ20,24-09-2026,05:11:11,PA22,Lo Ovalle Poniente,512.34,Autopase_Central_KDRJ20_28092026_055913.csv
Autopista Central,No Facturado,,Tránsito Tag,KDRJ20,24-09-2026,07:14:47,PA25,San Pablo Oriente,843.86,Autopase_Central_KDRJ20_28092026_055913.csv
Autopista Central,No Facturado,,Tránsito Tag,KDRJ20,24-09-2026,07:22:34,PA28,Cerro Renca Oriente,1024.69,Autopase_Central_KDRJ20_28092026_055913.csv
Autopista Central,No Facturado,,Tránsito Tag,KDRJ20,24-09-2026,07:25:54,PA17,Américo Vespucio Oriente,924.92,Autopase_Central_KDRJ20_28092026_055913.csv
Autopista Central,No Facturado,,Tránsito Tag,KDRJ20,24-09-2026,08:33:38,PA18,Américo Vespucio Poniente,462.46,Autopase_Central_KDRJ20_28092026_055913.csv
Autopista Central,No Facturado,,Tránsito Tag,KDRJ20,25-09-2026,04:45:48,PA19,Puerta Sur Oriente,412.57,Autopase_Central_KDRJ20_28092026_055913.csv
Autopista Central,No Facturado,,Tránsito Tag,KDRJ20,25-09-2026,07:18:48,PA25,San Pablo Oriente,843.86,Autopase_Central_KDRJ20_28092026_055913.csv
Autopista Central,No Facturado,,Tránsito Tag,KDRJ20,25-09-2026,07:38:34,PA28,Cerro Renca Oriente,1537.04,Autopase_Central_KDRJ20_28092026_055913.csv
Autopista Central,No Facturado,,Tránsito Tag,KDRJ20,25-09-2026,07:43:40,PA17,Américo Vespucio Oriente,924.92,Autopase_Central_KDRJ20_28092026_055913.csv
Autopista Central,No Facturado,,Tránsito Tag,KDRJ20,25-09-2026,09:02:10,PA26,San Pablo Poniente,421.93,Autopase_Central_KDRJ20_28092026_055913.csv
Autopista Central,No Facturado,,Tránsito Tag,KDRJ20,25-09-2026,13:05:38,PA13,Alameda - Rio Mapocho,363.73,Autopase_Central_KDRJ20_28092026_055913.csv
Autopista Central,No Facturado,,Tránsito Tag,KDRJ20,26-09-2026,01:06:40,PA19,Puerta Sur Oriente,412.57,Autopase_Central_KDRJ20_28092026_055913.csv
Autopista Central,No Facturado,,Tránsito Tag,KDRJ20,26-09-2026,01:34:39,PA32,Lo Blanco - Las Acacias,176.67,Autopase_Central_KDRJ20_28092026_055913.csv
Autopista Central,No Facturado,,Tránsito Tag,KDRJ20,26-09-2026,04:58:07,PA19,Puerta Sur Oriente,412.57,Autopase_Central_KDRJ20_28092026_055913.csv
Autopista Central,No Facturado,,Tránsito Tag,KDRJ20,26-09-2026,07:11:34,PA16,Avda Santa María Oriente,425.04,Autopase_Central_KDRJ20_28092026_055913.csv
Autopista Central,No Facturado,,Tránsito Tag,KDRJ20,26-09-2026,07:15:35,PA17,Américo Vespucio Oriente,462.46,Autopase_Central_KDRJ20_28092026_055913.csv
Autopista Central,No Facturado,,Tránsito Tag,KDRJ20,26-09-2026,08:33:56,PA18,Américo Vespucio Poniente,462.46,Autopase_Central_KDRJ20_28092026_055913.csv
Autopista Central,No Facturado,,Tránsito Tag,KDRJ20,26-09-2026,08:35:10,PA29,Cerro Renca Poniente,512.34,Autopase_Central_KDRJ20_28092026_055913.csv
Autopista Central,No Facturado,,Tránsito Tag,KDRJ20,26-09-2026,08:40:26,PA26,San Pablo Poniente,421.93,Autopase_Central_KDRJ20_28092026_055913.csv
Autopista Central,No Facturado,,Tránsito Tag,KDRJ20,27-09-2026,04:35:55,PA21,Lo Ovalle Oriente,512.34,Autopase_Central_KDRJ20_28092026_055913.csv
Autopista Central,No Facturado,,Tránsito Tag,KDRJ20,27-09-2026,05:01:32,PA22,Lo Ovalle Poniente,512.34,Autopase_Central_KDRJ20_28092026_055913.csv
Autopista Central,No Facturado,,Tránsito Tag,KDRJ20,27-09-2026,06:44:40,PA23,Carlos Valdovinos Oriente,287.86,Autopase_Central_KDRJ20_28092026_055913.csv
Autopista Central,No Facturado,,Tránsito Tag,KDRJ20,27-09-2026,07:03:37,PA16,Avda Santa María Oriente,425.04,Autopase_Central_KDRJ20_28092026_055913.csv
Autopista Central,No Facturado,,Tránsito Tag,KDRJ20,27-09-2026,07:07:09,PA17,Américo Vespucio Oriente,462.46,Autopase_Central_KDRJ20_28092026_055913.csv
Autopista Central,No Facturado,,Tránsito Tag,KDRJ20,27-09-2026,17:49:20,PA13,Alameda - Rio Mapocho,181.86,Autopase_Central_KDRJ20_28092026_055913.csv
Autopista Central,No Facturado,,Tránsito Tag,KDRJ20,27-09-2026,17:52:16,PA16,Avda Santa María Oriente,425.04,Autopase_Central_KDRJ20_28092026_055913.csv
Autopista Central,No Facturado,,Tránsito Tag,KDRJ20,27-09-2026,23:12:04,PA13,Alameda - Rio Mapocho,181.86,Autopase_Central_KDRJ20_28092026_055913.csv
Autopista Central,No Facturado,,Tránsito Tag,KDRJ20,27-09-2026,23:26:22,PA26,San Pablo Poniente,421.93,Autopase_Central_KDRJ20_28092026_055913.csv
Autopista Central,No Facturado,,Tránsito Tag,KDRJ20,27-09-2026,23:28:08,PA24,Carlos Valdovinos Poniente,287.86,Autopase_Central_KDRJ20_28092026_055913.csv
Autopista Central,No Facturado,,Tránsito Tag,KDRJ20,27-09-2026,23:31:04,PA22,Lo Ovalle Poniente,512.34,Autopase_Central_KDRJ20_28092026_055913.csv
Autopista Central,No Facturado,,Tránsito Tag,KDRJ20,28-09-2026,00:20:40,PA32,Lo Blanco - Las Acacias,176.67,Autopase_Central_KDRJ20_28092026_055913.csv
Autopista Central,No Facturado,,Tránsito Tag,KDRJ20,28-09-2026,03:55:07,PA32,Lo Blanco - Las Acacias,176.67,Autopase_Central_KDRJ20_28092026_055913.csv
Autopista Central,No Facturado,,Tránsito Tag,KDRJ20,28-09-2026,03:56:57,PA6,Colón Poniente,157.96,Autopase_Central_KDRJ20_28092026_055913.csv
Autopista Central,No Facturado,,Tránsito Tag,KDRJ20,28-09-2026,04:48:19,PA3,Calera de Tango Oriente,585.09,Autopase_Central_KDRJ20_28092026_080114.csv
Autopista Central,No Facturado,,Tránsito Tag,KDRJ20,28-09-2026,04:51:35,PA5,Colón Oriente,334.63,Autopase_Central_KDRJ20_28092026_080114.csv
Autopista Central,No Facturado,,Tránsito Tag,KDRJ20,28-09-2026,05:07:02,PA19,Puerta Sur Oriente,412.57,Autopase_Central_KDRJ20_28092026_080114.csv
Autopista Central,No Facturado,,Tránsito Tag,KXZS95,17-09-2026,01:30:13,PA21,Lo Ovalle Oriente,512.34,Autopase_Central_KXZS95_28092026_055923.csv
Autopista Central,No Facturado,,Tránsito Tag,KXZS95,17-09-2026,04:15:26,PA26,San Pablo Poniente,421.93,Autopase_Central_KXZS95_28092026_055923.csv
Autopista Central,No Facturado,,Tránsito Tag,KXZS95,17-09-2026,04:16:44,PA24,Carlos Valdovinos Poniente,287.86,Autopase_Central_KXZS95_28092026_055923.csv
Autopista Central,No Facturado,,Tránsito Tag,KXZS95,17-09-2026,04:18:52,PA22,Lo Ovalle Poniente,512.34,Autopase_Central_KXZS95_28092026_055923.csv
Autopista Central,No Facturado,,Tránsito Tag,KXZS95,17-09-2026,04:20:34,PA20,Lo Espejo Poniente,412.57,Autopase_Central_KXZS95_28092026_055923.csv
Autopista Central,No Facturado,,Tránsito Tag,KXZS95,17-09-2026,04:21:57,PA32,Lo Blanco - Las Acacias,176.67,Autopase_Central_KXZS95_28092026_055923.csv
Autopista Central,No Facturado,,Tránsito Tag,KXZS95,17-09-2026,04:23:17,PA6,Colón Poniente,157.96,Autopase_Central_KXZS95_28092026_055923.csv
Autopista Central,No Facturado,,Tránsito Tag,KXZS95,17-09-2026,04:55:01,PA7,Lo Espejo Oriente,452.06,Autopase_Central_KXZS95_28092026_055923.csv
Autopista Central,No Facturado,,Tránsito Tag,KXZS95,17-09-2026,05:13:30,PA21,Lo Ovalle Oriente,512.34,Autopase_Central_KXZS95_28092026_055923.csv
Autopista Central,No Facturado,,Tránsito Tag,KXZS95,17-09-2026,05:28:21,PA23,Carlos Valdovinos Oriente,287.86,Autopase_Central_KXZS95_28092026_055923.csv
Autopista Central,No Facturado,,Tránsito Tag,KXZS95,17-09-2026,05:29:52,PA25,San Pablo Oriente,421.93,Autopase_Central_KXZS95_28092026_055923.csv
Autopista Central,No Facturado,,Tránsito Tag,KXZS95,17-09-2026,05:39:02,PA28,Cerro Renca Oriente,512.34,Autopase_Central_KXZS95_28092026_055923.csv
Autopista Central,No Facturado,,Tránsito Tag,KXZS95,17-09-2026,05:40:22,PA17,Américo Vespucio Oriente,462.46,Autopase_Central_KXZS95_28092026_055923.csv
Autopista Central,No Facturado,,Tránsito Tag,KXZS95,17-09-2026,07:13:23,PA16,Avda Santa María Oriente,425.04,Autopase_Central_KXZS95_28092026_055923.csv
Autopista Central,No Facturado,,Tránsito Tag,KXZS95,17-09-2026,07:17:40,PA17,Américo Vespucio Oriente,924.92,Autopase_Central_KXZS95_28092026_055923.csv
Autopista Central,No Facturado,,Tránsito Tag,KXZS95,17-09-2026,09:47:24,PA26,San Pablo Poniente,421.93,Autopase_Central_KXZS95_28092026_055923.csv
Autopista Central,No Facturado,,Tránsito Tag,KXZS95,17-09-2026,09:48:58,PA24,Carlos Valdovinos Poniente,287.86,Autopase_Central_KXZS95_28092026_055923.csv
Autopista Central,No Facturado,,Tránsito Tag,KXZS95,17-09-2026,09:51:35,PA22,Lo Ovalle Poniente,512.34,Autopase_Central_KXZS95_28092026_055923.csv
Autopista Central,No Facturado,,Tránsito Tag,KXZS95,17-09-2026,09:53:43,PA20,Lo Espejo Poniente,412.57,Autopase_Central_KXZS95_28092026_055923.csv
Autopista Central,No Facturado,,Tránsito Tag,KXZS95,17-09-2026,09:55:19,PA32,Lo Blanco - Las Acacias,176.67,Autopase_Central_KXZS95_28092026_055923.csv
Autopista Central,No Facturado,,Tránsito Tag,KXZS95,17-09-2026,09:57:27,PA6,Colón Poniente,157.96,Autopase_Central_KXZS95_28092026_055923.csv
Autopista Central,No Facturado,,Tránsito Tag,KXZS95,17-09-2026,11:19:40,PA5,Colón Oriente,334.63,Autopase_Central_KXZS95_28092026_055923.csv
Autopista Central,No Facturado,,Tránsito Tag,KXZS95,17-09-2026,11:22:19,PA7,Lo Espejo Oriente,452.06,Autopase_Central_KXZS95_28092026_055923.csv
Autopista Central,No Facturado,,Tránsito Tag,KXZS95,17-09-2026,11:25:14,PA30,Americo Vespucio - Departamental,392.83,Autopase_Central_KXZS95_28092026_055923.csv
Autopista Central,No Facturado,,Tránsito Tag,KXZS95,17-09-2026,11:26:06,PA10,La Marina San Nicolás Oriente,285.79,Autopase_Central_KXZS95_28092026_055923.csv
Autopista Central,No Facturado,,Tránsito Tag,KXZS95,17-09-2026,11:28:08,PA31,Avenida Matta,737.86,Autopase_Central_KXZS95_28092026_055923.csv
Autopista Central,No Facturado,,Tránsito Tag,KXZS95,17-09-2026,11:53:18,PA13,Alameda - Rio Mapocho,363.73,Autopase_Central_KXZS95_28092026_055923.csv
Autopista Central,No Facturado,,Tránsito Tag,KXZS95,17-09-2026,20:59:41,PA26,San Pablo Poniente,421.93,Autopase_Central_KXZS95_28092026_055923.csv
Autopista Central,No Facturado,,Tránsito Tag,KXZS95,17-09-2026,21:01:05,PA24,Carlos Valdovinos Poniente,287.86,Autopase_Central_KXZS95_28092026_055923.csv
Autopista Central,No Facturado,,Tránsito Tag,KXZS95,17-09-2026,21:03:26,PA22,Lo Ovalle Poniente,512.34,Autopase_Central_KXZS95_28092026_055923.csv
Autopista Central,No Facturado,,Tránsito Tag,KXZS95,18-09-2026,01:06:28,PA7,Lo Espejo Oriente,452.06,Autopase_Central_KXZS95_28092026_055923.csv
Autopista Central,No Facturado,,Tránsito Tag,KXZS95,18-09-2026,01:30:54,PA21,Lo Ovalle Oriente,512.34,Autopase_Central_KXZS95_28092026_055923.csv
Autopista Central,No Facturado,,Tránsito Tag,KXZS95,18-09-2026,05:11:47,PA22,Lo Ovalle Poniente,512.34,Autopase_Central_KXZS95_28092026_055923.csv
Autopista Central,No Facturado,,Tránsito Tag,KXZS95,18-09-2026,05:30:43,PA21,Lo Ovalle Oriente,512.34,Autopase_Central_KXZS95_28092026_055923.csv
Autopista Central,No Facturado,,Tránsito Tag,KXZS95,18-09-2026,05:33:33,PA23,Carlos Valdovinos Oriente,287.86,Autopase_Central_KXZS95_28092026_055923.csv
Autopista Central,No Facturado,,Tránsito Tag,KXZS95,18-09-2026,05:35:18,PA25,San Pablo Oriente,421.93,Autopase_Central_KXZS95_28092026_055923.csv
Autopista Central,No Facturado,,Tránsito Tag,KXZS95,18-09-2026,05:52:01,PA28,Cerro Renca Oriente,512.34,Autopase_Central_KXZS95_28092026_055923.csv
Autopista Central,No Facturado,,Tránsito Tag,KXZS95,18-09-2026,05:53:12,PA17,Américo Vespucio Oriente,462.46,Autopase_Central_KXZS95_28092026_055923.csv
Autopista Central,No Facturado,,Tránsito Tag,KXZS95,19-09-2026,00:23:40,PA21,Lo Ovalle Oriente,512.34,Autopase_Central_KXZS95_28092026_055923.csv
Autopista Central,No Facturado,,Tránsito Tag,KXZS95,19-09-2026,04:20:22,PA14,Alameda Poniente,181.86,Autopase_Central_KXZS95_28092026_055923.csv
Autopista Central,No Facturado,,Tránsito Tag,KXZS95,19-09-2026,04:21:37,PA12,Avda Matta Poniente,368.93,Autopase_Central_KXZS95_28092026_055923.csv
Autopista Central,No Facturado,,Tránsito Tag,KXZS95,19-09-2026,04:23:26,PA11,La Marina San Nicolás Poniente,285.79,Autopase_Central_KXZS95_28092026_055923.csv
Autopista Central,No Facturado,,Tránsito Tag,KXZS95,19-09-2026,05:13:06,PA21,Lo Ovalle Oriente,512.34,Autopase_Central_KXZS95_28092026_055923.csv
Autopista Central,No Facturado,,Tránsito Tag,KXZS95,19-09-2026,05:15:24,PA23,Carlos Valdovinos Oriente,287.86,Autopase_Central_KXZS95_28092026_055923.csv
Autopista Central,No Facturado,,Tránsito Tag,KXZS95,19-09-2026,05:16:42,PA25,San Pablo Oriente,421.93,Autopase_Central_KXZS95_28092026_055923.csv
Autopista Central,No Facturado,,Tránsito Tag,KXZS95,19-09-2026,05:25:19,PA28,Cerro Renca Oriente,512.34,Autopase_Central_KXZS95_28092026_055923.csv
Autopista Central,No Facturado,,Tránsito Tag,KXZS95,19-09-2026,05:26:22,PA17,Américo Vespucio Oriente,462.46,Autopase_Central_KXZS95_28092026_055923.csv
Autopista Central,No Facturado,,Tránsito Tag,KXZS95,19-09-2026,07:09:15,PA28,Cerro Renca Oriente,512.34,Autopase_Central_KXZS95_28092026_055923.csv
Autopista Central,No Facturado,,Tránsito Tag,KXZS95,19-09-2026,07:10:34,PA17,Américo Vespucio Oriente,462.46,Autopase_Central_KXZS95_28092026_055923.csv
Autopista Central,No Facturado,,Tránsito Tag,KXZS95,19-09-2026,23:09:26,PA26,San Pablo Poniente,421.93,Autopase_Central_KXZS95_28092026_055923.csv
Autopista Central,No Facturado,,Tránsito Tag,KXZS95,19-09-2026,23:10:47,PA24,Carlos Valdovinos Poniente,287.86,Autopase_Central_KXZS95_28092026_055923.csv
Autopista Central,No Facturado,,Tránsito Tag,KXZS95,19-09-2026,23:13:13,PA22,Lo Ovalle Poniente,512.34,Autopase_Central_KXZS95_28092026_055923.csv
Autopista Central,No Facturado,,Tránsito Tag,KXZS95,20-09-2026,01:08:19,PA19,Puerta Sur Oriente,412.57,Autopase_Central_KXZS95_28092026_055923.csv
Autopista Central,No Facturado,,Tránsito Tag,KXZS95,20-09-2026,01:11:34,PA21,Lo Ovalle Oriente,512.34,Autopase_Central_KXZS95_28092026_055923.csv
Autopista Central,No Facturado,,Tránsito Tag,KXZS95,20-09-2026,04:32:44,PA12,Avda Matta Poniente,368.93,Autopase_Central_KXZS95_28092026_055923.csv
Autopista Central,No Facturado,,Tránsito Tag,KXZS95,20-09-2026,04:34:32,PA11,La Marina San Nicolás Poniente,285.79,Autopase_Central_KXZS95_28092026_055923.csv
Autopista Central,No Facturado,,Tránsito Tag,KXZS95,20-09-2026,04:35:13,PA9,Lo Ovalle Poniente,392.83,Autopase_Central_KXZS95_28092026_055923.csv
Autopista Central,No Facturado,,Tránsito Tag,KXZS95,20-09-2026,04:37:56,PA8,Lo Espejo Poniente,452.06,Autopase_Central_KXZS95_28092026_055923.csv
Autopista Central,No Facturado,,Tránsito Tag,KXZS95,20-09-2026,04:38:51,PA32,Lo Blanco - Las Acacias,176.67,Autopase_Central_KXZS95_28092026_055923.csv
Autopista Central,No Facturado,,Tránsito Tag,KXZS95,20-09-2026,04:40:08,PA6,Colón Poniente,157.96,Autopase_Central_KXZS95_28092026_055923.csv
Autopista Central,No Facturado,,Tránsito Tag,KXZS95,20-09-2026,05:31:22,PA19,Puerta Sur Oriente,412.57,Autopase_Central_KXZS95_28092026_055923.csv
Autopista Central,No Facturado,,Tránsito Tag,KXZS95,20-09-2026,06:51:40,PA23,Carlos Valdovinos Oriente,287.86,Autopase_Central_KXZS95_28092026_055923.csv
Autopista Central,No Facturado,,Tránsito Tag,KXZS95,20-09-2026,07:09:50,PA28,Cerro Renca Oriente,512.34,Autopase_Central_KXZS95_28092026_055923.csv
Autopista Central,No Facturado,,Tránsito Tag,KXZS95,20-09-2026,07:11:13,PA17,Américo Vespucio Oriente,462.46,Autopase_Central_KXZS95_28092026_055923.csv
Autopista Central,No Facturado,,Tránsito Tag,KXZS95,20-09-2026,08:29:35,PA18,Américo Vespucio Poniente,462.46,Autopase_Central_KXZS95_28092026_055923.csv
Autopista Central,No Facturado,,Tránsito Tag,KXZS95,20-09-2026,08:45:53,PA14,Alameda Poniente,181.86,Autopase_Central_KXZS95_28092026_055923.csv
Autopista Central,No Facturado,,Tránsito Tag,KXZS95,20-09-2026,08:48:22,PA13,Alameda - Rio Mapocho,181.86,Autopase_Central_KXZS95_28092026_055923.csv
Autopista Central,No Facturado,,Tránsito Tag,KXZS95,20-09-2026,09:00:05,PA26,San Pablo Poniente,421.93,Autopase_Central_KXZS95_28092026_055923.csv
Autopista Central,No Facturado,,Tránsito Tag,KXZS95,20-09-2026,09:01:19,PA24,Carlos Valdovinos Poniente,287.86,Autopase_Central_KXZS95_28092026_055923.csv
Autopista Central,No Facturado,,Tránsito Tag,KXZS95,20-09-2026,21:15:30,PA31,Avenida Matta,368.93,Autopase_Central_KXZS95_28092026_055923.csv
Autopista Central,No Facturado,,Tránsito Tag,KXZS95,20-09-2026,21:16:45,PA13,Alameda - Rio Mapocho,181.86,Autopase_Central_KXZS95_28092026_055923.csv
Autopista Central,No Facturado,,Tránsito Tag,KXZS95,20-09-2026,21:59:28,PA12,Avda Matta Poniente,368.93,Autopase_Central_KXZS95_28092026_055923.csv
Autopista Central,No Facturado,,Tránsito Tag,KXZS95,20-09-2026,22:01:17,PA11,La Marina San Nicolás Poniente,285.79,Autopase_Central_KXZS95_28092026_055923.csv
Autopista Central,No Facturado,,Tránsito Tag,KXZS95,20-09-2026,22:02:00,PA9,Lo Ovalle Poniente,392.83,Autopase_Central_KXZS95_28092026_055923.csv
Autopista Central,No Facturado,,Tránsito Tag,KXZS95,21-09-2026,01:13:03,PA11,La Marina San Nicolás Poniente,285.79,Autopase_Central_KXZS95_28092026_055923.csv
Autopista Central,No Facturado,,Tránsito Tag,KXZS95,21-09-2026,01:13:49,PA9,Lo Ovalle Poniente,392.83,Autopase_Central_KXZS95_28092026_055923.csv
Autopista Central,No Facturado,,Tránsito Tag,KXZS95,21-09-2026,06:48:29,PA23,Carlos Valdovinos Oriente,287.86,Autopase_Central_KXZS95_28092026_055923.csv
Autopista Central,No Facturado,,Tránsito Tag,KXZS95,21-09-2026,07:09:24,PA16,Avda Santa María Oriente,425.04,Autopase_Central_KXZS95_28092026_055923.csv
Autopista Central,No Facturado,,Tránsito Tag,KXZS95,21-09-2026,07:13:35,PA17,Américo Vespucio Oriente,924.92,Autopase_Central_KXZS95_28092026_055923.csv
Autopista Central,No Facturado,,Tránsito Tag,KXZS95,21-09-2026,09:01:27,PA14,Alameda Poniente,363.73,Autopase_Central_KXZS95_28092026_055923.csv
Autopista Central,No Facturado,,Tránsito Tag,KXZS95,21-09-2026,09:07:18,PA13,Alameda - Rio Mapocho,363.73,Autopase_Central_KXZS95_28092026_055923.csv
Autopista Central,No Facturado,,Tránsito Tag,KXZS95,21-09-2026,09:21:34,PA26,San Pablo Poniente,421.93,Autopase_Central_KXZS95_28092026_055923.csv
Autopista Central,No Facturado,,Tránsito Tag,KXZS95,21-09-2026,13:47:19,PA14,Alameda Poniente,181.86,Autopase_Central_KXZS95_28092026_055923.csv
Autopista Central,No Facturado,,Tránsito Tag,KXZS95,21-09-2026,13:48:44,PA12,Avda Matta Poniente,368.93,Autopase_Central_KXZS95_28092026_055923.csv
Autopista Central,No Facturado,,Tránsito Tag,KXZS95,23-09-2026,04:57:39,PA21,Lo Ovalle Oriente,512.34,Autopase_Central_KXZS95_28092026_055923.csv
Autopista Central,No Facturado,,Tránsito Tag,KXZS95,23-09-2026,05:00:33,PA23,Carlos Valdovinos Oriente,287.86,Autopase_Central_KXZS95_28092026_055923.csv
Autopista Central,No Facturado,,Tránsito Tag,KXZS95,23-09-2026,05:02:12,PA25,San Pablo Oriente,421.93,Autopase_Central_KXZS95_28092026_055923.csv
Autopista Central,No Facturado,,Tránsito Tag,KXZS95,23-09-2026,05:07:13,PA28,Cerro Renca Oriente,512.34,Autopase_Central_KXZS95_28092026_055923.csv
Autopista Central,No Facturado,,Tránsito Tag,KXZS95,23-09-2026,05:08:26,PA17,Américo Vespucio Oriente,462.46,Autopase_Central_KXZS95_28092026_055923.csv
Autopista Central,No Facturado,,Tránsito Tag,KXZS95,23-09-2026,09:29:34,PA26,San Pablo Poniente,421.93,Autopase_Central_KXZS95_28092026_055923.csv
Autopista Central,No Facturado,,Tránsito Tag,KXZS95,23-09-2026,09:31:08,PA24,Carlos Valdovinos Poniente,287.86,Autopase_Central_KXZS95_28092026_055923.csv
Autopista Central,No Facturado,,Tránsito Tag,KXZS95,23-09-2026,09:33:53,PA22,Lo Ovalle Poniente,512.34,Autopase_Central_KXZS95_28092026_055923.csv
Autopista Central,No Facturado,,Tránsito Tag,KXZS95,24-09-2026,08:43:47,PA30,Americo Vespucio - Departamental,785.66,Autopase_Central_KXZS95_28092026_055923.csv
Autopista Central,No Facturado,,Tránsito Tag,KXZS95,24-09-2026,08:44:42,PA10,La Marina San Nicolás Oriente,571.58,Autopase_Central_KXZS95_28092026_055923.csv
Autopista Central,No Facturado,,Tránsito Tag,KXZS95,24-09-2026,08:52:29,PA23,Carlos Valdovinos Oriente,575.74,Autopase_Central_KXZS95_28092026_055923.csv
Autopista Central,No Facturado,,Tránsito Tag,KXZS95,24-09-2026,18:33:55,PA16,Avda Santa María Oriente,425.04,Autopase_Central_KXZS95_28092026_055923.csv
Autopista Central,No Facturado,,Tránsito Tag,KXZS95,24-09-2026,18:43:16,PA17,Américo Vespucio Oriente,924.92,Autopase_Central_KXZS95_28092026_055923.csv
Autopista Central,No Facturado,,Tránsito Tag,KXZS95,24-09-2026,20:56:06,PA16,Avda Santa María Oriente,425.04,Autopase_Central_KXZS95_28092026_055923.csv
Autopista Central,No Facturado,,Tránsito Tag,KXZS95,24-09-2026,23:00:01,PA18,Américo Vespucio Poniente,462.46,Autopase_Central_KXZS95_28092026_055923.csv
Autopista Central,No Facturado,,Tránsito Tag,KXZS95,24-09-2026,23:01:18,PA29,Cerro Renca Poniente,512.34,Autopase_Central_KXZS95_28092026_055923.csv
Autopista Central,No Facturado,,Tránsito Tag,KXZS95,24-09-2026,23:06:51,PA26,San Pablo Poniente,421.93,Autopase_Central_KXZS95_28092026_055923.csv
Autopista Central,No Facturado,,Tránsito Tag,KXZS95,24-09-2026,23:49:50,PA22,Lo Ovalle Poniente,512.34,Autopase_Central_KXZS95_28092026_055923.csv
Autopista Central,No Facturado,,Tránsito Tag,KXZS95,25-09-2026,04:32:09,PA21,Lo Ovalle Oriente,512.34,Autopase_Central_KXZS95_28092026_055923.csv
Autopista Central,No Facturado,,Tránsito Tag,KXZS95,26-09-2026,02:03:58,PA21,Lo Ovalle Oriente,512.34,Autopase_Central_KXZS95_28092026_055923.csv
Autopista Central,No Facturado,,Tránsito Tag,KXZS95,27-09-2026,07:15:04,PA21,Lo Ovalle Oriente,512.34,Autopase_Central_KXZS95_28092026_055923.csv
Autopista Central,No Facturado,,Tránsito Tag,KXZS95,27-09-2026,07:17:40,PA23,Carlos Valdovinos Oriente,287.86,Autopase_Central_KXZS95_28092026_055923.csv
Autopista Central,No Facturado,,Tránsito Tag,KXZS95,27-09-2026,07:19:09,PA25,San Pablo Oriente,421.93,Autopase_Central_KXZS95_28092026_055923.csv
Autopista Central,No Facturado,,Tránsito Tag,KXZS95,27-09-2026,07:23:38,PA28,Cerro Renca Oriente,512.34,Autopase_Central_KXZS95_28092026_055923.csv
Autopista Central,No Facturado,,Tránsito Tag,KXZS95,27-09-2026,07:24:43,PA17,Américo Vespucio Oriente,462.46,Autopase_Central_KXZS95_28092026_055923.csv
Autopista Central,No Facturado,,Tránsito Tag,KXZS95,27-09-2026,08:17:17,PA18,Américo Vespucio Poniente,462.46,Autopase_Central_KXZS95_28092026_055923.csv
Autopista Central,No Facturado,,Tránsito Tag,KXZS95,27-09-2026,08:21:25,PA15,Bulnes Poniente,425.04,Autopase_Central_KXZS95_28092026_055923.csv
Autopista Central,No Facturado,,Tránsito Tag,KXZS95,27-09-2026,08:23:06,PA14,Alameda Poniente,181.86,Autopase_Central_KXZS95_28092026_055923.csv
Autopista Central,No Facturado,,Tránsito Tag,KXZS95,27-09-2026,08:24:26,PA12,Avda Matta Poniente,368.93,Autopase_Central_KXZS95_28092026_055923.csv
Autopista Central,No Facturado,,Tránsito Tag,KXZS95,28-09-2026,06:22:42,PA20,Lo Espejo Poniente,412.57,Autopase_Central_KXZS95_28092026_080132.csv
Autopista Central,No Facturado,,Tránsito Tag,KZGL59,17-09-2026,07:12:46,PA25,San Pablo Oriente,843.86,Autopase_Central_KZGL59_28092026_055933.csv
Autopista Central,No Facturado,,Tránsito Tag,KZGL59,17-09-2026,07:18:21,PA28,Cerro Renca Oriente,1024.69,Autopase_Central_KZGL59_28092026_055933.csv
Autopista Central,No Facturado,,Tránsito Tag,KZGL59,17-09-2026,07:20:17,PA17,Américo Vespucio Oriente,924.92,Autopase_Central_KZGL59_28092026_055933.csv
Autopista Central,No Facturado,,Tránsito Tag,KZGL59,17-09-2026,08:22:15,PA18,Américo Vespucio Poniente,924.92,Autopase_Central_KZGL59_28092026_055933.csv
Autopista Central,No Facturado,,Tránsito Tag,KZGL59,17-09-2026,08:37:45,PA26,San Pablo Poniente,421.93,Autopase_Central_KZGL59_28092026_055933.csv
Autopista Central,No Facturado,,Tránsito Tag,KZGL59,17-09-2026,08:58:27,PA22,Lo Ovalle Poniente,512.34,Autopase_Central_KZGL59_28092026_055933.csv
Autopista Central,No Facturado,,Tránsito Tag,KZGL59,17-09-2026,23:43:48,PA22,Lo Ovalle Poniente,512.34,Autopase_Central_KZGL59_28092026_055933.csv
Autopista Central,No Facturado,,Tránsito Tag,KZGL59,17-09-2026,23:54:28,PA32,Lo Blanco - Las Acacias,176.67,Autopase_Central_KZGL59_28092026_055933.csv
Autopista Central,No Facturado,,Tránsito Tag,KZGL59,18-09-2026,05:04:40,PA7,Lo Espejo Oriente,452.06,Autopase_Central_KZGL59_28092026_055933.csv
Autopista Central,No Facturado,,Tránsito Tag,KZGL59,18-09-2026,23:56:03,PA20,Lo Espejo Poniente,412.57,Autopase_Central_KZGL59_28092026_055933.csv
Autopista Central,No Facturado,,Tránsito Tag,KZGL59,18-09-2026,23:57:53,PA32,Lo Blanco - Las Acacias,176.67,Autopase_Central_KZGL59_28092026_055933.csv
Autopista Central,No Facturado,,Tránsito Tag,KZGL59,19-09-2026,07:10:13,PA16,Avda Santa María Oriente,425.04,Autopase_Central_KZGL59_28092026_055933.csv
Autopista Central,No Facturado,,Tránsito Tag,KZGL59,19-09-2026,07:14:16,PA17,Américo Vespucio Oriente,462.46,Autopase_Central_KZGL59_28092026_055933.csv
Autopista Central,No Facturado,,Tránsito Tag,KZGL59,19-09-2026,07:30:46,PA18,Américo Vespucio Poniente,462.46,Autopase_Central_KZGL59_28092026_055933.csv
Autopista Central,No Facturado,,Tránsito Tag,KZGL59,19-09-2026,19:05:03,PA10,La Marina San Nicolás Oriente,285.79,Autopase_Central_KZGL59_28092026_055933.csv
Autopista Central,No Facturado,,Tránsito Tag,KZGL59,19-09-2026,19:07:11,PA31,Avenida Matta,368.93,Autopase_Central_KZGL59_28092026_055933.csv
Autopista Central,No Facturado,,Tránsito Tag,KZGL59,19-09-2026,19:10:54,PA13,Alameda - Rio Mapocho,181.86,Autopase_Central_KZGL59_28092026_055933.csv
Autopista Central,No Facturado,,Tránsito Tag,KZGL59,19-09-2026,19:19:34,PA16,Avda Santa María Oriente,425.04,Autopase_Central_KZGL59_28092026_055933.csv
Autopista Central,No Facturado,,Tránsito Tag,KZGL59,19-09-2026,19:23:37,PA17,Américo Vespucio Oriente,462.46,Autopase_Central_KZGL59_28092026_055933.csv
Autopista Central,No Facturado,,Tránsito Tag,KZGL59,19-09-2026,20:16:35,PA18,Américo Vespucio Poniente,462.46,Autopase_Central_KZGL59_28092026_055933.csv
Autopista Central,No Facturado,,Tránsito Tag,KZGL59,19-09-2026,20:21:34,PA15,Bulnes Poniente,425.04,Autopase_Central_KZGL59_28092026_055933.csv
Autopista Central,No Facturado,,Tránsito Tag,KZGL59,19-09-2026,20:23:40,PA14,Alameda Poniente,181.86,Autopase_Central_KZGL59_28092026_055933.csv
Autopista Central,No Facturado,,Tránsito Tag,KZGL59,19-09-2026,20:25:21,PA12,Avda Matta Poniente,368.93,Autopase_Central_KZGL59_28092026_055933.csv
Autopista Central,No Facturado,,Tránsito Tag,KZGL59,19-09-2026,20:59:58,PA8,Lo Espejo Poniente,452.06,Autopase_Central_KZGL59_28092026_055933.csv
Autopista Central,No Facturado,,Tránsito Tag,KZGL59,19-09-2026,21:01:15,PA32,Lo Blanco - Las Acacias,176.67,Autopase_Central_KZGL59_28092026_055933.csv
Autopista Central,No Facturado,,Tránsito Tag,KZGL59,19-09-2026,21:03:06,PA6,Colón Poniente,157.96,Autopase_Central_KZGL59_28092026_055933.csv
Autopista Central,No Facturado,,Tránsito Tag,KZGL59,19-09-2026,21:04:15,PA37,"Colón, Calera de Tango",455.18,Autopase_Central_KZGL59_28092026_055933.csv
Autopista Central,No Facturado,,Tránsito Tag,KZGL59,19-09-2026,23:01:30,PA30,Americo Vespucio - Departamental,392.83,Autopase_Central_KZGL59_28092026_055933.csv
Autopista Central,No Facturado,,Tránsito Tag,KZGL59,20-09-2026,04:26:01,PA7,Lo Espejo Oriente,452.06,Autopase_Central_KZGL59_28092026_055933.csv
Autopista Central,No Facturado,,Tránsito Tag,KZGL59,21-09-2026,01:15:38,PA8,Lo Espejo Poniente,452.06,Autopase_Central_KZGL59_28092026_055933.csv
Autopista Central,No Facturado,,Tránsito Tag,KZGL59,21-09-2026,01:16:41,PA32,Lo Blanco - Las Acacias,176.67,Autopase_Central_KZGL59_28092026_055933.csv
Autopista Central,No Facturado,,Tránsito Tag,KZGL59,21-09-2026,02:02:13,PA30,Americo Vespucio - Departamental,392.83,Autopase_Central_KZGL59_28092026_055933.csv
Autopista Central,No Facturado,,Tránsito Tag,KZGL59,21-09-2026,02:03:00,PA10,La Marina San Nicolás Oriente,285.79,Autopase_Central_KZGL59_28092026_055933.csv
Autopista Central,No Facturado,,Tránsito Tag,KZGL59,21-09-2026,02:04:44,PA31,Avenida Matta,368.93,Autopase_Central_KZGL59_28092026_055933.csv
Autopista Central,No Facturado,,Tránsito Tag,KZGL59,21-09-2026,02:06:01,PA13,Alameda - Rio Mapocho,181.86,Autopase_Central_KZGL59_28092026_055933.csv
Autopista Central,No Facturado,,Tránsito Tag,KZGL59,21-09-2026,05:02:44,PA7,Lo Espejo Oriente,452.06,Autopase_Central_KZGL59_28092026_055933.csv
Autopista Central,No Facturado,,Tránsito Tag,KZGL59,21-09-2026,23:34:08,PA7,Lo Espejo Oriente,452.06,Autopase_Central_KZGL59_28092026_055933.csv
Autopista Central,No Facturado,,Tránsito Tag,KZGL59,22-09-2026,01:10:39,PA30,Americo Vespucio - Departamental,392.83,Autopase_Central_KZGL59_28092026_055933.csv
Autopista Central,No Facturado,,Tránsito Tag,KZGL59,22-09-2026,01:11:24,PA10,La Marina San Nicolás Oriente,285.79,Autopase_Central_KZGL59_28092026_055933.csv
Autopista Central,No Facturado,,Tránsito Tag,KZGL59,22-09-2026,01:13:17,PA31,Avenida Matta,368.93,Autopase_Central_KZGL59_28092026_055933.csv
Autopista Central,No Facturado,,Tránsito Tag,KZGL59,22-09-2026,01:14:43,PA13,Alameda - Rio Mapocho,181.86,Autopase_Central_KZGL59_28092026_055933.csv
Autopista Central,No Facturado,,Tránsito Tag,KZGL59,22-09-2026,04:56:56,PA11,La Marina San Nicolás Poniente,285.79,Autopase_Central_KZGL59_28092026_055933.csv
Autopista Central,No Facturado,,Tránsito Tag,KZGL59,22-09-2026,04:57:50,PA9,Lo Ovalle Poniente,392.83,Autopase_Central_KZGL59_28092026_055933.csv
Autopista Central,No Facturado,,Tránsito Tag,KZGL59,22-09-2026,05:01:01,PA8,Lo Espejo Poniente,452.06,Autopase_Central_KZGL59_28092026_055933.csv
Autopista Central,No Facturado,,Tránsito Tag,KZGL59,22-09-2026,05:02:08,PA32,Lo Blanco - Las Acacias,176.67,Autopase_Central_KZGL59_28092026_055933.csv
Autopista Central,No Facturado,,Tránsito Tag,KZGL59,22-09-2026,16:00:20,PA14,Alameda Poniente,363.73,Autopase_Central_KZGL59_28092026_055933.csv
Autopista Central,No Facturado,,Tránsito Tag,KZGL59,22-09-2026,16:56:34,PA12,Avda Matta Poniente,368.93,Autopase_Central_KZGL59_28092026_055933.csv
Autopista Central,No Facturado,,Tránsito Tag,KZGL59,22-09-2026,16:59:08,PA11,La Marina San Nicolás Poniente,285.79,Autopase_Central_KZGL59_28092026_055933.csv
Autopista Central,No Facturado,,Tránsito Tag,KZGL59,22-09-2026,17:00:20,PA9,Lo Ovalle Poniente,392.83,Autopase_Central_KZGL59_28092026_055933.csv
Autopista Central,No Facturado,,Tránsito Tag,KZGL59,23-09-2026,06:54:48,PA21,Lo Ovalle Oriente,512.34,Autopase_Central_KZGL59_28092026_055933.csv
Autopista Central,No Facturado,,Tránsito Tag,KZGL59,23-09-2026,06:58:21,PA23,Carlos Valdovinos Oriente,287.86,Autopase_Central_KZGL59_28092026_055933.csv
Autopista Central,No Facturado,,Tránsito Tag,KZGL59,23-09-2026,07:00:24,PA25,San Pablo Oriente,843.86,Autopase_Central_KZGL59_28092026_055933.csv
Autopista Central,No Facturado,,Tránsito Tag,KZGL59,24-09-2026,00:16:41,PA10,La Marina San Nicolás Oriente,285.79,Autopase_Central_KZGL59_28092026_055933.csv
Autopista Central,No Facturado,,Tránsito Tag,KZGL59,24-09-2026,00:41:29,PA11,La Marina San Nicolás Poniente,285.79,Autopase_Central_KZGL59_28092026_055933.csv
Autopista Central,No Facturado,,Tránsito Tag,KZGL59,24-09-2026,00:42:26,PA9,Lo Ovalle Poniente,392.83,Autopase_Central_KZGL59_28092026_055933.csv
Autopista Central,No Facturado,,Tránsito Tag,KZGL59,24-09-2026,00:45:47,PA8,Lo Espejo Poniente,452.06,Autopase_Central_KZGL59_28092026_055933.csv
Autopista Central,No Facturado,,Tránsito Tag,KZGL59,24-09-2026,00:46:59,PA32,Lo Blanco - Las Acacias,176.67,Autopase_Central_KZGL59_28092026_055933.csv
Autopista Central,No Facturado,,Tránsito Tag,KZGL59,24-09-2026,01:13:08,PA7,Lo Espejo Oriente,452.06,Autopase_Central_KZGL59_28092026_055933.csv
Autopista Central,No Facturado,,Tránsito Tag,KZGL59,24-09-2026,01:45:13,PA8,Lo Espejo Poniente,452.06,Autopase_Central_KZGL59_28092026_055933.csv
Autopista Central,No Facturado,,Tránsito Tag,KZGL59,24-09-2026,01:46:21,PA32,Lo Blanco - Las Acacias,176.67,Autopase_Central_KZGL59_28092026_055933.csv
Autopista Central,No Facturado,,Tránsito Tag,KZGL59,24-09-2026,01:55:31,PA7,Lo Espejo Oriente,452.06,Autopase_Central_KZGL59_28092026_055933.csv
Autopista Central,No Facturado,,Tránsito Tag,KZGL59,24-09-2026,01:58:31,PA30,Americo Vespucio - Departamental,392.83,Autopase_Central_KZGL59_28092026_055933.csv
Autopista Central,No Facturado,,Tránsito Tag,KZGL59,24-09-2026,01:59:23,PA10,La Marina San Nicolás Oriente,285.79,Autopase_Central_KZGL59_28092026_055933.csv
Autopista Central,No Facturado,,Tránsito Tag,KZGL59,24-09-2026,02:01:16,PA31,Avenida Matta,368.93,Autopase_Central_KZGL59_28092026_055933.csv
Autopista Central,No Facturado,,Tránsito Tag,KZGL59,24-09-2026,02:02:40,PA13,Alameda - Rio Mapocho,181.86,Autopase_Central_KZGL59_28092026_055933.csv
Autopista Central,No Facturado,,Tránsito Tag,KZGL59,24-09-2026,05:03:39,PA20,Lo Espejo Poniente,412.57,Autopase_Central_KZGL59_28092026_055933.csv
Autopista Central,No Facturado,,Tránsito Tag,KZGL59,24-09-2026,05:05:08,PA32,Lo Blanco - Las Acacias,176.67,Autopase_Central_KZGL59_28092026_055933.csv
Autopista Central,No Facturado,,Tránsito Tag,KZGL59,24-09-2026,23:06:53,PA8,Lo Espejo Poniente,452.06,Autopase_Central_KZGL59_28092026_055933.csv
Autopista Central,No Facturado,,Tránsito Tag,KZGL59,24-09-2026,23:07:58,PA32,Lo Blanco - Las Acacias,176.67,Autopase_Central_KZGL59_28092026_055933.csv
Autopista Central,No Facturado,,Tránsito Tag,KZGL59,25-09-2026,05:16:12,PA9,Lo Ovalle Poniente,392.83,Autopase_Central_KZGL59_28092026_055933.csv
Autopista Central,No Facturado,,Tránsito Tag,KZGL59,25-09-2026,05:19:10,PA8,Lo Espejo Poniente,452.06,Autopase_Central_KZGL59_28092026_055933.csv
Autopista Central,No Facturado,,Tránsito Tag,KZGL59,25-09-2026,05:20:12,PA32,Lo Blanco - Las Acacias,176.67,Autopase_Central_KZGL59_28092026_055933.csv
Autopista Central,No Facturado,,Tránsito Tag,KZGL59,25-09-2026,22:53:10,PA30,Americo Vespucio - Departamental,392.83,Autopase_Central_KZGL59_28092026_055933.csv
Autopista Central,No Facturado,,Tránsito Tag,KZGL59,25-09-2026,22:53:56,PA10,La Marina San Nicolás Oriente,285.79,Autopase_Central_KZGL59_28092026_055933.csv
Autopista Central,No Facturado,,Tránsito Tag,KZGL59,25-09-2026,22:56:46,PA31,Avenida Matta,368.93,Autopase_Central_KZGL59_28092026_055933.csv
Autopista Central,No Facturado,,Tránsito Tag,KZGL59,25-09-2026,22:58:38,PA13,Alameda - Rio Mapocho,181.86,Autopase_Central_KZGL59_28092026_055933.csv
Autopista Central,No Facturado,,Tránsito Tag,KZGL59,26-09-2026,01:48:27,PA7,Lo Espejo Oriente,452.06,Autopase_Central_KZGL59_28092026_055933.csv
Autopista Central,No Facturado,,Tránsito Tag,KZGL59,26-09-2026,04:17:20,PA32,Lo Blanco - Las Acacias,176.67,Autopase_Central_KZGL59_28092026_055933.csv
Autopista Central,No Facturado,,Tránsito Tag,KZGL59,26-09-2026,22:57:56,PA8,Lo Espejo Poniente,452.06,Autopase_Central_KZGL59_28092026_055933.csv
Autopista Central,No Facturado,,Tránsito Tag,KZGL59,26-09-2026,22:58:59,PA32,Lo Blanco - Las Acacias,176.67,Autopase_Central_KZGL59_28092026_055933.csv
Autopista Central,No Facturado,,Tránsito Tag,KZGL59,26-09-2026,23:54:17,PA7,Lo Espejo Oriente,452.06,Autopase_Central_KZGL59_28092026_055933.csv
Autopista Central,No Facturado,,Tránsito Tag,KZGL59,27-09-2026,01:09:02,PA8,Lo Espejo Poniente,452.06,Autopase_Central_KZGL59_28092026_055933.csv
Autopista Central,No Facturado,,Tránsito Tag,KZGL59,27-09-2026,01:10:06,PA32,Lo Blanco - Las Acacias,176.67,Autopase_Central_KZGL59_28092026_055933.csv
Autopista Central,No Facturado,,Tránsito Tag,KZGL59,27-09-2026,01:44:43,PA30,Americo Vespucio - Departamental,392.83,Autopase_Central_KZGL59_28092026_055933.csv
Autopista Central,No Facturado,,Tránsito Tag,KZGL59,27-09-2026,01:45:26,PA10,La Marina San Nicolás Oriente,285.79,Autopase_Central_KZGL59_28092026_055933.csv
Autopista Central,No Facturado,,Tránsito Tag,KZGL59,27-09-2026,01:47:14,PA31,Avenida Matta,368.93,Autopase_Central_KZGL59_28092026_055933.csv
Autopista Central,No Facturado,,Tránsito Tag,KZGL59,27-09-2026,01:48:46,PA13,Alameda - Rio Mapocho,181.86,Autopase_Central_KZGL59_28092026_055933.csv
Autopista Central,No Facturado,,Tránsito Tag,KZGL59,27-09-2026,01:51:32,PA16,Avda Santa María Oriente,425.04,Autopase_Central_KZGL59_28092026_055933.csv
Autopista Central,No Facturado,,Tránsito Tag,KZGL59,27-09-2026,01:55:12,PA17,Américo Vespucio Oriente,462.46,Autopase_Central_KZGL59_28092026_055933.csv
Autopista Central,No Facturado,,Tránsito Tag,KZGL59,27-09-2026,04:23:11,PA7,Lo Espejo Oriente,452.06,Autopase_Central_KZGL59_28092026_055933.csv
Autopista Central,No Facturado,,Tránsito Tag,KZGL59,27-09-2026,04:47:57,PA30,Americo Vespucio - Departamental,392.83,Autopase_Central_KZGL59_28092026_055933.csv
Autopista Central,No Facturado,,Tránsito Tag,KZGL59,27-09-2026,04:48:35,PA10,La Marina San Nicolás Oriente,285.79,Autopase_Central_KZGL59_28092026_055933.csv
Autopista Central,No Facturado,,Tránsito Tag,KZGL59,27-09-2026,04:50:11,PA31,Avenida Matta,368.93,Autopase_Central_KZGL59_28092026_055933.csv
Autopista Central,No Facturado,,Tránsito Tag,KZGL59,27-09-2026,04:51:25,PA13,Alameda - Rio Mapocho,181.86,Autopase_Central_KZGL59_28092026_055933.csv
Autopista Central,No Facturado,,Tránsito Tag,KZGL59,27-09-2026,04:53:48,PA16,Avda Santa María Oriente,425.04,Autopase_Central_KZGL59_28092026_055933.csv
Autopista Central,No Facturado,,Tránsito Tag,KZGL59,27-09-2026,05:14:50,PA15,Bulnes Poniente,425.04,Autopase_Central_KZGL59_28092026_055933.csv
Autopista Central,No Facturado,,Tránsito Tag,KZGL59,27-09-2026,05:16:36,PA14,Alameda Poniente,181.86,Autopase_Central_KZGL59_28092026_055933.csv
Autopista Central,No Facturado,,Tránsito Tag,KZGL59,27-09-2026,05:17:55,PA12,Avda Matta Poniente,368.93,Autopase_Central_KZGL59_28092026_055933.csv
Autopista Central,No Facturado,,Tránsito Tag,KZGL59,27-09-2026,05:19:50,PA11,La Marina San Nicolás Poniente,285.79,Autopase_Central_KZGL59_28092026_055933.csv
Autopista Central,No Facturado,,Tránsito Tag,KZGL59,27-09-2026,23:08:58,PA8,Lo Espejo Poniente,452.06,Autopase_Central_KZGL59_28092026_055933.csv
Autopista Central,No Facturado,,Tránsito Tag,KZGL59,27-09-2026,23:10:09,PA32,Lo Blanco - Las Acacias,176.67,Autopase_Central_KZGL59_28092026_055933.csv
Autopista Central,No Facturado,,Tránsito Tag,KZGL59,27-09-2026,23:51:30,PA7,Lo Espejo Oriente,452.06,Autopase_Central_KZGL59_28092026_055933.csv
Autopista Central,No Facturado,,Tránsito Tag,KZGL59,28-09-2026,03:47:07,PA7,Lo Espejo Oriente,452.06,Autopase_Central_KZGL59_28092026_055933.csv
Autopista Central,No Facturado,,Tránsito Tag,KZGL59,28-09-2026,06:56:18,PA23,Carlos Valdovinos Oriente,287.86,Autopase_Central_KZGL59_28092026_080149.csv
Autopista Central,No Facturado,,Tránsito Tag,LDWP36,17-09-2026,05:02:59,PA32,Lo Blanco - Las Acacias,176.67,Autopase_Central_LDWP36_28092026_055943.csv
Autopista Central,No Facturado,,Tránsito Tag,LDWP36,17-09-2026,06:02:54,PA13,Alameda - Rio Mapocho,181.86,Autopase_Central_LDWP36_28092026_055943.csv
Autopista Central,No Facturado,,Tránsito Tag,LDWP36,17-09-2026,07:22:56,PA14,Alameda Poniente,363.73,Autopase_Central_LDWP36_28092026_055943.csv
Autopista Central,No Facturado,,Tránsito Tag,LDWP36,17-09-2026,07:24:41,PA12,Avda Matta Poniente,737.86,Autopase_Central_LDWP36_28092026_055943.csv
Autopista Central,No Facturado,,Tránsito Tag,LDWP36,17-09-2026,07:26:52,PA11,La Marina San Nicolás Poniente,285.79,Autopase_Central_LDWP36_28092026_055943.csv
Autopista Central,No Facturado,,Tránsito Tag,LDWP36,17-09-2026,07:27:40,PA9,Lo Ovalle Poniente,392.83,Autopase_Central_LDWP36_28092026_055943.csv
Autopista Central,No Facturado,,Tránsito Tag,LDWP36,17-09-2026,20:19:23,PA18,Américo Vespucio Poniente,462.46,Autopase_Central_LDWP36_28092026_055943.csv
Autopista Central,No Facturado,,Tránsito Tag,LDWP36,17-09-2026,20:24:17,PA15,Bulnes Poniente,850.1,Autopase_Central_LDWP36_28092026_055943.csv
Autopista Central,No Facturado,,Tránsito Tag,LDWP36,18-09-2026,19:03:30,PA23,Carlos Valdovinos Oriente,287.86,Autopase_Central_LDWP36_28092026_055943.csv
Autopista Central,No Facturado,,Tránsito Tag,LDWP36,18-09-2026,19:05:23,PA25,San Pablo Oriente,421.93,Autopase_Central_LDWP36_28092026_055943.csv
Autopista Central,No Facturado,,Tránsito Tag,LDWP36,18-09-2026,19:16:43,PA28,Cerro Renca Oriente,512.34,Autopase_Central_LDWP36_28092026_055943.csv
Autopista Central,No Facturado,,Tránsito Tag,LDWP36,18-09-2026,19:18:00,PA17,Américo Vespucio Oriente,462.46,Autopase_Central_LDWP36_28092026_055943.csv
Autopista Central,No Facturado,,Tránsito Tag,LDWP36,18-09-2026,20:21:39,PA18,Américo Vespucio Poniente,462.46,Autopase_Central_LDWP36_28092026_055943.csv
Autopista Central,No Facturado,,Tránsito Tag,LDWP36,18-09-2026,20:26:15,PA15,Bulnes Poniente,425.04,Autopase_Central_LDWP36_28092026_055943.csv
Autopista Central,No Facturado,,Tránsito Tag,LDWP36,19-09-2026,05:25:42,PA7,Lo Espejo Oriente,452.06,Autopase_Central_LDWP36_28092026_055943.csv
Autopista Central,No Facturado,,Tránsito Tag,LDWP36,19-09-2026,07:02:45,PA30,Americo Vespucio - Departamental,392.83,Autopase_Central_LDWP36_28092026_055943.csv
Autopista Central,No Facturado,,Tránsito Tag,LDWP36,19-09-2026,07:03:39,PA10,La Marina San Nicolás Oriente,285.79,Autopase_Central_LDWP36_28092026_055943.csv
Autopista Central,No Facturado,,Tránsito Tag,LDWP36,19-09-2026,07:05:47,PA31,Avenida Matta,368.93,Autopase_Central_LDWP36_28092026_055943.csv
Autopista Central,No Facturado,,Tránsito Tag,LDWP36,19-09-2026,07:07:19,PA13,Alameda - Rio Mapocho,181.86,Autopase_Central_LDWP36_28092026_055943.csv
Autopista Central,No Facturado,,Tránsito Tag,LDWP36,19-09-2026,07:10:11,PA16,Avda Santa María Oriente,425.04,Autopase_Central_LDWP36_28092026_055943.csv
Autopista Central,No Facturado,,Tránsito Tag,LDWP36,20-09-2026,05:45:31,PA30,Americo Vespucio - Departamental,392.83,Autopase_Central_LDWP36_28092026_055943.csv
Autopista Central,No Facturado,,Tránsito Tag,LDWP36,20-09-2026,05:46:23,PA10,La Marina San Nicolás Oriente,285.79,Autopase_Central_LDWP36_28092026_055943.csv
Autopista Central,No Facturado,,Tránsito Tag,LDWP36,20-09-2026,05:48:23,PA31,Avenida Matta,368.93,Autopase_Central_LDWP36_28092026_055943.csv
Autopista Central,No Facturado,,Tránsito Tag,LDWP36,20-09-2026,05:49:57,PA13,Alameda - Rio Mapocho,181.86,Autopase_Central_LDWP36_28092026_055943.csv
Autopista Central,No Facturado,,Tránsito Tag,LDWP36,20-09-2026,20:22:02,PA18,Américo Vespucio Poniente,462.46,Autopase_Central_LDWP36_28092026_055943.csv
Autopista Central,No Facturado,,Tránsito Tag,LDWP36,20-09-2026,20:26:11,PA15,Bulnes Poniente,425.04,Autopase_Central_LDWP36_28092026_055943.csv
Autopista Central,No Facturado,,Tránsito Tag,LDWP36,21-09-2026,06:01:56,PA31,Avenida Matta,368.93,Autopase_Central_LDWP36_28092026_055943.csv
Autopista Central,No Facturado,,Tránsito Tag,LDWP36,21-09-2026,06:03:52,PA13,Alameda - Rio Mapocho,181.86,Autopase_Central_LDWP36_28092026_055943.csv
Autopista Central,No Facturado,,Tránsito Tag,LDWP36,21-09-2026,07:13:18,PA14,Alameda Poniente,363.73,Autopase_Central_LDWP36_28092026_055943.csv
Autopista Central,No Facturado,,Tránsito Tag,LDWP36,21-09-2026,07:14:41,PA12,Avda Matta Poniente,737.86,Autopase_Central_LDWP36_28092026_055943.csv
Autopista Central,No Facturado,,Tránsito Tag,LDWP36,21-09-2026,07:16:40,PA11,La Marina San Nicolás Poniente,285.79,Autopase_Central_LDWP36_28092026_055943.csv
Autopista Central,No Facturado,,Tránsito Tag,LDWP36,21-09-2026,07:17:30,PA9,Lo Ovalle Poniente,392.83,Autopase_Central_LDWP36_28092026_055943.csv
Autopista Central,No Facturado,,Tránsito Tag,LDWP36,21-09-2026,17:36:32,PA30,Americo Vespucio - Departamental,392.83,Autopase_Central_LDWP36_28092026_055943.csv
Autopista Central,No Facturado,,Tránsito Tag,LDWP36,21-09-2026,17:37:33,PA10,La Marina San Nicolás Oriente,285.79,Autopase_Central_LDWP36_28092026_055943.csv
Autopista Central,No Facturado,,Tránsito Tag,LDWP36,21-09-2026,17:40:08,PA31,Avenida Matta,737.86,Autopase_Central_LDWP36_28092026_055943.csv
Autopista Central,No Facturado,,Tránsito Tag,LDWP36,21-09-2026,20:21:11,PA18,Américo Vespucio Poniente,462.46,Autopase_Central_LDWP36_28092026_055943.csv
Autopista Central,No Facturado,,Tránsito Tag,LDWP36,21-09-2026,20:26:15,PA15,Bulnes Poniente,850.1,Autopase_Central_LDWP36_28092026_055943.csv
Autopista Central,No Facturado,,Tránsito Tag,LDWP36,21-09-2026,20:55:09,PA13,Alameda - Rio Mapocho,181.86,Autopase_Central_LDWP36_28092026_055943.csv
Autopista Central,No Facturado,,Tránsito Tag,LDWP36,22-09-2026,04:31:51,PA6,Colón Poniente,157.96,Autopase_Central_LDWP36_28092026_055943.csv
Autopista Central,No Facturado,,Tránsito Tag,LDWP36,22-09-2026,04:32:54,PA37,"Colón, Calera de Tango",455.18,Autopase_Central_LDWP36_28092026_055943.csv
Autopista Central,No Facturado,,Tránsito Tag,LDWP36,22-09-2026,04:34:42,PA4,Calera de Tango Poniente,129.9,Autopase_Central_LDWP36_28092026_055943.csv
Autopista Central,No Facturado,,Tránsito Tag,LDWP36,22-09-2026,04:43:07,PA3,Calera de Tango Oriente,585.09,Autopase_Central_LDWP36_28092026_055943.csv
Autopista Central,No Facturado,,Tránsito Tag,LDWP36,22-09-2026,04:45:59,PA5,Colón Oriente,334.63,Autopase_Central_LDWP36_28092026_055943.csv
Autopista Central,No Facturado,,Tránsito Tag,LDWP36,22-09-2026,05:55:32,PA31,Avenida Matta,368.93,Autopase_Central_LDWP36_28092026_055943.csv
Autopista Central,No Facturado,,Tránsito Tag,LDWP36,22-09-2026,05:57:07,PA13,Alameda - Rio Mapocho,181.86,Autopase_Central_LDWP36_28092026_055943.csv
Autopista Central,No Facturado,,Tránsito Tag,LDWP36,22-09-2026,07:13:32,PA14,Alameda Poniente,363.73,Autopase_Central_LDWP36_28092026_055943.csv
Autopista Central,No Facturado,,Tránsito Tag,LDWP36,22-09-2026,07:14:56,PA12,Avda Matta Poniente,737.86,Autopase_Central_LDWP36_28092026_055943.csv
Autopista Central,No Facturado,,Tránsito Tag,LDWP36,22-09-2026,07:16:58,PA11,La Marina San Nicolás Poniente,285.79,Autopase_Central_LDWP36_28092026_055943.csv
Autopista Central,No Facturado,,Tránsito Tag,LDWP36,22-09-2026,07:17:46,PA9,Lo Ovalle Poniente,392.83,Autopase_Central_LDWP36_28092026_055943.csv
Autopista Central,No Facturado,,Tránsito Tag,LDWP36,22-09-2026,17:37:49,PA10,La Marina San Nicolás Oriente,285.79,Autopase_Central_LDWP36_28092026_055943.csv
Autopista Central,No Facturado,,Tránsito Tag,LDWP36,22-09-2026,17:40:34,PA31,Avenida Matta,737.86,Autopase_Central_LDWP36_28092026_055943.csv
Autopista Central,No Facturado,,Tránsito Tag,LDWP36,22-09-2026,18:35:28,PA13,Alameda - Rio Mapocho,363.73,Autopase_Central_LDWP36_28092026_055943.csv
Autopista Central,No Facturado,,Tránsito Tag,LDWP36,22-09-2026,20:22:17,PA18,Américo Vespucio Poniente,462.46,Autopase_Central_LDWP36_28092026_055943.csv
Autopista Central,No Facturado,,Tránsito Tag,LDWP36,22-09-2026,20:26:35,PA15,Bulnes Poniente,850.1,Autopase_Central_LDWP36_28092026_055943.csv
Autopista Central,No Facturado,,Tránsito Tag,LDWP36,22-09-2026,20:53:32,PA13,Alameda - Rio Mapocho,181.86,Autopase_Central_LDWP36_28092026_055943.csv
Autopista Central,No Facturado,,Tránsito Tag,LDWP36,23-09-2026,01:33:09,PA6,Colón Poniente,157.96,Autopase_Central_LDWP36_28092026_055943.csv
Autopista Central,No Facturado,,Tránsito Tag,LDWP36,23-09-2026,01:34:22,PA37,"Colón, Calera de Tango",455.18,Autopase_Central_LDWP36_28092026_055943.csv
Autopista Central,No Facturado,,Tránsito Tag,LDWP36,23-09-2026,04:06:56,PA7,Lo Espejo Oriente,452.06,Autopase_Central_LDWP36_28092026_055943.csv
Autopista Central,No Facturado,,Tránsito Tag,LDWP36,23-09-2026,06:02:31,PA31,Avenida Matta,368.93,Autopase_Central_LDWP36_28092026_055943.csv
Autopista Central,No Facturado,,Tránsito Tag,LDWP36,23-09-2026,06:04:05,PA13,Alameda - Rio Mapocho,181.86,Autopase_Central_LDWP36_28092026_055943.csv
Autopista Central,No Facturado,,Tránsito Tag,LDWP36,23-09-2026,07:10:59,PA14,Alameda Poniente,363.73,Autopase_Central_LDWP36_28092026_055943.csv
Autopista Central,No Facturado,,Tránsito Tag,LDWP36,23-09-2026,07:12:30,PA12,Avda Matta Poniente,737.86,Autopase_Central_LDWP36_28092026_055943.csv
Autopista Central,No Facturado,,Tránsito Tag,LDWP36,23-09-2026,07:14:27,PA11,La Marina San Nicolás Poniente,285.79,Autopase_Central_LDWP36_28092026_055943.csv
Autopista Central,No Facturado,,Tránsito Tag,LDWP36,23-09-2026,07:15:18,PA9,Lo Ovalle Poniente,392.83,Autopase_Central_LDWP36_28092026_055943.csv
Autopista Central,No Facturado,,Tránsito Tag,LDWP36,23-09-2026,19:14:49,PA28,Cerro Renca Oriente,512.34,Autopase_Central_LDWP36_28092026_055943.csv
Autopista Central,No Facturado,,Tránsito Tag,LDWP36,23-09-2026,19:16:46,PA17,Américo Vespucio Oriente,924.92,Autopase_Central_LDWP36_28092026_055943.csv
Autopista Central,No Facturado,,Tránsito Tag,LDWP36,23-09-2026,20:22:37,PA18,Américo Vespucio Poniente,462.46,Autopase_Central_LDWP36_28092026_055943.csv
Autopista Central,No Facturado,,Tránsito Tag,LDWP36,23-09-2026,20:24:00,PA29,Cerro Renca Poniente,1024.69,Autopase_Central_LDWP36_28092026_055943.csv
Autopista Central,No Facturado,,Tránsito Tag,LDWP36,23-09-2026,20:29:35,PA26,San Pablo Poniente,843.86,Autopase_Central_LDWP36_28092026_055943.csv
Autopista Central,No Facturado,,Tránsito Tag,LDWP36,23-09-2026,20:39:49,PA24,Carlos Valdovinos Poniente,287.86,Autopase_Central_LDWP36_28092026_055943.csv
Autopista Central,No Facturado,,Tránsito Tag,LDWP36,23-09-2026,20:42:37,PA22,Lo Ovalle Poniente,512.34,Autopase_Central_LDWP36_28092026_055943.csv
Autopista Central,No Facturado,,Tránsito Tag,LDWP36,24-09-2026,04:09:14,PA6,Colón Poniente,157.96,Autopase_Central_LDWP36_28092026_055943.csv
Autopista Central,No Facturado,,Tránsito Tag,LDWP36,24-09-2026,04:10:21,PA37,"Colón, Calera de Tango",455.18,Autopase_Central_LDWP36_28092026_055943.csv
Autopista Central,No Facturado,,Tránsito Tag,LDWP36,24-09-2026,04:12:17,PA4,Calera de Tango Poniente,129.9,Autopase_Central_LDWP36_28092026_055943.csv
Autopista Central,No Facturado,,Tránsito Tag,LDWP36,24-09-2026,04:40:07,PA3,Calera de Tango Oriente,585.09,Autopase_Central_LDWP36_28092026_055943.csv
Autopista Central,No Facturado,,Tránsito Tag,LDWP36,24-09-2026,04:42:55,PA5,Colón Oriente,334.63,Autopase_Central_LDWP36_28092026_055943.csv
Autopista Central,No Facturado,,Tránsito Tag,LDWP36,24-09-2026,05:59:53,PA13,Alameda - Rio Mapocho,181.86,Autopase_Central_LDWP36_28092026_055943.csv
Autopista Central,No Facturado,,Tránsito Tag,LDWP36,24-09-2026,07:15:51,PA14,Alameda Poniente,363.73,Autopase_Central_LDWP36_28092026_055943.csv
Autopista Central,No Facturado,,Tránsito Tag,LDWP36,24-09-2026,07:17:23,PA12,Avda Matta Poniente,737.86,Autopase_Central_LDWP36_28092026_055943.csv
Autopista Central,No Facturado,,Tránsito Tag,LDWP36,24-09-2026,07:19:20,PA11,La Marina San Nicolás Poniente,285.79,Autopase_Central_LDWP36_28092026_055943.csv
Autopista Central,No Facturado,,Tránsito Tag,LDWP36,24-09-2026,07:20:15,PA9,Lo Ovalle Poniente,392.83,Autopase_Central_LDWP36_28092026_055943.csv
Autopista Central,No Facturado,,Tránsito Tag,LDWP36,25-09-2026,09:00:56,PA12,Avda Matta Poniente,737.86,Autopase_Central_LDWP36_28092026_055943.csv
Autopista Central,No Facturado,,Tránsito Tag,LJDV98,17-09-2026,05:00:37,PA11,La Marina San Nicolás Poniente,285.79,Autopase_Central_LJDV98_28092026_055953.csv
Autopista Central,No Facturado,,Tránsito Tag,LJDV98,17-09-2026,05:01:26,PA9,Lo Ovalle Poniente,392.83,Autopase_Central_LJDV98_28092026_055953.csv
Autopista Central,No Facturado,,Tránsito Tag,LJDV98,17-09-2026,05:04:28,PA8,Lo Espejo Poniente,452.06,Autopase_Central_LJDV98_28092026_055953.csv
Autopista Central,No Facturado,,Tránsito Tag,LJDV98,17-09-2026,05:05:35,PA32,Lo Blanco - Las Acacias,176.67,Autopase_Central_LJDV98_28092026_055953.csv
Autopista Central,No Facturado,,Tránsito Tag,LJDV98,17-09-2026,07:12:05,PA30,Americo Vespucio - Departamental,392.83,Autopase_Central_LJDV98_28092026_055953.csv
Autopista Central,No Facturado,,Tránsito Tag,LJDV98,17-09-2026,07:13:04,PA10,La Marina San Nicolás Oriente,285.79,Autopase_Central_LJDV98_28092026_055953.csv
Autopista Central,No Facturado,,Tránsito Tag,LJDV98,17-09-2026,07:16:03,PA31,Avenida Matta,737.86,Autopase_Central_LJDV98_28092026_055953.csv
Autopista Central,No Facturado,,Tránsito Tag,LJDV98,17-09-2026,07:18:26,PA13,Alameda - Rio Mapocho,363.73,Autopase_Central_LJDV98_28092026_055953.csv
Autopista Central,No Facturado,,Tránsito Tag,LJDV98,17-09-2026,07:22:15,PA16,Avda Santa María Oriente,425.04,Autopase_Central_LJDV98_28092026_055953.csv
Autopista Central,No Facturado,,Tránsito Tag,LJDV98,17-09-2026,07:26:38,PA17,Américo Vespucio Oriente,924.92,Autopase_Central_LJDV98_28092026_055953.csv
Autopista Central,No Facturado,,Tránsito Tag,LJDV98,18-09-2026,04:57:31,PA32,Lo Blanco - Las Acacias,176.67,Autopase_Central_LJDV98_28092026_055953.csv
Autopista Central,No Facturado,,Tránsito Tag,LJDV98,19-09-2026,07:04:51,PA31,Avenida Matta,368.93,Autopase_Central_LJDV98_28092026_055953.csv
Autopista Central,No Facturado,,Tránsito Tag,LJDV98,19-09-2026,07:06:22,PA13,Alameda - Rio Mapocho,181.86,Autopase_Central_LJDV98_28092026_055953.csv
Autopista Central,No Facturado,,Tránsito Tag,LJDV98,19-09-2026,07:09:14,PA16,Avda Santa María Oriente,425.04,Autopase_Central_LJDV98_28092026_055953.csv
Autopista Central,No Facturado,,Tránsito Tag,LJDV98,19-09-2026,07:13:03,PA17,Américo Vespucio Oriente,462.46,Autopase_Central_LJDV98_28092026_055953.csv
Autopista Central,No Facturado,,Tránsito Tag,LJDV98,19-09-2026,08:14:28,PA18,Américo Vespucio Poniente,462.46,Autopase_Central_LJDV98_28092026_055953.csv
Autopista Central,No Facturado,,Tránsito Tag,LJDV98,19-09-2026,08:19:01,PA15,Bulnes Poniente,425.04,Autopase_Central_LJDV98_28092026_055953.csv
Autopista Central,No Facturado,,Tránsito Tag,LJDV98,19-09-2026,08:28:16,PA15,Bulnes Poniente,425.04,Autopase_Central_LJDV98_28092026_055953.csv
Autopista Central,No Facturado,,Tránsito Tag,LJDV98,19-09-2026,08:40:45,PA14,Alameda Poniente,181.86,Autopase_Central_LJDV98_28092026_055953.csv
Autopista Central,No Facturado,,Tránsito Tag,LJDV98,19-09-2026,09:10:38,PA12,Avda Matta Poniente,368.93,Autopase_Central_LJDV98_28092026_055953.csv
Autopista Central,No Facturado,,Tránsito Tag,LJDV98,19-09-2026,09:13:08,PA11,La Marina San Nicolás Poniente,285.79,Autopase_Central_LJDV98_28092026_055953.csv
Autopista Central,No Facturado,,Tránsito Tag,LJDV98,19-09-2026,09:43:59,PA8,Lo Espejo Poniente,452.06,Autopase_Central_LJDV98_28092026_055953.csv
Autopista Central,No Facturado,,Tránsito Tag,LJDV98,19-09-2026,09:45:30,PA32,Lo Blanco - Las Acacias,176.67,Autopase_Central_LJDV98_28092026_055953.csv
Autopista Central,No Facturado,,Tránsito Tag,LJDV98,19-09-2026,09:47:33,PA6,Colón Poniente,157.96,Autopase_Central_LJDV98_28092026_055953.csv
Autopista Central,No Facturado,,Tránsito Tag,LJDV98,20-09-2026,06:10:15,PA8,Lo Espejo Poniente,452.06,Autopase_Central_LJDV98_28092026_055953.csv
Autopista Central,No Facturado,,Tránsito Tag,LJDV98,20-09-2026,06:11:33,PA32,Lo Blanco - Las Acacias,176.67,Autopase_Central_LJDV98_28092026_055953.csv
Autopista Central,No Facturado,,Tránsito Tag,LJDV98,20-09-2026,06:13:30,PA6,Colón Poniente,157.96,Autopase_Central_LJDV98_28092026_055953.csv
Autopista Central,No Facturado,,Tránsito Tag,LJDV98,20-09-2026,06:14:28,PA37,"Colón, Calera de Tango",455.18,Autopase_Central_LJDV98_28092026_055953.csv
Autopista Central,No Facturado,,Tránsito Tag,LJDV98,20-09-2026,06:16:24,PA4,Calera de Tango Poniente,129.9,Autopase_Central_LJDV98_28092026_055953.csv
Autopista Central,No Facturado,,Tránsito Tag,LJDV98,20-09-2026,06:28:05,PA3,Calera de Tango Oriente,585.09,Autopase_Central_LJDV98_28092026_055953.csv
Autopista Central,No Facturado,,Tránsito Tag,LJDV98,20-09-2026,06:39:58,PA5,Colón Oriente,334.63,Autopase_Central_LJDV98_28092026_055953.csv
Autopista Central,No Facturado,,Tránsito Tag,LJDV98,20-09-2026,06:43:01,PA7,Lo Espejo Oriente,452.06,Autopase_Central_LJDV98_28092026_055953.csv
Autopista Central,No Facturado,,Tránsito Tag,LJDV98,20-09-2026,07:06:35,PA30,Americo Vespucio - Departamental,392.83,Autopase_Central_LJDV98_28092026_055953.csv
Autopista Central,No Facturado,,Tránsito Tag,LJDV98,20-09-2026,07:07:26,PA10,La Marina San Nicolás Oriente,285.79,Autopase_Central_LJDV98_28092026_055953.csv
Autopista Central,No Facturado,,Tránsito Tag,LJDV98,20-09-2026,07:09:31,PA31,Avenida Matta,368.93,Autopase_Central_LJDV98_28092026_055953.csv
Autopista Central,No Facturado,,Tránsito Tag,LJDV98,20-09-2026,07:11:06,PA13,Alameda - Rio Mapocho,181.86,Autopase_Central_LJDV98_28092026_055953.csv
Autopista Central,No Facturado,,Tránsito Tag,LJDV98,20-09-2026,07:14:05,PA16,Avda Santa María Oriente,425.04,Autopase_Central_LJDV98_28092026_055953.csv
Autopista Central,No Facturado,,Tránsito Tag,LJDV98,20-09-2026,07:17:43,PA17,Américo Vespucio Oriente,462.46,Autopase_Central_LJDV98_28092026_055953.csv
Autopista Central,No Facturado,,Tránsito Tag,LJDV98,20-09-2026,08:23:43,PA18,Américo Vespucio Poniente,462.46,Autopase_Central_LJDV98_28092026_055953.csv
Autopista Central,No Facturado,,Tránsito Tag,LJDV98,20-09-2026,08:35:09,PA15,Bulnes Poniente,425.04,Autopase_Central_LJDV98_28092026_055953.csv
Autopista Central,No Facturado,,Tránsito Tag,LJDV98,20-09-2026,08:37:25,PA14,Alameda Poniente,181.86,Autopase_Central_LJDV98_28092026_055953.csv
Autopista Central,No Facturado,,Tránsito Tag,LJDV98,20-09-2026,08:39:00,PA12,Avda Matta Poniente,368.93,Autopase_Central_LJDV98_28092026_055953.csv
Autopista Central,No Facturado,,Tránsito Tag,LJDV98,20-09-2026,08:41:07,PA11,La Marina San Nicolás Poniente,285.79,Autopase_Central_LJDV98_28092026_055953.csv
Autopista Central,No Facturado,,Tránsito Tag,LJDV98,20-09-2026,09:16:30,PA8,Lo Espejo Poniente,452.06,Autopase_Central_LJDV98_28092026_055953.csv
Autopista Central,No Facturado,,Tránsito Tag,LJDV98,20-09-2026,09:18:02,PA32,Lo Blanco - Las Acacias,176.67,Autopase_Central_LJDV98_28092026_055953.csv
Autopista Central,No Facturado,,Tránsito Tag,LJDV98,20-09-2026,09:20:06,PA6,Colón Poniente,157.96,Autopase_Central_LJDV98_28092026_055953.csv
Autopista Central,No Facturado,,Tránsito Tag,LJDV98,20-09-2026,23:18:16,PA20,Lo Espejo Poniente,412.57,Autopase_Central_LJDV98_28092026_055953.csv
Autopista Central,No Facturado,,Tránsito Tag,LJDV98,20-09-2026,23:19:51,PA32,Lo Blanco - Las Acacias,176.67,Autopase_Central_LJDV98_28092026_055953.csv
Autopista Central,No Facturado,,Tránsito Tag,LJDV98,21-09-2026,04:42:14,PA7,Lo Espejo Oriente,452.06,Autopase_Central_LJDV98_28092026_055953.csv
Autopista Central,No Facturado,,Tránsito Tag,LJDV98,21-09-2026,08:45:13,PA21,Lo Ovalle Oriente,512.34,Autopase_Central_LJDV98_28092026_055953.csv
Autopista Central,No Facturado,,Tránsito Tag,LJDV98,21-09-2026,08:48:32,PA23,Carlos Valdovinos Oriente,575.74,Autopase_Central_LJDV98_28092026_055953.csv
Autopista Central,No Facturado,,Tránsito Tag,LJDV98,21-09-2026,08:50:40,PA25,San Pablo Oriente,843.86,Autopase_Central_LJDV98_28092026_055953.csv
Autopista Central,No Facturado,,Tránsito Tag,LJDV98,21-09-2026,08:52:49,PA26,San Pablo Poniente,421.93,Autopase_Central_LJDV98_28092026_055953.csv
Autopista Central,No Facturado,,Tránsito Tag,LJDV98,21-09-2026,23:50:19,PA7,Lo Espejo Oriente,452.06,Autopase_Central_LJDV98_28092026_055953.csv
Autopista Central,No Facturado,,Tránsito Tag,LJDV98,22-09-2026,03:23:33,PA13,Alameda - Rio Mapocho,181.86,Autopase_Central_LJDV98_28092026_055953.csv
Autopista Central,No Facturado,,Tránsito Tag,LJDV98,22-09-2026,03:48:14,PA15,Bulnes Poniente,425.04,Autopase_Central_LJDV98_28092026_055953.csv
Autopista Central,No Facturado,,Tránsito Tag,LJDV98,22-09-2026,04:56:50,PA5,Colón Oriente,334.63,Autopase_Central_LJDV98_28092026_055953.csv
Autopista Central,No Facturado,,Tránsito Tag,LJDV98,22-09-2026,06:27:05,PA21,Lo Ovalle Oriente,512.34,Autopase_Central_LJDV98_28092026_055953.csv
Autopista Central,No Facturado,,Tránsito Tag,LJDV98,22-09-2026,06:30:27,PA23,Carlos Valdovinos Oriente,287.86,Autopase_Central_LJDV98_28092026_055953.csv
Autopista Central,No Facturado,,Tránsito Tag,LJDV98,22-09-2026,06:32:42,PA25,San Pablo Oriente,421.93,Autopase_Central_LJDV98_28092026_055953.csv
Autopista Central,No Facturado,,Tránsito Tag,LJDV98,22-09-2026,06:46:42,PA28,Cerro Renca Oriente,512.34,Autopase_Central_LJDV98_28092026_055953.csv
Autopista Central,No Facturado,,Tránsito Tag,LJDV98,22-09-2026,06:48:33,PA17,Américo Vespucio Oriente,462.46,Autopase_Central_LJDV98_28092026_055953.csv
Autopista Central,No Facturado,,Tránsito Tag,LJDV98,22-09-2026,11:31:19,PA18,Américo Vespucio Poniente,462.46,Autopase_Central_LJDV98_28092026_055953.csv
Autopista Central,No Facturado,,Tránsito Tag,LJDV98,22-09-2026,11:32:46,PA29,Cerro Renca Poniente,512.34,Autopase_Central_LJDV98_28092026_055953.csv
Autopista Central,No Facturado,,Tránsito Tag,LJDV98,22-09-2026,11:38:06,PA26,San Pablo Poniente,421.93,Autopase_Central_LJDV98_28092026_055953.csv
Autopista Central,No Facturado,,Tránsito Tag,LJDV98,22-09-2026,11:39:52,PA24,Carlos Valdovinos Poniente,287.86,Autopase_Central_LJDV98_28092026_055953.csv
Autopista Central,No Facturado,,Tránsito Tag,LJDV98,22-09-2026,11:43:12,PA22,Lo Ovalle Poniente,512.34,Autopase_Central_LJDV98_28092026_055953.csv
Autopista Central,No Facturado,,Tránsito Tag,LJDV98,22-09-2026,21:13:59,PA21,Lo Ovalle Oriente,512.34,Autopase_Central_LJDV98_28092026_055953.csv
Autopista Central,No Facturado,,Tránsito Tag,LJDV98,22-09-2026,23:14:49,PA22,Lo Ovalle Poniente,512.34,Autopase_Central_LJDV98_28092026_055953.csv
Autopista Central,No Facturado,,Tránsito Tag,LJDV98,22-09-2026,23:42:56,PA21,Lo Ovalle Oriente,512.34,Autopase_Central_LJDV98_28092026_055953.csv
Autopista Central,No Facturado,,Tránsito Tag,LJDV98,22-09-2026,23:45:37,PA23,Carlos Valdovinos Oriente,287.86,Autopase_Central_LJDV98_28092026_055953.csv
Autopista Central,No Facturado,,Tránsito Tag,LJDV98,23-09-2026,00:13:16,PA22,Lo Ovalle Poniente,512.34,Autopase_Central_LJDV98_28092026_055953.csv
Autopista Central,No Facturado,,Tránsito Tag,LJDV98,23-09-2026,01:45:08,PA5,Colón Oriente,334.63,Autopase_Central_LJDV98_28092026_055953.csv
Autopista Central,No Facturado,,Tránsito Tag,LJDV98,23-09-2026,01:47:09,PA19,Puerta Sur Oriente,412.57,Autopase_Central_LJDV98_28092026_055953.csv
Autopista Central,No Facturado,,Tránsito Tag,LJDV98,23-09-2026,07:25:30,PA21,Lo Ovalle Oriente,512.34,Autopase_Central_LJDV98_28092026_055953.csv
Autopista Central,No Facturado,,Tránsito Tag,LJDV98,23-09-2026,07:38:04,PA23,Carlos Valdovinos Oriente,575.74,Autopase_Central_LJDV98_28092026_055953.csv
Autopista Central,No Facturado,,Tránsito Tag,LJDV98,23-09-2026,07:42:48,PA25,San Pablo Oriente,843.86,Autopase_Central_LJDV98_28092026_055953.csv
Autopista Central,No Facturado,,Tránsito Tag,LJDV98,23-09-2026,07:56:01,PA28,Cerro Renca Oriente,1537.04,Autopase_Central_LJDV98_28092026_055953.csv
Autopista Central,No Facturado,,Tránsito Tag,LJDV98,23-09-2026,08:00:35,PA17,Américo Vespucio Oriente,924.92,Autopase_Central_LJDV98_28092026_055953.csv
Autopista Central,No Facturado,,Tránsito Tag,LJDV98,23-09-2026,19:17:12,PA17,Américo Vespucio Oriente,924.92,Autopase_Central_LJDV98_28092026_055953.csv
Autopista Central,No Facturado,,Tránsito Tag,LJDV98,24-09-2026,03:36:56,PA13,Alameda - Rio Mapocho,181.86,Autopase_Central_LJDV98_28092026_055953.csv
Autopista Central,No Facturado,,Tránsito Tag,LJDV98,24-09-2026,03:39:38,PA16,Avda Santa María Oriente,425.04,Autopase_Central_LJDV98_28092026_055953.csv
Autopista Central,No Facturado,,Tránsito Tag,LJDV98,24-09-2026,04:02:19,PA15,Bulnes Poniente,425.04,Autopase_Central_LJDV98_28092026_055953.csv
Autopista Central,No Facturado,,Tránsito Tag,LJDV98,24-09-2026,04:17:34,PA8,Lo Espejo Poniente,452.06,Autopase_Central_LJDV98_28092026_055953.csv
Autopista Central,No Facturado,,Tránsito Tag,LJDV98,24-09-2026,04:18:42,PA32,Lo Blanco - Las Acacias,176.67,Autopase_Central_LJDV98_28092026_055953.csv
Autopista Central,No Facturado,,Tránsito Tag,LJDV98,24-09-2026,14:40:45,PA30,Americo Vespucio - Departamental,392.83,Autopase_Central_LJDV98_28092026_055953.csv
Autopista Central,No Facturado,,Tránsito Tag,LJDV98,25-09-2026,11:25:15,PA14,Alameda Poniente,545.6,Autopase_Central_LJDV98_28092026_055953.csv
Autopista Central,No Facturado,,Tránsito Tag,LJDV98,25-09-2026,14:18:07,PA9,Lo Ovalle Poniente,392.83,Autopase_Central_LJDV98_28092026_055953.csv
Autopista Central,No Facturado,,Tránsito Tag,LJDV98,25-09-2026,17:49:16,PA16,Avda Santa María Oriente,425.04,Autopase_Central_LJDV98_28092026_055953.csv
Autopista Central,No Facturado,,Tránsito Tag,LJDV98,26-09-2026,17:44:00,PA25,San Pablo Oriente,421.93,Autopase_Central_LJDV98_28092026_055953.csv
Autopista Central,No Facturado,,Tránsito Tag,LKGZ52,18-09-2026,00:48:05,PA30,Americo Vespucio - Departamental,392.83,Autopase_Central_LKGZ52_28092026_060002.csv
Autopista Central,No Facturado,,Tránsito Tag,LKGZ52,18-09-2026,00:48:45,PA10,La Marina San Nicolás Oriente,285.79,Autopase_Central_LKGZ52_28092026_060002.csv
Autopista Central,No Facturado,,Tránsito Tag,LKGZ52,18-09-2026,01:08:30,PA11,La Marina San Nicolás Poniente,285.79,Autopase_Central_LKGZ52_28092026_060002.csv
Autopista Central,No Facturado,,Tránsito Tag,LKGZ52,18-09-2026,01:09:09,PA9,Lo Ovalle Poniente,392.83,Autopase_Central_LKGZ52_28092026_060002.csv
Autopista Central,No Facturado,,Tránsito Tag,LKGZ52,18-09-2026,21:59:36,PA11,La Marina San Nicolás Poniente,285.79,Autopase_Central_LKGZ52_28092026_060002.csv
Autopista Central,No Facturado,,Tránsito Tag,LKGZ52,18-09-2026,22:00:33,PA9,Lo Ovalle Poniente,392.83,Autopase_Central_LKGZ52_28092026_060002.csv
Autopista Central,No Facturado,,Tránsito Tag,LKGZ52,19-09-2026,22:20:41,PA30,Americo Vespucio - Departamental,392.83,Autopase_Central_LKGZ52_28092026_060002.csv
Autopista Central,No Facturado,,Tránsito Tag,LKGZ52,19-09-2026,22:21:21,PA10,La Marina San Nicolás Oriente,285.79,Autopase_Central_LKGZ52_28092026_060002.csv
Autopista Central,No Facturado,,Tránsito Tag,LKGZ52,19-09-2026,22:38:44,PA11,La Marina San Nicolás Poniente,285.79,Autopase_Central_LKGZ52_28092026_060002.csv
Autopista Central,No Facturado,,Tránsito Tag,LKGZ52,19-09-2026,22:39:32,PA9,Lo Ovalle Poniente,392.83,Autopase_Central_LKGZ52_28092026_060002.csv
Autopista Central,No Facturado,,Tránsito Tag,LKGZ52,19-09-2026,22:42:40,PA8,Lo Espejo Poniente,452.06,Autopase_Central_LKGZ52_28092026_060002.csv
Autopista Central,No Facturado,,Tránsito Tag,LKGZ52,19-09-2026,22:43:46,PA32,Lo Blanco - Las Acacias,176.67,Autopase_Central_LKGZ52_28092026_060002.csv
Autopista Central,No Facturado,,Tránsito Tag,LKGZ52,19-09-2026,23:03:29,PA5,Colón Oriente,334.63,Autopase_Central_LKGZ52_28092026_060002.csv
Autopista Central,No Facturado,,Tránsito Tag,LKGZ52,19-09-2026,23:05:28,PA19,Puerta Sur Oriente,412.57,Autopase_Central_LKGZ52_28092026_060002.csv
Autopista Central,No Facturado,,Tránsito Tag,LKGZ52,22-09-2026,01:52:15,PA30,Americo Vespucio - Departamental,392.83,Autopase_Central_LKGZ52_28092026_060002.csv
Autopista Central,No Facturado,,Tránsito Tag,LKGZ52,22-09-2026,03:33:39,PA21,Lo Ovalle Oriente,512.34,Autopase_Central_LKGZ52_28092026_060002.csv
Autopista Central,No Facturado,,Tránsito Tag,LKGZ52,22-09-2026,03:35:49,PA23,Carlos Valdovinos Oriente,287.86,Autopase_Central_LKGZ52_28092026_060002.csv
Autopista Central,No Facturado,,Tránsito Tag,LKGZ52,22-09-2026,03:37:06,PA25,San Pablo Oriente,421.93,Autopase_Central_LKGZ52_28092026_060002.csv
Autopista Central,No Facturado,,Tránsito Tag,LKGZ52,22-09-2026,03:57:31,PA22,Lo Ovalle Poniente,512.34,Autopase_Central_LKGZ52_28092026_060002.csv
Autopista Central,No Facturado,,Tránsito Tag,LKGZ52,22-09-2026,04:28:21,PA30,Americo Vespucio - Departamental,392.83,Autopase_Central_LKGZ52_28092026_060002.csv
Autopista Central,No Facturado,,Tránsito Tag,LKGZ52,22-09-2026,05:05:10,PA30,Americo Vespucio - Departamental,392.83,Autopase_Central_LKGZ52_28092026_060002.csv
Autopista Central,No Facturado,,Tránsito Tag,LKGZ52,22-09-2026,23:27:21,PA30,Americo Vespucio - Departamental,392.83,Autopase_Central_LKGZ52_28092026_060002.csv
Autopista Central,No Facturado,,Tránsito Tag,LKGZ52,22-09-2026,23:28:03,PA10,La Marina San Nicolás Oriente,285.79,Autopase_Central_LKGZ52_28092026_060002.csv
Autopista Central,No Facturado,,Tránsito Tag,LKGZ52,22-09-2026,23:30:15,PA31,Avenida Matta,368.93,Autopase_Central_LKGZ52_28092026_060002.csv
Autopista Central,No Facturado,,Tránsito Tag,LKGZ52,22-09-2026,23:55:09,PA25,San Pablo Oriente,421.93,Autopase_Central_LKGZ52_28092026_060002.csv
Autopista Central,No Facturado,,Tránsito Tag,LKGZ52,23-09-2026,00:13:29,PA24,Carlos Valdovinos Poniente,287.86,Autopase_Central_LKGZ52_28092026_060002.csv
Autopista Central,No Facturado,,Tránsito Tag,LKGZ52,23-09-2026,00:15:48,PA22,Lo Ovalle Poniente,512.34,Autopase_Central_LKGZ52_28092026_060002.csv
Autopista Central,No Facturado,,Tránsito Tag,LKGZ52,23-09-2026,05:38:08,PA21,Lo Ovalle Oriente,512.34,Autopase_Central_LKGZ52_28092026_060002.csv
Autopista Central,No Facturado,,Tránsito Tag,LKGZ52,23-09-2026,05:40:24,PA23,Carlos Valdovinos Oriente,287.86,Autopase_Central_LKGZ52_28092026_060002.csv
Autopista Central,No Facturado,,Tránsito Tag,LKGZ52,23-09-2026,05:41:43,PA25,San Pablo Oriente,421.93,Autopase_Central_LKGZ52_28092026_060002.csv
Autopista Central,No Facturado,,Tránsito Tag,LKGZ52,23-09-2026,05:48:31,PA26,San Pablo Poniente,421.93,Autopase_Central_LKGZ52_28092026_060002.csv
Autopista Central,No Facturado,,Tránsito Tag,LKGZ52,23-09-2026,05:49:42,PA24,Carlos Valdovinos Poniente,287.86,Autopase_Central_LKGZ52_28092026_060002.csv
Autopista Central,No Facturado,,Tránsito Tag,LKGZ52,23-09-2026,05:51:54,PA22,Lo Ovalle Poniente,512.34,Autopase_Central_LKGZ52_28092026_060002.csv
Autopista Central,No Facturado,,Tránsito Tag,LPPZ24,17-09-2026,05:40:53,PA7,Lo Espejo Oriente,452.06,Autopase_Central_LPPZ24_28092026_060012.csv
Autopista Central,No Facturado,,Tránsito Tag,LPPZ24,17-09-2026,06:53:54,PA13,Alameda - Rio Mapocho,363.73,Autopase_Central_LPPZ24_28092026_060012.csv
Autopista Central,No Facturado,,Tránsito Tag,LPPZ24,17-09-2026,06:56:42,PA16,Avda Santa María Oriente,425.04,Autopase_Central_LPPZ24_28092026_060012.csv
Autopista Central,No Facturado,,Tránsito Tag,LPPZ24,17-09-2026,07:00:41,PA17,Américo Vespucio Oriente,924.92,Autopase_Central_LPPZ24_28092026_060012.csv
Autopista Central,No Facturado,,Tránsito Tag,LPPZ24,17-09-2026,07:26:17,PA18,Américo Vespucio Poniente,924.92,Autopase_Central_LPPZ24_28092026_060012.csv
Autopista Central,No Facturado,,Tránsito Tag,LPPZ24,17-09-2026,07:27:41,PA29,Cerro Renca Poniente,512.34,Autopase_Central_LPPZ24_28092026_060012.csv
Autopista Central,No Facturado,,Tránsito Tag,LPPZ24,17-09-2026,07:32:18,PA26,San Pablo Poniente,421.93,Autopase_Central_LPPZ24_28092026_060012.csv
Autopista Central,No Facturado,,Tránsito Tag,LPPZ24,17-09-2026,07:33:43,PA24,Carlos Valdovinos Poniente,287.86,Autopase_Central_LPPZ24_28092026_060012.csv
Autopista Central,No Facturado,,Tránsito Tag,LPPZ24,17-09-2026,07:36:08,PA22,Lo Ovalle Poniente,512.34,Autopase_Central_LPPZ24_28092026_060012.csv
Autopista Central,No Facturado,,Tránsito Tag,LPPZ24,17-09-2026,07:37:59,PA20,Lo Espejo Poniente,412.57,Autopase_Central_LPPZ24_28092026_060012.csv
Autopista Central,No Facturado,,Tránsito Tag,LPPZ24,17-09-2026,07:39:37,PA32,Lo Blanco - Las Acacias,176.67,Autopase_Central_LPPZ24_28092026_060012.csv
Autopista Central,No Facturado,,Tránsito Tag,LPPZ24,17-09-2026,07:41:25,PA6,Colón Poniente,157.96,Autopase_Central_LPPZ24_28092026_060012.csv
Autopista Central,No Facturado,,Tránsito Tag,LPPZ24,17-09-2026,18:14:56,PA5,Colón Oriente,334.63,Autopase_Central_LPPZ24_28092026_060012.csv
Autopista Central,No Facturado,,Tránsito Tag,LPPZ24,17-09-2026,18:17:03,PA19,Puerta Sur Oriente,412.57,Autopase_Central_LPPZ24_28092026_060012.csv
Autopista Central,No Facturado,,Tránsito Tag,LPPZ24,17-09-2026,18:46:26,PA10,La Marina San Nicolás Oriente,285.79,Autopase_Central_LPPZ24_28092026_060012.csv
Autopista Central,No Facturado,,Tránsito Tag,LPPZ24,17-09-2026,18:48:23,PA31,Avenida Matta,737.86,Autopase_Central_LPPZ24_28092026_060012.csv
Autopista Central,No Facturado,,Tránsito Tag,LPPZ24,17-09-2026,18:49:44,PA13,Alameda - Rio Mapocho,363.73,Autopase_Central_LPPZ24_28092026_060012.csv
Autopista Central,No Facturado,,Tránsito Tag,LPPZ24,17-09-2026,19:11:23,PA16,Avda Santa María Oriente,425.04,Autopase_Central_LPPZ24_28092026_060012.csv
Autopista Central,No Facturado,,Tránsito Tag,LPPZ24,17-09-2026,19:14:47,PA17,Américo Vespucio Oriente,924.92,Autopase_Central_LPPZ24_28092026_060012.csv
Autopista Central,No Facturado,,Tránsito Tag,LPPZ24,17-09-2026,20:17:51,PA18,Américo Vespucio Poniente,462.46,Autopase_Central_LPPZ24_28092026_060012.csv
Autopista Central,No Facturado,,Tránsito Tag,LPPZ24,17-09-2026,20:19:08,PA29,Cerro Renca Poniente,1024.69,Autopase_Central_LPPZ24_28092026_060012.csv
Autopista Central,No Facturado,,Tránsito Tag,LPPZ24,17-09-2026,20:23:54,PA26,San Pablo Poniente,843.86,Autopase_Central_LPPZ24_28092026_060012.csv
Autopista Central,No Facturado,,Tránsito Tag,LPPZ24,17-09-2026,20:25:25,PA24,Carlos Valdovinos Poniente,575.74,Autopase_Central_LPPZ24_28092026_060012.csv
Autopista Central,No Facturado,,Tránsito Tag,LPPZ24,17-09-2026,20:56:22,PA8,Lo Espejo Poniente,452.06,Autopase_Central_LPPZ24_28092026_060012.csv
Autopista Central,No Facturado,,Tránsito Tag,LPPZ24,17-09-2026,20:57:24,PA32,Lo Blanco - Las Acacias,176.67,Autopase_Central_LPPZ24_28092026_060012.csv
Autopista Central,No Facturado,,Tránsito Tag,LPPZ24,17-09-2026,20:58:52,PA6,Colón Poniente,157.96,Autopase_Central_LPPZ24_28092026_060012.csv
Autopista Central,No Facturado,,Tránsito Tag,LPPZ24,17-09-2026,20:59:49,PA37,"Colón, Calera de Tango",455.18,Autopase_Central_LPPZ24_28092026_060012.csv
Autopista Central,No Facturado,,Tránsito Tag,LPPZ24,18-09-2026,00:01:58,PA20,Lo Espejo Poniente,412.57,Autopase_Central_LPPZ24_28092026_060012.csv
Autopista Central,No Facturado,,Tránsito Tag,LPPZ24,18-09-2026,00:03:31,PA32,Lo Blanco - Las Acacias,176.67,Autopase_Central_LPPZ24_28092026_060012.csv
Autopista Central,No Facturado,,Tránsito Tag,LPPZ24,18-09-2026,00:54:32,PA6,Colón Poniente,157.96,Autopase_Central_LPPZ24_28092026_060012.csv
Autopista Central,No Facturado,,Tránsito Tag,LPPZ24,18-09-2026,00:55:51,PA37,"Colón, Calera de Tango",455.18,Autopase_Central_LPPZ24_28092026_060012.csv
Autopista Central,No Facturado,,Tránsito Tag,LPPZ24,18-09-2026,01:19:34,PA5,Colón Oriente,334.63,Autopase_Central_LPPZ24_28092026_060012.csv
Autopista Central,No Facturado,,Tránsito Tag,LPPZ24,18-09-2026,01:22:10,PA7,Lo Espejo Oriente,452.06,Autopase_Central_LPPZ24_28092026_060012.csv
Autopista Central,No Facturado,,Tránsito Tag,LPPZ24,18-09-2026,01:25:05,PA30,Americo Vespucio - Departamental,392.83,Autopase_Central_LPPZ24_28092026_060012.csv
Autopista Central,No Facturado,,Tránsito Tag,LPPZ24,18-09-2026,01:25:47,PA10,La Marina San Nicolás Oriente,285.79,Autopase_Central_LPPZ24_28092026_060012.csv
Autopista Central,No Facturado,,Tránsito Tag,LPPZ24,18-09-2026,07:19:12,PA25,San Pablo Oriente,421.93,Autopase_Central_LPPZ24_28092026_060012.csv
Autopista Central,No Facturado,,Tránsito Tag,LPPZ24,18-09-2026,07:23:50,PA28,Cerro Renca Oriente,512.34,Autopase_Central_LPPZ24_28092026_060012.csv
Autopista Central,No Facturado,,Tránsito Tag,LPPZ24,18-09-2026,07:24:57,PA17,Américo Vespucio Oriente,462.46,Autopase_Central_LPPZ24_28092026_060012.csv
Autopista Central,No Facturado,,Tránsito Tag,LPPZ24,18-09-2026,08:18:49,PA18,Américo Vespucio Poniente,462.46,Autopase_Central_LPPZ24_28092026_060012.csv
Autopista Central,No Facturado,,Tránsito Tag,LPPZ24,18-09-2026,08:20:01,PA29,Cerro Renca Poniente,512.34,Autopase_Central_LPPZ24_28092026_060012.csv
Autopista Central,No Facturado,,Tránsito Tag,LPPZ24,18-09-2026,08:24:31,PA26,San Pablo Poniente,421.93,Autopase_Central_LPPZ24_28092026_060012.csv
Autopista Central,No Facturado,,Tránsito Tag,LPPZ24,19-09-2026,03:46:53,PA32,Lo Blanco - Las Acacias,176.67,Autopase_Central_LPPZ24_28092026_060012.csv
Autopista Central,No Facturado,,Tránsito Tag,LPPZ24,19-09-2026,03:48:38,PA6,Colón Poniente,157.96,Autopase_Central_LPPZ24_28092026_060012.csv
Autopista Central,No Facturado,,Tránsito Tag,LPPZ24,19-09-2026,03:49:27,PA37,"Colón, Calera de Tango",455.18,Autopase_Central_LPPZ24_28092026_060012.csv
Autopista Central,No Facturado,,Tránsito Tag,LPPZ24,19-09-2026,06:54:58,PA23,Carlos Valdovinos Oriente,287.86,Autopase_Central_LPPZ24_28092026_060012.csv
Autopista Central,No Facturado,,Tránsito Tag,LPPZ24,19-09-2026,06:59:53,PA25,San Pablo Oriente,421.93,Autopase_Central_LPPZ24_28092026_060012.csv
Autopista Central,No Facturado,,Tránsito Tag,LPPZ24,19-09-2026,07:04:16,PA28,Cerro Renca Oriente,512.34,Autopase_Central_LPPZ24_28092026_060012.csv
Autopista Central,No Facturado,,Tránsito Tag,LPPZ24,19-09-2026,07:05:36,PA17,Américo Vespucio Oriente,462.46,Autopase_Central_LPPZ24_28092026_060012.csv
Autopista Central,No Facturado,,Tránsito Tag,LPPZ24,19-09-2026,08:15:54,PA18,Américo Vespucio Poniente,462.46,Autopase_Central_LPPZ24_28092026_060012.csv
Autopista Central,No Facturado,,Tránsito Tag,LPPZ24,19-09-2026,23:30:44,PA11,La Marina San Nicolás Poniente,285.79,Autopase_Central_LPPZ24_28092026_060012.csv
Autopista Central,No Facturado,,Tránsito Tag,LPPZ24,19-09-2026,23:31:36,PA9,Lo Ovalle Poniente,392.83,Autopase_Central_LPPZ24_28092026_060012.csv
Autopista Central,No Facturado,,Tránsito Tag,LPPZ24,19-09-2026,23:44:37,PA8,Lo Espejo Poniente,452.06,Autopase_Central_LPPZ24_28092026_060012.csv
Autopista Central,No Facturado,,Tránsito Tag,LPPZ24,19-09-2026,23:45:42,PA32,Lo Blanco - Las Acacias,176.67,Autopase_Central_LPPZ24_28092026_060012.csv
Autopista Central,No Facturado,,Tránsito Tag,LPPZ24,20-09-2026,03:20:35,PA19,Puerta Sur Oriente,412.57,Autopase_Central_LPPZ24_28092026_060012.csv
Autopista Central,No Facturado,,Tránsito Tag,LPPZ24,20-09-2026,05:48:45,PA5,Colón Oriente,334.63,Autopase_Central_LPPZ24_28092026_060012.csv
Autopista Central,No Facturado,,Tránsito Tag,LPPZ24,20-09-2026,05:51:37,PA7,Lo Espejo Oriente,452.06,Autopase_Central_LPPZ24_28092026_060012.csv
Autopista Central,No Facturado,,Tránsito Tag,LPPZ24,20-09-2026,06:35:40,PA13,Alameda - Rio Mapocho,181.86,Autopase_Central_LPPZ24_28092026_060012.csv
Autopista Central,No Facturado,,Tránsito Tag,LPPZ24,20-09-2026,06:49:57,PA16,Avda Santa María Oriente,425.04,Autopase_Central_LPPZ24_28092026_060012.csv
Autopista Central,No Facturado,,Tránsito Tag,LPPZ24,20-09-2026,06:53:32,PA17,Américo Vespucio Oriente,462.46,Autopase_Central_LPPZ24_28092026_060012.csv
Autopista Central,No Facturado,,Tránsito Tag,LPPZ24,20-09-2026,07:04:47,PA18,Américo Vespucio Poniente,462.46,Autopase_Central_LPPZ24_28092026_060012.csv
Autopista Central,No Facturado,,Tránsito Tag,LPPZ24,20-09-2026,07:05:56,PA29,Cerro Renca Poniente,512.34,Autopase_Central_LPPZ24_28092026_060012.csv
Autopista Central,No Facturado,,Tránsito Tag,LPPZ24,20-09-2026,07:10:43,PA26,San Pablo Poniente,421.93,Autopase_Central_LPPZ24_28092026_060012.csv
Autopista Central,No Facturado,,Tránsito Tag,LPPZ24,20-09-2026,07:12:13,PA24,Carlos Valdovinos Poniente,287.86,Autopase_Central_LPPZ24_28092026_060012.csv
Autopista Central,No Facturado,,Tránsito Tag,LPPZ24,20-09-2026,18:04:18,PA7,Lo Espejo Oriente,452.06,Autopase_Central_LPPZ24_28092026_060012.csv
Autopista Central,No Facturado,,Tránsito Tag,LPPZ24,20-09-2026,19:06:07,PA16,Avda Santa María Oriente,425.04,Autopase_Central_LPPZ24_28092026_060012.csv
Autopista Central,No Facturado,,Tránsito Tag,LPPZ24,20-09-2026,19:09:30,PA17,Américo Vespucio Oriente,462.46,Autopase_Central_LPPZ24_28092026_060012.csv
Autopista Central,No Facturado,,Tránsito Tag,LPPZ24,20-09-2026,20:19:19,PA18,Américo Vespucio Poniente,462.46,Autopase_Central_LPPZ24_28092026_060012.csv
Autopista Central,No Facturado,,Tránsito Tag,LPPZ24,20-09-2026,20:20:34,PA29,Cerro Renca Poniente,512.34,Autopase_Central_LPPZ24_28092026_060012.csv
Autopista Central,No Facturado,,Tránsito Tag,LPPZ24,20-09-2026,20:25:16,PA26,San Pablo Poniente,421.93,Autopase_Central_LPPZ24_28092026_060012.csv
Autopista Central,No Facturado,,Tránsito Tag,LPPZ24,20-09-2026,20:26:48,PA24,Carlos Valdovinos Poniente,287.86,Autopase_Central_LPPZ24_28092026_060012.csv
Autopista Central,No Facturado,,Tránsito Tag,LPPZ24,20-09-2026,21:10:38,PA8,Lo Espejo Poniente,452.06,Autopase_Central_LPPZ24_28092026_060012.csv
Autopista Central,No Facturado,,Tránsito Tag,LPPZ24,20-09-2026,21:11:47,PA32,Lo Blanco - Las Acacias,176.67,Autopase_Central_LPPZ24_28092026_060012.csv
Autopista Central,No Facturado,,Tránsito Tag,LPPZ24,20-09-2026,21:13:19,PA6,Colón Poniente,157.96,Autopase_Central_LPPZ24_28092026_060012.csv
Autopista Central,No Facturado,,Tránsito Tag,LPPZ24,20-09-2026,21:14:16,PA37,"Colón, Calera de Tango",455.18,Autopase_Central_LPPZ24_28092026_060012.csv
Autopista Central,No Facturado,,Tránsito Tag,LPPZ24,20-09-2026,21:16:00,PA4,Calera de Tango Poniente,129.9,Autopase_Central_LPPZ24_28092026_060012.csv
Autopista Central,No Facturado,,Tránsito Tag,LPPZ24,20-09-2026,21:21:59,PA3,Calera de Tango Oriente,585.09,Autopase_Central_LPPZ24_28092026_060012.csv
Autopista Central,No Facturado,,Tránsito Tag,LPPZ24,21-09-2026,05:31:26,PA7,Lo Espejo Oriente,452.06,Autopase_Central_LPPZ24_28092026_060012.csv
Autopista Central,No Facturado,,Tránsito Tag,LPPZ24,21-09-2026,06:31:49,PA13,Alameda - Rio Mapocho,363.73,Autopase_Central_LPPZ24_28092026_060012.csv
Autopista Central,No Facturado,,Tránsito Tag,LPPZ24,21-09-2026,06:58:40,PA17,Américo Vespucio Oriente,462.46,Autopase_Central_LPPZ24_28092026_060012.csv
Autopista Central,No Facturado,,Tránsito Tag,LPPZ24,21-09-2026,07:09:29,PA18,Américo Vespucio Poniente,924.92,Autopase_Central_LPPZ24_28092026_060012.csv
Autopista Central,No Facturado,,Tránsito Tag,LPPZ24,21-09-2026,07:11:02,PA29,Cerro Renca Poniente,512.34,Autopase_Central_LPPZ24_28092026_060012.csv
Autopista Central,No Facturado,,Tránsito Tag,LPPZ24,21-09-2026,07:15:32,PA26,San Pablo Poniente,421.93,Autopase_Central_LPPZ24_28092026_060012.csv
Autopista Central,No Facturado,,Tránsito Tag,LPPZ24,21-09-2026,07:17:02,PA24,Carlos Valdovinos Poniente,287.86,Autopase_Central_LPPZ24_28092026_060012.csv
Autopista Central,No Facturado,,Tránsito Tag,LPPZ24,21-09-2026,07:19:29,PA22,Lo Ovalle Poniente,512.34,Autopase_Central_LPPZ24_28092026_060012.csv
Autopista Central,No Facturado,,Tránsito Tag,LPPZ24,21-09-2026,07:21:33,PA20,Lo Espejo Poniente,412.57,Autopase_Central_LPPZ24_28092026_060012.csv
Autopista Central,No Facturado,,Tránsito Tag,LPPZ24,21-09-2026,07:23:08,PA32,Lo Blanco - Las Acacias,176.67,Autopase_Central_LPPZ24_28092026_060012.csv
Autopista Central,No Facturado,,Tránsito Tag,LPPZ24,21-09-2026,07:28:01,PA6,Colón Poniente,157.96,Autopase_Central_LPPZ24_28092026_060012.csv
Autopista Central,No Facturado,,Tránsito Tag,LPPZ24,21-09-2026,18:58:09,PA10,La Marina San Nicolás Oriente,285.79,Autopase_Central_LPPZ24_28092026_060012.csv
Autopista Central,No Facturado,,Tránsito Tag,LPPZ24,21-09-2026,19:00:03,PA31,Avenida Matta,368.93,Autopase_Central_LPPZ24_28092026_060012.csv
Autopista Central,No Facturado,,Tránsito Tag,LPPZ24,21-09-2026,19:01:45,PA13,Alameda - Rio Mapocho,181.86,Autopase_Central_LPPZ24_28092026_060012.csv
Autopista Central,No Facturado,,Tránsito Tag,LPPZ24,21-09-2026,19:11:41,PA16,Avda Santa María Oriente,425.04,Autopase_Central_LPPZ24_28092026_060012.csv
Autopista Central,No Facturado,,Tránsito Tag,LPPZ24,21-09-2026,19:15:29,PA17,Américo Vespucio Oriente,924.92,Autopase_Central_LPPZ24_28092026_060012.csv
Autopista Central,No Facturado,,Tránsito Tag,LPPZ24,21-09-2026,20:21:07,PA18,Américo Vespucio Poniente,462.46,Autopase_Central_LPPZ24_28092026_060012.csv
Autopista Central,No Facturado,,Tránsito Tag,LPPZ24,21-09-2026,20:25:22,PA15,Bulnes Poniente,850.1,Autopase_Central_LPPZ24_28092026_060012.csv
Autopista Central,No Facturado,,Tránsito Tag,LPPZ24,21-09-2026,20:27:16,PA14,Alameda Poniente,363.73,Autopase_Central_LPPZ24_28092026_060012.csv
Autopista Central,No Facturado,,Tránsito Tag,LPPZ24,21-09-2026,20:28:51,PA12,Avda Matta Poniente,737.86,Autopase_Central_LPPZ24_28092026_060012.csv
Autopista Central,No Facturado,,Tránsito Tag,LPPZ24,21-09-2026,20:31:02,PA11,La Marina San Nicolás Poniente,285.79,Autopase_Central_LPPZ24_28092026_060012.csv
Autopista Central,No Facturado,,Tránsito Tag,LPPZ24,21-09-2026,21:06:27,PA8,Lo Espejo Poniente,452.06,Autopase_Central_LPPZ24_28092026_060012.csv
Autopista Central,No Facturado,,Tránsito Tag,LPPZ24,21-09-2026,21:07:34,PA32,Lo Blanco - Las Acacias,176.67,Autopase_Central_LPPZ24_28092026_060012.csv
Autopista Central,No Facturado,,Tránsito Tag,LPPZ24,21-09-2026,21:09:12,PA6,Colón Poniente,157.96,Autopase_Central_LPPZ24_28092026_060012.csv
Autopista Central,No Facturado,,Tránsito Tag,LPPZ24,21-09-2026,21:10:12,PA37,"Colón, Calera de Tango",455.18,Autopase_Central_LPPZ24_28092026_060012.csv
Autopista Central,No Facturado,,Tránsito Tag,LPPZ24,21-09-2026,21:11:52,PA4,Calera de Tango Poniente,129.9,Autopase_Central_LPPZ24_28092026_060012.csv
Autopista Central,No Facturado,,Tránsito Tag,LPPZ24,22-09-2026,05:38:17,PA7,Lo Espejo Oriente,452.06,Autopase_Central_LPPZ24_28092026_060012.csv
Autopista Central,No Facturado,,Tránsito Tag,LPPZ24,22-09-2026,06:29:45,PA13,Alameda - Rio Mapocho,181.86,Autopase_Central_LPPZ24_28092026_060012.csv
Autopista Central,No Facturado,,Tránsito Tag,LPPZ24,22-09-2026,06:44:02,PA16,Avda Santa María Oriente,425.04,Autopase_Central_LPPZ24_28092026_060012.csv
Autopista Central,No Facturado,,Tránsito Tag,LPPZ24,22-09-2026,06:47:56,PA17,Américo Vespucio Oriente,462.46,Autopase_Central_LPPZ24_28092026_060012.csv
Autopista Central,No Facturado,,Tránsito Tag,LPPZ24,22-09-2026,06:58:33,PA18,Américo Vespucio Poniente,462.46,Autopase_Central_LPPZ24_28092026_060012.csv
Autopista Central,No Facturado,,Tránsito Tag,LPPZ24,22-09-2026,06:59:59,PA29,Cerro Renca Poniente,512.34,Autopase_Central_LPPZ24_28092026_060012.csv
Autopista Central,No Facturado,,Tránsito Tag,LPPZ24,22-09-2026,07:04:37,PA26,San Pablo Poniente,421.93,Autopase_Central_LPPZ24_28092026_060012.csv
Autopista Central,No Facturado,,Tránsito Tag,LPPZ24,22-09-2026,07:06:01,PA24,Carlos Valdovinos Poniente,287.86,Autopase_Central_LPPZ24_28092026_060012.csv
Autopista Central,No Facturado,,Tránsito Tag,LPPZ24,22-09-2026,07:08:27,PA22,Lo Ovalle Poniente,512.34,Autopase_Central_LPPZ24_28092026_060012.csv
Autopista Central,No Facturado,,Tránsito Tag,LPPZ24,22-09-2026,07:10:25,PA20,Lo Espejo Poniente,412.57,Autopase_Central_LPPZ24_28092026_060012.csv
Autopista Central,No Facturado,,Tránsito Tag,LPPZ24,22-09-2026,07:11:58,PA32,Lo Blanco - Las Acacias,176.67,Autopase_Central_LPPZ24_28092026_060012.csv
Autopista Central,No Facturado,,Tránsito Tag,LPPZ24,22-09-2026,07:27:13,PA6,Colón Poniente,157.96,Autopase_Central_LPPZ24_28092026_060012.csv
Autopista Central,No Facturado,,Tránsito Tag,LPPZ24,22-09-2026,18:18:07,PA5,Colón Oriente,334.63,Autopase_Central_LPPZ24_28092026_060012.csv
Autopista Central,No Facturado,,Tránsito Tag,LPPZ24,22-09-2026,18:20:25,PA19,Puerta Sur Oriente,412.57,Autopase_Central_LPPZ24_28092026_060012.csv
Autopista Central,No Facturado,,Tránsito Tag,LPPZ24,22-09-2026,19:24:07,PA10,La Marina San Nicolás Oriente,285.79,Autopase_Central_LPPZ24_28092026_060012.csv
Autopista Central,No Facturado,,Tránsito Tag,LPPZ24,22-09-2026,19:26:05,PA31,Avenida Matta,368.93,Autopase_Central_LPPZ24_28092026_060012.csv
Autopista Central,No Facturado,,Tránsito Tag,LPPZ24,22-09-2026,19:27:32,PA13,Alameda - Rio Mapocho,181.86,Autopase_Central_LPPZ24_28092026_060012.csv
Autopista Central,No Facturado,,Tránsito Tag,LPPZ24,22-09-2026,19:36:32,PA16,Avda Santa María Oriente,425.04,Autopase_Central_LPPZ24_28092026_060012.csv
Autopista Central,No Facturado,,Tránsito Tag,LPPZ24,22-09-2026,19:40:28,PA17,Américo Vespucio Oriente,462.46,Autopase_Central_LPPZ24_28092026_060012.csv
Autopista Central,No Facturado,,Tránsito Tag,LPPZ24,22-09-2026,20:20:41,PA18,Américo Vespucio Poniente,462.46,Autopase_Central_LPPZ24_28092026_060012.csv
Autopista Central,No Facturado,,Tránsito Tag,LPPZ24,22-09-2026,20:25:07,PA15,Bulnes Poniente,850.1,Autopase_Central_LPPZ24_28092026_060012.csv
Autopista Central,No Facturado,,Tránsito Tag,LPPZ24,22-09-2026,20:27:17,PA14,Alameda Poniente,363.73,Autopase_Central_LPPZ24_28092026_060012.csv
Autopista Central,No Facturado,,Tránsito Tag,LPPZ24,22-09-2026,20:28:50,PA12,Avda Matta Poniente,737.86,Autopase_Central_LPPZ24_28092026_060012.csv
Autopista Central,No Facturado,,Tránsito Tag,LPPZ24,22-09-2026,20:58:30,PA8,Lo Espejo Poniente,452.06,Autopase_Central_LPPZ24_28092026_060012.csv
Autopista Central,No Facturado,,Tránsito Tag,LPPZ24,22-09-2026,20:59:35,PA32,Lo Blanco - Las Acacias,176.67,Autopase_Central_LPPZ24_28092026_060012.csv
Autopista Central,No Facturado,,Tránsito Tag,LPPZ24,22-09-2026,21:01:05,PA6,Colón Poniente,157.96,Autopase_Central_LPPZ24_28092026_060012.csv
Autopista Central,No Facturado,,Tránsito Tag,LPPZ24,22-09-2026,21:01:59,PA37,"Colón, Calera de Tango",455.18,Autopase_Central_LPPZ24_28092026_060012.csv
Autopista Central,No Facturado,,Tránsito Tag,LPPZ24,22-09-2026,21:03:40,PA4,Calera de Tango Poniente,129.9,Autopase_Central_LPPZ24_28092026_060012.csv
Autopista Central,No Facturado,,Tránsito Tag,LPPZ24,22-09-2026,23:13:32,PA5,Colón Oriente,334.63,Autopase_Central_LPPZ24_28092026_060012.csv
Autopista Central,No Facturado,,Tránsito Tag,LPPZ24,22-09-2026,23:15:46,PA19,Puerta Sur Oriente,412.57,Autopase_Central_LPPZ24_28092026_060012.csv
Autopista Central,No Facturado,,Tránsito Tag,LPPZ24,23-09-2026,05:32:14,PA7,Lo Espejo Oriente,452.06,Autopase_Central_LPPZ24_28092026_060012.csv
Autopista Central,No Facturado,,Tránsito Tag,LPPZ24,23-09-2026,06:45:56,PA13,Alameda - Rio Mapocho,363.73,Autopase_Central_LPPZ24_28092026_060012.csv
Autopista Central,No Facturado,,Tránsito Tag,LPPZ24,23-09-2026,06:49:00,PA16,Avda Santa María Oriente,425.04,Autopase_Central_LPPZ24_28092026_060012.csv
Autopista Central,No Facturado,,Tránsito Tag,LPPZ24,23-09-2026,06:52:47,PA17,Américo Vespucio Oriente,462.46,Autopase_Central_LPPZ24_28092026_060012.csv
Autopista Central,No Facturado,,Tránsito Tag,LPPZ24,23-09-2026,07:04:05,PA18,Américo Vespucio Poniente,924.92,Autopase_Central_LPPZ24_28092026_060012.csv
Autopista Central,No Facturado,,Tránsito Tag,LPPZ24,23-09-2026,07:05:33,PA29,Cerro Renca Poniente,512.34,Autopase_Central_LPPZ24_28092026_060012.csv
Autopista Central,No Facturado,,Tránsito Tag,LPPZ24,23-09-2026,07:10:21,PA26,San Pablo Poniente,421.93,Autopase_Central_LPPZ24_28092026_060012.csv
Autopista Central,No Facturado,,Tránsito Tag,LPPZ24,23-09-2026,07:11:51,PA24,Carlos Valdovinos Poniente,287.86,Autopase_Central_LPPZ24_28092026_060012.csv
Autopista Central,No Facturado,,Tránsito Tag,LPPZ24,23-09-2026,07:14:23,PA22,Lo Ovalle Poniente,512.34,Autopase_Central_LPPZ24_28092026_060012.csv
Autopista Central,No Facturado,,Tránsito Tag,LPPZ24,23-09-2026,07:16:33,PA20,Lo Espejo Poniente,412.57,Autopase_Central_LPPZ24_28092026_060012.csv
Autopista Central,No Facturado,,Tránsito Tag,LPPZ24,23-09-2026,07:18:11,PA32,Lo Blanco - Las Acacias,176.67,Autopase_Central_LPPZ24_28092026_060012.csv
Autopista Central,No Facturado,,Tránsito Tag,LPPZ24,23-09-2026,07:23:14,PA6,Colón Poniente,157.96,Autopase_Central_LPPZ24_28092026_060012.csv
Autopista Central,No Facturado,,Tránsito Tag,LPPZ24,23-09-2026,17:30:43,PA5,Colón Oriente,334.63,Autopase_Central_LPPZ24_28092026_060012.csv
Autopista Central,No Facturado,,Tránsito Tag,LPPZ24,23-09-2026,17:33:19,PA19,Puerta Sur Oriente,412.57,Autopase_Central_LPPZ24_28092026_060012.csv
Autopista Central,No Facturado,,Tránsito Tag,LPPZ24,23-09-2026,18:54:17,PA10,La Marina San Nicolás Oriente,285.79,Autopase_Central_LPPZ24_28092026_060012.csv
Autopista Central,No Facturado,,Tránsito Tag,LPPZ24,23-09-2026,18:56:14,PA31,Avenida Matta,737.86,Autopase_Central_LPPZ24_28092026_060012.csv
Autopista Central,No Facturado,,Tránsito Tag,LPPZ24,23-09-2026,18:57:41,PA13,Alameda - Rio Mapocho,363.73,Autopase_Central_LPPZ24_28092026_060012.csv
Autopista Central,No Facturado,,Tránsito Tag,LPPZ24,23-09-2026,19:00:46,PA16,Avda Santa María Oriente,425.04,Autopase_Central_LPPZ24_28092026_060012.csv
Autopista Central,No Facturado,,Tránsito Tag,LPPZ24,23-09-2026,19:04:35,PA17,Américo Vespucio Oriente,924.92,Autopase_Central_LPPZ24_28092026_060012.csv
Autopista Central,No Facturado,,Tránsito Tag,LPPZ24,23-09-2026,20:17:52,PA18,Américo Vespucio Poniente,462.46,Autopase_Central_LPPZ24_28092026_060012.csv
Autopista Central,No Facturado,,Tránsito Tag,LPPZ24,23-09-2026,20:19:10,PA29,Cerro Renca Poniente,1024.69,Autopase_Central_LPPZ24_28092026_060012.csv
Autopista Central,No Facturado,,Tránsito Tag,LPPZ24,23-09-2026,20:23:50,PA26,San Pablo Poniente,843.86,Autopase_Central_LPPZ24_28092026_060012.csv
Autopista Central,No Facturado,,Tránsito Tag,LPPZ24,23-09-2026,20:25:21,PA24,Carlos Valdovinos Poniente,575.74,Autopase_Central_LPPZ24_28092026_060012.csv
Autopista Central,No Facturado,,Tránsito Tag,LPPZ24,23-09-2026,21:00:54,PA8,Lo Espejo Poniente,452.06,Autopase_Central_LPPZ24_28092026_060012.csv
Autopista Central,No Facturado,,Tránsito Tag,LPPZ24,23-09-2026,21:01:59,PA32,Lo Blanco - Las Acacias,176.67,Autopase_Central_LPPZ24_28092026_060012.csv
Autopista Central,No Facturado,,Tránsito Tag,LPPZ24,23-09-2026,21:03:31,PA6,Colón Poniente,157.96,Autopase_Central_LPPZ24_28092026_060012.csv
Autopista Central,No Facturado,,Tránsito Tag,LPPZ24,23-09-2026,21:04:27,PA37,"Colón, Calera de Tango",455.18,Autopase_Central_LPPZ24_28092026_060012.csv
Autopista Central,No Facturado,,Tránsito Tag,LPPZ24,23-09-2026,21:06:15,PA4,Calera de Tango Poniente,129.9,Autopase_Central_LPPZ24_28092026_060012.csv
Autopista Central,No Facturado,,Tránsito Tag,LPPZ24,23-09-2026,21:11:59,PA3,Calera de Tango Oriente,585.09,Autopase_Central_LPPZ24_28092026_060012.csv
Autopista Central,No Facturado,,Tránsito Tag,LPPZ24,24-09-2026,05:36:29,PA7,Lo Espejo Oriente,452.06,Autopase_Central_LPPZ24_28092026_060012.csv
Autopista Central,No Facturado,,Tránsito Tag,LPPZ24,24-09-2026,06:41:04,PA13,Alameda - Rio Mapocho,363.73,Autopase_Central_LPPZ24_28092026_060012.csv
Autopista Central,No Facturado,,Tránsito Tag,LPPZ24,24-09-2026,06:43:54,PA16,Avda Santa María Oriente,425.04,Autopase_Central_LPPZ24_28092026_060012.csv
Autopista Central,No Facturado,,Tránsito Tag,LPPZ24,24-09-2026,06:47:48,PA17,Américo Vespucio Oriente,462.46,Autopase_Central_LPPZ24_28092026_060012.csv
Autopista Central,No Facturado,,Tránsito Tag,LPPZ24,24-09-2026,06:58:46,PA18,Américo Vespucio Poniente,462.46,Autopase_Central_LPPZ24_28092026_060012.csv
Autopista Central,No Facturado,,Tránsito Tag,LPPZ24,24-09-2026,06:59:56,PA29,Cerro Renca Poniente,512.34,Autopase_Central_LPPZ24_28092026_060012.csv
Autopista Central,No Facturado,,Tránsito Tag,LPPZ24,24-09-2026,07:04:43,PA26,San Pablo Poniente,421.93,Autopase_Central_LPPZ24_28092026_060012.csv
Autopista Central,No Facturado,,Tránsito Tag,LPPZ24,24-09-2026,07:06:13,PA24,Carlos Valdovinos Poniente,287.86,Autopase_Central_LPPZ24_28092026_060012.csv
Autopista Central,No Facturado,,Tránsito Tag,LPPZ24,24-09-2026,07:08:45,PA22,Lo Ovalle Poniente,512.34,Autopase_Central_LPPZ24_28092026_060012.csv
Autopista Central,No Facturado,,Tránsito Tag,LPPZ24,24-09-2026,07:10:52,PA20,Lo Espejo Poniente,412.57,Autopase_Central_LPPZ24_28092026_060012.csv
Autopista Central,No Facturado,,Tránsito Tag,LPPZ24,24-09-2026,07:12:25,PA32,Lo Blanco - Las Acacias,176.67,Autopase_Central_LPPZ24_28092026_060012.csv
Autopista Central,No Facturado,,Tránsito Tag,LPPZ24,24-09-2026,18:28:52,PA5,Colón Oriente,334.63,Autopase_Central_LPPZ24_28092026_060012.csv
Autopista Central,No Facturado,,Tránsito Tag,LPPZ24,24-09-2026,18:31:11,PA19,Puerta Sur Oriente,412.57,Autopase_Central_LPPZ24_28092026_060012.csv
Autopista Central,No Facturado,,Tránsito Tag,LPPZ24,24-09-2026,19:14:15,PA10,La Marina San Nicolás Oriente,285.79,Autopase_Central_LPPZ24_28092026_060012.csv
Autopista Central,No Facturado,,Tránsito Tag,LPPZ24,24-09-2026,19:16:18,PA31,Avenida Matta,368.93,Autopase_Central_LPPZ24_28092026_060012.csv
Autopista Central,No Facturado,,Tránsito Tag,LPPZ24,24-09-2026,19:17:45,PA13,Alameda - Rio Mapocho,181.86,Autopase_Central_LPPZ24_28092026_060012.csv
Autopista Central,No Facturado,,Tránsito Tag,LPPZ24,24-09-2026,19:20:33,PA16,Avda Santa María Oriente,425.04,Autopase_Central_LPPZ24_28092026_060012.csv
Autopista Central,No Facturado,,Tránsito Tag,LPPZ24,24-09-2026,19:24:09,PA17,Américo Vespucio Oriente,924.92,Autopase_Central_LPPZ24_28092026_060012.csv
Autopista Central,No Facturado,,Tránsito Tag,LPPZ24,24-09-2026,20:20:35,PA18,Américo Vespucio Poniente,462.46,Autopase_Central_LPPZ24_28092026_060012.csv
Autopista Central,No Facturado,,Tránsito Tag,LPPZ24,24-09-2026,20:21:46,PA29,Cerro Renca Poniente,1024.69,Autopase_Central_LPPZ24_28092026_060012.csv
Autopista Central,No Facturado,,Tránsito Tag,LPPZ24,24-09-2026,20:26:39,PA26,San Pablo Poniente,843.86,Autopase_Central_LPPZ24_28092026_060012.csv
Autopista Central,No Facturado,,Tránsito Tag,LPPZ24,24-09-2026,20:28:12,PA24,Carlos Valdovinos Poniente,575.74,Autopase_Central_LPPZ24_28092026_060012.csv
Autopista Central,No Facturado,,Tránsito Tag,LPPZ24,24-09-2026,20:40:29,PA9,Lo Ovalle Poniente,392.83,Autopase_Central_LPPZ24_28092026_060012.csv
Autopista Central,No Facturado,,Tránsito Tag,LPPZ24,24-09-2026,20:48:12,PA8,Lo Espejo Poniente,452.06,Autopase_Central_LPPZ24_28092026_060012.csv
Autopista Central,No Facturado,,Tránsito Tag,LPPZ24,24-09-2026,20:49:15,PA32,Lo Blanco - Las Acacias,176.67,Autopase_Central_LPPZ24_28092026_060012.csv
Autopista Central,No Facturado,,Tránsito Tag,LPPZ24,24-09-2026,20:50:47,PA6,Colón Poniente,157.96,Autopase_Central_LPPZ24_28092026_060012.csv
Autopista Central,No Facturado,,Tránsito Tag,LPPZ24,24-09-2026,20:51:41,PA37,"Colón, Calera de Tango",455.18,Autopase_Central_LPPZ24_28092026_060012.csv
Autopista Central,No Facturado,,Tránsito Tag,LPPZ24,25-09-2026,05:40:05,PA7,Lo Espejo Oriente,452.06,Autopase_Central_LPPZ24_28092026_060012.csv
Autopista Central,No Facturado,,Tránsito Tag,LPPZ24,25-09-2026,06:40:08,PA13,Alameda - Rio Mapocho,363.73,Autopase_Central_LPPZ24_28092026_060012.csv
Autopista Central,No Facturado,,Tránsito Tag,LPPZ24,25-09-2026,07:20:36,PA18,Américo Vespucio Poniente,924.92,Autopase_Central_LPPZ24_28092026_060012.csv
Autopista Central,No Facturado,,Tránsito Tag,LPPZ24,25-09-2026,07:22:21,PA29,Cerro Renca Poniente,512.34,Autopase_Central_LPPZ24_28092026_060012.csv
Autopista Central,No Facturado,,Tránsito Tag,LPPZ24,25-09-2026,07:26:51,PA26,San Pablo Poniente,421.93,Autopase_Central_LPPZ24_28092026_060012.csv
Autopista Central,No Facturado,,Tránsito Tag,LPPZ24,25-09-2026,07:28:17,PA24,Carlos Valdovinos Poniente,287.86,Autopase_Central_LPPZ24_28092026_060012.csv
Autopista Central,No Facturado,,Tránsito Tag,LPPZ24,25-09-2026,07:30:41,PA22,Lo Ovalle Poniente,512.34,Autopase_Central_LPPZ24_28092026_060012.csv
Autopista Central,No Facturado,,Tránsito Tag,LPPZ24,25-09-2026,07:32:39,PA20,Lo Espejo Poniente,412.57,Autopase_Central_LPPZ24_28092026_060012.csv
Autopista Central,No Facturado,,Tránsito Tag,LPPZ24,25-09-2026,07:34:19,PA32,Lo Blanco - Las Acacias,176.67,Autopase_Central_LPPZ24_28092026_060012.csv
Autopista Central,No Facturado,,Tránsito Tag,LPPZ24,25-09-2026,07:35:55,PA6,Colón Poniente,157.96,Autopase_Central_LPPZ24_28092026_060012.csv
Autopista Central,No Facturado,,Tránsito Tag,LPPZ24,25-09-2026,16:58:15,PA5,Colón Oriente,334.63,Autopase_Central_LPPZ24_28092026_060012.csv
Autopista Central,No Facturado,,Tránsito Tag,LPPZ24,25-09-2026,17:01:04,PA19,Puerta Sur Oriente,412.57,Autopase_Central_LPPZ24_28092026_060012.csv
Autopista Central,No Facturado,,Tránsito Tag,LPPZ24,25-09-2026,18:39:39,PA10,La Marina San Nicolás Oriente,285.79,Autopase_Central_LPPZ24_28092026_060012.csv
Autopista Central,No Facturado,,Tránsito Tag,LPPZ24,25-09-2026,18:41:42,PA31,Avenida Matta,737.86,Autopase_Central_LPPZ24_28092026_060012.csv
Autopista Central,No Facturado,,Tránsito Tag,LPPZ24,25-09-2026,18:43:25,PA13,Alameda - Rio Mapocho,363.73,Autopase_Central_LPPZ24_28092026_060012.csv
Autopista Central,No Facturado,,Tránsito Tag,LPPZ24,25-09-2026,18:46:17,PA16,Avda Santa María Oriente,425.04,Autopase_Central_LPPZ24_28092026_060012.csv
Autopista Central,No Facturado,,Tránsito Tag,LPPZ24,25-09-2026,18:50:05,PA17,Américo Vespucio Oriente,924.92,Autopase_Central_LPPZ24_28092026_060012.csv
Autopista Central,No Facturado,,Tránsito Tag,LPPZ24,25-09-2026,20:25:41,PA18,Américo Vespucio Poniente,462.46,Autopase_Central_LPPZ24_28092026_060012.csv
Autopista Central,No Facturado,,Tránsito Tag,LPPZ24,25-09-2026,20:26:55,PA29,Cerro Renca Poniente,1024.69,Autopase_Central_LPPZ24_28092026_060012.csv
Autopista Central,No Facturado,,Tránsito Tag,LPPZ24,25-09-2026,20:31:44,PA26,San Pablo Poniente,421.93,Autopase_Central_LPPZ24_28092026_060012.csv
Autopista Central,No Facturado,,Tránsito Tag,LPPZ24,25-09-2026,20:33:17,PA24,Carlos Valdovinos Poniente,287.86,Autopase_Central_LPPZ24_28092026_060012.csv
Autopista Central,No Facturado,,Tránsito Tag,LPPZ24,25-09-2026,21:19:28,PA8,Lo Espejo Poniente,452.06,Autopase_Central_LPPZ24_28092026_060012.csv
Autopista Central,No Facturado,,Tránsito Tag,LPPZ24,25-09-2026,21:20:33,PA32,Lo Blanco - Las Acacias,176.67,Autopase_Central_LPPZ24_28092026_060012.csv
Autopista Central,No Facturado,,Tránsito Tag,LPPZ24,25-09-2026,21:22:15,PA6,Colón Poniente,157.96,Autopase_Central_LPPZ24_28092026_060012.csv
Autopista Central,No Facturado,,Tránsito Tag,LPPZ24,25-09-2026,21:23:12,PA37,"Colón, Calera de Tango",455.18,Autopase_Central_LPPZ24_28092026_060012.csv
Autopista Central,No Facturado,,Tránsito Tag,LPPZ24,26-09-2026,04:51:40,PA5,Colón Oriente,334.63,Autopase_Central_LPPZ24_28092026_060012.csv
Autopista Central,No Facturado,,Tránsito Tag,LPPZ24,26-09-2026,05:53:29,PA7,Lo Espejo Oriente,452.06,Autopase_Central_LPPZ24_28092026_060012.csv
Autopista Central,No Facturado,,Tránsito Tag,LPPZ24,26-09-2026,07:22:54,PA18,Américo Vespucio Poniente,462.46,Autopase_Central_LPPZ24_28092026_060012.csv
Autopista Central,No Facturado,,Tránsito Tag,LPPZ24,26-09-2026,08:24:30,PA15,Bulnes Poniente,425.04,Autopase_Central_LPPZ24_28092026_060012.csv
Autopista Central,No Facturado,,Tránsito Tag,LPPZ24,26-09-2026,08:26:20,PA14,Alameda Poniente,181.86,Autopase_Central_LPPZ24_28092026_060012.csv
Autopista Central,No Facturado,,Tránsito Tag,LPPZ24,26-09-2026,08:27:41,PA12,Avda Matta Poniente,368.93,Autopase_Central_LPPZ24_28092026_060012.csv
Autopista Central,No Facturado,,Tránsito Tag,LPPZ24,26-09-2026,08:29:31,PA11,La Marina San Nicolás Poniente,285.79,Autopase_Central_LPPZ24_28092026_060012.csv
Autopista Central,No Facturado,,Tránsito Tag,LPPZ24,26-09-2026,08:30:15,PA9,Lo Ovalle Poniente,392.83,Autopase_Central_LPPZ24_28092026_060012.csv
Autopista Central,No Facturado,,Tránsito Tag,LPPZ24,26-09-2026,08:52:32,PA8,Lo Espejo Poniente,452.06,Autopase_Central_LPPZ24_28092026_060012.csv
Autopista Central,No Facturado,,Tránsito Tag,LPPZ24,26-09-2026,08:53:48,PA32,Lo Blanco - Las Acacias,176.67,Autopase_Central_LPPZ24_28092026_060012.csv
Autopista Central,No Facturado,,Tránsito Tag,LPPZ24,26-09-2026,17:30:09,PA5,Colón Oriente,334.63,Autopase_Central_LPPZ24_28092026_060012.csv
Autopista Central,No Facturado,,Tránsito Tag,LPPZ24,26-09-2026,17:32:34,PA19,Puerta Sur Oriente,412.57,Autopase_Central_LPPZ24_28092026_060012.csv
Autopista Central,No Facturado,,Tránsito Tag,LPPZ24,26-09-2026,18:30:20,PA10,La Marina San Nicolás Oriente,285.79,Autopase_Central_LPPZ24_28092026_060012.csv
Autopista Central,No Facturado,,Tránsito Tag,LPPZ24,26-09-2026,18:32:24,PA31,Avenida Matta,368.93,Autopase_Central_LPPZ24_28092026_060012.csv
Autopista Central,No Facturado,,Tránsito Tag,LPPZ24,26-09-2026,18:33:55,PA13,Alameda - Rio Mapocho,181.86,Autopase_Central_LPPZ24_28092026_060012.csv
Autopista Central,No Facturado,,Tránsito Tag,LPPZ24,26-09-2026,18:36:49,PA16,Avda Santa María Oriente,425.04,Autopase_Central_LPPZ24_28092026_060012.csv
Autopista Central,No Facturado,,Tránsito Tag,LPPZ24,26-09-2026,18:40:19,PA17,Américo Vespucio Oriente,462.46,Autopase_Central_LPPZ24_28092026_060012.csv
Autopista Central,No Facturado,,Tránsito Tag,LPPZ24,26-09-2026,20:24:51,PA18,Américo Vespucio Poniente,462.46,Autopase_Central_LPPZ24_28092026_060012.csv
Autopista Central,No Facturado,,Tránsito Tag,LPPZ24,26-09-2026,20:26:23,PA29,Cerro Renca Poniente,512.34,Autopase_Central_LPPZ24_28092026_060012.csv
Autopista Central,No Facturado,,Tránsito Tag,LPPZ24,26-09-2026,20:31:09,PA26,San Pablo Poniente,421.93,Autopase_Central_LPPZ24_28092026_060012.csv
Autopista Central,No Facturado,,Tránsito Tag,LPPZ24,26-09-2026,20:32:44,PA24,Carlos Valdovinos Poniente,287.86,Autopase_Central_LPPZ24_28092026_060012.csv
Autopista Central,No Facturado,,Tránsito Tag,LPPZ24,26-09-2026,21:05:37,PA8,Lo Espejo Poniente,452.06,Autopase_Central_LPPZ24_28092026_060012.csv
Autopista Central,No Facturado,,Tránsito Tag,LPPZ24,26-09-2026,21:06:42,PA32,Lo Blanco - Las Acacias,176.67,Autopase_Central_LPPZ24_28092026_060012.csv
Autopista Central,No Facturado,,Tránsito Tag,LPPZ24,26-09-2026,21:08:27,PA6,Colón Poniente,157.96,Autopase_Central_LPPZ24_28092026_060012.csv
Autopista Central,No Facturado,,Tránsito Tag,LPPZ24,26-09-2026,23:53:26,PA8,Lo Espejo Poniente,452.06,Autopase_Central_LPPZ24_28092026_060012.csv
Autopista Central,No Facturado,,Tránsito Tag,LPPZ24,27-09-2026,06:15:36,PA13,Alameda - Rio Mapocho,181.86,Autopase_Central_LPPZ24_28092026_060012.csv
Autopista Central,No Facturado,,Tránsito Tag,LPPZ24,27-09-2026,06:49:37,PA17,Américo Vespucio Oriente,462.46,Autopase_Central_LPPZ24_28092026_060012.csv
Autopista Central,No Facturado,,Tránsito Tag,LPPZ24,27-09-2026,07:03:33,PA18,Américo Vespucio Poniente,462.46,Autopase_Central_LPPZ24_28092026_060012.csv
Autopista Central,No Facturado,,Tránsito Tag,LPPZ24,27-09-2026,07:08:51,PA15,Bulnes Poniente,425.04,Autopase_Central_LPPZ24_28092026_060012.csv
Autopista Central,No Facturado,,Tránsito Tag,LPPZ24,27-09-2026,07:11:04,PA14,Alameda Poniente,181.86,Autopase_Central_LPPZ24_28092026_060012.csv
Autopista Central,No Facturado,,Tránsito Tag,LPPZ24,27-09-2026,07:27:05,PA8,Lo Espejo Poniente,452.06,Autopase_Central_LPPZ24_28092026_060012.csv
Autopista Central,No Facturado,,Tránsito Tag,LPPZ24,27-09-2026,17:43:05,PA5,Colón Oriente,334.63,Autopase_Central_LPPZ24_28092026_060012.csv
Autopista Central,No Facturado,,Tránsito Tag,LPPZ24,27-09-2026,17:45:07,PA19,Puerta Sur Oriente,412.57,Autopase_Central_LPPZ24_28092026_060012.csv
Autopista Central,No Facturado,,Tránsito Tag,LPPZ24,27-09-2026,18:55:58,PA10,La Marina San Nicolás Oriente,571.58,Autopase_Central_LPPZ24_28092026_060012.csv
Autopista Central,No Facturado,,Tránsito Tag,LPPZ24,27-09-2026,18:58:03,PA31,Avenida Matta,737.86,Autopase_Central_LPPZ24_28092026_060012.csv
Autopista Central,No Facturado,,Tránsito Tag,LPPZ24,27-09-2026,18:59:35,PA13,Alameda - Rio Mapocho,363.73,Autopase_Central_LPPZ24_28092026_060012.csv
Autopista Central,No Facturado,,Tránsito Tag,LPPZ24,27-09-2026,19:02:31,PA16,Avda Santa María Oriente,425.04,Autopase_Central_LPPZ24_28092026_060012.csv
Autopista Central,No Facturado,,Tránsito Tag,LPPZ24,27-09-2026,19:06:09,PA17,Américo Vespucio Oriente,462.46,Autopase_Central_LPPZ24_28092026_060012.csv
Autopista Central,No Facturado,,Tránsito Tag,LPPZ24,27-09-2026,20:20:06,PA18,Américo Vespucio Poniente,462.46,Autopase_Central_LPPZ24_28092026_060012.csv
Autopista Central,No Facturado,,Tránsito Tag,LPPZ24,27-09-2026,20:24:39,PA15,Bulnes Poniente,425.04,Autopase_Central_LPPZ24_28092026_060012.csv
Autopista Central,No Facturado,,Tránsito Tag,LPPZ24,27-09-2026,20:26:43,PA14,Alameda Poniente,181.86,Autopase_Central_LPPZ24_28092026_060012.csv
Autopista Central,No Facturado,,Tránsito Tag,LPPZ24,27-09-2026,20:28:21,PA12,Avda Matta Poniente,368.93,Autopase_Central_LPPZ24_28092026_060012.csv
Autopista Central,No Facturado,,Tránsito Tag,LPPZ24,27-09-2026,21:07:31,PA8,Lo Espejo Poniente,452.06,Autopase_Central_LPPZ24_28092026_060012.csv
Autopista Central,No Facturado,,Tránsito Tag,LPPZ24,27-09-2026,21:08:34,PA32,Lo Blanco - Las Acacias,176.67,Autopase_Central_LPPZ24_28092026_060012.csv
Autopista Central,No Facturado,,Tránsito Tag,LPPZ24,27-09-2026,21:10:13,PA6,Colón Poniente,157.96,Autopase_Central_LPPZ24_28092026_060012.csv
Autopista Central,No Facturado,,Tránsito Tag,LPPZ24,27-09-2026,21:11:18,PA37,"Colón, Calera de Tango",455.18,Autopase_Central_LPPZ24_28092026_060012.csv
Autopista Central,No Facturado,,Tránsito Tag,LPPZ24,28-09-2026,00:05:18,PA30,Americo Vespucio - Departamental,392.83,Autopase_Central_LPPZ24_28092026_060012.csv
Autopista Central,No Facturado,,Tránsito Tag,LPPZ24,28-09-2026,00:06:21,PA10,La Marina San Nicolás Oriente,285.79,Autopase_Central_LPPZ24_28092026_060012.csv
Autopista Central,No Facturado,,Tránsito Tag,LPPZ24,28-09-2026,06:01:41,PA7,Lo Espejo Oriente,452.06,Autopase_Central_LPPZ24_28092026_080250.csv
Autopista Central,No Facturado,,Tránsito Tag,LPPZ24,28-09-2026,06:05:22,PA30,Americo Vespucio - Departamental,392.83,Autopase_Central_LPPZ24_28092026_080250.csv
Autopista Central,No Facturado,,Tránsito Tag,LPPZ24,28-09-2026,06:06:19,PA10,La Marina San Nicolás Oriente,285.79,Autopase_Central_LPPZ24_28092026_080250.csv
Autopista Central,No Facturado,,Tránsito Tag,LPPZ24,28-09-2026,06:08:33,PA31,Avenida Matta,368.93,Autopase_Central_LPPZ24_28092026_080250.csv
Autopista Central,No Facturado,,Tránsito Tag,LPPZ24,28-09-2026,06:10:15,PA13,Alameda - Rio Mapocho,181.86,Autopase_Central_LPPZ24_28092026_080250.csv
Autopista Central,No Facturado,,Tránsito Tag,LPPZ24,28-09-2026,06:13:29,PA16,Avda Santa María Oriente,425.04,Autopase_Central_LPPZ24_28092026_080250.csv
Autopista Central,No Facturado,,Tránsito Tag,LPPZ24,28-09-2026,06:17:24,PA17,Américo Vespucio Oriente,462.46,Autopase_Central_LPPZ24_28092026_080250.csv
Autopista Central,No Facturado,,Tránsito Tag,LPPZ31,17-09-2026,03:14:44,PA21,Lo Ovalle Oriente,512.34,Autopase_Central_LPPZ31_28092026_060022.csv
Autopista Central,No Facturado,,Tránsito Tag,LPPZ31,17-09-2026,03:44:38,PA22,Lo Ovalle Poniente,512.34,Autopase_Central_LPPZ31_28092026_060022.csv
Autopista Central,No Facturado,,Tránsito Tag,LPPZ31,17-09-2026,19:50:32,PA18,Américo Vespucio Poniente,462.46,Autopase_Central_LPPZ31_28092026_060022.csv
Autopista Central,No Facturado,,Tránsito Tag,LPPZ31,17-09-2026,19:51:51,PA29,Cerro Renca Poniente,1024.69,Autopase_Central_LPPZ31_28092026_060022.csv
Autopista Central,No Facturado,,Tránsito Tag,LPPZ31,17-09-2026,20:17:26,PA28,Cerro Renca Oriente,512.34,Autopase_Central_LPPZ31_28092026_060022.csv
Autopista Central,No Facturado,,Tránsito Tag,LPPZ31,17-09-2026,20:18:59,PA17,Américo Vespucio Oriente,462.46,Autopase_Central_LPPZ31_28092026_060022.csv
Autopista Central,No Facturado,,Tránsito Tag,LPPZ31,18-09-2026,05:48:12,PA30,Americo Vespucio - Departamental,392.83,Autopase_Central_LPPZ31_28092026_060022.csv
Autopista Central,No Facturado,,Tránsito Tag,LPPZ31,18-09-2026,05:49:01,PA10,La Marina San Nicolás Oriente,285.79,Autopase_Central_LPPZ31_28092026_060022.csv
Autopista Central,No Facturado,,Tránsito Tag,LPPZ31,18-09-2026,07:01:38,PA13,Alameda - Rio Mapocho,181.86,Autopase_Central_LPPZ31_28092026_060022.csv
Autopista Central,No Facturado,,Tránsito Tag,LPPZ31,18-09-2026,07:57:19,PA18,Américo Vespucio Poniente,462.46,Autopase_Central_LPPZ31_28092026_060022.csv
Autopista Central,No Facturado,,Tránsito Tag,LPPZ31,18-09-2026,08:01:10,PA15,Bulnes Poniente,425.04,Autopase_Central_LPPZ31_28092026_060022.csv
Autopista Central,No Facturado,,Tránsito Tag,LPPZ31,18-09-2026,08:02:52,PA14,Alameda Poniente,181.86,Autopase_Central_LPPZ31_28092026_060022.csv
Autopista Central,No Facturado,,Tránsito Tag,LPPZ31,18-09-2026,08:04:10,PA12,Avda Matta Poniente,368.93,Autopase_Central_LPPZ31_28092026_060022.csv
Autopista Central,No Facturado,,Tránsito Tag,LPPZ31,18-09-2026,08:05:53,PA11,La Marina San Nicolás Poniente,285.79,Autopase_Central_LPPZ31_28092026_060022.csv
Autopista Central,No Facturado,,Tránsito Tag,LPPZ31,18-09-2026,08:06:46,PA9,Lo Ovalle Poniente,392.83,Autopase_Central_LPPZ31_28092026_060022.csv
Autopista Central,No Facturado,,Tránsito Tag,LPPZ31,18-09-2026,14:31:32,PA7,Lo Espejo Oriente,452.06,Autopase_Central_LPPZ31_28092026_060022.csv
Autopista Central,No Facturado,,Tránsito Tag,LPPZ31,18-09-2026,16:33:22,PA8,Lo Espejo Poniente,452.06,Autopase_Central_LPPZ31_28092026_060022.csv
Autopista Central,No Facturado,,Tránsito Tag,LPPZ31,18-09-2026,16:34:17,PA32,Lo Blanco - Las Acacias,176.67,Autopase_Central_LPPZ31_28092026_060022.csv
Autopista Central,No Facturado,,Tránsito Tag,LPPZ31,18-09-2026,19:01:39,PA10,La Marina San Nicolás Oriente,285.79,Autopase_Central_LPPZ31_28092026_060022.csv
Autopista Central,No Facturado,,Tránsito Tag,LPPZ31,18-09-2026,19:03:33,PA31,Avenida Matta,368.93,Autopase_Central_LPPZ31_28092026_060022.csv
Autopista Central,No Facturado,,Tránsito Tag,LPPZ31,18-09-2026,19:04:56,PA13,Alameda - Rio Mapocho,181.86,Autopase_Central_LPPZ31_28092026_060022.csv
Autopista Central,No Facturado,,Tránsito Tag,LPPZ31,18-09-2026,19:55:00,PA17,Américo Vespucio Oriente,462.46,Autopase_Central_LPPZ31_28092026_060022.csv
Autopista Central,No Facturado,,Tránsito Tag,LPPZ31,18-09-2026,20:23:39,PA18,Américo Vespucio Poniente,462.46,Autopase_Central_LPPZ31_28092026_060022.csv
Autopista Central,No Facturado,,Tránsito Tag,LPPZ31,18-09-2026,20:24:57,PA29,Cerro Renca Poniente,512.34,Autopase_Central_LPPZ31_28092026_060022.csv
Autopista Central,No Facturado,,Tránsito Tag,LPPZ31,18-09-2026,20:30:05,PA26,San Pablo Poniente,421.93,Autopase_Central_LPPZ31_28092026_060022.csv
Autopista Central,No Facturado,,Tránsito Tag,LPPZ31,18-09-2026,20:31:42,PA24,Carlos Valdovinos Poniente,287.86,Autopase_Central_LPPZ31_28092026_060022.csv
Autopista Central,No Facturado,,Tránsito Tag,LPPZ31,18-09-2026,20:59:29,PA8,Lo Espejo Poniente,452.06,Autopase_Central_LPPZ31_28092026_060022.csv
Autopista Central,No Facturado,,Tránsito Tag,LPPZ31,18-09-2026,21:00:41,PA32,Lo Blanco - Las Acacias,176.67,Autopase_Central_LPPZ31_28092026_060022.csv
Autopista Central,No Facturado,,Tránsito Tag,LPPZ31,18-09-2026,21:02:22,PA6,Colón Poniente,157.96,Autopase_Central_LPPZ31_28092026_060022.csv
Autopista Central,No Facturado,,Tránsito Tag,LPPZ31,18-09-2026,21:03:31,PA37,"Colón, Calera de Tango",455.18,Autopase_Central_LPPZ31_28092026_060022.csv
Autopista Central,No Facturado,,Tránsito Tag,LPPZ31,18-09-2026,21:19:42,PA5,Colón Oriente,334.63,Autopase_Central_LPPZ31_28092026_060022.csv
Autopista Central,No Facturado,,Tránsito Tag,LPPZ31,18-09-2026,22:09:24,PA7,Lo Espejo Oriente,452.06,Autopase_Central_LPPZ31_28092026_060022.csv
Autopista Central,No Facturado,,Tránsito Tag,LPPZ31,18-09-2026,23:10:40,PA8,Lo Espejo Poniente,452.06,Autopase_Central_LPPZ31_28092026_060022.csv
Autopista Central,No Facturado,,Tránsito Tag,LPPZ31,18-09-2026,23:11:37,PA32,Lo Blanco - Las Acacias,176.67,Autopase_Central_LPPZ31_28092026_060022.csv
Autopista Central,No Facturado,,Tránsito Tag,LPPZ31,18-09-2026,23:20:23,PA7,Lo Espejo Oriente,452.06,Autopase_Central_LPPZ31_28092026_060022.csv
Autopista Central,No Facturado,,Tránsito Tag,LPPZ31,19-09-2026,04:21:59,PA32,Lo Blanco - Las Acacias,176.67,Autopase_Central_LPPZ31_28092026_060022.csv
Autopista Central,No Facturado,,Tránsito Tag,LPPZ31,19-09-2026,04:23:59,PA6,Colón Poniente,157.96,Autopase_Central_LPPZ31_28092026_060022.csv
Autopista Central,No Facturado,,Tránsito Tag,LPPZ31,19-09-2026,05:17:43,PA5,Colón Oriente,334.63,Autopase_Central_LPPZ31_28092026_060022.csv
Autopista Central,No Facturado,,Tránsito Tag,LPPZ31,19-09-2026,05:20:13,PA19,Puerta Sur Oriente,412.57,Autopase_Central_LPPZ31_28092026_060022.csv
Autopista Central,No Facturado,,Tránsito Tag,LPPZ31,19-09-2026,05:56:49,PA7,Lo Espejo Oriente,452.06,Autopase_Central_LPPZ31_28092026_060022.csv
Autopista Central,No Facturado,,Tránsito Tag,LPPZ31,19-09-2026,17:46:44,PA30,Americo Vespucio - Departamental,392.83,Autopase_Central_LPPZ31_28092026_060022.csv
Autopista Central,No Facturado,,Tránsito Tag,LPPZ31,19-09-2026,17:47:48,PA10,La Marina San Nicolás Oriente,285.79,Autopase_Central_LPPZ31_28092026_060022.csv
Autopista Central,No Facturado,,Tránsito Tag,LPPZ31,19-09-2026,17:52:50,PA31,Avenida Matta,368.93,Autopase_Central_LPPZ31_28092026_060022.csv
Autopista Central,No Facturado,,Tránsito Tag,LPPZ31,19-09-2026,18:21:23,PA25,San Pablo Oriente,421.93,Autopase_Central_LPPZ31_28092026_060022.csv
Autopista Central,No Facturado,,Tránsito Tag,LPPZ31,19-09-2026,20:18:38,PA18,Américo Vespucio Poniente,462.46,Autopase_Central_LPPZ31_28092026_060022.csv
Autopista Central,No Facturado,,Tránsito Tag,LPPZ31,19-09-2026,20:22:52,PA15,Bulnes Poniente,425.04,Autopase_Central_LPPZ31_28092026_060022.csv
Autopista Central,No Facturado,,Tránsito Tag,LPPZ31,19-09-2026,20:51:05,PA24,Carlos Valdovinos Poniente,287.86,Autopase_Central_LPPZ31_28092026_060022.csv
Autopista Central,No Facturado,,Tránsito Tag,LPPZ31,19-09-2026,22:02:05,PA21,Lo Ovalle Oriente,512.34,Autopase_Central_LPPZ31_28092026_060022.csv
Autopista Central,No Facturado,,Tránsito Tag,LPPZ31,19-09-2026,22:05:15,PA23,Carlos Valdovinos Oriente,287.86,Autopase_Central_LPPZ31_28092026_060022.csv
Autopista Central,No Facturado,,Tránsito Tag,LPPZ31,19-09-2026,22:07:08,PA25,San Pablo Oriente,421.93,Autopase_Central_LPPZ31_28092026_060022.csv
Autopista Central,No Facturado,,Tránsito Tag,LPPZ31,19-09-2026,23:22:16,PA22,Lo Ovalle Poniente,512.34,Autopase_Central_LPPZ31_28092026_060022.csv
Autopista Central,No Facturado,,Tránsito Tag,LPPZ31,20-09-2026,05:28:18,PA21,Lo Ovalle Oriente,512.34,Autopase_Central_LPPZ31_28092026_060022.csv
Autopista Central,No Facturado,,Tránsito Tag,LPPZ31,20-09-2026,05:31:56,PA23,Carlos Valdovinos Oriente,287.86,Autopase_Central_LPPZ31_28092026_060022.csv
Autopista Central,No Facturado,,Tránsito Tag,LPPZ31,20-09-2026,05:33:57,PA25,San Pablo Oriente,421.93,Autopase_Central_LPPZ31_28092026_060022.csv
Autopista Central,No Facturado,,Tránsito Tag,LPPZ31,20-09-2026,05:45:23,PA28,Cerro Renca Oriente,512.34,Autopase_Central_LPPZ31_28092026_060022.csv
Autopista Central,No Facturado,,Tránsito Tag,LPPZ31,20-09-2026,05:46:43,PA17,Américo Vespucio Oriente,462.46,Autopase_Central_LPPZ31_28092026_060022.csv
Autopista Central,No Facturado,,Tránsito Tag,LPPZ31,20-09-2026,06:32:12,PA18,Américo Vespucio Poniente,462.46,Autopase_Central_LPPZ31_28092026_060022.csv
Autopista Central,No Facturado,,Tránsito Tag,LPPZ31,20-09-2026,06:49:11,PA16,Avda Santa María Oriente,425.04,Autopase_Central_LPPZ31_28092026_060022.csv
Autopista Central,No Facturado,,Tránsito Tag,LPPZ31,20-09-2026,06:52:54,PA17,Américo Vespucio Oriente,462.46,Autopase_Central_LPPZ31_28092026_060022.csv
Autopista Central,No Facturado,,Tránsito Tag,LPPZ31,21-09-2026,00:41:25,PA8,Lo Espejo Poniente,452.06,Autopase_Central_LPPZ31_28092026_060022.csv
Autopista Central,No Facturado,,Tránsito Tag,LPPZ31,21-09-2026,00:42:48,PA19,Puerta Sur Oriente,412.57,Autopase_Central_LPPZ31_28092026_060022.csv
Autopista Central,No Facturado,,Tránsito Tag,LPPZ31,21-09-2026,01:40:35,PA10,La Marina San Nicolás Oriente,285.79,Autopase_Central_LPPZ31_28092026_060022.csv
Autopista Central,No Facturado,,Tránsito Tag,LPPZ31,21-09-2026,03:48:54,PA8,Lo Espejo Poniente,452.06,Autopase_Central_LPPZ31_28092026_060022.csv
Autopista Central,No Facturado,,Tránsito Tag,LPPZ31,21-09-2026,03:50:22,PA7,Lo Espejo Oriente,452.06,Autopase_Central_LPPZ31_28092026_060022.csv
Autopista Central,No Facturado,,Tránsito Tag,LPPZ31,21-09-2026,05:37:29,PA21,Lo Ovalle Oriente,512.34,Autopase_Central_LPPZ31_28092026_060022.csv
Autopista Central,No Facturado,,Tránsito Tag,LPPZ31,21-09-2026,05:40:21,PA23,Carlos Valdovinos Oriente,287.86,Autopase_Central_LPPZ31_28092026_060022.csv
Autopista Central,No Facturado,,Tránsito Tag,LPPZ31,21-09-2026,05:41:51,PA25,San Pablo Oriente,421.93,Autopase_Central_LPPZ31_28092026_060022.csv
Autopista Central,No Facturado,,Tránsito Tag,LPPZ31,21-09-2026,05:46:25,PA28,Cerro Renca Oriente,512.34,Autopase_Central_LPPZ31_28092026_060022.csv
Autopista Central,No Facturado,,Tránsito Tag,LPPZ31,21-09-2026,05:47:33,PA17,Américo Vespucio Oriente,462.46,Autopase_Central_LPPZ31_28092026_060022.csv
Autopista Central,No Facturado,,Tránsito Tag,LPPZ31,21-09-2026,17:38:19,PA26,San Pablo Poniente,421.93,Autopase_Central_LPPZ31_28092026_060022.csv
Autopista Central,No Facturado,,Tránsito Tag,LPPZ31,21-09-2026,17:44:11,PA24,Carlos Valdovinos Poniente,287.86,Autopase_Central_LPPZ31_28092026_060022.csv
Autopista Central,No Facturado,,Tránsito Tag,LPPZ31,21-09-2026,17:47:15,PA22,Lo Ovalle Poniente,512.34,Autopase_Central_LPPZ31_28092026_060022.csv
Autopista Central,No Facturado,,Tránsito Tag,LPPZ31,21-09-2026,17:52:12,PA20,Lo Espejo Poniente,412.57,Autopase_Central_LPPZ31_28092026_060022.csv
Autopista Central,No Facturado,,Tránsito Tag,LPPZ31,21-09-2026,18:09:10,PA7,Lo Espejo Oriente,452.06,Autopase_Central_LPPZ31_28092026_060022.csv
Autopista Central,No Facturado,,Tránsito Tag,LPPZ31,21-09-2026,22:34:29,PA24,Carlos Valdovinos Poniente,287.86,Autopase_Central_LPPZ31_28092026_060022.csv
Autopista Central,No Facturado,,Tránsito Tag,LPPZ31,21-09-2026,22:37:24,PA22,Lo Ovalle Poniente,512.34,Autopase_Central_LPPZ31_28092026_060022.csv
Autopista Central,No Facturado,,Tránsito Tag,LPPZ31,23-09-2026,13:50:57,PA30,Americo Vespucio - Departamental,392.83,Autopase_Central_LPPZ31_28092026_060022.csv
Autopista Central,No Facturado,,Tránsito Tag,LPPZ31,23-09-2026,13:51:57,PA10,La Marina San Nicolás Oriente,285.79,Autopase_Central_LPPZ31_28092026_060022.csv
Autopista Central,No Facturado,,Tránsito Tag,LPPZ31,23-09-2026,13:54:41,PA31,Avenida Matta,737.86,Autopase_Central_LPPZ31_28092026_060022.csv
Autopista Central,No Facturado,,Tránsito Tag,LPPZ31,23-09-2026,15:44:15,PA12,Avda Matta Poniente,1106.79,Autopase_Central_LPPZ31_28092026_060022.csv
Autopista Central,No Facturado,,Tránsito Tag,LPPZ31,23-09-2026,15:47:25,PA11,La Marina San Nicolás Poniente,285.79,Autopase_Central_LPPZ31_28092026_060022.csv
Autopista Central,No Facturado,,Tránsito Tag,LPPZ31,23-09-2026,15:48:22,PA9,Lo Ovalle Poniente,392.83,Autopase_Central_LPPZ31_28092026_060022.csv
Autopista Central,No Facturado,,Tránsito Tag,LPPZ31,23-09-2026,16:45:57,PA22,Lo Ovalle Poniente,512.34,Autopase_Central_LPPZ31_28092026_060022.csv
Autopista Central,No Facturado,,Tránsito Tag,LPPZ31,23-09-2026,19:49:17,PA16,Avda Santa María Oriente,425.04,Autopase_Central_LPPZ31_28092026_060022.csv
Autopista Central,No Facturado,,Tránsito Tag,LPPZ31,23-09-2026,19:52:57,PA17,Américo Vespucio Oriente,462.46,Autopase_Central_LPPZ31_28092026_060022.csv
Autopista Central,No Facturado,,Tránsito Tag,LPPZ31,23-09-2026,20:50:18,PA17,Américo Vespucio Oriente,462.46,Autopase_Central_LPPZ31_28092026_060022.csv
Autopista Central,No Facturado,,Tránsito Tag,LPPZ31,23-09-2026,21:43:50,PA18,Américo Vespucio Poniente,462.46,Autopase_Central_LPPZ31_28092026_060022.csv
Autopista Central,No Facturado,,Tránsito Tag,LPPZ31,23-09-2026,21:44:58,PA29,Cerro Renca Poniente,512.34,Autopase_Central_LPPZ31_28092026_060022.csv
Autopista Central,No Facturado,,Tránsito Tag,LPPZ31,23-09-2026,22:02:21,PA24,Carlos Valdovinos Poniente,287.86,Autopase_Central_LPPZ31_28092026_060022.csv
Autopista Central,No Facturado,,Tránsito Tag,LPPZ31,23-09-2026,22:06:18,PA22,Lo Ovalle Poniente,512.34,Autopase_Central_LPPZ31_28092026_060022.csv
Autopista Central,No Facturado,,Tránsito Tag,LPPZ31,24-09-2026,05:44:01,PA21,Lo Ovalle Oriente,512.34,Autopase_Central_LPPZ31_28092026_060022.csv
Autopista Central,No Facturado,,Tránsito Tag,LPPZ31,24-09-2026,05:51:29,PA23,Carlos Valdovinos Oriente,287.86,Autopase_Central_LPPZ31_28092026_060022.csv
Autopista Central,No Facturado,,Tránsito Tag,LPPZ31,24-09-2026,05:53:30,PA25,San Pablo Oriente,421.93,Autopase_Central_LPPZ31_28092026_060022.csv
Autopista Central,No Facturado,,Tránsito Tag,LPPZ31,24-09-2026,06:03:56,PA28,Cerro Renca Oriente,512.34,Autopase_Central_LPPZ31_28092026_060022.csv
Autopista Central,No Facturado,,Tránsito Tag,LPPZ31,24-09-2026,06:05:13,PA17,Américo Vespucio Oriente,462.46,Autopase_Central_LPPZ31_28092026_060022.csv
Autopista Central,No Facturado,,Tránsito Tag,LPPZ31,24-09-2026,08:11:51,PA28,Cerro Renca Oriente,1537.04,Autopase_Central_LPPZ31_28092026_060022.csv
Autopista Central,No Facturado,,Tránsito Tag,LPPZ31,24-09-2026,08:16:32,PA17,Américo Vespucio Oriente,924.92,Autopase_Central_LPPZ31_28092026_060022.csv
Autopista Central,No Facturado,,Tránsito Tag,LPPZ31,24-09-2026,10:13:46,PA15,Bulnes Poniente,425.04,Autopase_Central_LPPZ31_28092026_060022.csv
Autopista Central,No Facturado,,Tránsito Tag,LPPZ31,24-09-2026,10:18:49,PA14,Alameda Poniente,545.6,Autopase_Central_LPPZ31_28092026_060022.csv
Autopista Central,No Facturado,,Tránsito Tag,LPPZ31,24-09-2026,10:20:55,PA12,Avda Matta Poniente,1106.79,Autopase_Central_LPPZ31_28092026_060022.csv
Autopista Central,No Facturado,,Tránsito Tag,LPPZ31,24-09-2026,10:23:41,PA11,La Marina San Nicolás Poniente,285.79,Autopase_Central_LPPZ31_28092026_060022.csv
Autopista Central,No Facturado,,Tránsito Tag,LPPZ31,24-09-2026,10:24:50,PA9,Lo Ovalle Poniente,392.83,Autopase_Central_LPPZ31_28092026_060022.csv
Autopista Central,No Facturado,,Tránsito Tag,LPPZ31,24-09-2026,15:30:11,PA7,Lo Espejo Oriente,452.06,Autopase_Central_LPPZ31_28092026_060022.csv
Autopista Central,No Facturado,,Tránsito Tag,LPPZ31,24-09-2026,16:38:11,PA22,Lo Ovalle Poniente,512.34,Autopase_Central_LPPZ31_28092026_060022.csv
Autopista Central,No Facturado,,Tránsito Tag,LPPZ31,24-09-2026,16:43:39,PA8,Lo Espejo Poniente,452.06,Autopase_Central_LPPZ31_28092026_060022.csv
Autopista Central,No Facturado,,Tránsito Tag,LPPZ31,24-09-2026,16:44:41,PA32,Lo Blanco - Las Acacias,176.67,Autopase_Central_LPPZ31_28092026_060022.csv
Autopista Central,No Facturado,,Tránsito Tag,LPPZ31,24-09-2026,17:14:23,PA7,Lo Espejo Oriente,452.06,Autopase_Central_LPPZ31_28092026_060022.csv
Autopista Central,No Facturado,,Tránsito Tag,LPPZ31,24-09-2026,21:52:53,PA26,San Pablo Poniente,421.93,Autopase_Central_LPPZ31_28092026_060022.csv
Autopista Central,No Facturado,,Tránsito Tag,LPPZ31,24-09-2026,21:54:41,PA24,Carlos Valdovinos Poniente,287.86,Autopase_Central_LPPZ31_28092026_060022.csv
Autopista Central,No Facturado,,Tránsito Tag,LPPZ31,24-09-2026,21:58:02,PA22,Lo Ovalle Poniente,512.34,Autopase_Central_LPPZ31_28092026_060022.csv
Autopista Central,No Facturado,,Tránsito Tag,LPPZ31,25-09-2026,01:41:22,PA21,Lo Ovalle Oriente,512.34,Autopase_Central_LPPZ31_28092026_060022.csv
Autopista Central,No Facturado,,Tránsito Tag,LPPZ31,25-09-2026,01:57:50,PA11,La Marina San Nicolás Poniente,285.79,Autopase_Central_LPPZ31_28092026_060022.csv
Autopista Central,No Facturado,,Tránsito Tag,LPPZ31,25-09-2026,01:58:41,PA9,Lo Ovalle Poniente,392.83,Autopase_Central_LPPZ31_28092026_060022.csv
Autopista Central,No Facturado,,Tránsito Tag,LPPZ31,25-09-2026,03:01:02,PA8,Lo Espejo Poniente,452.06,Autopase_Central_LPPZ31_28092026_060022.csv
Autopista Central,No Facturado,,Tránsito Tag,LPPZ31,25-09-2026,06:04:23,PA30,Americo Vespucio - Departamental,392.83,Autopase_Central_LPPZ31_28092026_060022.csv
Autopista Central,No Facturado,,Tránsito Tag,LPPZ31,25-09-2026,06:05:08,PA10,La Marina San Nicolás Oriente,285.79,Autopase_Central_LPPZ31_28092026_060022.csv
Autopista Central,No Facturado,,Tránsito Tag,LPPZ31,25-09-2026,06:06:57,PA31,Avenida Matta,368.93,Autopase_Central_LPPZ31_28092026_060022.csv
Autopista Central,No Facturado,,Tránsito Tag,LPPZ31,25-09-2026,07:27:54,PA14,Alameda Poniente,363.73,Autopase_Central_LPPZ31_28092026_060022.csv
Autopista Central,No Facturado,,Tránsito Tag,LPPZ31,25-09-2026,07:29:30,PA12,Avda Matta Poniente,737.86,Autopase_Central_LPPZ31_28092026_060022.csv
Autopista Central,No Facturado,,Tránsito Tag,LPPZ31,25-09-2026,07:31:16,PA11,La Marina San Nicolás Poniente,285.79,Autopase_Central_LPPZ31_28092026_060022.csv
Autopista Central,No Facturado,,Tránsito Tag,LPPZ31,25-09-2026,07:31:59,PA9,Lo Ovalle Poniente,392.83,Autopase_Central_LPPZ31_28092026_060022.csv
Autopista Central,No Facturado,,Tránsito Tag,LPPZ31,25-09-2026,10:20:36,PA8,Lo Espejo Poniente,452.06,Autopase_Central_LPPZ31_28092026_060022.csv
Autopista Central,No Facturado,,Tránsito Tag,LPPZ31,25-09-2026,10:21:36,PA32,Lo Blanco - Las Acacias,353.34,Autopase_Central_LPPZ31_28092026_060022.csv
Autopista Central,No Facturado,,Tránsito Tag,LPPZ31,25-09-2026,10:43:33,PA5,Colón Oriente,334.63,Autopase_Central_LPPZ31_28092026_060022.csv
Autopista Central,No Facturado,,Tránsito Tag,LPPZ31,25-09-2026,10:47:30,PA7,Lo Espejo Oriente,452.06,Autopase_Central_LPPZ31_28092026_060022.csv
Autopista Central,No Facturado,,Tránsito Tag,LPPZ31,25-09-2026,19:29:04,PA16,Avda Santa María Oriente,425.04,Autopase_Central_LPPZ31_28092026_060022.csv
Autopista Central,No Facturado,,Tránsito Tag,LPPZ31,25-09-2026,19:33:07,PA17,Américo Vespucio Oriente,462.46,Autopase_Central_LPPZ31_28092026_060022.csv
Autopista Central,No Facturado,,Tránsito Tag,LPPZ31,25-09-2026,20:36:54,PA18,Américo Vespucio Poniente,462.46,Autopase_Central_LPPZ31_28092026_060022.csv
Autopista Central,No Facturado,,Tránsito Tag,LPPZ31,25-09-2026,20:38:03,PA29,Cerro Renca Poniente,512.34,Autopase_Central_LPPZ31_28092026_060022.csv
Autopista Central,No Facturado,,Tránsito Tag,LPPZ31,25-09-2026,20:43:01,PA26,San Pablo Poniente,421.93,Autopase_Central_LPPZ31_28092026_060022.csv
Autopista Central,No Facturado,,Tránsito Tag,LPPZ31,26-09-2026,00:48:04,PA9,Lo Ovalle Poniente,392.83,Autopase_Central_LPPZ31_28092026_060022.csv
Autopista Central,No Facturado,,Tránsito Tag,LPPZ31,26-09-2026,05:16:03,PA21,Lo Ovalle Oriente,512.34,Autopase_Central_LPPZ31_28092026_060022.csv
Autopista Central,No Facturado,,Tránsito Tag,LPPZ31,26-09-2026,05:19:15,PA23,Carlos Valdovinos Oriente,287.86,Autopase_Central_LPPZ31_28092026_060022.csv
Autopista Central,No Facturado,,Tránsito Tag,LPPZ31,26-09-2026,05:21:01,PA25,San Pablo Oriente,421.93,Autopase_Central_LPPZ31_28092026_060022.csv
Autopista Central,No Facturado,,Tránsito Tag,LPPZ31,26-09-2026,05:33:38,PA28,Cerro Renca Oriente,512.34,Autopase_Central_LPPZ31_28092026_060022.csv
Autopista Central,No Facturado,,Tránsito Tag,LPPZ31,26-09-2026,05:35:04,PA17,Américo Vespucio Oriente,462.46,Autopase_Central_LPPZ31_28092026_060022.csv
Autopista Central,No Facturado,,Tránsito Tag,LPPZ31,26-09-2026,07:45:45,PA28,Cerro Renca Oriente,512.34,Autopase_Central_LPPZ31_28092026_060022.csv
Autopista Central,No Facturado,,Tránsito Tag,LPPZ31,26-09-2026,07:47:18,PA17,Américo Vespucio Oriente,462.46,Autopase_Central_LPPZ31_28092026_060022.csv
Autopista Central,No Facturado,,Tránsito Tag,LPPZ31,26-09-2026,09:26:51,PA15,Bulnes Poniente,425.04,Autopase_Central_LPPZ31_28092026_060022.csv
Autopista Central,No Facturado,,Tránsito Tag,LPPZ31,26-09-2026,09:28:49,PA14,Alameda Poniente,181.86,Autopase_Central_LPPZ31_28092026_060022.csv
Autopista Central,No Facturado,,Tránsito Tag,LPPZ31,26-09-2026,09:30:25,PA12,Avda Matta Poniente,368.93,Autopase_Central_LPPZ31_28092026_060022.csv
Autopista Central,No Facturado,,Tránsito Tag,LPPZ31,26-09-2026,09:32:10,PA11,La Marina San Nicolás Poniente,285.79,Autopase_Central_LPPZ31_28092026_060022.csv
Autopista Central,No Facturado,,Tránsito Tag,LPPZ31,26-09-2026,09:32:56,PA9,Lo Ovalle Poniente,392.83,Autopase_Central_LPPZ31_28092026_060022.csv
Autopista Central,No Facturado,,Tránsito Tag,LPPZ31,26-09-2026,11:11:38,PA32,Lo Blanco - Las Acacias,176.67,Autopase_Central_LPPZ31_28092026_060022.csv
Autopista Central,No Facturado,,Tránsito Tag,LPPZ31,26-09-2026,11:13:40,PA6,Colón Poniente,157.96,Autopase_Central_LPPZ31_28092026_060022.csv
Autopista Central,No Facturado,,Tránsito Tag,LPPZ31,26-09-2026,20:49:25,PA22,Lo Ovalle Poniente,512.34,Autopase_Central_LPPZ31_28092026_060022.csv
Autopista Central,No Facturado,,Tránsito Tag,LPPZ31,26-09-2026,22:26:18,PA32,Lo Blanco - Las Acacias,176.67,Autopase_Central_LPPZ31_28092026_060022.csv
Autopista Central,No Facturado,,Tránsito Tag,LPPZ31,26-09-2026,22:32:48,PA7,Lo Espejo Oriente,452.06,Autopase_Central_LPPZ31_28092026_060022.csv
Autopista Central,No Facturado,,Tránsito Tag,LPPZ31,27-09-2026,04:01:57,PA21,Lo Ovalle Oriente,512.34,Autopase_Central_LPPZ31_28092026_060022.csv
Autopista Central,No Facturado,,Tránsito Tag,LPPZ31,27-09-2026,04:13:18,PA22,Lo Ovalle Poniente,512.34,Autopase_Central_LPPZ31_28092026_060022.csv
Autopista Central,No Facturado,,Tránsito Tag,LPPZ31,27-09-2026,12:17:23,PA5,Colón Oriente,334.63,Autopase_Central_LPPZ31_28092026_060022.csv
Autopista Central,No Facturado,,Tránsito Tag,LPPZ31,27-09-2026,12:19:30,PA19,Puerta Sur Oriente,412.57,Autopase_Central_LPPZ31_28092026_060022.csv
Autopista Central,No Facturado,,Tránsito Tag,LPPZ31,27-09-2026,19:07:01,PA30,Americo Vespucio - Departamental,785.66,Autopase_Central_LPPZ31_28092026_060022.csv
Autopista Central,No Facturado,,Tránsito Tag,LPPZ31,27-09-2026,19:07:46,PA10,La Marina San Nicolás Oriente,571.58,Autopase_Central_LPPZ31_28092026_060022.csv
Autopista Central,No Facturado,,Tránsito Tag,LPPZ31,27-09-2026,19:09:36,PA31,Avenida Matta,737.86,Autopase_Central_LPPZ31_28092026_060022.csv
Autopista Central,No Facturado,,Tránsito Tag,LPPZ31,27-09-2026,19:10:55,PA13,Alameda - Rio Mapocho,363.73,Autopase_Central_LPPZ31_28092026_060022.csv
Autopista Central,No Facturado,,Tránsito Tag,LPPZ31,28-09-2026,01:18:07,PA30,Americo Vespucio - Departamental,392.83,Autopase_Central_LPPZ31_28092026_060022.csv
Autopista Central,No Facturado,,Tránsito Tag,LPPZ31,28-09-2026,01:24:17,PA9,Lo Ovalle Poniente,392.83,Autopase_Central_LPPZ31_28092026_060022.csv
Autopista Central,No Facturado,,Tránsito Tag,LPPZ31,28-09-2026,05:21:11,PA19,Puerta Sur Oriente,412.57,Autopase_Central_LPPZ31_28092026_080301.csv
Autopista Central,No Facturado,,Tránsito Tag,LPPZ31,28-09-2026,05:39:13,PA23,Carlos Valdovinos Oriente,287.86,Autopase_Central_LPPZ31_28092026_080301.csv
Autopista Central,No Facturado,,Tránsito Tag,LPPZ31,28-09-2026,05:41:14,PA25,San Pablo Oriente,421.93,Autopase_Central_LPPZ31_28092026_080301.csv
Autopista Central,No Facturado,,Tránsito Tag,LPPZ31,28-09-2026,06:12:34,PA15,Bulnes Poniente,425.04,Autopase_Central_LPPZ31_28092026_080301.csv
Autopista Central,No Facturado,,Tránsito Tag,LPPZ31,28-09-2026,06:14:39,PA14,Alameda Poniente,181.86,Autopase_Central_LPPZ31_28092026_080301.csv
Autopista Central,No Facturado,,Tránsito Tag,LPPZ31,28-09-2026,06:29:07,PA13,Alameda - Rio Mapocho,181.86,Autopase_Central_LPPZ31_28092026_080301.csv
Autopista Central,No Facturado,,Tránsito Tag,LPPZ31,28-09-2026,06:57:23,PA17,Américo Vespucio Oriente,462.46,Autopase_Central_LPPZ31_28092026_080301.csv
Autopista Central,No Facturado,,Tránsito Tag,PJHJ69,17-09-2026,04:42:48,PA14,Alameda Poniente,181.86,Autopase_Central_PJHJ69_28092026_060032.csv
Autopista Central,No Facturado,,Tránsito Tag,PJHJ69,17-09-2026,04:44:23,PA12,Avda Matta Poniente,368.93,Autopase_Central_PJHJ69_28092026_060032.csv
Autopista Central,No Facturado,,Tránsito Tag,PJHJ69,17-09-2026,04:46:28,PA11,La Marina San Nicolás Poniente,285.79,Autopase_Central_PJHJ69_28092026_060032.csv
Autopista Central,No Facturado,,Tránsito Tag,PJHJ69,17-09-2026,06:26:48,PA8,Lo Espejo Poniente,452.06,Autopase_Central_PJHJ69_28092026_060032.csv
Autopista Central,No Facturado,,Tránsito Tag,PJHJ69,17-09-2026,06:27:49,PA32,Lo Blanco - Las Acacias,176.67,Autopase_Central_PJHJ69_28092026_060032.csv
Autopista Central,No Facturado,,Tránsito Tag,PJHJ69,17-09-2026,06:29:34,PA6,Colón Poniente,157.96,Autopase_Central_PJHJ69_28092026_060032.csv
Autopista Central,No Facturado,,Tránsito Tag,PJHJ69,17-09-2026,06:56:27,PA5,Colón Oriente,669.27,Autopase_Central_PJHJ69_28092026_060032.csv
Autopista Central,No Facturado,,Tránsito Tag,PJHJ69,17-09-2026,06:59:49,PA7,Lo Espejo Oriente,452.06,Autopase_Central_PJHJ69_28092026_060032.csv
Autopista Central,No Facturado,,Tránsito Tag,PJHJ69,17-09-2026,07:37:08,PA23,Carlos Valdovinos Oriente,575.74,Autopase_Central_PJHJ69_28092026_060032.csv
Autopista Central,No Facturado,,Tránsito Tag,PJHJ69,17-09-2026,07:38:44,PA25,San Pablo Oriente,843.86,Autopase_Central_PJHJ69_28092026_060032.csv
Autopista Central,No Facturado,,Tránsito Tag,PJHJ69,17-09-2026,07:43:19,PA28,Cerro Renca Oriente,1537.04,Autopase_Central_PJHJ69_28092026_060032.csv
Autopista Central,No Facturado,,Tránsito Tag,PJHJ69,17-09-2026,07:45:10,PA17,Américo Vespucio Oriente,924.92,Autopase_Central_PJHJ69_28092026_060032.csv
Autopista Central,No Facturado,,Tránsito Tag,PJHJ69,17-09-2026,08:18:28,PA18,Américo Vespucio Poniente,924.92,Autopase_Central_PJHJ69_28092026_060032.csv
Autopista Central,No Facturado,,Tránsito Tag,PJHJ69,17-09-2026,08:49:28,PA14,Alameda Poniente,181.86,Autopase_Central_PJHJ69_28092026_060032.csv
Autopista Central,No Facturado,,Tránsito Tag,PJHJ69,17-09-2026,08:50:59,PA12,Avda Matta Poniente,368.93,Autopase_Central_PJHJ69_28092026_060032.csv
Autopista Central,No Facturado,,Tránsito Tag,PJHJ69,17-09-2026,08:53:09,PA11,La Marina San Nicolás Poniente,285.79,Autopase_Central_PJHJ69_28092026_060032.csv
Autopista Central,No Facturado,,Tránsito Tag,PJHJ69,18-09-2026,00:41:51,PA30,Americo Vespucio - Departamental,392.83,Autopase_Central_PJHJ69_28092026_060032.csv
Autopista Central,No Facturado,,Tránsito Tag,PJHJ69,18-09-2026,00:42:37,PA10,La Marina San Nicolás Oriente,285.79,Autopase_Central_PJHJ69_28092026_060032.csv
Autopista Central,No Facturado,,Tránsito Tag,PJHJ69,18-09-2026,00:44:31,PA31,Avenida Matta,368.93,Autopase_Central_PJHJ69_28092026_060032.csv
Autopista Central,No Facturado,,Tránsito Tag,PJHJ69,18-09-2026,00:46:06,PA13,Alameda - Rio Mapocho,181.86,Autopase_Central_PJHJ69_28092026_060032.csv
Autopista Central,No Facturado,,Tránsito Tag,PJHJ69,18-09-2026,06:08:08,PA8,Lo Espejo Poniente,452.06,Autopase_Central_PJHJ69_28092026_060032.csv
Autopista Central,No Facturado,,Tránsito Tag,PJHJ69,18-09-2026,06:09:18,PA32,Lo Blanco - Las Acacias,176.67,Autopase_Central_PJHJ69_28092026_060032.csv
Autopista Central,No Facturado,,Tránsito Tag,PJHJ69,18-09-2026,06:11:13,PA6,Colón Poniente,157.96,Autopase_Central_PJHJ69_28092026_060032.csv
Autopista Central,No Facturado,,Tránsito Tag,PJHJ69,18-09-2026,06:12:22,PA37,"Colón, Calera de Tango",455.18,Autopase_Central_PJHJ69_28092026_060032.csv
Autopista Central,No Facturado,,Tránsito Tag,PJHJ69,18-09-2026,06:36:22,PA5,Colón Oriente,334.63,Autopase_Central_PJHJ69_28092026_060032.csv
Autopista Central,No Facturado,,Tránsito Tag,PJHJ69,18-09-2026,06:39:08,PA7,Lo Espejo Oriente,452.06,Autopase_Central_PJHJ69_28092026_060032.csv
Autopista Central,No Facturado,,Tránsito Tag,PJHJ69,18-09-2026,07:19:45,PA31,Avenida Matta,368.93,Autopase_Central_PJHJ69_28092026_060032.csv
Autopista Central,No Facturado,,Tránsito Tag,PJHJ69,18-09-2026,07:21:07,PA13,Alameda - Rio Mapocho,181.86,Autopase_Central_PJHJ69_28092026_060032.csv
Autopista Central,No Facturado,,Tránsito Tag,PJHJ69,18-09-2026,07:23:43,PA16,Avda Santa María Oriente,425.04,Autopase_Central_PJHJ69_28092026_060032.csv
Autopista Central,No Facturado,,Tránsito Tag,PJHJ69,18-09-2026,07:26:43,PA17,Américo Vespucio Oriente,462.46,Autopase_Central_PJHJ69_28092026_060032.csv
Autopista Central,No Facturado,,Tránsito Tag,PJHJ69,18-09-2026,08:19:51,PA18,Américo Vespucio Poniente,462.46,Autopase_Central_PJHJ69_28092026_060032.csv
Autopista Central,No Facturado,,Tránsito Tag,PJHJ69,18-09-2026,08:43:54,PA14,Alameda Poniente,181.86,Autopase_Central_PJHJ69_28092026_060032.csv
Autopista Central,No Facturado,,Tránsito Tag,PJHJ69,18-09-2026,08:45:17,PA12,Avda Matta Poniente,368.93,Autopase_Central_PJHJ69_28092026_060032.csv
Autopista Central,No Facturado,,Tránsito Tag,PJHJ69,18-09-2026,08:47:05,PA11,La Marina San Nicolás Poniente,285.79,Autopase_Central_PJHJ69_28092026_060032.csv
Autopista Central,No Facturado,,Tránsito Tag,PJHJ69,19-09-2026,01:22:25,PA21,Lo Ovalle Oriente,512.34,Autopase_Central_PJHJ69_28092026_060032.csv
Autopista Central,No Facturado,,Tránsito Tag,PJHJ69,19-09-2026,01:25:39,PA23,Carlos Valdovinos Oriente,287.86,Autopase_Central_PJHJ69_28092026_060032.csv
Autopista Central,No Facturado,,Tránsito Tag,PJHJ69,19-09-2026,01:27:25,PA25,San Pablo Oriente,421.93,Autopase_Central_PJHJ69_28092026_060032.csv
Autopista Central,No Facturado,,Tránsito Tag,PJHJ69,19-09-2026,04:46:20,PA12,Avda Matta Poniente,368.93,Autopase_Central_PJHJ69_28092026_060032.csv
Autopista Central,No Facturado,,Tránsito Tag,PJHJ69,19-09-2026,04:48:10,PA11,La Marina San Nicolás Poniente,285.79,Autopase_Central_PJHJ69_28092026_060032.csv
Autopista Central,No Facturado,,Tránsito Tag,PJHJ69,19-09-2026,04:49:00,PA9,Lo Ovalle Poniente,392.83,Autopase_Central_PJHJ69_28092026_060032.csv
Autopista Central,No Facturado,,Tránsito Tag,PJHJ69,20-09-2026,00:25:16,PA21,Lo Ovalle Oriente,512.34,Autopase_Central_PJHJ69_28092026_060032.csv
Autopista Central,No Facturado,,Tránsito Tag,PJHJ69,20-09-2026,01:10:03,PA21,Lo Ovalle Oriente,512.34,Autopase_Central_PJHJ69_28092026_060032.csv
Autopista Central,No Facturado,,Tránsito Tag,PJHJ69,20-09-2026,01:13:34,PA23,Carlos Valdovinos Oriente,287.86,Autopase_Central_PJHJ69_28092026_060032.csv
Autopista Central,No Facturado,,Tránsito Tag,PJHJ69,20-09-2026,01:15:23,PA25,San Pablo Oriente,421.93,Autopase_Central_PJHJ69_28092026_060032.csv
Autopista Central,No Facturado,,Tránsito Tag,PJHJ69,20-09-2026,04:18:39,PA26,San Pablo Poniente,421.93,Autopase_Central_PJHJ69_28092026_060032.csv
Autopista Central,No Facturado,,Tránsito Tag,PJHJ69,20-09-2026,04:20:14,PA24,Carlos Valdovinos Poniente,287.86,Autopase_Central_PJHJ69_28092026_060032.csv
Autopista Central,No Facturado,,Tránsito Tag,PJHJ69,20-09-2026,04:55:36,PA9,Lo Ovalle Poniente,392.83,Autopase_Central_PJHJ69_28092026_060032.csv
Autopista Central,No Facturado,,Tránsito Tag,PJHJ69,21-09-2026,06:16:29,PA8,Lo Espejo Poniente,452.06,Autopase_Central_PJHJ69_28092026_060032.csv
Autopista Central,No Facturado,,Tránsito Tag,PJHJ69,21-09-2026,06:17:48,PA32,Lo Blanco - Las Acacias,176.67,Autopase_Central_PJHJ69_28092026_060032.csv
Autopista Central,No Facturado,,Tránsito Tag,PJHJ69,21-09-2026,06:19:14,PA6,Colón Poniente,157.96,Autopase_Central_PJHJ69_28092026_060032.csv
Autopista Central,No Facturado,,Tránsito Tag,PJHJ69,21-09-2026,06:20:06,PA37,"Colón, Calera de Tango",455.18,Autopase_Central_PJHJ69_28092026_060032.csv
Autopista Central,No Facturado,,Tránsito Tag,PJHJ69,21-09-2026,06:21:44,PA4,Calera de Tango Poniente,129.9,Autopase_Central_PJHJ69_28092026_060032.csv
Autopista Central,No Facturado,,Tránsito Tag,PJHJ69,21-09-2026,06:35:01,PA3,Calera de Tango Oriente,1170.18,Autopase_Central_PJHJ69_28092026_060032.csv
Autopista Central,No Facturado,,Tránsito Tag,PJHJ69,21-09-2026,06:38:53,PA5,Colón Oriente,669.27,Autopase_Central_PJHJ69_28092026_060032.csv
Autopista Central,No Facturado,,Tránsito Tag,PJHJ69,21-09-2026,06:42:22,PA7,Lo Espejo Oriente,452.06,Autopase_Central_PJHJ69_28092026_060032.csv
Autopista Central,No Facturado,,Tránsito Tag,PJHJ69,21-09-2026,07:24:42,PA10,La Marina San Nicolás Oriente,285.79,Autopase_Central_PJHJ69_28092026_060032.csv
Autopista Central,No Facturado,,Tránsito Tag,PJHJ69,21-09-2026,07:37:27,PA31,Avenida Matta,737.86,Autopase_Central_PJHJ69_28092026_060032.csv
Autopista Central,No Facturado,,Tránsito Tag,PJHJ69,21-09-2026,07:40:18,PA13,Alameda - Rio Mapocho,363.73,Autopase_Central_PJHJ69_28092026_060032.csv
Autopista Central,No Facturado,,Tránsito Tag,PJHJ69,21-09-2026,07:43:47,PA16,Avda Santa María Oriente,850.1,Autopase_Central_PJHJ69_28092026_060032.csv
Autopista Central,No Facturado,,Tránsito Tag,PJHJ69,21-09-2026,07:49:48,PA17,Américo Vespucio Oriente,924.92,Autopase_Central_PJHJ69_28092026_060032.csv
Autopista Central,No Facturado,,Tránsito Tag,PJHJ69,21-09-2026,08:25:41,PA18,Américo Vespucio Poniente,924.92,Autopase_Central_PJHJ69_28092026_060032.csv
Autopista Central,No Facturado,,Tránsito Tag,PJHJ69,21-09-2026,08:41:39,PA15,Bulnes Poniente,850.1,Autopase_Central_PJHJ69_28092026_060032.csv
Autopista Central,No Facturado,,Tránsito Tag,PJHJ69,21-09-2026,08:46:54,PA14,Alameda Poniente,181.86,Autopase_Central_PJHJ69_28092026_060032.csv
Autopista Central,No Facturado,,Tránsito Tag,PJHJ69,21-09-2026,08:48:31,PA12,Avda Matta Poniente,368.93,Autopase_Central_PJHJ69_28092026_060032.csv
Autopista Central,No Facturado,,Tránsito Tag,PJHJ69,21-09-2026,08:50:27,PA11,La Marina San Nicolás Poniente,285.79,Autopase_Central_PJHJ69_28092026_060032.csv
Autopista Central,No Facturado,,Tránsito Tag,PJHJ69,21-09-2026,23:32:35,PA22,Lo Ovalle Poniente,512.34,Autopase_Central_PJHJ69_28092026_060032.csv
Autopista Central,No Facturado,,Tránsito Tag,PJHJ69,22-09-2026,00:25:12,PA30,Americo Vespucio - Departamental,392.83,Autopase_Central_PJHJ69_28092026_060032.csv
Autopista Central,No Facturado,,Tránsito Tag,PJHJ69,22-09-2026,00:53:55,PA16,Avda Santa María Oriente,425.04,Autopase_Central_PJHJ69_28092026_060032.csv
Autopista Central,No Facturado,,Tránsito Tag,PJHJ69,22-09-2026,01:05:47,PA17,Américo Vespucio Oriente,462.46,Autopase_Central_PJHJ69_28092026_060032.csv
Autopista Central,No Facturado,,Tránsito Tag,PJHJ69,22-09-2026,03:36:52,PA22,Lo Ovalle Poniente,512.34,Autopase_Central_PJHJ69_28092026_060032.csv
Autopista Central,No Facturado,,Tránsito Tag,PJHJ69,22-09-2026,04:59:10,PA22,Lo Ovalle Poniente,512.34,Autopase_Central_PJHJ69_28092026_060032.csv
Autopista Central,No Facturado,,Tránsito Tag,PJHJ69,22-09-2026,06:25:32,PA8,Lo Espejo Poniente,452.06,Autopase_Central_PJHJ69_28092026_060032.csv
Autopista Central,No Facturado,,Tránsito Tag,PJHJ69,22-09-2026,06:26:31,PA32,Lo Blanco - Las Acacias,176.67,Autopase_Central_PJHJ69_28092026_060032.csv
Autopista Central,No Facturado,,Tránsito Tag,PJHJ69,22-09-2026,06:27:51,PA6,Colón Poniente,157.96,Autopase_Central_PJHJ69_28092026_060032.csv
Autopista Central,No Facturado,,Tránsito Tag,PJHJ69,22-09-2026,06:28:41,PA37,"Colón, Calera de Tango",455.18,Autopase_Central_PJHJ69_28092026_060032.csv
Autopista Central,No Facturado,,Tránsito Tag,PJHJ69,22-09-2026,06:30:28,PA4,Calera de Tango Poniente,129.9,Autopase_Central_PJHJ69_28092026_060032.csv
Autopista Central,No Facturado,,Tránsito Tag,PJHJ69,22-09-2026,06:41:22,PA3,Calera de Tango Oriente,1170.18,Autopase_Central_PJHJ69_28092026_060032.csv
Autopista Central,No Facturado,,Tránsito Tag,PJHJ69,22-09-2026,06:44:49,PA5,Colón Oriente,669.27,Autopase_Central_PJHJ69_28092026_060032.csv
Autopista Central,No Facturado,,Tránsito Tag,PJHJ69,22-09-2026,06:48:00,PA7,Lo Espejo Oriente,452.06,Autopase_Central_PJHJ69_28092026_060032.csv
Autopista Central,No Facturado,,Tránsito Tag,PJHJ69,22-09-2026,07:24:50,PA10,La Marina San Nicolás Oriente,285.79,Autopase_Central_PJHJ69_28092026_060032.csv
Autopista Central,No Facturado,,Tránsito Tag,PJHJ69,22-09-2026,07:39:29,PA31,Avenida Matta,737.86,Autopase_Central_PJHJ69_28092026_060032.csv
Autopista Central,No Facturado,,Tránsito Tag,PJHJ69,22-09-2026,07:43:37,PA13,Alameda - Rio Mapocho,363.73,Autopase_Central_PJHJ69_28092026_060032.csv
Autopista Central,No Facturado,,Tránsito Tag,PJHJ69,22-09-2026,07:47:32,PA16,Avda Santa María Oriente,850.1,Autopase_Central_PJHJ69_28092026_060032.csv
Autopista Central,No Facturado,,Tránsito Tag,PJHJ69,22-09-2026,07:53:17,PA17,Américo Vespucio Oriente,924.92,Autopase_Central_PJHJ69_28092026_060032.csv
Autopista Central,No Facturado,,Tránsito Tag,PJHJ69,22-09-2026,08:33:51,PA18,Américo Vespucio Poniente,462.46,Autopase_Central_PJHJ69_28092026_060032.csv
Autopista Central,No Facturado,,Tránsito Tag,PJHJ69,22-09-2026,08:48:59,PA15,Bulnes Poniente,850.1,Autopase_Central_PJHJ69_28092026_060032.csv
Autopista Central,No Facturado,,Tránsito Tag,PJHJ69,22-09-2026,08:56:20,PA14,Alameda Poniente,181.86,Autopase_Central_PJHJ69_28092026_060032.csv
Autopista Central,No Facturado,,Tránsito Tag,PJHJ69,22-09-2026,08:57:49,PA12,Avda Matta Poniente,368.93,Autopase_Central_PJHJ69_28092026_060032.csv
Autopista Central,No Facturado,,Tránsito Tag,PJHJ69,22-09-2026,08:59:45,PA11,La Marina San Nicolás Poniente,285.79,Autopase_Central_PJHJ69_28092026_060032.csv
Autopista Central,No Facturado,,Tránsito Tag,PJHJ69,22-09-2026,09:36:34,PA8,Lo Espejo Poniente,452.06,Autopase_Central_PJHJ69_28092026_060032.csv
Autopista Central,No Facturado,,Tránsito Tag,PJHJ69,22-09-2026,09:37:34,PA32,Lo Blanco - Las Acacias,176.67,Autopase_Central_PJHJ69_28092026_060032.csv
Autopista Central,No Facturado,,Tránsito Tag,PJHJ69,22-09-2026,09:39:01,PA6,Colón Poniente,157.96,Autopase_Central_PJHJ69_28092026_060032.csv
Autopista Central,No Facturado,,Tránsito Tag,PJHJ69,22-09-2026,10:24:56,PA5,Colón Oriente,334.63,Autopase_Central_PJHJ69_28092026_060032.csv
Autopista Central,No Facturado,,Tránsito Tag,PJHJ69,22-09-2026,10:27:25,PA19,Puerta Sur Oriente,412.57,Autopase_Central_PJHJ69_28092026_060032.csv
Autopista Central,No Facturado,,Tránsito Tag,PJHJ69,23-09-2026,00:40:12,PA30,Americo Vespucio - Departamental,392.83,Autopase_Central_PJHJ69_28092026_060032.csv
Autopista Central,No Facturado,,Tránsito Tag,PJHJ69,23-09-2026,01:11:31,PA16,Avda Santa María Oriente,425.04,Autopase_Central_PJHJ69_28092026_060032.csv
Autopista Central,No Facturado,,Tránsito Tag,PJHJ69,23-09-2026,01:22:08,PA17,Américo Vespucio Oriente,462.46,Autopase_Central_PJHJ69_28092026_060032.csv
Autopista Central,No Facturado,,Tránsito Tag,PJHJ69,23-09-2026,06:17:20,PA8,Lo Espejo Poniente,452.06,Autopase_Central_PJHJ69_28092026_060032.csv
Autopista Central,No Facturado,,Tránsito Tag,PJHJ69,23-09-2026,06:18:26,PA32,Lo Blanco - Las Acacias,176.67,Autopase_Central_PJHJ69_28092026_060032.csv
Autopista Central,No Facturado,,Tránsito Tag,PJHJ69,23-09-2026,06:20:02,PA6,Colón Poniente,157.96,Autopase_Central_PJHJ69_28092026_060032.csv
Autopista Central,No Facturado,,Tránsito Tag,PJHJ69,23-09-2026,06:21:00,PA37,"Colón, Calera de Tango",455.18,Autopase_Central_PJHJ69_28092026_060032.csv
Autopista Central,No Facturado,,Tránsito Tag,PJHJ69,23-09-2026,06:22:48,PA4,Calera de Tango Poniente,129.9,Autopase_Central_PJHJ69_28092026_060032.csv
Autopista Central,No Facturado,,Tránsito Tag,PJHJ69,23-09-2026,06:36:34,PA3,Calera de Tango Oriente,1170.18,Autopase_Central_PJHJ69_28092026_060032.csv
Autopista Central,No Facturado,,Tránsito Tag,PJHJ69,23-09-2026,07:09:22,PA5,Colón Oriente,1003.9,Autopase_Central_PJHJ69_28092026_060032.csv
Autopista Central,No Facturado,,Tránsito Tag,PJHJ69,23-09-2026,07:13:26,PA7,Lo Espejo Oriente,452.06,Autopase_Central_PJHJ69_28092026_060032.csv
Autopista Central,No Facturado,,Tránsito Tag,PJHJ69,23-09-2026,07:31:51,PA30,Americo Vespucio - Departamental,785.66,Autopase_Central_PJHJ69_28092026_060032.csv
Autopista Central,No Facturado,,Tránsito Tag,PJHJ69,23-09-2026,08:02:00,PA31,Avenida Matta,737.86,Autopase_Central_PJHJ69_28092026_060032.csv
Autopista Central,No Facturado,,Tránsito Tag,PJHJ69,23-09-2026,08:06:26,PA13,Alameda - Rio Mapocho,363.73,Autopase_Central_PJHJ69_28092026_060032.csv
Autopista Central,No Facturado,,Tránsito Tag,PJHJ69,23-09-2026,08:10:10,PA16,Avda Santa María Oriente,850.1,Autopase_Central_PJHJ69_28092026_060032.csv
Autopista Central,No Facturado,,Tránsito Tag,PJHJ69,23-09-2026,08:16:22,PA17,Américo Vespucio Oriente,924.92,Autopase_Central_PJHJ69_28092026_060032.csv
Autopista Central,No Facturado,,Tránsito Tag,PJHJ69,23-09-2026,08:39:10,PA18,Américo Vespucio Poniente,462.46,Autopase_Central_PJHJ69_28092026_060032.csv
Autopista Central,No Facturado,,Tránsito Tag,PJHJ69,23-09-2026,08:54:44,PA15,Bulnes Poniente,850.1,Autopase_Central_PJHJ69_28092026_060032.csv
Autopista Central,No Facturado,,Tránsito Tag,PJHJ69,23-09-2026,09:01:14,PA14,Alameda Poniente,363.73,Autopase_Central_PJHJ69_28092026_060032.csv
Autopista Central,No Facturado,,Tránsito Tag,PJHJ69,23-09-2026,09:02:52,PA12,Avda Matta Poniente,737.86,Autopase_Central_PJHJ69_28092026_060032.csv
Autopista Central,No Facturado,,Tránsito Tag,PJHJ69,23-09-2026,09:04:56,PA11,La Marina San Nicolás Poniente,285.79,Autopase_Central_PJHJ69_28092026_060032.csv
Autopista Central,No Facturado,,Tránsito Tag,PJHJ69,23-09-2026,23:35:17,PA22,Lo Ovalle Poniente,512.34,Autopase_Central_PJHJ69_28092026_060032.csv
Autopista Central,No Facturado,,Tránsito Tag,PJHJ69,24-09-2026,00:23:08,PA30,Americo Vespucio - Departamental,392.83,Autopase_Central_PJHJ69_28092026_060032.csv
Autopista Central,No Facturado,,Tránsito Tag,PJHJ69,24-09-2026,00:59:12,PA16,Avda Santa María Oriente,425.04,Autopase_Central_PJHJ69_28092026_060032.csv
Autopista Central,No Facturado,,Tránsito Tag,PJHJ69,24-09-2026,06:18:42,PA8,Lo Espejo Poniente,452.06,Autopase_Central_PJHJ69_28092026_060032.csv
Autopista Central,No Facturado,,Tránsito Tag,PJHJ69,24-09-2026,06:19:49,PA32,Lo Blanco - Las Acacias,176.67,Autopase_Central_PJHJ69_28092026_060032.csv
Autopista Central,No Facturado,,Tránsito Tag,PJHJ69,24-09-2026,06:21:22,PA6,Colón Poniente,157.96,Autopase_Central_PJHJ69_28092026_060032.csv
Autopista Central,No Facturado,,Tránsito Tag,PJHJ69,24-09-2026,06:54:22,PA5,Colón Oriente,669.27,Autopase_Central_PJHJ69_28092026_060032.csv
Autopista Central,No Facturado,,Tránsito Tag,PJHJ69,24-09-2026,06:58:20,PA7,Lo Espejo Oriente,452.06,Autopase_Central_PJHJ69_28092026_060032.csv
Autopista Central,No Facturado,,Tránsito Tag,PJHJ69,24-09-2026,07:08:08,PA30,Americo Vespucio - Departamental,392.83,Autopase_Central_PJHJ69_28092026_060032.csv
Autopista Central,No Facturado,,Tránsito Tag,PJHJ69,24-09-2026,07:33:58,PA31,Avenida Matta,737.86,Autopase_Central_PJHJ69_28092026_060032.csv
Autopista Central,No Facturado,,Tránsito Tag,PJHJ69,24-09-2026,07:37:58,PA13,Alameda - Rio Mapocho,363.73,Autopase_Central_PJHJ69_28092026_060032.csv
Autopista Central,No Facturado,,Tránsito Tag,PJHJ69,24-09-2026,07:41:25,PA16,Avda Santa María Oriente,850.1,Autopase_Central_PJHJ69_28092026_060032.csv
Autopista Central,No Facturado,,Tránsito Tag,PJHJ69,24-09-2026,07:47:26,PA17,Américo Vespucio Oriente,924.92,Autopase_Central_PJHJ69_28092026_060032.csv
Autopista Central,No Facturado,,Tránsito Tag,PJHJ69,24-09-2026,08:32:45,PA18,Américo Vespucio Poniente,462.46,Autopase_Central_PJHJ69_28092026_060032.csv
Autopista Central,No Facturado,,Tránsito Tag,PJHJ69,24-09-2026,08:37:46,PA15,Bulnes Poniente,850.1,Autopase_Central_PJHJ69_28092026_060032.csv
Autopista Central,No Facturado,,Tránsito Tag,PJHJ69,24-09-2026,08:42:53,PA14,Alameda Poniente,181.86,Autopase_Central_PJHJ69_28092026_060032.csv
Autopista Central,No Facturado,,Tránsito Tag,PJHJ69,24-09-2026,08:44:34,PA12,Avda Matta Poniente,368.93,Autopase_Central_PJHJ69_28092026_060032.csv
Autopista Central,No Facturado,,Tránsito Tag,PJHJ69,24-09-2026,08:46:23,PA11,La Marina San Nicolás Poniente,285.79,Autopase_Central_PJHJ69_28092026_060032.csv
Autopista Central,No Facturado,,Tránsito Tag,PJHJ69,25-09-2026,08:02:04,PA13,Alameda - Rio Mapocho,363.73,Autopase_Central_PJHJ69_28092026_060032.csv
Autopista Central,No Facturado,,Tránsito Tag,PJHJ69,25-09-2026,08:39:41,PA15,Bulnes Poniente,850.1,Autopase_Central_PJHJ69_28092026_060032.csv
Autopista Central,No Facturado,,Tránsito Tag,PJHJ69,26-09-2026,01:11:41,PA17,Américo Vespucio Oriente,462.46,Autopase_Central_PJHJ69_28092026_060032.csv
Autopista Central,No Facturado,,Tránsito Tag,PJHJ69,26-09-2026,07:31:18,PA23,Carlos Valdovinos Oriente,287.86,Autopase_Central_PJHJ69_28092026_060032.csv
Autopista Central,No Facturado,,Tránsito Tag,PJHJ69,26-09-2026,07:38:48,PA17,Américo Vespucio Oriente,462.46,Autopase_Central_PJHJ69_28092026_060032.csv
Autopista Central,No Facturado,,Tránsito Tag,PJHJ69,27-09-2026,06:32:05,PA5,Colón Oriente,334.63,Autopase_Central_PJHJ69_28092026_060032.csv
Autopista Central,No Facturado,,Tránsito Tag,PJHJ69,27-09-2026,06:55:26,PA10,La Marina San Nicolás Oriente,285.79,Autopase_Central_PJHJ69_28092026_060032.csv
Autopista Central,No Facturado,,Tránsito Tag,PJHJ69,27-09-2026,07:04:11,PA17,Américo Vespucio Oriente,462.46,Autopase_Central_PJHJ69_28092026_060032.csv
Autopista Central,No Facturado,,Tránsito Tag,PJHJ69,28-09-2026,00:20:36,PA8,Lo Espejo Poniente,452.06,Autopase_Central_PJHJ69_28092026_060032.csv
Autopista Central,No Facturado,,Tránsito Tag,PJHJ69,28-09-2026,06:10:39,PA4,Calera de Tango Poniente,129.9,Autopase_Central_PJHJ69_28092026_080310.csv
Autopista Central,No Facturado,,Tránsito Tag,PJHJ69,28-09-2026,06:27:53,PA3,Calera de Tango Oriente,585.09,Autopase_Central_PJHJ69_28092026_080310.csv
Autopista Central,No Facturado,,Tránsito Tag,PJHJ69,28-09-2026,06:39:30,PA5,Colón Oriente,669.27,Autopase_Central_PJHJ69_28092026_080310.csv
Autopista Central,Facturado,0020625365,Tránsito Tag,KDRJ20,2026-08-10,00:23:49,PA32,Ruta 5 Norte - Sur,176.67,Autopase_Facturado_Central_0020625365_28092026_075300.csv
Autopista Central,Facturado,0020625365,Tránsito Tag,KDRJ20,2026-08-10,00:58:24,PA5,Ruta 5 Sur - Norte,334.63,Autopase_Facturado_Central_0020625365_28092026_075300.csv
Autopista Central,Facturado,0020625365,Tránsito Tag,KDRJ20,2026-08-10,01:00:12,PA19,General Velasquez Sur - Norte,412.57,Autopase_Facturado_Central_0020625365_28092026_075300.csv
Autopista Central,Facturado,0020625365,Tránsito Tag,KDRJ20,2026-08-10,01:38:37,PA30,Ruta 5 Sur - Norte,392.83,Autopase_Facturado_Central_0020625365_28092026_075300.csv
Autopista Central,Facturado,0020625365,Tránsito Tag,KDRJ20,2026-08-10,01:45:21,PA9,Ruta 5 Norte - Sur,392.83,Autopase_Facturado_Central_0020625365_28092026_075300.csv
Autopista Central,Facturado,0020625365,Tránsito Tag,KXZS95,2026-08-10,03:57:25,PA12,Ruta 5 Norte - Sur,368.93,Autopase_Facturado_Central_0020625365_28092026_075300.csv
Autopista Central,Facturado,0020625365,Tránsito Tag,KXZS95,2026-08-10,03:59:19,PA11,Ruta 5 Norte - Sur,285.79,Autopase_Facturado_Central_0020625365_28092026_075300.csv
Autopista Central,Facturado,0020625365,Tránsito Tag,KXZS95,2026-08-10,04:00:08,PA9,Ruta 5 Norte - Sur,392.83,Autopase_Facturado_Central_0020625365_28092026_075300.csv
Autopista Central,Facturado,0020625365,Tránsito Tag,KXZS95,2026-08-10,04:15:49,PA30,Ruta 5 Sur - Norte,392.83,Autopase_Facturado_Central_0020625365_28092026_075300.csv
Autopista Central,Facturado,0020625365,Tránsito Tag,KXZS95,2026-08-10,04:16:36,PA10,Ruta 5 Sur - Norte,285.79,Autopase_Facturado_Central_0020625365_28092026_075300.csv
Autopista Central,Facturado,0020625365,Tránsito Tag,KXZS95,2026-08-10,04:18:41,PA31,Ruta 5 Sur - Norte,368.93,Autopase_Facturado_Central_0020625365_28092026_075300.csv
Autopista Central,Facturado,0020625365,Tránsito Tag,KXZS95,2026-08-10,04:53:46,PA9,Ruta 5 Norte - Sur,392.83,Autopase_Facturado_Central_0020625365_28092026_075300.csv
Autopista Central,Facturado,0020625365,Tránsito Tag,KXZS95,2026-08-10,05:10:42,PA21,General Velasquez Sur - Norte,512.34,Autopase_Facturado_Central_0020625365_28092026_075300.csv
Autopista Central,Facturado,0020625365,Tránsito Tag,KXZS95,2026-08-10,05:19:52,PA22,General Velasquez Norte - Sur,512.34,Autopase_Facturado_Central_0020625365_28092026_075300.csv
Autopista Central,Facturado,0020625365,Tránsito Tag,KDRJ20,2026-08-10,05:22:11,PA21,General Velasquez Sur - Norte,512.34,Autopase_Facturado_Central_0020625365_28092026_075300.csv
Autopista Central,Facturado,0020625365,Tránsito Tag,LDWP36,2026-08-10,06:15:41,PA31,Ruta 5 Sur - Norte,368.93,Autopase_Facturado_Central_0020625365_28092026_075300.csv
Autopista Central,Facturado,0020625365,Tránsito Tag,LDWP36,2026-08-10,06:17:24,PA13,Ruta 5 Sur - Norte,181.86,Autopase_Facturado_Central_0020625365_28092026_075300.csv
Autopista Central,Facturado,0020625365,Tránsito Tag,KDRJ20,2026-08-10,06:57:53,PA23,General Velasquez Sur - Norte,287.86,Autopase_Facturado_Central_0020625365_28092026_075300.csv
Autopista Central,Facturado,0020625365,Tránsito Tag,KDRJ20,2026-08-10,06:59:57,PA25,General Velasquez Sur - Norte,421.93,Autopase_Facturado_Central_0020625365_28092026_075300.csv
Autopista Central,Facturado,0020625365,Tránsito Tag,LDWP36,2026-08-10,07:21:09,PA14,Ruta 5 Norte - Sur,363.73,Autopase_Facturado_Central_0020625365_28092026_075300.csv
Autopista Central,Facturado,0020625365,Tránsito Tag,LDWP36,2026-08-10,07:22:45,PA12,Ruta 5 Norte - Sur,737.86,Autopase_Facturado_Central_0020625365_28092026_075300.csv
Autopista Central,Facturado,0020625365,Tránsito Tag,LDWP36,2026-08-10,07:24:57,PA11,Ruta 5 Norte - Sur,285.79,Autopase_Facturado_Central_0020625365_28092026_075300.csv
Autopista Central,Facturado,0020625365,Tránsito Tag,LDWP36,2026-08-10,07:25:52,PA9,Ruta 5 Norte - Sur,392.83,Autopase_Facturado_Central_0020625365_28092026_075300.csv
Autopista Central,Facturado,0020625365,Tránsito Tag,KDRJ20,2026-08-10,07:26:02,PA16,Ruta 5 Sur - Norte,425.04,Autopase_Facturado_Central_0020625365_28092026_075300.csv
Autopista Central,Facturado,0020625365,Tránsito Tag,KDRJ20,2026-08-10,07:31:12,PA17,Ruta 5 Sur - Norte,924.92,Autopase_Facturado_Central_0020625365_28092026_075300.csv
Autopista Central,Facturado,0020625365,Tránsito Tag,KDRJ20,2026-08-10,08:22:41,PA18,Ruta 5 Norte - Sur,924.92,Autopase_Facturado_Central_0020625365_28092026_075300.csv
Autopista Central,Facturado,0020625365,Tránsito Tag,KDRJ20,2026-08-10,08:39:52,PA26,General Velasquez Norte - Sur,421.93,Autopase_Facturado_Central_0020625365_28092026_075300.csv
Autopista Central,Facturado,0020625365,Tránsito Tag,KDRJ20,2026-08-10,08:58:26,PA22,General Velasquez Norte - Sur,512.34,Autopase_Facturado_Central_0020625365_28092026_075300.csv
Autopista Central,Facturado,0020625365,Tránsito Tag,KXZS95,2026-08-10,14:12:09,PA12,Ruta 5 Norte - Sur,368.93,Autopase_Facturado_Central_0020625365_28092026_075300.csv
Autopista Central,Facturado,0020625365,Tránsito Tag,KXZS95,2026-08-10,14:14:11,PA11,Ruta 5 Norte - Sur,285.79,Autopase_Facturado_Central_0020625365_28092026_075300.csv
Autopista Central,Facturado,0020625365,Tránsito Tag,KXZS95,2026-08-10,14:15:08,PA9,Ruta 5 Norte - Sur,392.83,Autopase_Facturado_Central_0020625365_28092026_075300.csv
Autopista Central,Facturado,0020625365,Tránsito Tag,LDWP36,2026-08-10,18:29:05,PA21,General Velasquez Sur - Norte,512.34,Autopase_Facturado_Central_0020625365_28092026_075300.csv
Autopista Central,Facturado,0020625365,Tránsito Tag,LDWP36,2026-08-10,18:32:46,PA23,General Velasquez Sur - Norte,287.86,Autopase_Facturado_Central_0020625365_28092026_075300.csv
Autopista Central,Facturado,0020625365,Tránsito Tag,KXZS95,2026-08-10,19:19:23,PA13,Ruta 5 Sur - Norte,181.86,Autopase_Facturado_Central_0020625365_28092026_075300.csv
Autopista Central,Facturado,0020625365,Tránsito Tag,KXZS95,2026-08-10,19:22:40,PA16,Ruta 5 Sur - Norte,425.04,Autopase_Facturado_Central_0020625365_28092026_075300.csv
Autopista Central,Facturado,0020625365,Tránsito Tag,LDWP36,2026-08-10,20:19:10,PA18,Ruta 5 Norte - Sur,462.46,Autopase_Facturado_Central_0020625365_28092026_075300.csv
Autopista Central,Facturado,0020625365,Tránsito Tag,LDWP36,2026-08-10,20:23:34,PA15,Ruta 5 Norte - Sur,850.1,Autopase_Facturado_Central_0020625365_28092026_075300.csv
Autopista Central,Facturado,0020625365,Tránsito Tag,KXZS95,2026-08-10,20:34:17,PA18,Ruta 5 Norte - Sur,462.46,Autopase_Facturado_Central_0020625365_28092026_075300.csv
Autopista Central,Facturado,0020625365,Tránsito Tag,LDWP36,2026-08-10,20:45:26,PA12,Ruta 5 Norte - Sur,368.93,Autopase_Facturado_Central_0020625365_28092026_075300.csv
Autopista Central,Facturado,0020625365,Tránsito Tag,KXZS95,2026-08-10,20:50:10,PA14,Ruta 5 Norte - Sur,181.86,Autopase_Facturado_Central_0020625365_28092026_075300.csv
Autopista Central,Facturado,0020625365,Tránsito Tag,KXZS95,2026-08-10,20:51:35,PA12,Ruta 5 Norte - Sur,368.93,Autopase_Facturado_Central_0020625365_28092026_075300.csv
Autopista Central,Facturado,0020625365,Tránsito Tag,KXZS95,2026-08-10,20:53:39,PA11,Ruta 5 Norte - Sur,285.79,Autopase_Facturado_Central_0020625365_28092026_075300.csv
Autopista Central,Facturado,0020625365,Tránsito Tag,KXZS95,2026-08-10,20:54:30,PA9,Ruta 5 Norte - Sur,392.83,Autopase_Facturado_Central_0020625365_28092026_075300.csv
Autopista Central,Facturado,0020625365,Tránsito Tag,KDRJ20,2026-08-11,00:19:09,PA32,Ruta 5 Norte - Sur,176.67,Autopase_Facturado_Central_0020625365_28092026_075300.csv
Autopista Central,Facturado,0020625365,Tránsito Tag,KDRJ20,2026-08-11,01:10:27,PA5,Ruta 5 Sur - Norte,334.63,Autopase_Facturado_Central_0020625365_28092026_075300.csv
Autopista Central,Facturado,0020625365,Tránsito Tag,KDRJ20,2026-08-11,01:12:16,PA19,General Velasquez Sur - Norte,412.57,Autopase_Facturado_Central_0020625365_28092026_075300.csv
Autopista Central,Facturado,0020625365,Tránsito Tag,KDRJ20,2026-08-11,04:18:56,PA32,Ruta 5 Norte - Sur,176.67,Autopase_Facturado_Central_0020625365_28092026_075300.csv
Autopista Central,Facturado,0020625365,Tránsito Tag,KDRJ20,2026-08-11,04:20:27,PA6,Ruta 5 Norte - Sur,157.96,Autopase_Facturado_Central_0020625365_28092026_075300.csv
Autopista Central,Facturado,0020625365,Tránsito Tag,KDRJ20,2026-08-11,04:21:21,PA37,Ruta 5 Norte - Sur,455.18,Autopase_Facturado_Central_0020625365_28092026_075300.csv
Autopista Central,Facturado,0020625365,Tránsito Tag,KXZS95,2026-08-11,04:44:49,PA9,Ruta 5 Norte - Sur,392.83,Autopase_Facturado_Central_0020625365_28092026_075300.csv
Autopista Central,Facturado,0020625365,Tránsito Tag,KDRJ20,2026-08-11,05:00:05,PA19,General Velasquez Sur - Norte,412.57,Autopase_Facturado_Central_0020625365_28092026_075300.csv
Autopista Central,Facturado,0020625365,Tránsito Tag,LDWP36,2026-08-11,06:02:57,PA31,Ruta 5 Sur - Norte,368.93,Autopase_Facturado_Central_0020625365_28092026_075300.csv
Autopista Central,Facturado,0020625365,Tránsito Tag,LDWP36,2026-08-11,06:04:37,PA13,Ruta 5 Sur - Norte,181.86,Autopase_Facturado_Central_0020625365_28092026_075300.csv
Autopista Central,Facturado,0020625365,Tránsito Tag,LDWP36,2026-08-11,07:14:28,PA14,Ruta 5 Norte - Sur,363.73,Autopase_Facturado_Central_0020625365_28092026_075300.csv
Autopista Central,Facturado,0020625365,Tránsito Tag,KDRJ20,2026-08-11,07:15:13,PA16,Ruta 5 Sur - Norte,425.04,Autopase_Facturado_Central_0020625365_28092026_075300.csv
Autopista Central,Facturado,0020625365,Tránsito Tag,LDWP36,2026-08-11,07:15:54,PA12,Ruta 5 Norte - Sur,737.86,Autopase_Facturado_Central_0020625365_28092026_075300.csv
Autopista Central,Facturado,0020625365,Tránsito Tag,LDWP36,2026-08-11,07:17:48,PA11,Ruta 5 Norte - Sur,285.79,Autopase_Facturado_Central_0020625365_28092026_075300.csv
Autopista Central,Facturado,0020625365,Tránsito Tag,LDWP36,2026-08-11,07:18:36,PA9,Ruta 5 Norte - Sur,392.83,Autopase_Facturado_Central_0020625365_28092026_075300.csv
Autopista Central,Facturado,0020625365,Tránsito Tag,KDRJ20,2026-08-11,07:20:07,PA17,Ruta 5 Sur - Norte,924.92,Autopase_Facturado_Central_0020625365_28092026_075300.csv
Autopista Central,Facturado,0020625365,Tránsito Tag,KDRJ20,2026-08-11,08:58:45,PA18,Ruta 5 Norte - Sur,462.46,Autopase_Facturado_Central_0020625365_28092026_075300.csv
Autopista Central,Facturado,0020625365,Tránsito Tag,KDRJ20,2026-08-11,09:00:30,PA29,General Velasquez Norte - Sur,512.34,Autopase_Facturado_Central_0020625365_28092026_075300.csv
Autopista Central,Facturado,0020625365,Tránsito Tag,KDRJ20,2026-08-11,12:46:45,PA23,General Velasquez Sur - Norte,287.86,Autopase_Facturado_Central_0020625365_28092026_075300.csv
Autopista Central,Facturado,0020625365,Tránsito Tag,KDRJ20,2026-08-11,12:48:16,PA25,General Velasquez Sur - Norte,421.93,Autopase_Facturado_Central_0020625365_28092026_075300.csv
Autopista Central,Facturado,0020625365,Tránsito Tag,KDRJ20,2026-08-11,13:57:04,PA14,Ruta 5 Norte - Sur,181.86,Autopase_Facturado_Central_0020625365_28092026_075300.csv
Autopista Central,Facturado,0020625365,Tránsito Tag,KDRJ20,2026-08-11,13:58:44,PA12,Ruta 5 Norte - Sur,368.93,Autopase_Facturado_Central_0020625365_28092026_075300.csv
Autopista Central,Facturado,0020625365,Tránsito Tag,LDWP36,2026-08-11,18:30:13,PA21,General Velasquez Sur - Norte,512.34,Autopase_Facturado_Central_0020625365_28092026_075300.csv
Autopista Central,Facturado,0020625365,Tránsito Tag,LDWP36,2026-08-11,18:33:38,PA23,General Velasquez Sur - Norte,287.86,Autopase_Facturado_Central_0020625365_28092026_075300.csv
Autopista Central,Facturado,0020625365,Tránsito Tag,LDWP36,2026-08-11,20:35:44,PA15,Ruta 5 Norte - Sur,425.04,Autopase_Facturado_Central_0020625365_28092026_075300.csv
Autopista Central,Facturado,0020625365,Tránsito Tag,KDRJ20,2026-08-11,20:50:11,PA13,Ruta 5 Sur - Norte,181.86,Autopase_Facturado_Central_0020625365_28092026_075300.csv
Autopista Central,Facturado,0020625365,Tránsito Tag,KDRJ20,2026-08-11,22:16:45,PA14,Ruta 5 Norte - Sur,181.86,Autopase_Facturado_Central_0020625365_28092026_075300.csv
Autopista Central,Facturado,0020625365,Tránsito Tag,KDRJ20,2026-08-11,22:18:01,PA12,Ruta 5 Norte - Sur,368.93,Autopase_Facturado_Central_0020625365_28092026_075300.csv
Autopista Central,Facturado,0020625365,Tránsito Tag,KDRJ20,2026-08-11,22:19:50,PA11,Ruta 5 Norte - Sur,285.79,Autopase_Facturado_Central_0020625365_28092026_075300.csv
Autopista Central,Facturado,0020625365,Tránsito Tag,KDRJ20,2026-08-11,22:20:35,PA9,Ruta 5 Norte - Sur,392.83,Autopase_Facturado_Central_0020625365_28092026_075300.csv
Autopista Central,Facturado,0020625365,Tránsito Tag,KDRJ20,2026-08-11,22:58:13,PA30,Ruta 5 Sur - Norte,392.83,Autopase_Facturado_Central_0020625365_28092026_075300.csv
Autopista Central,Facturado,0020625365,Tránsito Tag,KDRJ20,2026-08-11,22:59:04,PA10,Ruta 5 Sur - Norte,285.79,Autopase_Facturado_Central_0020625365_28092026_075300.csv
Autopista Central,Facturado,0020625365,Tránsito Tag,KDRJ20,2026-08-11,23:01:06,PA31,Ruta 5 Sur - Norte,368.93,Autopase_Facturado_Central_0020625365_28092026_075300.csv
Autopista Central,Facturado,0020625365,Tránsito Tag,KDRJ20,2026-08-11,23:15:22,PA11,Ruta 5 Norte - Sur,285.79,Autopase_Facturado_Central_0020625365_28092026_075300.csv
Autopista Central,Facturado,0020625365,Tránsito Tag,KDRJ20,2026-08-11,23:16:09,PA9,Ruta 5 Norte - Sur,392.83,Autopase_Facturado_Central_0020625365_28092026_075300.csv
Autopista Central,Facturado,0020625365,Tránsito Tag,KDRJ20,2026-08-12,03:27:08,PA7,Ruta 5 Sur - Norte,452.06,Autopase_Facturado_Central_0020625365_28092026_075300.csv
Autopista Central,Facturado,0020625365,Tránsito Tag,LDWP36,2026-08-12,06:06:45,PA31,Ruta 5 Sur - Norte,368.93,Autopase_Facturado_Central_0020625365_28092026_075300.csv
Autopista Central,Facturado,0020625365,Tránsito Tag,LDWP36,2026-08-12,06:08:19,PA13,Ruta 5 Sur - Norte,181.86,Autopase_Facturado_Central_0020625365_28092026_075300.csv
Autopista Central,Facturado,0020625365,Tránsito Tag,KXZS95,2026-08-12,16:41:13,PA12,Ruta 5 Norte - Sur,368.93,Autopase_Facturado_Central_0020625365_28092026_075300.csv
Autopista Central,Facturado,0020625365,Tránsito Tag,LDWP36,2026-08-12,18:31:50,PA21,General Velasquez Sur - Norte,512.34,Autopase_Facturado_Central_0020625365_28092026_075300.csv
Autopista Central,Facturado,0020625365,Tránsito Tag,LDWP36,2026-08-12,18:35:10,PA23,General Velasquez Sur - Norte,287.86,Autopase_Facturado_Central_0020625365_28092026_075300.csv
Autopista Central,Facturado,0020625365,Tránsito Tag,LDWP36,2026-08-12,18:37:07,PA25,General Velasquez Sur - Norte,421.93,Autopase_Facturado_Central_0020625365_28092026_075300.csv
Autopista Central,Facturado,0020625365,Tránsito Tag,LDWP36,2026-08-12,20:17:29,PA18,Ruta 5 Norte - Sur,462.46,Autopase_Facturado_Central_0020625365_28092026_075300.csv
Autopista Central,Facturado,0020625365,Tránsito Tag,LDWP36,2026-08-12,20:21:45,PA15,Ruta 5 Norte - Sur,850.1,Autopase_Facturado_Central_0020625365_28092026_075300.csv
Autopista Central,Facturado,0020625365,Tránsito Tag,KXZS95,2026-08-12,20:30:01,PA14,Ruta 5 Norte - Sur,181.86,Autopase_Facturado_Central_0020625365_28092026_075300.csv
Autopista Central,Facturado,0020625365,Tránsito Tag,LDWP36,2026-08-12,20:35:08,PA25,General Velasquez Sur - Norte,421.93,Autopase_Facturado_Central_0020625365_28092026_075300.csv
Autopista Central,Facturado,0020625365,Tránsito Tag,LDWP36,2026-08-12,20:41:46,PA26,General Velasquez Norte - Sur,421.93,Autopase_Facturado_Central_0020625365_28092026_075300.csv
Autopista Central,Facturado,0020625365,Tránsito Tag,LDWP36,2026-08-12,20:43:39,PA24,General Velasquez Norte - Sur,287.86,Autopase_Facturado_Central_0020625365_28092026_075300.csv
Autopista Central,Facturado,0020625365,Tránsito Tag,LDWP36,2026-08-13,06:16:03,PA31,Ruta 5 Sur - Norte,368.93,Autopase_Facturado_Central_0020625365_28092026_075300.csv
Autopista Central,Facturado,0020625365,Tránsito Tag,LDWP36,2026-08-13,06:17:47,PA13,Ruta 5 Sur - Norte,181.86,Autopase_Facturado_Central_0020625365_28092026_075300.csv
Autopista Central,Facturado,0020625365,Tránsito Tag,LDWP36,2026-08-13,07:25:04,PA14,Ruta 5 Norte - Sur,363.73,Autopase_Facturado_Central_0020625365_28092026_075300.csv
Autopista Central,Facturado,0020625365,Tránsito Tag,LDWP36,2026-08-13,07:26:33,PA12,Ruta 5 Norte - Sur,737.86,Autopase_Facturado_Central_0020625365_28092026_075300.csv
Autopista Central,Facturado,0020625365,Tránsito Tag,LDWP36,2026-08-13,07:28:27,PA11,Ruta 5 Norte - Sur,285.79,Autopase_Facturado_Central_0020625365_28092026_075300.csv
Autopista Central,Facturado,0020625365,Tránsito Tag,LDWP36,2026-08-13,07:29:19,PA9,Ruta 5 Norte - Sur,392.83,Autopase_Facturado_Central_0020625365_28092026_075300.csv
Autopista Central,Facturado,0020625365,Tránsito Tag,LDWP36,2026-08-13,18:31:57,PA21,General Velasquez Sur - Norte,512.34,Autopase_Facturado_Central_0020625365_28092026_075300.csv
Autopista Central,Facturado,0020625365,Tránsito Tag,LDWP36,2026-08-13,20:18:51,PA18,Ruta 5 Norte - Sur,462.46,Autopase_Facturado_Central_0020625365_28092026_075300.csv
Autopista Central,Facturado,0020625365,Tránsito Tag,LDWP36,2026-08-13,20:23:16,PA15,Ruta 5 Norte - Sur,850.1,Autopase_Facturado_Central_0020625365_28092026_075300.csv
Autopista Central,Facturado,0020625365,Tránsito Tag,LDWP36,2026-08-14,06:05:58,PA30,Ruta 5 Sur - Norte,392.83,Autopase_Facturado_Central_0020625365_28092026_075300.csv
Autopista Central,Facturado,0020625365,Tránsito Tag,LDWP36,2026-08-14,06:06:47,PA10,Ruta 5 Sur - Norte,285.79,Autopase_Facturado_Central_0020625365_28092026_075300.csv
Autopista Central,Facturado,0020625365,Tránsito Tag,LDWP36,2026-08-14,06:08:45,PA31,Ruta 5 Sur - Norte,368.93,Autopase_Facturado_Central_0020625365_28092026_075300.csv
Autopista Central,Facturado,0020625365,Tránsito Tag,LDWP36,2026-08-14,06:10:22,PA13,Ruta 5 Sur - Norte,181.86,Autopase_Facturado_Central_0020625365_28092026_075300.csv
Autopista Central,Facturado,0020625365,Tránsito Tag,LDWP36,2026-08-14,07:41:42,PA14,Ruta 5 Norte - Sur,363.73,Autopase_Facturado_Central_0020625365_28092026_075300.csv
Autopista Central,Facturado,0020625365,Tránsito Tag,LDWP36,2026-08-14,07:43:24,PA12,Ruta 5 Norte - Sur,737.86,Autopase_Facturado_Central_0020625365_28092026_075300.csv
Autopista Central,Facturado,0020625365,Tránsito Tag,LDWP36,2026-08-14,07:45:25,PA11,Ruta 5 Norte - Sur,285.79,Autopase_Facturado_Central_0020625365_28092026_075300.csv
Autopista Central,Facturado,0020625365,Tránsito Tag,LDWP36,2026-08-14,07:46:14,PA9,Ruta 5 Norte - Sur,392.83,Autopase_Facturado_Central_0020625365_28092026_075300.csv
Autopista Central,Facturado,0020625365,Tránsito Tag,LPPZ24,2026-08-14,17:56:19,PA5,Ruta 5 Sur - Norte,334.63,Autopase_Facturado_Central_0020625365_28092026_075300.csv
Autopista Central,Facturado,0020625365,Tránsito Tag,LPPZ24,2026-08-14,17:58:53,PA7,Ruta 5 Sur - Norte,452.06,Autopase_Facturado_Central_0020625365_28092026_075300.csv
Autopista Central,Facturado,0020625365,Tránsito Tag,LPPZ24,2026-08-14,18:55:36,PA10,Ruta 5 Sur - Norte,285.79,Autopase_Facturado_Central_0020625365_28092026_075300.csv
Autopista Central,Facturado,0020625365,Tránsito Tag,LPPZ24,2026-08-14,18:57:43,PA31,Ruta 5 Sur - Norte,737.86,Autopase_Facturado_Central_0020625365_28092026_075300.csv
Autopista Central,Facturado,0020625365,Tránsito Tag,LPPZ24,2026-08-14,18:59:25,PA13,Ruta 5 Sur - Norte,363.73,Autopase_Facturado_Central_0020625365_28092026_075300.csv
Autopista Central,Facturado,0020625365,Tránsito Tag,LPPZ24,2026-08-14,19:02:24,PA16,Ruta 5 Sur - Norte,425.04,Autopase_Facturado_Central_0020625365_28092026_075300.csv
Autopista Central,Facturado,0020625365,Tránsito Tag,LPPZ24,2026-08-14,19:05:59,PA17,Ruta 5 Sur - Norte,924.92,Autopase_Facturado_Central_0020625365_28092026_075300.csv
Autopista Central,Facturado,0020625365,Tránsito Tag,LDWP36,2026-08-14,19:16:44,PA28,General Velasquez Sur - Norte,512.34,Autopase_Facturado_Central_0020625365_28092026_075300.csv
Autopista Central,Facturado,0020625365,Tránsito Tag,LDWP36,2026-08-14,19:18:17,PA17,Ruta 5 Sur - Norte,924.92,Autopase_Facturado_Central_0020625365_28092026_075300.csv
Autopista Central,Facturado,0020625365,Tránsito Tag,LDWP36,2026-08-14,20:22:09,PA18,Ruta 5 Norte - Sur,462.46,Autopase_Facturado_Central_0020625365_28092026_075300.csv
Autopista Central,Facturado,0020625365,Tránsito Tag,LDWP36,2026-08-14,20:23:27,PA29,General Velasquez Norte - Sur,1024.69,Autopase_Facturado_Central_0020625365_28092026_075300.csv
Autopista Central,Facturado,0020625365,Tránsito Tag,LDWP36,2026-08-14,20:28:43,PA26,General Velasquez Norte - Sur,843.86,Autopase_Facturado_Central_0020625365_28092026_075300.csv
Autopista Central,Facturado,0020625365,Tránsito Tag,KXZS95,2026-08-14,20:31:14,PA30,Ruta 5 Sur - Norte,392.83,Autopase_Facturado_Central_0020625365_28092026_075300.csv
Autopista Central,Facturado,0020625365,Tránsito Tag,LPPZ24,2026-08-14,20:38:03,PA18,Ruta 5 Norte - Sur,462.46,Autopase_Facturado_Central_0020625365_28092026_075300.csv
Autopista Central,Facturado,0020625365,Tránsito Tag,LPPZ24,2026-08-14,20:39:10,PA29,General Velasquez Norte - Sur,512.34,Autopase_Facturado_Central_0020625365_28092026_075300.csv
Autopista Central,Facturado,0020625365,Tránsito Tag,LPPZ24,2026-08-14,20:43:25,PA26,General Velasquez Norte - Sur,421.93,Autopase_Facturado_Central_0020625365_28092026_075300.csv
Autopista Central,Facturado,0020625365,Tránsito Tag,LPPZ24,2026-08-14,20:45:03,PA24,General Velasquez Norte - Sur,287.86,Autopase_Facturado_Central_0020625365_28092026_075300.csv
Autopista Central,Facturado,0020625365,Tránsito Tag,LPPZ24,2026-08-14,21:07:30,PA9,Ruta 5 Norte - Sur,392.83,Autopase_Facturado_Central_0020625365_28092026_075300.csv
Autopista Central,Facturado,0020625365,Tránsito Tag,LPPZ24,2026-08-14,21:10:28,PA8,Ruta 5 Norte - Sur,452.06,Autopase_Facturado_Central_0020625365_28092026_075300.csv
Autopista Central,Facturado,0020625365,Tránsito Tag,LPPZ24,2026-08-14,21:11:36,PA32,Ruta 5 Norte - Sur,176.67,Autopase_Facturado_Central_0020625365_28092026_075300.csv
Autopista Central,Facturado,0020625365,Tránsito Tag,LPPZ24,2026-08-14,21:13:15,PA6,Ruta 5 Norte - Sur,157.96,Autopase_Facturado_Central_0020625365_28092026_075300.csv
Autopista Central,Facturado,0020625365,Tránsito Tag,LPPZ24,2026-08-14,21:14:19,PA37,Ruta 5 Norte - Sur,455.18,Autopase_Facturado_Central_0020625365_28092026_075300.csv
Autopista Central,Facturado,0020625365,Tránsito Tag,LPPZ24,2026-08-14,21:16:02,PA4,Ruta 5 Norte - Sur,129.9,Autopase_Facturado_Central_0020625365_28092026_075300.csv
Autopista Central,Facturado,0020625365,Tránsito Tag,LPPZ24,2026-08-14,21:22:35,PA3,Ruta 5 Sur - Norte,585.09,Autopase_Facturado_Central_0020625365_28092026_075300.csv
Autopista Central,Facturado,0020625365,Tránsito Tag,LPPZ24,2026-08-14,23:22:12,PA5,Ruta 5 Sur - Norte,334.63,Autopase_Facturado_Central_0020625365_28092026_075300.csv
Autopista Central,Facturado,0020625365,Tránsito Tag,LDWP36,2026-08-15,05:59:40,PA31,Ruta 5 Sur - Norte,368.93,Autopase_Facturado_Central_0020625365_28092026_075300.csv
Autopista Central,Facturado,0020625365,Tránsito Tag,LDWP36,2026-08-15,06:01:21,PA13,Ruta 5 Sur - Norte,181.86,Autopase_Facturado_Central_0020625365_28092026_075300.csv
Autopista Central,Facturado,0020625365,Tránsito Tag,LPPZ24,2026-08-15,07:02:48,PA13,Ruta 5 Sur - Norte,181.86,Autopase_Facturado_Central_0020625365_28092026_075300.csv
Autopista Central,Facturado,0020625365,Tránsito Tag,LPPZ24,2026-08-15,07:05:34,PA16,Ruta 5 Sur - Norte,425.04,Autopase_Facturado_Central_0020625365_28092026_075300.csv
Autopista Central,Facturado,0020625365,Tránsito Tag,KDRJ20,2026-08-15,07:10:31,PA25,General Velasquez Sur - Norte,421.93,Autopase_Facturado_Central_0020625365_28092026_075300.csv
Autopista Central,Facturado,0020625365,Tránsito Tag,KDRJ20,2026-08-15,07:14:36,PA28,General Velasquez Sur - Norte,512.34,Autopase_Facturado_Central_0020625365_28092026_075300.csv
Autopista Central,Facturado,0020625365,Tránsito Tag,KDRJ20,2026-08-15,07:15:41,PA17,Ruta 5 Sur - Norte,462.46,Autopase_Facturado_Central_0020625365_28092026_075300.csv
Autopista Central,Facturado,0020625365,Tránsito Tag,LPPZ24,2026-08-15,07:32:19,PA18,Ruta 5 Norte - Sur,462.46,Autopase_Facturado_Central_0020625365_28092026_075300.csv
Autopista Central,Facturado,0020625365,Tránsito Tag,LPPZ24,2026-08-15,07:33:25,PA29,General Velasquez Norte - Sur,512.34,Autopase_Facturado_Central_0020625365_28092026_075300.csv
Autopista Central,Facturado,0020625365,Tránsito Tag,LPPZ24,2026-08-15,07:37:44,PA26,General Velasquez Norte - Sur,421.93,Autopase_Facturado_Central_0020625365_28092026_075300.csv
Autopista Central,Facturado,0020625365,Tránsito Tag,LPPZ24,2026-08-15,07:39:09,PA24,General Velasquez Norte - Sur,287.86,Autopase_Facturado_Central_0020625365_28092026_075300.csv
Autopista Central,Facturado,0020625365,Tránsito Tag,LPPZ24,2026-08-15,07:41:27,PA22,General Velasquez Norte - Sur,512.34,Autopase_Facturado_Central_0020625365_28092026_075300.csv
Autopista Central,Facturado,0020625365,Tránsito Tag,LPPZ24,2026-08-15,07:43:17,PA20,General Velasquez Norte - Sur,412.57,Autopase_Facturado_Central_0020625365_28092026_075300.csv
Autopista Central,Facturado,0020625365,Tránsito Tag,LPPZ24,2026-08-15,07:44:39,PA32,Ruta 5 Norte - Sur,176.67,Autopase_Facturado_Central_0020625365_28092026_075300.csv
Autopista Central,Facturado,0020625365,Tránsito Tag,KDRJ20,2026-08-15,08:24:52,PA18,Ruta 5 Norte - Sur,462.46,Autopase_Facturado_Central_0020625365_28092026_075300.csv
Autopista Central,Facturado,0020625365,Tránsito Tag,KXZS95,2026-08-15,08:32:46,PA13,Ruta 5 Sur - Norte,181.86,Autopase_Facturado_Central_0020625365_28092026_075300.csv
Autopista Central,Facturado,0020625365,Tránsito Tag,KDRJ20,2026-08-15,08:36:51,PA26,General Velasquez Norte - Sur,421.93,Autopase_Facturado_Central_0020625365_28092026_075300.csv
Autopista Central,Facturado,0020625365,Tránsito Tag,KDRJ20,2026-08-15,09:29:56,PA31,Ruta 5 Sur - Norte,368.93,Autopase_Facturado_Central_0020625365_28092026_075300.csv
Autopista Central,Facturado,0020625365,Tránsito Tag,KXZS95,2026-08-15,17:28:35,PA14,Ruta 5 Norte - Sur,181.86,Autopase_Facturado_Central_0020625365_28092026_075300.csv
Autopista Central,Facturado,0020625365,Tránsito Tag,KXZS95,2026-08-15,17:54:32,PA13,Ruta 5 Sur - Norte,181.86,Autopase_Facturado_Central_0020625365_28092026_075300.csv
Autopista Central,Facturado,0020625365,Tránsito Tag,LPPZ24,2026-08-15,18:04:23,PA5,Ruta 5 Sur - Norte,334.63,Autopase_Facturado_Central_0020625365_28092026_075300.csv
Autopista Central,Facturado,0020625365,Tránsito Tag,LPPZ24,2026-08-15,18:07:12,PA7,Ruta 5 Sur - Norte,452.06,Autopase_Facturado_Central_0020625365_28092026_075300.csv
Autopista Central,Facturado,0020625365,Tránsito Tag,LPPZ24,2026-08-15,18:53:35,PA10,Ruta 5 Sur - Norte,285.79,Autopase_Facturado_Central_0020625365_28092026_075300.csv
Autopista Central,Facturado,0020625365,Tránsito Tag,LPPZ24,2026-08-15,18:55:41,PA31,Ruta 5 Sur - Norte,368.93,Autopase_Facturado_Central_0020625365_28092026_075300.csv
Autopista Central,Facturado,0020625365,Tránsito Tag,LPPZ24,2026-08-15,18:57:13,PA13,Ruta 5 Sur - Norte,181.86,Autopase_Facturado_Central_0020625365_28092026_075300.csv
Autopista Central,Facturado,0020625365,Tránsito Tag,LPPZ24,2026-08-15,19:00:04,PA16,Ruta 5 Sur - Norte,425.04,Autopase_Facturado_Central_0020625365_28092026_075300.csv
Autopista Central,Facturado,0020625365,Tránsito Tag,LPPZ24,2026-08-15,19:03:14,PA17,Ruta 5 Sur - Norte,462.46,Autopase_Facturado_Central_0020625365_28092026_075300.csv
Autopista Central,Facturado,0020625365,Tránsito Tag,LDWP36,2026-08-15,19:20:27,PA28,General Velasquez Sur - Norte,512.34,Autopase_Facturado_Central_0020625365_28092026_075300.csv
Autopista Central,Facturado,0020625365,Tránsito Tag,LDWP36,2026-08-15,19:21:56,PA17,Ruta 5 Sur - Norte,462.46,Autopase_Facturado_Central_0020625365_28092026_075300.csv
Autopista Central,Facturado,0020625365,Tránsito Tag,LPPZ24,2026-08-15,20:36:18,PA18,Ruta 5 Norte - Sur,462.46,Autopase_Facturado_Central_0020625365_28092026_075300.csv
Autopista Central,Facturado,0020625365,Tránsito Tag,LPPZ24,2026-08-15,20:37:27,PA29,General Velasquez Norte - Sur,512.34,Autopase_Facturado_Central_0020625365_28092026_075300.csv
Autopista Central,Facturado,0020625365,Tránsito Tag,LPPZ24,2026-08-15,20:41:59,PA26,General Velasquez Norte - Sur,421.93,Autopase_Facturado_Central_0020625365_28092026_075300.csv
Autopista Central,Facturado,0020625365,Tránsito Tag,LPPZ24,2026-08-15,20:43:26,PA24,General Velasquez Norte - Sur,287.86,Autopase_Facturado_Central_0020625365_28092026_075300.csv
Autopista Central,Facturado,0020625365,Tránsito Tag,LPPZ24,2026-08-15,21:04:41,PA9,Ruta 5 Norte - Sur,392.83,Autopase_Facturado_Central_0020625365_28092026_075300.csv
Autopista Central,Facturado,0020625365,Tránsito Tag,LPPZ24,2026-08-15,21:07:31,PA8,Ruta 5 Norte - Sur,452.06,Autopase_Facturado_Central_0020625365_28092026_075300.csv
Autopista Central,Facturado,0020625365,Tránsito Tag,LPPZ24,2026-08-15,21:08:34,PA32,Ruta 5 Norte - Sur,176.67,Autopase_Facturado_Central_0020625365_28092026_075300.csv
Autopista Central,Facturado,0020625365,Tránsito Tag,LPPZ24,2026-08-15,21:10:11,PA6,Ruta 5 Norte - Sur,157.96,Autopase_Facturado_Central_0020625365_28092026_075300.csv
Autopista Central,Facturado,0020625365,Tránsito Tag,LPPZ24,2026-08-15,21:11:08,PA37,Ruta 5 Norte - Sur,455.18,Autopase_Facturado_Central_0020625365_28092026_075300.csv
Autopista Central,Facturado,0020625365,Tránsito Tag,LPPZ24,2026-08-15,23:40:18,PA5,Ruta 5 Sur - Norte,334.63,Autopase_Facturado_Central_0020625365_28092026_075300.csv
Autopista Central,Facturado,0020625365,Tránsito Tag,KDRJ20,2026-08-16,00:23:33,PA32,Ruta 5 Norte - Sur,176.67,Autopase_Facturado_Central_0020625365_28092026_075300.csv
Autopista Central,Facturado,0020625365,Tránsito Tag,KDRJ20,2026-08-16,00:24:55,PA6,Ruta 5 Norte - Sur,157.96,Autopase_Facturado_Central_0020625365_28092026_075300.csv
Autopista Central,Facturado,0020625365,Tránsito Tag,KDRJ20,2026-08-16,00:25:46,PA37,Ruta 5 Norte - Sur,455.18,Autopase_Facturado_Central_0020625365_28092026_075300.csv
Autopista Central,Facturado,0020625365,Tránsito Tag,KDRJ20,2026-08-16,01:05:10,PA7,Ruta 5 Sur - Norte,452.06,Autopase_Facturado_Central_0020625365_28092026_075300.csv
Autopista Central,Facturado,0020625365,Tránsito Tag,KDRJ20,2026-08-16,03:49:10,PA7,Ruta 5 Sur - Norte,452.06,Autopase_Facturado_Central_0020625365_28092026_075300.csv
Autopista Central,Facturado,0020625365,Tránsito Tag,LPPZ24,2026-08-16,04:47:46,PA7,Ruta 5 Sur - Norte,452.06,Autopase_Facturado_Central_0020625365_28092026_075300.csv
Autopista Central,Facturado,0020625365,Tránsito Tag,LPPZ24,2026-08-16,05:27:07,PA8,Ruta 5 Norte - Sur,452.06,Autopase_Facturado_Central_0020625365_28092026_075300.csv
Autopista Central,Facturado,0020625365,Tránsito Tag,LPPZ24,2026-08-16,05:40:40,PA7,Ruta 5 Sur - Norte,452.06,Autopase_Facturado_Central_0020625365_28092026_075300.csv
Autopista Central,Facturado,0020625365,Tránsito Tag,LPPZ24,2026-08-16,06:56:38,PA13,Ruta 5 Sur - Norte,181.86,Autopase_Facturado_Central_0020625365_28092026_075300.csv
Autopista Central,Facturado,0020625365,Tránsito Tag,LPPZ24,2026-08-16,06:59:17,PA16,Ruta 5 Sur - Norte,425.04,Autopase_Facturado_Central_0020625365_28092026_075300.csv
Autopista Central,Facturado,0020625365,Tránsito Tag,KDRJ20,2026-08-16,07:04:11,PA25,General Velasquez Sur - Norte,421.93,Autopase_Facturado_Central_0020625365_28092026_075300.csv
Autopista Central,Facturado,0020625365,Tránsito Tag,KDRJ20,2026-08-16,07:08:55,PA28,General Velasquez Sur - Norte,512.34,Autopase_Facturado_Central_0020625365_28092026_075300.csv
Autopista Central,Facturado,0020625365,Tránsito Tag,KDRJ20,2026-08-16,07:10:09,PA17,Ruta 5 Sur - Norte,462.46,Autopase_Facturado_Central_0020625365_28092026_075300.csv
Autopista Central,Facturado,0020625365,Tránsito Tag,LPPZ24,2026-08-16,07:26:50,PA18,Ruta 5 Norte - Sur,462.46,Autopase_Facturado_Central_0020625365_28092026_075300.csv
Autopista Central,Facturado,0020625365,Tránsito Tag,LPPZ24,2026-08-16,07:27:49,PA29,General Velasquez Norte - Sur,512.34,Autopase_Facturado_Central_0020625365_28092026_075300.csv
Autopista Central,Facturado,0020625365,Tránsito Tag,LPPZ24,2026-08-16,07:32:09,PA26,General Velasquez Norte - Sur,421.93,Autopase_Facturado_Central_0020625365_28092026_075300.csv
Autopista Central,Facturado,0020625365,Tránsito Tag,LPPZ24,2026-08-16,07:33:30,PA24,General Velasquez Norte - Sur,287.86,Autopase_Facturado_Central_0020625365_28092026_075300.csv
Autopista Central,Facturado,0020625365,Tránsito Tag,LPPZ24,2026-08-16,07:35:54,PA22,General Velasquez Norte - Sur,512.34,Autopase_Facturado_Central_0020625365_28092026_075300.csv
Autopista Central,Facturado,0020625365,Tránsito Tag,LPPZ24,2026-08-16,07:37:55,PA20,General Velasquez Norte - Sur,412.57,Autopase_Facturado_Central_0020625365_28092026_075300.csv
Autopista Central,Facturado,0020625365,Tránsito Tag,LPPZ24,2026-08-16,07:39:21,PA32,Ruta 5 Norte - Sur,176.67,Autopase_Facturado_Central_0020625365_28092026_075300.csv
Autopista Central,Facturado,0020625365,Tránsito Tag,LPPZ24,2026-08-16,07:40:44,PA6,Ruta 5 Norte - Sur,157.96,Autopase_Facturado_Central_0020625365_28092026_075300.csv
Autopista Central,Facturado,0020625365,Tránsito Tag,LPPZ24,2026-08-16,07:41:39,PA37,Ruta 5 Norte - Sur,455.18,Autopase_Facturado_Central_0020625365_28092026_075300.csv
Autopista Central,Facturado,0020625365,Tránsito Tag,KDRJ20,2026-08-16,08:23:57,PA18,Ruta 5 Norte - Sur,462.46,Autopase_Facturado_Central_0020625365_28092026_075300.csv
Autopista Central,Facturado,0020625365,Tránsito Tag,KDRJ20,2026-08-16,08:36:36,PA26,General Velasquez Norte - Sur,421.93,Autopase_Facturado_Central_0020625365_28092026_075300.csv
Autopista Central,Facturado,0020625365,Tránsito Tag,LPPZ24,2026-08-16,18:06:50,PA5,Ruta 5 Sur - Norte,669.27,Autopase_Facturado_Central_0020625365_28092026_075300.csv
Autopista Central,Facturado,0020625365,Tránsito Tag,LPPZ24,2026-08-16,18:08:50,PA19,General Velasquez Sur - Norte,412.57,Autopase_Facturado_Central_0020625365_28092026_075300.csv
Autopista Central,Facturado,0020625365,Tránsito Tag,LPPZ24,2026-08-16,18:43:49,PA10,Ruta 5 Sur - Norte,571.58,Autopase_Facturado_Central_0020625365_28092026_075300.csv
Autopista Central,Facturado,0020625365,Tránsito Tag,LPPZ24,2026-08-16,18:45:48,PA31,Ruta 5 Sur - Norte,737.86,Autopase_Facturado_Central_0020625365_28092026_075300.csv
Autopista Central,Facturado,0020625365,Tránsito Tag,LPPZ24,2026-08-16,18:47:15,PA13,Ruta 5 Sur - Norte,363.73,Autopase_Facturado_Central_0020625365_28092026_075300.csv
Autopista Central,Facturado,0020625365,Tránsito Tag,LPPZ24,2026-08-16,18:59:57,PA16,Ruta 5 Sur - Norte,425.04,Autopase_Facturado_Central_0020625365_28092026_075300.csv
Autopista Central,Facturado,0020625365,Tránsito Tag,LPPZ24,2026-08-16,19:03:12,PA17,Ruta 5 Sur - Norte,462.46,Autopase_Facturado_Central_0020625365_28092026_075300.csv
Autopista Central,Facturado,0020625365,Tránsito Tag,LPPZ24,2026-08-16,20:29:08,PA18,Ruta 5 Norte - Sur,462.46,Autopase_Facturado_Central_0020625365_28092026_075300.csv
Autopista Central,Facturado,0020625365,Tránsito Tag,LPPZ24,2026-08-16,20:30:19,PA29,General Velasquez Norte - Sur,512.34,Autopase_Facturado_Central_0020625365_28092026_075300.csv
Autopista Central,Facturado,0020625365,Tránsito Tag,LPPZ24,2026-08-16,20:34:36,PA26,General Velasquez Norte - Sur,421.93,Autopase_Facturado_Central_0020625365_28092026_075300.csv
Autopista Central,Facturado,0020625365,Tránsito Tag,LPPZ24,2026-08-16,20:36:10,PA24,General Velasquez Norte - Sur,287.86,Autopase_Facturado_Central_0020625365_28092026_075300.csv
Autopista Central,Facturado,0020625365,Tránsito Tag,KDRJ20,2026-08-16,20:45:40,PA13,Ruta 5 Sur - Norte,181.86,Autopase_Facturado_Central_0020625365_28092026_075300.csv
Autopista Central,Facturado,0020625365,Tránsito Tag,LPPZ24,2026-08-16,20:58:36,PA9,Ruta 5 Norte - Sur,392.83,Autopase_Facturado_Central_0020625365_28092026_075300.csv
Autopista Central,Facturado,0020625365,Tránsito Tag,LPPZ24,2026-08-16,21:01:44,PA8,Ruta 5 Norte - Sur,452.06,Autopase_Facturado_Central_0020625365_28092026_075300.csv
Autopista Central,Facturado,0020625365,Tránsito Tag,LPPZ24,2026-08-16,21:02:43,PA32,Ruta 5 Norte - Sur,176.67,Autopase_Facturado_Central_0020625365_28092026_075300.csv
Autopista Central,Facturado,0020625365,Tránsito Tag,LPPZ24,2026-08-16,21:04:10,PA6,Ruta 5 Norte - Sur,157.96,Autopase_Facturado_Central_0020625365_28092026_075300.csv
Autopista Central,Facturado,0020625365,Tránsito Tag,LPPZ24,2026-08-16,21:05:00,PA37,Ruta 5 Norte - Sur,455.18,Autopase_Facturado_Central_0020625365_28092026_075300.csv
Autopista Central,Facturado,0020625365,Tránsito Tag,KDRJ20,2026-08-16,22:07:06,PA14,Ruta 5 Norte - Sur,181.86,Autopase_Facturado_Central_0020625365_28092026_075300.csv
Autopista Central,Facturado,0020625365,Tránsito Tag,LPPZ24,2026-08-16,22:07:23,PA5,Ruta 5 Sur - Norte,334.63,Autopase_Facturado_Central_0020625365_28092026_075300.csv
Autopista Central,Facturado,0020625365,Tránsito Tag,LPPZ24,2026-08-16,22:09:18,PA19,General Velasquez Sur - Norte,412.57,Autopase_Facturado_Central_0020625365_28092026_075300.csv
Autopista Central,Facturado,0020821947,Tránsito Tag,KDRJ20,2026-08-13,00:23:55,PA32,Ruta 5 Norte - Sur,176.67,Autopase_Facturado_Central_0020821947_28092026_075120.csv
Autopista Central,Facturado,0020821947,Tránsito Tag,KDRJ20,2026-08-13,01:04:38,PA5,Ruta 5 Sur - Norte,334.63,Autopase_Facturado_Central_0020821947_28092026_075120.csv
Autopista Central,Facturado,0020821947,Tránsito Tag,KDRJ20,2026-08-13,01:07:06,PA19,General Velasquez Sur - Norte,412.57,Autopase_Facturado_Central_0020821947_28092026_075120.csv
Autopista Central,Facturado,0020821947,Tránsito Tag,KDRJ20,2026-08-13,01:48:39,PA32,Ruta 5 Norte - Sur,176.67,Autopase_Facturado_Central_0020821947_28092026_075120.csv
Autopista Central,Facturado,0020821947,Tránsito Tag,KDRJ20,2026-08-13,04:40:30,PA19,General Velasquez Sur - Norte,412.57,Autopase_Facturado_Central_0020821947_28092026_075120.csv
Autopista Central,Facturado,0020821947,Tránsito Tag,KDRJ20,2026-08-13,06:40:05,PA23,General Velasquez Sur - Norte,287.86,Autopase_Facturado_Central_0020821947_28092026_075120.csv
Autopista Central,Facturado,0020821947,Tránsito Tag,KDRJ20,2026-08-13,07:04:58,PA16,Ruta 5 Sur - Norte,425.04,Autopase_Facturado_Central_0020821947_28092026_075120.csv
Autopista Central,Facturado,0020821947,Tránsito Tag,KDRJ20,2026-08-13,07:09:00,PA17,Ruta 5 Sur - Norte,924.92,Autopase_Facturado_Central_0020821947_28092026_075120.csv
Autopista Central,Facturado,0020821947,Tránsito Tag,KDRJ20,2026-08-13,09:19:16,PA26,General Velasquez Norte - Sur,421.93,Autopase_Facturado_Central_0020821947_28092026_075120.csv
Autopista Central,Facturado,0020821947,Tránsito Tag,KDRJ20,2026-08-13,09:20:56,PA24,General Velasquez Norte - Sur,287.86,Autopase_Facturado_Central_0020821947_28092026_075120.csv
Autopista Central,Facturado,0020821947,Tránsito Tag,KDRJ20,2026-08-13,09:23:26,PA22,General Velasquez Norte - Sur,512.34,Autopase_Facturado_Central_0020821947_28092026_075120.csv
Autopista Central,Facturado,0020821947,Tránsito Tag,LPPZ24,2026-08-13,19:00:33,PA10,Ruta 5 Sur - Norte,285.79,Autopase_Facturado_Central_0020821947_28092026_075120.csv
Autopista Central,Facturado,0020821947,Tránsito Tag,LPPZ24,2026-08-13,19:02:38,PA31,Ruta 5 Sur - Norte,368.93,Autopase_Facturado_Central_0020821947_28092026_075120.csv
Autopista Central,Facturado,0020821947,Tránsito Tag,LPPZ24,2026-08-13,19:21:11,PA13,Ruta 5 Sur - Norte,181.86,Autopase_Facturado_Central_0020821947_28092026_075120.csv
Autopista Central,Facturado,0020821947,Tránsito Tag,LPPZ24,2026-08-13,19:24:11,PA16,Ruta 5 Sur - Norte,425.04,Autopase_Facturado_Central_0020821947_28092026_075120.csv
Autopista Central,Facturado,0020821947,Tránsito Tag,LPPZ24,2026-08-13,19:27:43,PA17,Ruta 5 Sur - Norte,924.92,Autopase_Facturado_Central_0020821947_28092026_075120.csv
Autopista Central,Facturado,0020821947,Tránsito Tag,LPPZ24,2026-08-13,20:18:58,PA18,Ruta 5 Norte - Sur,462.46,Autopase_Facturado_Central_0020821947_28092026_075120.csv
Autopista Central,Facturado,0020821947,Tránsito Tag,LPPZ24,2026-08-13,20:24:35,PA15,Ruta 5 Norte - Sur,850.1,Autopase_Facturado_Central_0020821947_28092026_075120.csv
Autopista Central,Facturado,0020821947,Tránsito Tag,LPPZ24,2026-08-13,20:26:57,PA14,Ruta 5 Norte - Sur,363.73,Autopase_Facturado_Central_0020821947_28092026_075120.csv
Autopista Central,Facturado,0020821947,Tránsito Tag,LPPZ24,2026-08-13,21:02:53,PA8,Ruta 5 Norte - Sur,452.06,Autopase_Facturado_Central_0020821947_28092026_075120.csv
Autopista Central,Facturado,0020821947,Tránsito Tag,LPPZ24,2026-08-13,21:03:54,PA32,Ruta 5 Norte - Sur,176.67,Autopase_Facturado_Central_0020821947_28092026_075120.csv
Autopista Central,Facturado,0020821947,Tránsito Tag,LPPZ24,2026-08-13,21:05:27,PA6,Ruta 5 Norte - Sur,157.96,Autopase_Facturado_Central_0020821947_28092026_075120.csv
Autopista Central,Facturado,0020821947,Tránsito Tag,LPPZ24,2026-08-13,21:06:23,PA37,Ruta 5 Norte - Sur,455.18,Autopase_Facturado_Central_0020821947_28092026_075120.csv
Autopista Central,Facturado,0020821947,Tránsito Tag,LPPZ24,2026-08-13,21:08:05,PA4,Ruta 5 Norte - Sur,129.9,Autopase_Facturado_Central_0020821947_28092026_075120.csv
Autopista Central,Facturado,0020821947,Tránsito Tag,LPPZ24,2026-08-13,21:14:19,PA3,Ruta 5 Sur - Norte,585.09,Autopase_Facturado_Central_0020821947_28092026_075120.csv
Autopista Central,Facturado,0020821947,Tránsito Tag,LPPZ24,2026-08-13,23:02:53,PA5,Ruta 5 Sur - Norte,334.63,Autopase_Facturado_Central_0020821947_28092026_075120.csv
Autopista Central,Facturado,0020821947,Tránsito Tag,LPPZ24,2026-08-14,01:14:04,PA3,Ruta 5 Sur - Norte,585.09,Autopase_Facturado_Central_0020821947_28092026_075120.csv
Autopista Central,Facturado,0020821947,Tránsito Tag,LPPZ24,2026-08-14,01:26:39,PA5,Ruta 5 Sur - Norte,334.63,Autopase_Facturado_Central_0020821947_28092026_075120.csv
Autopista Central,Facturado,0020821947,Tránsito Tag,LPPZ24,2026-08-14,01:28:53,PA7,Ruta 5 Sur - Norte,452.06,Autopase_Facturado_Central_0020821947_28092026_075120.csv
Autopista Central,Facturado,0020821947,Tránsito Tag,KDRJ20,2026-08-14,02:20:02,PA21,General Velasquez Sur - Norte,512.34,Autopase_Facturado_Central_0020821947_28092026_075120.csv
Autopista Central,Facturado,0020821947,Tránsito Tag,LPPZ24,2026-08-14,05:09:25,PA11,Ruta 5 Norte - Sur,285.79,Autopase_Facturado_Central_0020821947_28092026_075120.csv
Autopista Central,Facturado,0020821947,Tránsito Tag,LPPZ24,2026-08-14,05:10:12,PA9,Ruta 5 Norte - Sur,392.83,Autopase_Facturado_Central_0020821947_28092026_075120.csv
Autopista Central,Facturado,0020821947,Tránsito Tag,LPPZ24,2026-08-14,05:12:58,PA8,Ruta 5 Norte - Sur,452.06,Autopase_Facturado_Central_0020821947_28092026_075120.csv
Autopista Central,Facturado,0020821947,Tránsito Tag,LPPZ24,2026-08-14,05:13:58,PA32,Ruta 5 Norte - Sur,176.67,Autopase_Facturado_Central_0020821947_28092026_075120.csv
Autopista Central,Facturado,0020821947,Tránsito Tag,LPPZ24,2026-08-14,05:29:13,PA4,Ruta 5 Norte - Sur,129.9,Autopase_Facturado_Central_0020821947_28092026_075120.csv
Autopista Central,Facturado,0020821947,Tránsito Tag,LPPZ24,2026-08-14,05:56:27,PA5,Ruta 5 Sur - Norte,334.63,Autopase_Facturado_Central_0020821947_28092026_075120.csv
Autopista Central,Facturado,0020821947,Tránsito Tag,LPPZ24,2026-08-14,05:58:48,PA7,Ruta 5 Sur - Norte,452.06,Autopase_Facturado_Central_0020821947_28092026_075120.csv
Autopista Central,Facturado,0020821947,Tránsito Tag,LPPZ24,2026-08-14,07:02:59,PA13,Ruta 5 Sur - Norte,363.73,Autopase_Facturado_Central_0020821947_28092026_075120.csv
Autopista Central,Facturado,0020821947,Tránsito Tag,LPPZ24,2026-08-14,07:06:44,PA16,Ruta 5 Sur - Norte,425.04,Autopase_Facturado_Central_0020821947_28092026_075120.csv
Autopista Central,Facturado,0020821947,Tránsito Tag,LPPZ24,2026-08-14,07:10:41,PA17,Ruta 5 Sur - Norte,924.92,Autopase_Facturado_Central_0020821947_28092026_075120.csv
Autopista Central,Facturado,0020821947,Tránsito Tag,KDRJ20,2026-08-14,07:12:46,PA25,General Velasquez Sur - Norte,843.86,Autopase_Facturado_Central_0020821947_28092026_075120.csv
Autopista Central,Facturado,0020821947,Tránsito Tag,KDRJ20,2026-08-14,07:18:36,PA28,General Velasquez Sur - Norte,1024.69,Autopase_Facturado_Central_0020821947_28092026_075120.csv
Autopista Central,Facturado,0020821947,Tránsito Tag,KDRJ20,2026-08-14,07:20:31,PA17,Ruta 5 Sur - Norte,924.92,Autopase_Facturado_Central_0020821947_28092026_075120.csv
Autopista Central,Facturado,0020821947,Tránsito Tag,LPPZ24,2026-08-14,07:21:43,PA18,Ruta 5 Norte - Sur,924.92,Autopase_Facturado_Central_0020821947_28092026_075120.csv
Autopista Central,Facturado,0020821947,Tránsito Tag,LPPZ24,2026-08-14,07:23:27,PA29,General Velasquez Norte - Sur,512.34,Autopase_Facturado_Central_0020821947_28092026_075120.csv
Autopista Central,Facturado,0020821947,Tránsito Tag,LPPZ24,2026-08-14,07:28:13,PA26,General Velasquez Norte - Sur,421.93,Autopase_Facturado_Central_0020821947_28092026_075120.csv
Autopista Central,Facturado,0020821947,Tránsito Tag,LPPZ24,2026-08-14,07:29:49,PA24,General Velasquez Norte - Sur,287.86,Autopase_Facturado_Central_0020821947_28092026_075120.csv
Autopista Central,Facturado,0020821947,Tránsito Tag,LPPZ24,2026-08-14,07:32:28,PA22,General Velasquez Norte - Sur,512.34,Autopase_Facturado_Central_0020821947_28092026_075120.csv
Autopista Central,Facturado,0020821947,Tránsito Tag,LPPZ24,2026-08-14,07:34:41,PA20,General Velasquez Norte - Sur,412.57,Autopase_Facturado_Central_0020821947_28092026_075120.csv
Autopista Central,Facturado,0020821947,Tránsito Tag,LPPZ24,2026-08-14,07:36:20,PA32,Ruta 5 Norte - Sur,176.67,Autopase_Facturado_Central_0020821947_28092026_075120.csv
Autopista Central,Facturado,0020821947,Tránsito Tag,LPPZ24,2026-08-14,07:38:13,PA6,Ruta 5 Norte - Sur,157.96,Autopase_Facturado_Central_0020821947_28092026_075120.csv
Autopista Central,Facturado,0020821947,Tránsito Tag,KDRJ20,2026-08-14,08:16:36,PA18,Ruta 5 Norte - Sur,924.92,Autopase_Facturado_Central_0020821947_28092026_075120.csv
Autopista Central,Facturado,0020821947,Tránsito Tag,KDRJ20,2026-08-14,09:05:31,PA22,General Velasquez Norte - Sur,512.34,Autopase_Facturado_Central_0020821947_28092026_075120.csv
Autopista Central,Facturado,0020821947,Tránsito Tag,LJDV98,2026-08-14,11:43:03,PA30,Ruta 5 Sur - Norte,392.83,Autopase_Facturado_Central_0020821947_28092026_075120.csv
Autopista Central,Facturado,0020821947,Tránsito Tag,LJDV98,2026-08-14,11:44:00,PA10,Ruta 5 Sur - Norte,285.79,Autopase_Facturado_Central_0020821947_28092026_075120.csv
Autopista Central,Facturado,0020821947,Tránsito Tag,LJDV98,2026-08-14,11:46:52,PA31,Ruta 5 Sur - Norte,737.86,Autopase_Facturado_Central_0020821947_28092026_075120.csv
Autopista Central,Facturado,0020821947,Tránsito Tag,LJDV98,2026-08-14,19:37:22,PA16,Ruta 5 Sur - Norte,425.04,Autopase_Facturado_Central_0020821947_28092026_075120.csv
Autopista Central,Facturado,0020821947,Tránsito Tag,LJDV98,2026-08-14,19:41:35,PA17,Ruta 5 Sur - Norte,462.46,Autopase_Facturado_Central_0020821947_28092026_075120.csv
Autopista Central,Facturado,0020821947,Tránsito Tag,LJDV98,2026-08-14,20:23:00,PA18,Ruta 5 Norte - Sur,462.46,Autopase_Facturado_Central_0020821947_28092026_075120.csv
Autopista Central,Facturado,0020821947,Tránsito Tag,LJDV98,2026-08-14,20:27:59,PA15,Ruta 5 Norte - Sur,850.1,Autopase_Facturado_Central_0020821947_28092026_075120.csv
Autopista Central,Facturado,0020821947,Tránsito Tag,LJDV98,2026-08-14,23:41:55,PA32,Ruta 5 Norte - Sur,176.67,Autopase_Facturado_Central_0020821947_28092026_075120.csv
Autopista Central,Facturado,0020821947,Tránsito Tag,KZGL59,2026-08-15,01:08:27,PA16,Ruta 5 Sur - Norte,425.04,Autopase_Facturado_Central_0020821947_28092026_075120.csv
Autopista Central,Facturado,0020821947,Tránsito Tag,LJDV98,2026-08-15,03:51:06,PA22,General Velasquez Norte - Sur,512.34,Autopase_Facturado_Central_0020821947_28092026_075120.csv
Autopista Central,Facturado,0020821947,Tránsito Tag,LJDV98,2026-08-15,04:52:58,PA26,General Velasquez Norte - Sur,421.93,Autopase_Facturado_Central_0020821947_28092026_075120.csv
Autopista Central,Facturado,0020821947,Tránsito Tag,LJDV98,2026-08-15,04:54:37,PA24,General Velasquez Norte - Sur,287.86,Autopase_Facturado_Central_0020821947_28092026_075120.csv
Autopista Central,Facturado,0020821947,Tránsito Tag,LJDV98,2026-08-15,04:57:29,PA22,General Velasquez Norte - Sur,512.34,Autopase_Facturado_Central_0020821947_28092026_075120.csv
Autopista Central,Facturado,0020821947,Tránsito Tag,KZGL59,2026-08-15,05:11:36,PA7,Ruta 5 Sur - Norte,452.06,Autopase_Facturado_Central_0020821947_28092026_075120.csv
Autopista Central,Facturado,0020821947,Tránsito Tag,KZGL59,2026-08-15,05:40:08,PA21,General Velasquez Sur - Norte,512.34,Autopase_Facturado_Central_0020821947_28092026_075120.csv
Autopista Central,Facturado,0020821947,Tránsito Tag,KZGL59,2026-08-15,05:43:00,PA23,General Velasquez Sur - Norte,287.86,Autopase_Facturado_Central_0020821947_28092026_075120.csv
Autopista Central,Facturado,0020821947,Tránsito Tag,KZGL59,2026-08-15,05:44:33,PA25,General Velasquez Sur - Norte,421.93,Autopase_Facturado_Central_0020821947_28092026_075120.csv
Autopista Central,Facturado,0020821947,Tránsito Tag,KZGL59,2026-08-15,05:54:46,PA28,General Velasquez Sur - Norte,512.34,Autopase_Facturado_Central_0020821947_28092026_075120.csv
Autopista Central,Facturado,0020821947,Tránsito Tag,KZGL59,2026-08-15,05:56:01,PA17,Ruta 5 Sur - Norte,462.46,Autopase_Facturado_Central_0020821947_28092026_075120.csv
Autopista Central,Facturado,0020821947,Tránsito Tag,LKGZ52,2026-08-15,06:19:48,PA8,Ruta 5 Norte - Sur,452.06,Autopase_Facturado_Central_0020821947_28092026_075120.csv
Autopista Central,Facturado,0020821947,Tránsito Tag,LKGZ52,2026-08-15,06:20:44,PA32,Ruta 5 Norte - Sur,176.67,Autopase_Facturado_Central_0020821947_28092026_075120.csv
Autopista Central,Facturado,0020821947,Tránsito Tag,LKGZ52,2026-08-15,06:22:05,PA6,Ruta 5 Norte - Sur,157.96,Autopase_Facturado_Central_0020821947_28092026_075120.csv
Autopista Central,Facturado,0020821947,Tránsito Tag,LKGZ52,2026-08-15,06:22:56,PA37,Ruta 5 Norte - Sur,455.18,Autopase_Facturado_Central_0020821947_28092026_075120.csv
Autopista Central,Facturado,0020821947,Tránsito Tag,LKGZ52,2026-08-15,06:51:46,PA5,Ruta 5 Sur - Norte,334.63,Autopase_Facturado_Central_0020821947_28092026_075120.csv
Autopista Central,Facturado,0020821947,Tránsito Tag,LKGZ52,2026-08-15,06:54:19,PA7,Ruta 5 Sur - Norte,452.06,Autopase_Facturado_Central_0020821947_28092026_075120.csv
Autopista Central,Facturado,0020821947,Tránsito Tag,LKGZ52,2026-08-15,07:21:06,PA23,General Velasquez Sur - Norte,287.86,Autopase_Facturado_Central_0020821947_28092026_075120.csv
Autopista Central,Facturado,0020821947,Tránsito Tag,LKGZ52,2026-08-15,07:22:40,PA25,General Velasquez Sur - Norte,421.93,Autopase_Facturado_Central_0020821947_28092026_075120.csv
Autopista Central,Facturado,0020821947,Tránsito Tag,LKGZ52,2026-08-15,07:27:02,PA28,General Velasquez Sur - Norte,512.34,Autopase_Facturado_Central_0020821947_28092026_075120.csv
Autopista Central,Facturado,0020821947,Tránsito Tag,LKGZ52,2026-08-15,07:28:19,PA17,Ruta 5 Sur - Norte,462.46,Autopase_Facturado_Central_0020821947_28092026_075120.csv
Autopista Central,Facturado,0020821947,Tránsito Tag,LKGZ52,2026-08-15,08:19:26,PA18,Ruta 5 Norte - Sur,462.46,Autopase_Facturado_Central_0020821947_28092026_075120.csv
Autopista Central,Facturado,0020821947,Tránsito Tag,LKGZ52,2026-08-15,08:23:01,PA15,Ruta 5 Norte - Sur,425.04,Autopase_Facturado_Central_0020821947_28092026_075120.csv
Autopista Central,Facturado,0020821947,Tránsito Tag,LKGZ52,2026-08-15,08:24:34,PA14,Ruta 5 Norte - Sur,181.86,Autopase_Facturado_Central_0020821947_28092026_075120.csv
Autopista Central,Facturado,0020821947,Tránsito Tag,LKGZ52,2026-08-15,08:25:50,PA12,Ruta 5 Norte - Sur,368.93,Autopase_Facturado_Central_0020821947_28092026_075120.csv
Autopista Central,Facturado,0020821947,Tránsito Tag,LKGZ52,2026-08-15,08:27:38,PA11,Ruta 5 Norte - Sur,285.79,Autopase_Facturado_Central_0020821947_28092026_075120.csv
Autopista Central,Facturado,0020821947,Tránsito Tag,KZGL59,2026-08-15,09:24:30,PA14,Ruta 5 Norte - Sur,181.86,Autopase_Facturado_Central_0020821947_28092026_075120.csv
Autopista Central,Facturado,0020821947,Tránsito Tag,KZGL59,2026-08-15,09:26:03,PA12,Ruta 5 Norte - Sur,368.93,Autopase_Facturado_Central_0020821947_28092026_075120.csv
Autopista Central,Facturado,0020821947,Tránsito Tag,KZGL59,2026-08-15,09:28:09,PA11,Ruta 5 Norte - Sur,285.79,Autopase_Facturado_Central_0020821947_28092026_075120.csv
Autopista Central,Facturado,0020821947,Tránsito Tag,KZGL59,2026-08-15,09:29:02,PA9,Ruta 5 Norte - Sur,392.83,Autopase_Facturado_Central_0020821947_28092026_075120.csv
Autopista Central,Facturado,0020821947,Tránsito Tag,KZGL59,2026-08-15,19:40:28,PA16,Ruta 5 Sur - Norte,425.04,Autopase_Facturado_Central_0020821947_28092026_075120.csv
Autopista Central,Facturado,0020821947,Tránsito Tag,KZGL59,2026-08-15,19:43:56,PA17,Ruta 5 Sur - Norte,462.46,Autopase_Facturado_Central_0020821947_28092026_075120.csv
Autopista Central,Facturado,0020821947,Tránsito Tag,LDWP36,2026-08-15,20:20:38,PA18,Ruta 5 Norte - Sur,924.92,Autopase_Facturado_Central_0020821947_28092026_075120.csv
Autopista Central,Facturado,0020821947,Tránsito Tag,LDWP36,2026-08-15,20:21:50,PA29,General Velasquez Norte - Sur,768.51,Autopase_Facturado_Central_0020821947_28092026_075120.csv
Autopista Central,Facturado,0020821947,Tránsito Tag,KZGL59,2026-08-15,20:24:55,PA18,Ruta 5 Norte - Sur,462.46,Autopase_Facturado_Central_0020821947_28092026_075120.csv
Autopista Central,Facturado,0020821947,Tránsito Tag,LDWP36,2026-08-15,20:26:49,PA26,General Velasquez Norte - Sur,421.93,Autopase_Facturado_Central_0020821947_28092026_075120.csv
Autopista Central,Facturado,0020821947,Tránsito Tag,KZGL59,2026-08-15,20:29:22,PA15,Ruta 5 Norte - Sur,425.04,Autopase_Facturado_Central_0020821947_28092026_075120.csv
Autopista Central,Facturado,0020821947,Tránsito Tag,KZGL59,2026-08-15,20:31:32,PA14,Ruta 5 Norte - Sur,181.86,Autopase_Facturado_Central_0020821947_28092026_075120.csv
Autopista Central,Facturado,0020821947,Tránsito Tag,LJDV98,2026-08-15,20:38:08,PA30,Ruta 5 Sur - Norte,785.66,Autopase_Facturado_Central_0020821947_28092026_075120.csv
Autopista Central,Facturado,0020821947,Tránsito Tag,LJDV98,2026-08-15,20:39:02,PA10,Ruta 5 Sur - Norte,285.79,Autopase_Facturado_Central_0020821947_28092026_075120.csv
Autopista Central,Facturado,0020821947,Tránsito Tag,LJDV98,2026-08-15,20:41:11,PA31,Ruta 5 Sur - Norte,368.93,Autopase_Facturado_Central_0020821947_28092026_075120.csv
Autopista Central,Facturado,0020821947,Tránsito Tag,LJDV98,2026-08-15,20:56:54,PA13,Ruta 5 Sur - Norte,181.86,Autopase_Facturado_Central_0020821947_28092026_075120.csv
Autopista Central,Facturado,0020821947,Tránsito Tag,LJDV98,2026-08-15,22:16:25,PA12,Ruta 5 Norte - Sur,368.93,Autopase_Facturado_Central_0020821947_28092026_075120.csv
Autopista Central,Facturado,0020821947,Tránsito Tag,LJDV98,2026-08-15,22:18:36,PA11,Ruta 5 Norte - Sur,285.79,Autopase_Facturado_Central_0020821947_28092026_075120.csv
Autopista Central,Facturado,0020821947,Tránsito Tag,LJDV98,2026-08-15,22:19:31,PA9,Ruta 5 Norte - Sur,392.83,Autopase_Facturado_Central_0020821947_28092026_075120.csv
Autopista Central,Facturado,0020821947,Tránsito Tag,KZGL59,2026-08-16,05:04:23,PA30,Ruta 5 Sur - Norte,392.83,Autopase_Facturado_Central_0020821947_28092026_075120.csv
Autopista Central,Facturado,0020821947,Tránsito Tag,KZGL59,2026-08-16,05:19:27,PA22,General Velasquez Norte - Sur,512.34,Autopase_Facturado_Central_0020821947_28092026_075120.csv
Autopista Central,Facturado,0020821947,Tránsito Tag,LDWP36,2026-08-16,07:27:39,PA14,Ruta 5 Norte - Sur,181.86,Autopase_Facturado_Central_0020821947_28092026_075120.csv
Autopista Central,Facturado,0020821947,Tránsito Tag,LDWP36,2026-08-16,07:29:01,PA12,Ruta 5 Norte - Sur,368.93,Autopase_Facturado_Central_0020821947_28092026_075120.csv
Autopista Central,Facturado,0020821947,Tránsito Tag,LDWP36,2026-08-16,07:30:56,PA11,Ruta 5 Norte - Sur,285.79,Autopase_Facturado_Central_0020821947_28092026_075120.csv
Autopista Central,Facturado,0020821947,Tránsito Tag,LDWP36,2026-08-16,07:31:48,PA9,Ruta 5 Norte - Sur,392.83,Autopase_Facturado_Central_0020821947_28092026_075120.csv
Autopista Central,Facturado,0020821947,Tránsito Tag,KZGL59,2026-08-16,17:49:54,PA21,General Velasquez Sur - Norte,512.34,Autopase_Facturado_Central_0020821947_28092026_075120.csv
Autopista Central,Facturado,0020821947,Tránsito Tag,KZGL59,2026-08-16,17:52:30,PA23,General Velasquez Sur - Norte,287.86,Autopase_Facturado_Central_0020821947_28092026_075120.csv
Autopista Central,Facturado,0020821947,Tránsito Tag,KZGL59,2026-08-16,17:53:57,PA25,General Velasquez Sur - Norte,421.93,Autopase_Facturado_Central_0020821947_28092026_075120.csv
Autopista Central,Facturado,0020821947,Tránsito Tag,LDWP36,2026-08-16,19:22:46,PA28,General Velasquez Sur - Norte,512.34,Autopase_Facturado_Central_0020821947_28092026_075120.csv
Autopista Central,Facturado,0020821947,Tránsito Tag,LDWP36,2026-08-16,19:24:07,PA17,Ruta 5 Sur - Norte,462.46,Autopase_Facturado_Central_0020821947_28092026_075120.csv
Autopista Central,Facturado,0020821947,Tránsito Tag,LDWP36,2026-08-16,20:18:39,PA18,Ruta 5 Norte - Sur,462.46,Autopase_Facturado_Central_0020821947_28092026_075120.csv
Autopista Central,Facturado,0020821947,Tránsito Tag,LDWP36,2026-08-16,20:23:06,PA15,Ruta 5 Norte - Sur,425.04,Autopase_Facturado_Central_0020821947_28092026_075120.csv
Autopista Central,Facturado,0020821947,Tránsito Tag,LDWP36,2026-08-16,20:25:08,PA14,Ruta 5 Norte - Sur,181.86,Autopase_Facturado_Central_0020821947_28092026_075120.csv
Autopista Central,Facturado,0020821947,Tránsito Tag,KZGL59,2026-08-16,21:17:12,PA14,Ruta 5 Norte - Sur,181.86,Autopase_Facturado_Central_0020821947_28092026_075120.csv
Autopista Central,Facturado,0020821947,Tránsito Tag,KZGL59,2026-08-16,21:18:45,PA12,Ruta 5 Norte - Sur,368.93,Autopase_Facturado_Central_0020821947_28092026_075120.csv
Autopista Central,Facturado,0020821947,Tránsito Tag,KZGL59,2026-08-16,21:20:43,PA11,Ruta 5 Norte - Sur,285.79,Autopase_Facturado_Central_0020821947_28092026_075120.csv
Autopista Central,Facturado,0020821947,Tránsito Tag,KZGL59,2026-08-16,21:21:30,PA9,Ruta 5 Norte - Sur,392.83,Autopase_Facturado_Central_0020821947_28092026_075120.csv
Autopista Central,Facturado,0020821947,Tránsito Tag,KDRJ20,2026-08-17,01:16:58,PA3,Ruta 5 Sur - Norte,585.09,Autopase_Facturado_Central_0020821947_28092026_075120.csv
Autopista Central,Facturado,0020821947,Tránsito Tag,KDRJ20,2026-08-17,01:19:37,PA5,Ruta 5 Sur - Norte,334.63,Autopase_Facturado_Central_0020821947_28092026_075120.csv
Autopista Central,Facturado,0020821947,Tránsito Tag,KDRJ20,2026-08-17,01:21:48,PA19,General Velasquez Sur - Norte,412.57,Autopase_Facturado_Central_0020821947_28092026_075120.csv
Autopista Central,Facturado,0020821947,Tránsito Tag,KDRJ20,2026-08-17,01:25:15,PA21,General Velasquez Sur - Norte,512.34,Autopase_Facturado_Central_0020821947_28092026_075120.csv
Autopista Central,Facturado,0020821947,Tránsito Tag,KDRJ20,2026-08-17,01:57:02,PA11,Ruta 5 Norte - Sur,285.79,Autopase_Facturado_Central_0020821947_28092026_075120.csv
Autopista Central,Facturado,0020821947,Tránsito Tag,KDRJ20,2026-08-17,01:57:55,PA9,Ruta 5 Norte - Sur,392.83,Autopase_Facturado_Central_0020821947_28092026_075120.csv
Autopista Central,Facturado,0020821947,Tránsito Tag,KDRJ20,2026-08-17,02:01:09,PA8,Ruta 5 Norte - Sur,452.06,Autopase_Facturado_Central_0020821947_28092026_075120.csv
Autopista Central,Facturado,0020821947,Tránsito Tag,KDRJ20,2026-08-17,02:02:21,PA32,Ruta 5 Norte - Sur,176.67,Autopase_Facturado_Central_0020821947_28092026_075120.csv
Autopista Central,Facturado,0020821947,Tránsito Tag,KDRJ20,2026-08-17,03:07:01,PA6,Ruta 5 Norte - Sur,157.96,Autopase_Facturado_Central_0020821947_28092026_075120.csv
Autopista Central,Facturado,0020821947,Tránsito Tag,KDRJ20,2026-08-17,03:26:08,PA5,Ruta 5 Sur - Norte,334.63,Autopase_Facturado_Central_0020821947_28092026_075120.csv
Autopista Central,Facturado,0020821947,Tránsito Tag,KDRJ20,2026-08-17,03:28:23,PA19,General Velasquez Sur - Norte,412.57,Autopase_Facturado_Central_0020821947_28092026_075120.csv
Autopista Central,Facturado,0020821947,Tránsito Tag,LDWP36,2026-08-17,04:55:50,PA9,Ruta 5 Norte - Sur,392.83,Autopase_Facturado_Central_0020821947_28092026_075120.csv
Autopista Central,Facturado,0020821947,Tránsito Tag,LJDV98,2026-08-17,05:29:01,PA20,General Velasquez Norte - Sur,412.57,Autopase_Facturado_Central_0020821947_28092026_075120.csv
Autopista Central,Facturado,0020821947,Tránsito Tag,KDRJ20,2026-08-17,05:34:22,PA19,General Velasquez Sur - Norte,412.57,Autopase_Facturado_Central_0020821947_28092026_075120.csv
Autopista Central,Facturado,0020821947,Tránsito Tag,LPPZ24,2026-08-17,05:41:42,PA21,General Velasquez Sur - Norte,512.34,Autopase_Facturado_Central_0020821947_28092026_075120.csv
Autopista Central,Facturado,0020821947,Tránsito Tag,LPPZ24,2026-08-17,05:44:35,PA23,General Velasquez Sur - Norte,287.86,Autopase_Facturado_Central_0020821947_28092026_075120.csv
Autopista Central,Facturado,0020821947,Tránsito Tag,LPPZ24,2026-08-17,05:46:07,PA25,General Velasquez Sur - Norte,421.93,Autopase_Facturado_Central_0020821947_28092026_075120.csv
Autopista Central,Facturado,0020821947,Tránsito Tag,LPPZ24,2026-08-17,05:50:51,PA28,General Velasquez Sur - Norte,512.34,Autopase_Facturado_Central_0020821947_28092026_075120.csv
Autopista Central,Facturado,0020821947,Tránsito Tag,KZGL59,2026-08-17,05:51:44,PA30,Ruta 5 Sur - Norte,392.83,Autopase_Facturado_Central_0020821947_28092026_075120.csv
Autopista Central,Facturado,0020821947,Tránsito Tag,LPPZ24,2026-08-17,05:52:27,PA17,Ruta 5 Sur - Norte,462.46,Autopase_Facturado_Central_0020821947_28092026_075120.csv
Autopista Central,Facturado,0020821947,Tránsito Tag,KZGL59,2026-08-17,05:52:41,PA10,Ruta 5 Sur - Norte,285.79,Autopase_Facturado_Central_0020821947_28092026_075120.csv
Autopista Central,Facturado,0020821947,Tránsito Tag,LDWP36,2026-08-17,06:08:09,PA31,Ruta 5 Sur - Norte,368.93,Autopase_Facturado_Central_0020821947_28092026_075120.csv
Autopista Central,Facturado,0020821947,Tránsito Tag,LDWP36,2026-08-17,06:09:58,PA13,Ruta 5 Sur - Norte,181.86,Autopase_Facturado_Central_0020821947_28092026_075120.csv
Autopista Central,Facturado,0020821947,Tránsito Tag,KZGL59,2026-08-17,06:56:44,PA13,Ruta 5 Sur - Norte,363.73,Autopase_Facturado_Central_0020821947_28092026_075120.csv
Autopista Central,Facturado,0020821947,Tránsito Tag,KZGL59,2026-08-17,07:00:33,PA16,Ruta 5 Sur - Norte,425.04,Autopase_Facturado_Central_0020821947_28092026_075120.csv
Autopista Central,Facturado,0020821947,Tránsito Tag,KDRJ20,2026-08-17,07:13:31,PA25,General Velasquez Sur - Norte,843.86,Autopase_Facturado_Central_0020821947_28092026_075120.csv
Autopista Central,Facturado,0020821947,Tránsito Tag,LDWP36,2026-08-17,07:23:32,PA14,Ruta 5 Norte - Sur,363.73,Autopase_Facturado_Central_0020821947_28092026_075120.csv
Autopista Central,Facturado,0020821947,Tránsito Tag,KDRJ20,2026-08-17,07:25:51,PA28,General Velasquez Sur - Norte,1024.69,Autopase_Facturado_Central_0020821947_28092026_075120.csv
Autopista Central,Facturado,0020821947,Tránsito Tag,LDWP36,2026-08-17,07:26:55,PA11,Ruta 5 Norte - Sur,285.79,Autopase_Facturado_Central_0020821947_28092026_075120.csv
Autopista Central,Facturado,0020821947,Tránsito Tag,LDWP36,2026-08-17,07:27:44,PA9,Ruta 5 Norte - Sur,392.83,Autopase_Facturado_Central_0020821947_28092026_075120.csv
Autopista Central,Facturado,0020821947,Tránsito Tag,KDRJ20,2026-08-17,07:30:13,PA17,Ruta 5 Sur - Norte,924.92,Autopase_Facturado_Central_0020821947_28092026_075120.csv
Autopista Central,Facturado,0020821947,Tránsito Tag,KDRJ20,2026-08-17,08:28:46,PA18,Ruta 5 Norte - Sur,924.92,Autopase_Facturado_Central_0020821947_28092026_075120.csv
Autopista Central,Facturado,0020821947,Tránsito Tag,KZGL59,2026-08-17,18:57:52,PA10,Ruta 5 Sur - Norte,285.79,Autopase_Facturado_Central_0020821947_28092026_075120.csv
Autopista Central,Facturado,0020821947,Tránsito Tag,KZGL59,2026-08-17,19:00:04,PA31,Ruta 5 Sur - Norte,368.93,Autopase_Facturado_Central_0020821947_28092026_075120.csv
Autopista Central,Facturado,0020821947,Tránsito Tag,KZGL59,2026-08-17,19:01:36,PA13,Ruta 5 Sur - Norte,181.86,Autopase_Facturado_Central_0020821947_28092026_075120.csv
Autopista Central,Facturado,0020821947,Tránsito Tag,KZGL59,2026-08-17,19:05:13,PA16,Ruta 5 Sur - Norte,425.04,Autopase_Facturado_Central_0020821947_28092026_075120.csv
Autopista Central,Facturado,0020821947,Tránsito Tag,KZGL59,2026-08-17,19:11:19,PA17,Ruta 5 Sur - Norte,924.92,Autopase_Facturado_Central_0020821947_28092026_075120.csv
Autopista Central,Facturado,0020821947,Tránsito Tag,LDWP36,2026-08-17,19:28:34,PA28,General Velasquez Sur - Norte,512.34,Autopase_Facturado_Central_0020821947_28092026_075120.csv
Autopista Central,Facturado,0020821947,Tránsito Tag,LDWP36,2026-08-17,19:30:02,PA17,Ruta 5 Sur - Norte,462.46,Autopase_Facturado_Central_0020821947_28092026_075120.csv
Autopista Central,Facturado,0020821947,Tránsito Tag,LJDV98,2026-08-17,19:42:41,PA16,Ruta 5 Sur - Norte,425.04,Autopase_Facturado_Central_0020821947_28092026_075120.csv
Autopista Central,Facturado,0020821947,Tránsito Tag,LJDV98,2026-08-17,19:46:48,PA17,Ruta 5 Sur - Norte,462.46,Autopase_Facturado_Central_0020821947_28092026_075120.csv
Autopista Central,Facturado,0020821947,Tránsito Tag,LDWP36,2026-08-17,20:20:36,PA18,Ruta 5 Norte - Sur,462.46,Autopase_Facturado_Central_0020821947_28092026_075120.csv
Autopista Central,Facturado,0020821947,Tránsito Tag,LJDV98,2026-08-17,20:24:15,PA18,Ruta 5 Norte - Sur,462.46,Autopase_Facturado_Central_0020821947_28092026_075120.csv
Autopista Central,Facturado,0020821947,Tránsito Tag,LDWP36,2026-08-17,20:24:53,PA15,Ruta 5 Norte - Sur,850.1,Autopase_Facturado_Central_0020821947_28092026_075120.csv
Autopista Central,Facturado,0020821947,Tránsito Tag,LDWP36,2026-08-17,20:26:57,PA14,Ruta 5 Norte - Sur,363.73,Autopase_Facturado_Central_0020821947_28092026_075120.csv
Autopista Central,Facturado,0020821947,Tránsito Tag,KZGL59,2026-08-17,20:27:46,PA18,Ruta 5 Norte - Sur,462.46,Autopase_Facturado_Central_0020821947_28092026_075120.csv
Autopista Central,Facturado,0020821947,Tránsito Tag,KZGL59,2026-08-17,20:29:11,PA29,General Velasquez Norte - Sur,1024.69,Autopase_Facturado_Central_0020821947_28092026_075120.csv
Autopista Central,Facturado,0020821947,Tránsito Tag,LJDV98,2026-08-17,20:29:45,PA15,Ruta 5 Norte - Sur,850.1,Autopase_Facturado_Central_0020821947_28092026_075120.csv
Autopista Central,Facturado,0020821947,Tránsito Tag,KZGL59,2026-08-17,20:34:15,PA26,General Velasquez Norte - Sur,421.93,Autopase_Facturado_Central_0020821947_28092026_075120.csv
Autopista Central,Facturado,0020821947,Tránsito Tag,KZGL59,2026-08-17,20:35:50,PA24,General Velasquez Norte - Sur,287.86,Autopase_Facturado_Central_0020821947_28092026_075120.csv
Autopista Central,Facturado,0020821947,Tránsito Tag,KZGL59,2026-08-17,21:00:56,PA9,Ruta 5 Norte - Sur,392.83,Autopase_Facturado_Central_0020821947_28092026_075120.csv
Autopista Central,Facturado,0020821947,Tránsito Tag,KZGL59,2026-08-17,21:04:44,PA8,Ruta 5 Norte - Sur,452.06,Autopase_Facturado_Central_0020821947_28092026_075120.csv
Autopista Central,Facturado,0020821947,Tránsito Tag,KZGL59,2026-08-17,21:06:03,PA32,Ruta 5 Norte - Sur,176.67,Autopase_Facturado_Central_0020821947_28092026_075120.csv
Autopista Central,Facturado,0020821947,Tránsito Tag,KZGL59,2026-08-17,21:07:53,PA6,Ruta 5 Norte - Sur,157.96,Autopase_Facturado_Central_0020821947_28092026_075120.csv
Autopista Central,Facturado,0020821947,Tránsito Tag,KZGL59,2026-08-17,21:09:08,PA37,Ruta 5 Norte - Sur,455.18,Autopase_Facturado_Central_0020821947_28092026_075120.csv
Autopista Central,Facturado,0020821947,Tránsito Tag,KXZS95,2026-08-17,22:13:51,PA12,Ruta 5 Norte - Sur,368.93,Autopase_Facturado_Central_0020821947_28092026_075120.csv
Autopista Central,Facturado,0020821947,Tránsito Tag,KXZS95,2026-08-17,22:15:57,PA11,Ruta 5 Norte - Sur,285.79,Autopase_Facturado_Central_0020821947_28092026_075120.csv
Autopista Central,Facturado,0020821947,Tránsito Tag,KXZS95,2026-08-17,22:16:53,PA9,Ruta 5 Norte - Sur,392.83,Autopase_Facturado_Central_0020821947_28092026_075120.csv
Autopista Central,Facturado,0020821947,Tránsito Tag,LJDV98,2026-08-18,03:30:25,PA5,Ruta 5 Sur - Norte,334.63,Autopase_Facturado_Central_0020821947_28092026_075120.csv
Autopista Central,Facturado,0020821947,Tránsito Tag,LJDV98,2026-08-18,03:32:47,PA19,General Velasquez Sur - Norte,412.57,Autopase_Facturado_Central_0020821947_28092026_075120.csv
Autopista Central,Facturado,0020821947,Tránsito Tag,LPPZ24,2026-08-18,04:21:25,PA19,General Velasquez Sur - Norte,412.57,Autopase_Facturado_Central_0020821947_28092026_075120.csv
Autopista Central,Facturado,0020821947,Tránsito Tag,LPPZ24,2026-08-18,04:24:15,PA21,General Velasquez Sur - Norte,512.34,Autopase_Facturado_Central_0020821947_28092026_075120.csv
Autopista Central,Facturado,0020821947,Tránsito Tag,LPPZ24,2026-08-18,04:26:40,PA23,General Velasquez Sur - Norte,287.86,Autopase_Facturado_Central_0020821947_28092026_075120.csv
Autopista Central,Facturado,0020821947,Tránsito Tag,LPPZ24,2026-08-18,04:28:05,PA25,General Velasquez Sur - Norte,421.93,Autopase_Facturado_Central_0020821947_28092026_075120.csv
Autopista Central,Facturado,0020821947,Tránsito Tag,LPPZ24,2026-08-18,04:43:28,PA26,General Velasquez Norte - Sur,421.93,Autopase_Facturado_Central_0020821947_28092026_075120.csv
Autopista Central,Facturado,0020821947,Tránsito Tag,LPPZ24,2026-08-18,04:45:24,PA24,General Velasquez Norte - Sur,287.86,Autopase_Facturado_Central_0020821947_28092026_075120.csv
Autopista Central,Facturado,0020821947,Tránsito Tag,LJDV98,2026-08-18,05:04:18,PA5,Ruta 5 Sur - Norte,334.63,Autopase_Facturado_Central_0020821947_28092026_075120.csv
Autopista Central,Facturado,0020821947,Tránsito Tag,LJDV98,2026-08-18,05:06:37,PA19,General Velasquez Sur - Norte,412.57,Autopase_Facturado_Central_0020821947_28092026_075120.csv
Autopista Central,Facturado,0020821947,Tránsito Tag,LPPZ24,2026-08-18,05:06:44,PA11,Ruta 5 Norte - Sur,285.79,Autopase_Facturado_Central_0020821947_28092026_075120.csv
Autopista Central,Facturado,0020821947,Tránsito Tag,LPPZ24,2026-08-18,05:07:31,PA9,Ruta 5 Norte - Sur,392.83,Autopase_Facturado_Central_0020821947_28092026_075120.csv
Autopista Central,Facturado,0020821947,Tránsito Tag,LPPZ24,2026-08-18,05:10:17,PA8,Ruta 5 Norte - Sur,452.06,Autopase_Facturado_Central_0020821947_28092026_075120.csv
Autopista Central,Facturado,0020821947,Tránsito Tag,LPPZ24,2026-08-18,05:11:19,PA32,Ruta 5 Norte - Sur,176.67,Autopase_Facturado_Central_0020821947_28092026_075120.csv
Autopista Central,Facturado,0020821947,Tránsito Tag,LPPZ24,2026-08-18,05:23:04,PA7,Ruta 5 Sur - Norte,452.06,Autopase_Facturado_Central_0020821947_28092026_075120.csv
Autopista Central,Facturado,0020821947,Tránsito Tag,KXZS95,2026-08-18,05:25:20,PA21,General Velasquez Sur - Norte,512.34,Autopase_Facturado_Central_0020821947_28092026_075120.csv
Autopista Central,Facturado,0020821947,Tránsito Tag,KXZS95,2026-08-18,05:27:52,PA23,General Velasquez Sur - Norte,287.86,Autopase_Facturado_Central_0020821947_28092026_075120.csv
Autopista Central,Facturado,0020821947,Tránsito Tag,KXZS95,2026-08-18,05:29:09,PA25,General Velasquez Sur - Norte,421.93,Autopase_Facturado_Central_0020821947_28092026_075120.csv
Autopista Central,Facturado,0020821947,Tránsito Tag,KXZS95,2026-08-18,05:33:28,PA28,General Velasquez Sur - Norte,512.34,Autopase_Facturado_Central_0020821947_28092026_075120.csv
Autopista Central,Facturado,0020821947,Tránsito Tag,KXZS95,2026-08-18,05:34:38,PA17,Ruta 5 Sur - Norte,462.46,Autopase_Facturado_Central_0020821947_28092026_075120.csv
Autopista Central,Facturado,0020821947,Tránsito Tag,LDWP36,2026-08-18,06:12:55,PA31,Ruta 5 Sur - Norte,368.93,Autopase_Facturado_Central_0020821947_28092026_075120.csv
Autopista Central,Facturado,0020821947,Tránsito Tag,LDWP36,2026-08-18,06:14:28,PA13,Ruta 5 Sur - Norte,181.86,Autopase_Facturado_Central_0020821947_28092026_075120.csv
Autopista Central,Facturado,0020821947,Tránsito Tag,LPPZ24,2026-08-18,06:37:42,PA13,Ruta 5 Sur - Norte,363.73,Autopase_Facturado_Central_0020821947_28092026_075120.csv
Autopista Central,Facturado,0020821947,Tránsito Tag,LPPZ24,2026-08-18,07:08:46,PA17,Ruta 5 Sur - Norte,924.92,Autopase_Facturado_Central_0020821947_28092026_075120.csv
Autopista Central,Facturado,0020821947,Tránsito Tag,KDRJ20,2026-08-18,07:12:23,PA16,Ruta 5 Sur - Norte,425.04,Autopase_Facturado_Central_0020821947_28092026_075120.csv
Autopista Central,Facturado,0020821947,Tránsito Tag,KDRJ20,2026-08-18,07:17:42,PA17,Ruta 5 Sur - Norte,924.92,Autopase_Facturado_Central_0020821947_28092026_075120.csv
Autopista Central,Facturado,0020821947,Tránsito Tag,LDWP36,2026-08-18,07:17:50,PA14,Ruta 5 Norte - Sur,363.73,Autopase_Facturado_Central_0020821947_28092026_075120.csv
Autopista Central,Facturado,0020821947,Tránsito Tag,LDWP36,2026-08-18,07:19:19,PA12,Ruta 5 Norte - Sur,737.86,Autopase_Facturado_Central_0020821947_28092026_075120.csv
Autopista Central,Facturado,0020821947,Tránsito Tag,LPPZ24,2026-08-18,07:20:22,PA18,Ruta 5 Norte - Sur,924.92,Autopase_Facturado_Central_0020821947_28092026_075120.csv
Autopista Central,Facturado,0020821947,Tránsito Tag,LDWP36,2026-08-18,07:21:08,PA11,Ruta 5 Norte - Sur,285.79,Autopase_Facturado_Central_0020821947_28092026_075120.csv
Autopista Central,Facturado,0020821947,Tránsito Tag,LPPZ24,2026-08-18,07:21:47,PA29,General Velasquez Norte - Sur,512.34,Autopase_Facturado_Central_0020821947_28092026_075120.csv
Autopista Central,Facturado,0020821947,Tránsito Tag,LDWP36,2026-08-18,07:21:51,PA9,Ruta 5 Norte - Sur,392.83,Autopase_Facturado_Central_0020821947_28092026_075120.csv
Autopista Central,Facturado,0020821947,Tránsito Tag,LPPZ24,2026-08-18,07:26:10,PA26,General Velasquez Norte - Sur,421.93,Autopase_Facturado_Central_0020821947_28092026_075120.csv
Autopista Central,Facturado,0020821947,Tránsito Tag,LPPZ24,2026-08-18,07:27:40,PA24,General Velasquez Norte - Sur,287.86,Autopase_Facturado_Central_0020821947_28092026_075120.csv
Autopista Central,Facturado,0020821947,Tránsito Tag,LPPZ24,2026-08-18,07:30:14,PA22,General Velasquez Norte - Sur,512.34,Autopase_Facturado_Central_0020821947_28092026_075120.csv
Autopista Central,Facturado,0020821947,Tránsito Tag,LPPZ24,2026-08-18,07:32:15,PA20,General Velasquez Norte - Sur,412.57,Autopase_Facturado_Central_0020821947_28092026_075120.csv
Autopista Central,Facturado,0020821947,Tránsito Tag,LPPZ24,2026-08-18,07:36:54,PA32,Ruta 5 Norte - Sur,176.67,Autopase_Facturado_Central_0020821947_28092026_075120.csv
Autopista Central,Facturado,0020821947,Tránsito Tag,LPPZ24,2026-08-18,07:38:35,PA6,Ruta 5 Norte - Sur,157.96,Autopase_Facturado_Central_0020821947_28092026_075120.csv
Autopista Central,Facturado,0020821947,Tránsito Tag,KDRJ20,2026-08-18,08:24:28,PA18,Ruta 5 Norte - Sur,924.92,Autopase_Facturado_Central_0020821947_28092026_075120.csv
Autopista Central,Facturado,0020821947,Tránsito Tag,KDRJ20,2026-08-18,08:26:06,PA29,General Velasquez Norte - Sur,512.34,Autopase_Facturado_Central_0020821947_28092026_075120.csv
Autopista Central,Facturado,0020821947,Tránsito Tag,KDRJ20,2026-08-18,08:42:30,PA26,General Velasquez Norte - Sur,421.93,Autopase_Facturado_Central_0020821947_28092026_075120.csv
Autopista Central,Facturado,0020821947,Tránsito Tag,KDRJ20,2026-08-18,08:44:40,PA24,General Velasquez Norte - Sur,287.86,Autopase_Facturado_Central_0020821947_28092026_075120.csv
Autopista Central,Facturado,0020821947,Tránsito Tag,KDRJ20,2026-08-18,12:30:54,PA7,Ruta 5 Sur - Norte,452.06,Autopase_Facturado_Central_0020821947_28092026_075120.csv
Autopista Central,Facturado,0020821947,Tránsito Tag,KDRJ20,2026-08-18,12:47:28,PA21,General Velasquez Sur - Norte,512.34,Autopase_Facturado_Central_0020821947_28092026_075120.csv
Autopista Central,Facturado,0020821947,Tránsito Tag,KDRJ20,2026-08-18,12:50:25,PA23,General Velasquez Sur - Norte,287.86,Autopase_Facturado_Central_0020821947_28092026_075120.csv
Autopista Central,Facturado,0020821947,Tránsito Tag,KDRJ20,2026-08-18,12:51:55,PA25,General Velasquez Sur - Norte,421.93,Autopase_Facturado_Central_0020821947_28092026_075120.csv
Autopista Central,Facturado,0020821947,Tránsito Tag,LPPZ31,2026-08-18,17:39:39,PA28,General Velasquez Sur - Norte,512.34,Autopase_Facturado_Central_0020821947_28092026_075120.csv
Autopista Central,Facturado,0020821947,Tránsito Tag,LPPZ31,2026-08-18,17:45:37,PA17,Ruta 5 Sur - Norte,924.92,Autopase_Facturado_Central_0020821947_28092026_075120.csv
Autopista Central,Facturado,0020821947,Tránsito Tag,LPPZ24,2026-08-18,19:07:55,PA10,Ruta 5 Sur - Norte,285.79,Autopase_Facturado_Central_0020821947_28092026_075120.csv
Autopista Central,Facturado,0020821947,Tránsito Tag,LPPZ24,2026-08-18,19:09:53,PA31,Ruta 5 Sur - Norte,368.93,Autopase_Facturado_Central_0020821947_28092026_075120.csv
Autopista Central,Facturado,0020821947,Tránsito Tag,LPPZ24,2026-08-18,19:11:20,PA13,Ruta 5 Sur - Norte,181.86,Autopase_Facturado_Central_0020821947_28092026_075120.csv
Autopista Central,Facturado,0020821947,Tránsito Tag,LDWP36,2026-08-18,19:13:41,PA25,General Velasquez Sur - Norte,843.86,Autopase_Facturado_Central_0020821947_28092026_075120.csv
Autopista Central,Facturado,0020821947,Tránsito Tag,LPPZ24,2026-08-18,19:14:19,PA16,Ruta 5 Sur - Norte,425.04,Autopase_Facturado_Central_0020821947_28092026_075120.csv
Autopista Central,Facturado,0020821947,Tránsito Tag,LPPZ24,2026-08-18,19:18:56,PA17,Ruta 5 Sur - Norte,924.92,Autopase_Facturado_Central_0020821947_28092026_075120.csv
Autopista Central,Facturado,0020821947,Tránsito Tag,LJDV98,2026-08-18,19:28:49,PA13,Ruta 5 Sur - Norte,181.86,Autopase_Facturado_Central_0020821947_28092026_075120.csv
Autopista Central,Facturado,0020821947,Tránsito Tag,LJDV98,2026-08-18,19:39:02,PA16,Ruta 5 Sur - Norte,425.04,Autopase_Facturado_Central_0020821947_28092026_075120.csv
Autopista Central,Facturado,0020821947,Tránsito Tag,LJDV98,2026-08-18,19:42:51,PA17,Ruta 5 Sur - Norte,462.46,Autopase_Facturado_Central_0020821947_28092026_075120.csv
Autopista Central,Facturado,0020821947,Tránsito Tag,LDWP36,2026-08-18,20:17:46,PA18,Ruta 5 Norte - Sur,462.46,Autopase_Facturado_Central_0020821947_28092026_075120.csv
Autopista Central,Facturado,0020821947,Tránsito Tag,LPPZ24,2026-08-18,20:19:06,PA18,Ruta 5 Norte - Sur,462.46,Autopase_Facturado_Central_0020821947_28092026_075120.csv
Autopista Central,Facturado,0020821947,Tránsito Tag,LJDV98,2026-08-18,20:21:15,PA18,Ruta 5 Norte - Sur,462.46,Autopase_Facturado_Central_0020821947_28092026_075120.csv
Autopista Central,Facturado,0020821947,Tránsito Tag,LDWP36,2026-08-18,20:22:02,PA15,Ruta 5 Norte - Sur,850.1,Autopase_Facturado_Central_0020821947_28092026_075120.csv
Autopista Central,Facturado,0020821947,Tránsito Tag,LPPZ24,2026-08-18,20:23:25,PA15,Ruta 5 Norte - Sur,850.1,Autopase_Facturado_Central_0020821947_28092026_075120.csv
Autopista Central,Facturado,0020821947,Tránsito Tag,LPPZ24,2026-08-18,20:25:28,PA14,Ruta 5 Norte - Sur,363.73,Autopase_Facturado_Central_0020821947_28092026_075120.csv
Autopista Central,Facturado,0020821947,Tránsito Tag,LJDV98,2026-08-18,20:26:19,PA15,Ruta 5 Norte - Sur,850.1,Autopase_Facturado_Central_0020821947_28092026_075120.csv
Autopista Central,Facturado,0020821947,Tránsito Tag,LPPZ24,2026-08-18,20:27:01,PA12,Ruta 5 Norte - Sur,737.86,Autopase_Facturado_Central_0020821947_28092026_075120.csv
Autopista Central,Facturado,0020821947,Tránsito Tag,LPPZ24,2026-08-18,21:01:38,PA32,Ruta 5 Norte - Sur,176.67,Autopase_Facturado_Central_0020821947_28092026_075120.csv
Autopista Central,Facturado,0020821947,Tránsito Tag,LPPZ24,2026-08-18,21:03:11,PA6,Ruta 5 Norte - Sur,157.96,Autopase_Facturado_Central_0020821947_28092026_075120.csv
Autopista Central,Facturado,0020821947,Tránsito Tag,LPPZ24,2026-08-18,21:04:10,PA37,Ruta 5 Norte - Sur,455.18,Autopase_Facturado_Central_0020821947_28092026_075120.csv
Autopista Central,Facturado,0020821947,Tránsito Tag,LPPZ31,2026-08-18,21:58:05,PA18,Ruta 5 Norte - Sur,462.46,Autopase_Facturado_Central_0020821947_28092026_075120.csv
Autopista Central,Facturado,0020821947,Tránsito Tag,LPPZ31,2026-08-18,21:59:11,PA29,General Velasquez Norte - Sur,512.34,Autopase_Facturado_Central_0020821947_28092026_075120.csv
Autopista Central,Facturado,0020821947,Tránsito Tag,KDRJ20,2026-08-18,23:45:57,PA11,Ruta 5 Norte - Sur,285.79,Autopase_Facturado_Central_0020821947_28092026_075120.csv
Autopista Central,Facturado,0020821947,Tránsito Tag,LPPZ24,2026-08-19,01:51:21,PA19,General Velasquez Sur - Norte,412.57,Autopase_Facturado_Central_0020821947_28092026_075120.csv
Autopista Central,Facturado,0020821947,Tránsito Tag,LPPZ24,2026-08-19,02:36:20,PA8,Ruta 5 Norte - Sur,452.06,Autopase_Facturado_Central_0020821947_28092026_075120.csv
Autopista Central,Facturado,0020821947,Tránsito Tag,LJDV98,2026-08-19,04:51:54,PA8,Ruta 5 Norte - Sur,452.06,Autopase_Facturado_Central_0020821947_28092026_075120.csv
Autopista Central,Facturado,0020821947,Tránsito Tag,LJDV98,2026-08-19,04:53:06,PA32,Ruta 5 Norte - Sur,176.67,Autopase_Facturado_Central_0020821947_28092026_075120.csv
Autopista Central,Facturado,0020821947,Tránsito Tag,LPPZ24,2026-08-19,05:47:24,PA5,Ruta 5 Sur - Norte,334.63,Autopase_Facturado_Central_0020821947_28092026_075120.csv
Autopista Central,Facturado,0020821947,Tránsito Tag,LPPZ24,2026-08-19,05:49:48,PA7,Ruta 5 Sur - Norte,452.06,Autopase_Facturado_Central_0020821947_28092026_075120.csv
Autopista Central,Facturado,0020821947,Tránsito Tag,LDWP36,2026-08-19,06:03:32,PA31,Ruta 5 Sur - Norte,368.93,Autopase_Facturado_Central_0020821947_28092026_075120.csv
Autopista Central,Facturado,0020821947,Tránsito Tag,LDWP36,2026-08-19,06:05:13,PA13,Ruta 5 Sur - Norte,181.86,Autopase_Facturado_Central_0020821947_28092026_075120.csv
Autopista Central,Facturado,0020821947,Tránsito Tag,PJHJ69,2026-08-19,06:16:20,PA8,Ruta 5 Norte - Sur,452.06,Autopase_Facturado_Central_0020821947_28092026_075120.csv
Autopista Central,Facturado,0020821947,Tránsito Tag,PJHJ69,2026-08-19,06:17:24,PA32,Ruta 5 Norte - Sur,176.67,Autopase_Facturado_Central_0020821947_28092026_075120.csv
Autopista Central,Facturado,0020821947,Tránsito Tag,PJHJ69,2026-08-19,06:20:44,PA6,Ruta 5 Norte - Sur,157.96,Autopase_Facturado_Central_0020821947_28092026_075120.csv
Autopista Central,Facturado,0020821947,Tránsito Tag,PJHJ69,2026-08-19,06:21:51,PA37,Ruta 5 Norte - Sur,455.18,Autopase_Facturado_Central_0020821947_28092026_075120.csv
Autopista Central,Facturado,0020821947,Tránsito Tag,PJHJ69,2026-08-19,06:23:36,PA4,Ruta 5 Norte - Sur,129.9,Autopase_Facturado_Central_0020821947_28092026_075120.csv
Autopista Central,Facturado,0020821947,Tránsito Tag,PJHJ69,2026-08-19,06:36:55,PA3,Ruta 5 Sur - Norte,1170.18,Autopase_Facturado_Central_0020821947_28092026_075120.csv
Autopista Central,Facturado,0020821947,Tránsito Tag,PJHJ69,2026-08-19,06:47:45,PA5,Ruta 5 Sur - Norte,669.27,Autopase_Facturado_Central_0020821947_28092026_075120.csv
Autopista Central,Facturado,0020821947,Tránsito Tag,KDRJ20,2026-08-19,06:48:30,PA23,General Velasquez Sur - Norte,287.86,Autopase_Facturado_Central_0020821947_28092026_075120.csv
Autopista Central,Facturado,0020821947,Tránsito Tag,LPPZ24,2026-08-19,06:48:50,PA13,Ruta 5 Sur - Norte,363.73,Autopase_Facturado_Central_0020821947_28092026_075120.csv
Autopista Central,Facturado,0020821947,Tránsito Tag,PJHJ69,2026-08-19,06:51:48,PA7,Ruta 5 Sur - Norte,452.06,Autopase_Facturado_Central_0020821947_28092026_075120.csv
Autopista Central,Facturado,0020821947,Tránsito Tag,KXZS95,2026-08-19,06:55:46,PA18,Ruta 5 Norte - Sur,462.46,Autopase_Facturado_Central_0020821947_28092026_075120.csv
Autopista Central,Facturado,0020821947,Tránsito Tag,LPPZ24,2026-08-19,07:03:20,PA16,Ruta 5 Sur - Norte,425.04,Autopase_Facturado_Central_0020821947_28092026_075120.csv
Autopista Central,Facturado,0020821947,Tránsito Tag,LPPZ24,2026-08-19,07:07:16,PA17,Ruta 5 Sur - Norte,924.92,Autopase_Facturado_Central_0020821947_28092026_075120.csv
Autopista Central,Facturado,0020821947,Tránsito Tag,KDRJ20,2026-08-19,07:07:48,PA16,Ruta 5 Sur - Norte,425.04,Autopase_Facturado_Central_0020821947_28092026_075120.csv
Autopista Central,Facturado,0020821947,Tránsito Tag,KDRJ20,2026-08-19,07:11:53,PA17,Ruta 5 Sur - Norte,924.92,Autopase_Facturado_Central_0020821947_28092026_075120.csv
Autopista Central,Facturado,0020821947,Tránsito Tag,LDWP36,2026-08-19,07:17:10,PA14,Ruta 5 Norte - Sur,363.73,Autopase_Facturado_Central_0020821947_28092026_075120.csv
Autopista Central,Facturado,0020821947,Tránsito Tag,LDWP36,2026-08-19,07:18:41,PA12,Ruta 5 Norte - Sur,737.86,Autopase_Facturado_Central_0020821947_28092026_075120.csv
Autopista Central,Facturado,0020821947,Tránsito Tag,LDWP36,2026-08-19,07:20:41,PA11,Ruta 5 Norte - Sur,285.79,Autopase_Facturado_Central_0020821947_28092026_075120.csv
Autopista Central,Facturado,0020821947,Tránsito Tag,LDWP36,2026-08-19,07:21:27,PA9,Ruta 5 Norte - Sur,392.83,Autopase_Facturado_Central_0020821947_28092026_075120.csv
Autopista Central,Facturado,0020821947,Tránsito Tag,LPPZ24,2026-08-19,07:31:03,PA18,Ruta 5 Norte - Sur,924.92,Autopase_Facturado_Central_0020821947_28092026_075120.csv
Autopista Central,Facturado,0020821947,Tránsito Tag,LPPZ24,2026-08-19,07:32:23,PA29,General Velasquez Norte - Sur,512.34,Autopase_Facturado_Central_0020821947_28092026_075120.csv
Autopista Central,Facturado,0020821947,Tránsito Tag,LPPZ24,2026-08-19,07:37:32,PA26,General Velasquez Norte - Sur,421.93,Autopase_Facturado_Central_0020821947_28092026_075120.csv
Autopista Central,Facturado,0020821947,Tránsito Tag,LPPZ24,2026-08-19,07:39:12,PA24,General Velasquez Norte - Sur,287.86,Autopase_Facturado_Central_0020821947_28092026_075120.csv
Autopista Central,Facturado,0020821947,Tránsito Tag,PJHJ69,2026-08-19,07:40:22,PA31,Ruta 5 Sur - Norte,737.86,Autopase_Facturado_Central_0020821947_28092026_075120.csv
Autopista Central,Facturado,0020821947,Tránsito Tag,LPPZ24,2026-08-19,07:41:59,PA22,General Velasquez Norte - Sur,512.34,Autopase_Facturado_Central_0020821947_28092026_075120.csv
Autopista Central,Facturado,0020821947,Tránsito Tag,LPPZ24,2026-08-19,07:43:52,PA20,General Velasquez Norte - Sur,412.57,Autopase_Facturado_Central_0020821947_28092026_075120.csv
Autopista Central,Facturado,0020821947,Tránsito Tag,PJHJ69,2026-08-19,07:43:55,PA13,Ruta 5 Sur - Norte,363.73,Autopase_Facturado_Central_0020821947_28092026_075120.csv
Autopista Central,Facturado,0020821947,Tránsito Tag,LPPZ24,2026-08-19,07:45:22,PA32,Ruta 5 Norte - Sur,176.67,Autopase_Facturado_Central_0020821947_28092026_075120.csv
Autopista Central,Facturado,0020821947,Tránsito Tag,LPPZ24,2026-08-19,07:47:05,PA6,Ruta 5 Norte - Sur,157.96,Autopase_Facturado_Central_0020821947_28092026_075120.csv
Autopista Central,Facturado,0020821947,Tránsito Tag,PJHJ69,2026-08-19,07:47:28,PA16,Ruta 5 Sur - Norte,850.1,Autopase_Facturado_Central_0020821947_28092026_075120.csv
Autopista Central,Facturado,0020821947,Tránsito Tag,PJHJ69,2026-08-19,07:55:31,PA17,Ruta 5 Sur - Norte,924.92,Autopase_Facturado_Central_0020821947_28092026_075120.csv
Autopista Central,Facturado,0020821947,Tránsito Tag,KZGL59,2026-08-19,08:27:14,PA18,Ruta 5 Norte - Sur,924.92,Autopase_Facturado_Central_0020821947_28092026_075120.csv
Autopista Central,Facturado,0020821947,Tránsito Tag,PJHJ69,2026-08-19,08:53:26,PA18,Ruta 5 Norte - Sur,462.46,Autopase_Facturado_Central_0020821947_28092026_075120.csv
Autopista Central,Facturado,0020821947,Tránsito Tag,PJHJ69,2026-08-19,08:58:11,PA15,Ruta 5 Norte - Sur,850.1,Autopase_Facturado_Central_0020821947_28092026_075120.csv
Autopista Central,Facturado,0020821947,Tránsito Tag,KDRJ20,2026-08-19,09:01:29,PA26,General Velasquez Norte - Sur,421.93,Autopase_Facturado_Central_0020821947_28092026_075120.csv
Autopista Central,Facturado,0020821947,Tránsito Tag,KDRJ20,2026-08-19,09:03:14,PA24,General Velasquez Norte - Sur,287.86,Autopase_Facturado_Central_0020821947_28092026_075120.csv
Autopista Central,Facturado,0020821947,Tránsito Tag,PJHJ69,2026-08-19,09:08:26,PA14,Ruta 5 Norte - Sur,363.73,Autopase_Facturado_Central_0020821947_28092026_075120.csv
Autopista Central,Facturado,0020821947,Tránsito Tag,PJHJ69,2026-08-19,09:10:01,PA12,Ruta 5 Norte - Sur,737.86,Autopase_Facturado_Central_0020821947_28092026_075120.csv
Autopista Central,Facturado,0020821947,Tránsito Tag,PJHJ69,2026-08-19,09:12:04,PA11,Ruta 5 Norte - Sur,285.79,Autopase_Facturado_Central_0020821947_28092026_075120.csv
Autopista Central,Facturado,0020821947,Tránsito Tag,PJHJ69,2026-08-19,09:53:48,PA20,General Velasquez Norte - Sur,412.57,Autopase_Facturado_Central_0020821947_28092026_075120.csv
Autopista Central,Facturado,0020821947,Tránsito Tag,PJHJ69,2026-08-19,09:55:31,PA32,Ruta 5 Norte - Sur,176.67,Autopase_Facturado_Central_0020821947_28092026_075120.csv
Autopista Central,Facturado,0020821947,Tránsito Tag,PJHJ69,2026-08-19,09:57:20,PA6,Ruta 5 Norte - Sur,157.96,Autopase_Facturado_Central_0020821947_28092026_075120.csv
Autopista Central,Facturado,0020821947,Tránsito Tag,PJHJ69,2026-08-19,10:28:20,PA5,Ruta 5 Sur - Norte,334.63,Autopase_Facturado_Central_0020821947_28092026_075120.csv
Autopista Central,Facturado,0020821947,Tránsito Tag,PJHJ69,2026-08-19,10:31:16,PA19,General Velasquez Sur - Norte,412.57,Autopase_Facturado_Central_0020821947_28092026_075120.csv
Autopista Central,Facturado,0020821947,Tránsito Tag,KDRJ20,2026-08-19,13:57:23,PA14,Ruta 5 Norte - Sur,181.86,Autopase_Facturado_Central_0020821947_28092026_075120.csv
Autopista Central,Facturado,0020821947,Tránsito Tag,CYPW26,2026-08-19,17:52:38,PA28,General Velasquez Sur - Norte,512.34,Autopase_Facturado_Central_0020821947_28092026_075120.csv
Autopista Central,Facturado,0020821947,Tránsito Tag,CYPW26,2026-08-19,17:59:26,PA17,Ruta 5 Sur - Norte,924.92,Autopase_Facturado_Central_0020821947_28092026_075120.csv
Autopista Central,Facturado,0020821947,Tránsito Tag,LPPZ24,2026-08-19,18:06:36,PA5,Ruta 5 Sur - Norte,334.63,Autopase_Facturado_Central_0020821947_28092026_075120.csv
Autopista Central,Facturado,0020821947,Tránsito Tag,LPPZ24,2026-08-19,18:09:18,PA7,Ruta 5 Sur - Norte,452.06,Autopase_Facturado_Central_0020821947_28092026_075120.csv
Autopista Central,Facturado,0020821947,Tránsito Tag,LDWP36,2026-08-19,18:51:32,PA23,General Velasquez Sur - Norte,287.86,Autopase_Facturado_Central_0020821947_28092026_075120.csv
Autopista Central,Facturado,0020821947,Tránsito Tag,LDWP36,2026-08-19,18:53:08,PA25,General Velasquez Sur - Norte,421.93,Autopase_Facturado_Central_0020821947_28092026_075120.csv
Autopista Central,Facturado,0020821947,Tránsito Tag,LPPZ24,2026-08-19,18:55:55,PA10,Ruta 5 Sur - Norte,285.79,Autopase_Facturado_Central_0020821947_28092026_075120.csv
Autopista Central,Facturado,0020821947,Tránsito Tag,LPPZ24,2026-08-19,18:57:53,PA31,Ruta 5 Sur - Norte,737.86,Autopase_Facturado_Central_0020821947_28092026_075120.csv
Autopista Central,Facturado,0020821947,Tránsito Tag,LPPZ24,2026-08-19,18:59:48,PA13,Ruta 5 Sur - Norte,363.73,Autopase_Facturado_Central_0020821947_28092026_075120.csv
Autopista Central,Facturado,0020821947,Tránsito Tag,LPPZ24,2026-08-19,19:03:13,PA16,Ruta 5 Sur - Norte,425.04,Autopase_Facturado_Central_0020821947_28092026_075120.csv
Autopista Central,Facturado,0020821947,Tránsito Tag,LPPZ24,2026-08-19,19:10:59,PA17,Ruta 5 Sur - Norte,924.92,Autopase_Facturado_Central_0020821947_28092026_075120.csv
Autopista Central,Facturado,0020821947,Tránsito Tag,LJDV98,2026-08-19,19:21:14,PA13,Ruta 5 Sur - Norte,181.86,Autopase_Facturado_Central_0020821947_28092026_075120.csv
Autopista Central,Facturado,0020821947,Tránsito Tag,LJDV98,2026-08-19,19:32:05,PA16,Ruta 5 Sur - Norte,425.04,Autopase_Facturado_Central_0020821947_28092026_075120.csv
Autopista Central,Facturado,0020821947,Tránsito Tag,LJDV98,2026-08-19,19:36:12,PA17,Ruta 5 Sur - Norte,462.46,Autopase_Facturado_Central_0020821947_28092026_075120.csv
Autopista Central,Facturado,0020821947,Tránsito Tag,LPPZ24,2026-08-19,20:17:16,PA18,Ruta 5 Norte - Sur,462.46,Autopase_Facturado_Central_0020821947_28092026_075120.csv
Autopista Central,Facturado,0020821947,Tránsito Tag,LJDV98,2026-08-19,20:19:29,PA18,Ruta 5 Norte - Sur,462.46,Autopase_Facturado_Central_0020821947_28092026_075120.csv
Autopista Central,Facturado,0020821947,Tránsito Tag,LDWP36,2026-08-19,20:20:33,PA18,Ruta 5 Norte - Sur,462.46,Autopase_Facturado_Central_0020821947_28092026_075120.csv
Autopista Central,Facturado,0020821947,Tránsito Tag,LPPZ24,2026-08-19,20:21:36,PA15,Ruta 5 Norte - Sur,850.1,Autopase_Facturado_Central_0020821947_28092026_075120.csv
Autopista Central,Facturado,0020821947,Tránsito Tag,LPPZ24,2026-08-19,20:23:21,PA14,Ruta 5 Norte - Sur,363.73,Autopase_Facturado_Central_0020821947_28092026_075120.csv
Autopista Central,Facturado,0020821947,Tránsito Tag,LJDV98,2026-08-19,20:24:01,PA15,Ruta 5 Norte - Sur,850.1,Autopase_Facturado_Central_0020821947_28092026_075120.csv
Autopista Central,Facturado,0020821947,Tránsito Tag,LPPZ24,2026-08-19,20:24:51,PA12,Ruta 5 Norte - Sur,737.86,Autopase_Facturado_Central_0020821947_28092026_075120.csv
Autopista Central,Facturado,0020821947,Tránsito Tag,LDWP36,2026-08-19,20:24:58,PA15,Ruta 5 Norte - Sur,850.1,Autopase_Facturado_Central_0020821947_28092026_075120.csv
Autopista Central,Facturado,0020821947,Tránsito Tag,LJDV98,2026-08-19,20:25:58,PA14,Ruta 5 Norte - Sur,363.73,Autopase_Facturado_Central_0020821947_28092026_075120.csv
Autopista Central,Facturado,0020821947,Tránsito Tag,LPPZ24,2026-08-19,20:26:56,PA11,Ruta 5 Norte - Sur,571.58,Autopase_Facturado_Central_0020821947_28092026_075120.csv
Autopista Central,Facturado,0020821947,Tránsito Tag,CYPW26,2026-08-19,20:37:08,PA16,Ruta 5 Sur - Norte,425.04,Autopase_Facturado_Central_0020821947_28092026_075120.csv
Autopista Central,Facturado,0020821947,Tránsito Tag,CYPW26,2026-08-19,20:41:07,PA17,Ruta 5 Sur - Norte,462.46,Autopase_Facturado_Central_0020821947_28092026_075120.csv
Autopista Central,Facturado,0020821947,Tránsito Tag,LDWP36,2026-08-19,20:46:52,PA13,Ruta 5 Sur - Norte,181.86,Autopase_Facturado_Central_0020821947_28092026_075120.csv
Autopista Central,Facturado,0020821947,Tránsito Tag,LPPZ24,2026-08-19,20:52:06,PA8,Ruta 5 Norte - Sur,452.06,Autopase_Facturado_Central_0020821947_28092026_075120.csv
Autopista Central,Facturado,0020821947,Tránsito Tag,LPPZ24,2026-08-19,20:53:08,PA32,Ruta 5 Norte - Sur,176.67,Autopase_Facturado_Central_0020821947_28092026_075120.csv
Autopista Central,Facturado,0020821947,Tránsito Tag,LPPZ24,2026-08-19,20:54:53,PA6,Ruta 5 Norte - Sur,157.96,Autopase_Facturado_Central_0020821947_28092026_075120.csv
Autopista Central,Facturado,0020821947,Tránsito Tag,LPPZ24,2026-08-19,20:55:42,PA37,Ruta 5 Norte - Sur,455.18,Autopase_Facturado_Central_0020821947_28092026_075120.csv
Autopista Central,Facturado,0020821947,Tránsito Tag,LPPZ24,2026-08-19,20:57:15,PA4,Ruta 5 Norte - Sur,129.9,Autopase_Facturado_Central_0020821947_28092026_075120.csv
Autopista Central,Facturado,0020821947,Tránsito Tag,LPPZ24,2026-08-19,21:03:40,PA3,Ruta 5 Sur - Norte,585.09,Autopase_Facturado_Central_0020821947_28092026_075120.csv
Autopista Central,Facturado,0020821947,Tránsito Tag,LPPZ31,2026-08-19,22:16:19,PA12,Ruta 5 Norte - Sur,368.93,Autopase_Facturado_Central_0020821947_28092026_075120.csv
Autopista Central,Facturado,0020821947,Tránsito Tag,LPPZ31,2026-08-19,22:18:26,PA11,Ruta 5 Norte - Sur,285.79,Autopase_Facturado_Central_0020821947_28092026_075120.csv
Autopista Central,Facturado,0020821947,Tránsito Tag,LPPZ31,2026-08-19,22:19:24,PA9,Ruta 5 Norte - Sur,392.83,Autopase_Facturado_Central_0020821947_28092026_075120.csv
Autopista Central,Facturado,0020821947,Tránsito Tag,KZGL59,2026-08-20,01:25:07,PA7,Ruta 5 Sur - Norte,452.06,Autopase_Facturado_Central_0020821947_28092026_075120.csv
Autopista Central,Facturado,0020821947,Tránsito Tag,LJDV98,2026-08-20,03:30:23,PA5,Ruta 5 Sur - Norte,334.63,Autopase_Facturado_Central_0020821947_28092026_075120.csv
Autopista Central,Facturado,0020821947,Tránsito Tag,LPPZ24,2026-08-20,05:07:29,PA8,Ruta 5 Norte - Sur,452.06,Autopase_Facturado_Central_0020821947_28092026_075120.csv
Autopista Central,Facturado,0020821947,Tránsito Tag,KXZS95,2026-08-20,05:12:38,PA21,General Velasquez Sur - Norte,512.34,Autopase_Facturado_Central_0020821947_28092026_075120.csv
Autopista Central,Facturado,0020821947,Tránsito Tag,LPPZ24,2026-08-20,05:26:31,PA7,Ruta 5 Sur - Norte,452.06,Autopase_Facturado_Central_0020821947_28092026_075120.csv
Autopista Central,Facturado,0020821947,Tránsito Tag,KZGL59,2026-08-20,05:58:30,PA30,Ruta 5 Sur - Norte,392.83,Autopase_Facturado_Central_0020821947_28092026_075120.csv
Autopista Central,Facturado,0020821947,Tránsito Tag,KZGL59,2026-08-20,05:59:16,PA10,Ruta 5 Sur - Norte,285.79,Autopase_Facturado_Central_0020821947_28092026_075120.csv
Autopista Central,Facturado,0020821947,Tránsito Tag,PJHJ69,2026-08-20,05:59:50,PA32,Ruta 5 Norte - Sur,176.67,Autopase_Facturado_Central_0020821947_28092026_075120.csv
Autopista Central,Facturado,0020821947,Tránsito Tag,PJHJ69,2026-08-20,06:01:30,PA6,Ruta 5 Norte - Sur,157.96,Autopase_Facturado_Central_0020821947_28092026_075120.csv
Autopista Central,Facturado,0020821947,Tránsito Tag,PJHJ69,2026-08-20,06:02:47,PA37,Ruta 5 Norte - Sur,455.18,Autopase_Facturado_Central_0020821947_28092026_075120.csv
Autopista Central,Facturado,0020821947,Tránsito Tag,PJHJ69,2026-08-20,06:05:31,PA4,Ruta 5 Norte - Sur,129.9,Autopase_Facturado_Central_0020821947_28092026_075120.csv
Autopista Central,Facturado,0020821947,Tránsito Tag,KZGL59,2026-08-20,06:09:44,PA31,Ruta 5 Sur - Norte,368.93,Autopase_Facturado_Central_0020821947_28092026_075120.csv
Autopista Central,Facturado,0020821947,Tránsito Tag,KZGL59,2026-08-20,06:11:15,PA13,Ruta 5 Sur - Norte,181.86,Autopase_Facturado_Central_0020821947_28092026_075120.csv
Autopista Central,Facturado,0020821947,Tránsito Tag,PJHJ69,2026-08-20,06:27:53,PA3,Ruta 5 Sur - Norte,585.09,Autopase_Facturado_Central_0020821947_28092026_075120.csv
Autopista Central,Facturado,0020821947,Tránsito Tag,LJDV98,2026-08-20,06:29:29,PA20,General Velasquez Norte - Sur,412.57,Autopase_Facturado_Central_0020821947_28092026_075120.csv
Autopista Central,Facturado,0020821947,Tránsito Tag,PJHJ69,2026-08-20,06:31:20,PA5,Ruta 5 Sur - Norte,669.27,Autopase_Facturado_Central_0020821947_28092026_075120.csv
Autopista Central,Facturado,0020821947,Tránsito Tag,LJDV98,2026-08-20,06:31:24,PA32,Ruta 5 Norte - Sur,176.67,Autopase_Facturado_Central_0020821947_28092026_075120.csv
Autopista Central,Facturado,0020821947,Tránsito Tag,LPPZ24,2026-08-20,06:32:01,PA13,Ruta 5 Sur - Norte,363.73,Autopase_Facturado_Central_0020821947_28092026_075120.csv
Autopista Central,Facturado,0020821947,Tránsito Tag,PJHJ69,2026-08-20,06:34:42,PA7,Ruta 5 Sur - Norte,452.06,Autopase_Facturado_Central_0020821947_28092026_075120.csv
Autopista Central,Facturado,0020821947,Tránsito Tag,LPPZ24,2026-08-20,06:46:29,PA16,Ruta 5 Sur - Norte,425.04,Autopase_Facturado_Central_0020821947_28092026_075120.csv
Autopista Central,Facturado,0020821947,Tránsito Tag,LPPZ24,2026-08-20,06:50:05,PA17,Ruta 5 Sur - Norte,462.46,Autopase_Facturado_Central_0020821947_28092026_075120.csv
Autopista Central,Facturado,0020821947,Tránsito Tag,KDRJ20,2026-08-20,06:50:12,PA23,General Velasquez Sur - Norte,287.86,Autopase_Facturado_Central_0020821947_28092026_075120.csv
Autopista Central,Facturado,0020821947,Tránsito Tag,LPPZ24,2026-08-20,07:03:23,PA18,Ruta 5 Norte - Sur,924.92,Autopase_Facturado_Central_0020821947_28092026_075120.csv
Autopista Central,Facturado,0020821947,Tránsito Tag,LPPZ24,2026-08-20,07:04:38,PA29,General Velasquez Norte - Sur,512.34,Autopase_Facturado_Central_0020821947_28092026_075120.csv
Autopista Central,Facturado,0020821947,Tránsito Tag,LPPZ24,2026-08-20,07:09:30,PA26,General Velasquez Norte - Sur,421.93,Autopase_Facturado_Central_0020821947_28092026_075120.csv
Autopista Central,Facturado,0020821947,Tránsito Tag,KDRJ20,2026-08-20,07:09:43,PA16,Ruta 5 Sur - Norte,425.04,Autopase_Facturado_Central_0020821947_28092026_075120.csv
Autopista Central,Facturado,0020821947,Tránsito Tag,LPPZ24,2026-08-20,07:10:54,PA24,General Velasquez Norte - Sur,287.86,Autopase_Facturado_Central_0020821947_28092026_075120.csv
Autopista Central,Facturado,0020821947,Tránsito Tag,LPPZ24,2026-08-20,07:13:12,PA22,General Velasquez Norte - Sur,512.34,Autopase_Facturado_Central_0020821947_28092026_075120.csv
Autopista Central,Facturado,0020821947,Tránsito Tag,KDRJ20,2026-08-20,07:14:19,PA17,Ruta 5 Sur - Norte,924.92,Autopase_Facturado_Central_0020821947_28092026_075120.csv
Autopista Central,Facturado,0020821947,Tránsito Tag,LPPZ24,2026-08-20,07:15:15,PA20,General Velasquez Norte - Sur,412.57,Autopase_Facturado_Central_0020821947_28092026_075120.csv
Autopista Central,Facturado,0020821947,Tránsito Tag,KXZS95,2026-08-20,07:16:15,PA18,Ruta 5 Norte - Sur,924.92,Autopase_Facturado_Central_0020821947_28092026_075120.csv
Autopista Central,Facturado,0020821947,Tránsito Tag,LPPZ24,2026-08-20,07:16:46,PA32,Ruta 5 Norte - Sur,176.67,Autopase_Facturado_Central_0020821947_28092026_075120.csv
Autopista Central,Facturado,0020821947,Tránsito Tag,LPPZ24,2026-08-20,07:18:18,PA6,Ruta 5 Norte - Sur,157.96,Autopase_Facturado_Central_0020821947_28092026_075120.csv
Autopista Central,Facturado,0020821947,Tránsito Tag,PJHJ69,2026-08-20,07:28:16,PA31,Ruta 5 Sur - Norte,737.86,Autopase_Facturado_Central_0020821947_28092026_075120.csv
Autopista Central,Facturado,0020821947,Tránsito Tag,PJHJ69,2026-08-20,07:33:53,PA13,Ruta 5 Sur - Norte,363.73,Autopase_Facturado_Central_0020821947_28092026_075120.csv
Autopista Central,Facturado,0020821947,Tránsito Tag,PJHJ69,2026-08-20,07:37:49,PA16,Ruta 5 Sur - Norte,850.1,Autopase_Facturado_Central_0020821947_28092026_075120.csv
Autopista Central,Facturado,0020821947,Tránsito Tag,KXZS95,2026-08-20,07:40:02,PA16,Ruta 5 Sur - Norte,850.1,Autopase_Facturado_Central_0020821947_28092026_075120.csv
Autopista Central,Facturado,0020821947,Tránsito Tag,PJHJ69,2026-08-20,07:43:09,PA17,Ruta 5 Sur - Norte,924.92,Autopase_Facturado_Central_0020821947_28092026_075120.csv
Autopista Central,Facturado,0020821947,Tránsito Tag,PJHJ69,2026-08-20,08:24:34,PA18,Ruta 5 Norte - Sur,924.92,Autopase_Facturado_Central_0020821947_28092026_075120.csv
Autopista Central,Facturado,0020821947,Tránsito Tag,PJHJ69,2026-08-20,08:55:08,PA14,Ruta 5 Norte - Sur,181.86,Autopase_Facturado_Central_0020821947_28092026_075120.csv
Autopista Central,Facturado,0020821947,Tránsito Tag,PJHJ69,2026-08-20,08:56:31,PA12,Ruta 5 Norte - Sur,368.93,Autopase_Facturado_Central_0020821947_28092026_075120.csv
Autopista Central,Facturado,0020821947,Tránsito Tag,PJHJ69,2026-08-20,08:58:30,PA11,Ruta 5 Norte - Sur,285.79,Autopase_Facturado_Central_0020821947_28092026_075120.csv
Autopista Central,Facturado,0020821947,Tránsito Tag,KDRJ20,2026-08-20,09:10:20,PA18,Ruta 5 Norte - Sur,462.46,Autopase_Facturado_Central_0020821947_28092026_075120.csv
Autopista Central,Facturado,0020821947,Tránsito Tag,KDRJ20,2026-08-20,09:13:04,PA29,General Velasquez Norte - Sur,512.34,Autopase_Facturado_Central_0020821947_28092026_075120.csv
Autopista Central,Facturado,0020821947,Tránsito Tag,KDRJ20,2026-08-20,09:17:46,PA26,General Velasquez Norte - Sur,421.93,Autopase_Facturado_Central_0020821947_28092026_075120.csv
Autopista Central,Facturado,0020821947,Tránsito Tag,KDRJ20,2026-08-20,09:19:49,PA24,General Velasquez Norte - Sur,287.86,Autopase_Facturado_Central_0020821947_28092026_075120.csv
Autopista Central,Facturado,0020821947,Tránsito Tag,KXZS95,2026-08-20,09:26:29,PA26,General Velasquez Norte - Sur,421.93,Autopase_Facturado_Central_0020821947_28092026_075120.csv
Autopista Central,Facturado,0020821947,Tránsito Tag,KXZS95,2026-08-20,09:28:08,PA24,General Velasquez Norte - Sur,287.86,Autopase_Facturado_Central_0020821947_28092026_075120.csv
Autopista Central,Facturado,0020821947,Tránsito Tag,KXZS95,2026-08-20,09:30:41,PA22,General Velasquez Norte - Sur,512.34,Autopase_Facturado_Central_0020821947_28092026_075120.csv
Autopista Central,Facturado,0020821947,Tránsito Tag,KXZS95,2026-08-20,09:32:49,PA20,General Velasquez Norte - Sur,412.57,Autopase_Facturado_Central_0020821947_28092026_075120.csv
Autopista Central,Facturado,0020821947,Tránsito Tag,KXZS95,2026-08-20,09:34:23,PA32,Ruta 5 Norte - Sur,176.67,Autopase_Facturado_Central_0020821947_28092026_075120.csv
Autopista Central,Facturado,0020821947,Tránsito Tag,KXZS95,2026-08-20,09:36:12,PA6,Ruta 5 Norte - Sur,157.96,Autopase_Facturado_Central_0020821947_28092026_075120.csv
Autopista Central,Facturado,0020821947,Tránsito Tag,LDWP36,2026-08-20,14:06:17,PA12,Ruta 5 Norte - Sur,368.93,Autopase_Facturado_Central_0020821947_28092026_075120.csv
Autopista Central,Facturado,0020821947,Tránsito Tag,LDWP36,2026-08-20,14:08:46,PA11,Ruta 5 Norte - Sur,285.79,Autopase_Facturado_Central_0020821947_28092026_075120.csv
Autopista Central,Facturado,0020821947,Tránsito Tag,LDWP36,2026-08-20,14:09:41,PA9,Ruta 5 Norte - Sur,392.83,Autopase_Facturado_Central_0020821947_28092026_075120.csv
Autopista Central,Facturado,0020821947,Tránsito Tag,CYPW26,2026-08-20,17:52:05,PA30,Ruta 5 Sur - Norte,392.83,Autopase_Facturado_Central_0020821947_28092026_075120.csv
Autopista Central,Facturado,0020821947,Tránsito Tag,CYPW26,2026-08-20,17:52:57,PA10,Ruta 5 Sur - Norte,285.79,Autopase_Facturado_Central_0020821947_28092026_075120.csv
Autopista Central,Facturado,0020821947,Tránsito Tag,CYPW26,2026-08-20,17:55:23,PA31,Ruta 5 Sur - Norte,737.86,Autopase_Facturado_Central_0020821947_28092026_075120.csv
Autopista Central,Facturado,0020821947,Tránsito Tag,CYPW26,2026-08-20,17:56:59,PA13,Ruta 5 Sur - Norte,363.73,Autopase_Facturado_Central_0020821947_28092026_075120.csv
Autopista Central,Facturado,0020821947,Tránsito Tag,KZGL59,2026-08-20,17:58:09,PA21,General Velasquez Sur - Norte,512.34,Autopase_Facturado_Central_0020821947_28092026_075120.csv
Autopista Central,Facturado,0020821947,Tránsito Tag,CYPW26,2026-08-20,18:02:17,PA16,Ruta 5 Sur - Norte,425.04,Autopase_Facturado_Central_0020821947_28092026_075120.csv
Autopista Central,Facturado,0020821947,Tránsito Tag,LPPZ24,2026-08-20,18:14:52,PA5,Ruta 5 Sur - Norte,334.63,Autopase_Facturado_Central_0020821947_28092026_075120.csv
Autopista Central,Facturado,0020821947,Tránsito Tag,LPPZ24,2026-08-20,18:17:42,PA7,Ruta 5 Sur - Norte,452.06,Autopase_Facturado_Central_0020821947_28092026_075120.csv
Autopista Central,Facturado,0020821947,Tránsito Tag,CYPW26,2026-08-20,18:20:38,PA17,Ruta 5 Sur - Norte,924.92,Autopase_Facturado_Central_0020821947_28092026_075120.csv
Autopista Central,Facturado,0020821947,Tránsito Tag,LPPZ24,2026-08-20,19:04:04,PA10,Ruta 5 Sur - Norte,285.79,Autopase_Facturado_Central_0020821947_28092026_075120.csv
Autopista Central,Facturado,0020821947,Tránsito Tag,LPPZ24,2026-08-20,19:06:12,PA31,Ruta 5 Sur - Norte,368.93,Autopase_Facturado_Central_0020821947_28092026_075120.csv
Autopista Central,Facturado,0020821947,Tránsito Tag,LPPZ24,2026-08-20,19:07:44,PA13,Ruta 5 Sur - Norte,181.86,Autopase_Facturado_Central_0020821947_28092026_075120.csv
Autopista Central,Facturado,0020821947,Tránsito Tag,LPPZ24,2026-08-20,19:10:35,PA16,Ruta 5 Sur - Norte,425.04,Autopase_Facturado_Central_0020821947_28092026_075120.csv
Autopista Central,Facturado,0020821947,Tránsito Tag,LJDV98,2026-08-20,19:15:03,PA13,Ruta 5 Sur - Norte,181.86,Autopase_Facturado_Central_0020821947_28092026_075120.csv
Autopista Central,Facturado,0020821947,Tránsito Tag,LPPZ24,2026-08-20,19:15:49,PA17,Ruta 5 Sur - Norte,924.92,Autopase_Facturado_Central_0020821947_28092026_075120.csv
Autopista Central,Facturado,0020821947,Tránsito Tag,LJDV98,2026-08-20,19:28:43,PA16,Ruta 5 Sur - Norte,425.04,Autopase_Facturado_Central_0020821947_28092026_075120.csv
Autopista Central,Facturado,0020821947,Tránsito Tag,LJDV98,2026-08-20,19:34:11,PA17,Ruta 5 Sur - Norte,462.46,Autopase_Facturado_Central_0020821947_28092026_075120.csv
Autopista Central,Facturado,0020821947,Tránsito Tag,LPPZ24,2026-08-20,20:21:44,PA18,Ruta 5 Norte - Sur,462.46,Autopase_Facturado_Central_0020821947_28092026_075120.csv
Autopista Central,Facturado,0020821947,Tránsito Tag,KZGL59,2026-08-20,20:23:48,PA18,Ruta 5 Norte - Sur,462.46,Autopase_Facturado_Central_0020821947_28092026_075120.csv
Autopista Central,Facturado,0020821947,Tránsito Tag,LPPZ24,2026-08-20,20:25:53,PA15,Ruta 5 Norte - Sur,850.1,Autopase_Facturado_Central_0020821947_28092026_075120.csv
Autopista Central,Facturado,0020821947,Tránsito Tag,KZGL59,2026-08-20,20:28:18,PA15,Ruta 5 Norte - Sur,850.1,Autopase_Facturado_Central_0020821947_28092026_075120.csv
Autopista Central,Facturado,0020821947,Tránsito Tag,LPPZ24,2026-08-20,20:28:59,PA14,Ruta 5 Norte - Sur,363.73,Autopase_Facturado_Central_0020821947_28092026_075120.csv
Autopista Central,Facturado,0020821947,Tránsito Tag,LPPZ24,2026-08-20,20:30:58,PA12,Ruta 5 Norte - Sur,368.93,Autopase_Facturado_Central_0020821947_28092026_075120.csv
Autopista Central,Facturado,0020821947,Tránsito Tag,CYPW26,2026-08-20,20:46:11,PA17,Ruta 5 Sur - Norte,462.46,Autopase_Facturado_Central_0020821947_28092026_075120.csv
Autopista Central,Facturado,0020821947,Tránsito Tag,LPPZ24,2026-08-20,21:08:26,PA8,Ruta 5 Norte - Sur,452.06,Autopase_Facturado_Central_0020821947_28092026_075120.csv
Autopista Central,Facturado,0020821947,Tránsito Tag,LPPZ24,2026-08-20,21:09:25,PA32,Ruta 5 Norte - Sur,176.67,Autopase_Facturado_Central_0020821947_28092026_075120.csv
Autopista Central,Facturado,0020821947,Tránsito Tag,LPPZ24,2026-08-20,21:10:56,PA6,Ruta 5 Norte - Sur,157.96,Autopase_Facturado_Central_0020821947_28092026_075120.csv
Autopista Central,Facturado,0020821947,Tránsito Tag,LPPZ24,2026-08-20,21:11:53,PA37,Ruta 5 Norte - Sur,455.18,Autopase_Facturado_Central_0020821947_28092026_075120.csv
Autopista Central,Facturado,0020821947,Tránsito Tag,LPPZ24,2026-08-20,21:13:35,PA4,Ruta 5 Norte - Sur,129.9,Autopase_Facturado_Central_0020821947_28092026_075120.csv
Autopista Central,Facturado,0020821947,Tránsito Tag,LPPZ31,2026-08-20,22:30:44,PA12,Ruta 5 Norte - Sur,368.93,Autopase_Facturado_Central_0020821947_28092026_075120.csv
Autopista Central,Facturado,0020821947,Tránsito Tag,LPPZ31,2026-08-20,22:35:01,PA11,Ruta 5 Norte - Sur,285.79,Autopase_Facturado_Central_0020821947_28092026_075120.csv
Autopista Central,Facturado,0020821947,Tránsito Tag,LPPZ31,2026-08-20,22:35:59,PA9,Ruta 5 Norte - Sur,392.83,Autopase_Facturado_Central_0020821947_28092026_075120.csv
Autopista Central,Facturado,0020821947,Tránsito Tag,LPPZ24,2026-08-20,23:28:30,PA5,Ruta 5 Sur - Norte,334.63,Autopase_Facturado_Central_0020821947_28092026_075120.csv
Autopista Central,Facturado,0020821947,Tránsito Tag,KXZS95,2026-08-20,23:37:40,PA8,Ruta 5 Norte - Sur,452.06,Autopase_Facturado_Central_0020821947_28092026_075120.csv
Autopista Central,Facturado,0020821947,Tránsito Tag,KXZS95,2026-08-20,23:38:52,PA32,Ruta 5 Norte - Sur,176.67,Autopase_Facturado_Central_0020821947_28092026_075120.csv
Autopista Central,Facturado,0020821947,Tránsito Tag,KZGL59,2026-08-21,00:33:55,PA21,General Velasquez Sur - Norte,512.34,Autopase_Facturado_Central_0020821947_28092026_075120.csv
Autopista Central,Facturado,0020821947,Tránsito Tag,LPPZ31,2026-08-21,00:37:09,PA30,Ruta 5 Sur - Norte,392.83,Autopase_Facturado_Central_0020821947_28092026_075120.csv
Autopista Central,Facturado,0020821947,Tránsito Tag,LPPZ31,2026-08-21,00:42:37,PA10,Ruta 5 Sur - Norte,285.79,Autopase_Facturado_Central_0020821947_28092026_075120.csv
Autopista Central,Facturado,0020821947,Tránsito Tag,LPPZ31,2026-08-21,00:44:29,PA31,Ruta 5 Sur - Norte,368.93,Autopase_Facturado_Central_0020821947_28092026_075120.csv
Autopista Central,Facturado,0020821947,Tránsito Tag,LPPZ31,2026-08-21,00:53:52,PA12,Ruta 5 Norte - Sur,368.93,Autopase_Facturado_Central_0020821947_28092026_075120.csv
Autopista Central,Facturado,0020821947,Tránsito Tag,KDRJ20,2026-08-21,01:12:24,PA7,Ruta 5 Sur - Norte,452.06,Autopase_Facturado_Central_0020821947_28092026_075120.csv
Autopista Central,Facturado,0020821947,Tránsito Tag,LPPZ31,2026-08-21,01:35:51,PA21,General Velasquez Sur - Norte,512.34,Autopase_Facturado_Central_0020821947_28092026_075120.csv
Autopista Central,Facturado,0020821947,Tránsito Tag,LPPZ31,2026-08-21,01:38:34,PA23,General Velasquez Sur - Norte,287.86,Autopase_Facturado_Central_0020821947_28092026_075120.csv
Autopista Central,Facturado,0020821947,Tránsito Tag,LPPZ31,2026-08-21,02:00:56,PA22,General Velasquez Norte - Sur,512.34,Autopase_Facturado_Central_0020821947_28092026_075120.csv
Autopista Central,Facturado,0020821947,Tránsito Tag,LKGZ52,2026-08-21,03:27:41,PA23,General Velasquez Sur - Norte,287.86,Autopase_Facturado_Central_0020821947_28092026_075120.csv
Autopista Central,Facturado,0020821947,Tránsito Tag,LKGZ52,2026-08-21,03:28:59,PA25,General Velasquez Sur - Norte,421.93,Autopase_Facturado_Central_0020821947_28092026_075120.csv
Autopista Central,Facturado,0020821947,Tránsito Tag,LKGZ52,2026-08-21,03:48:14,PA12,Ruta 5 Norte - Sur,368.93,Autopase_Facturado_Central_0020821947_28092026_075120.csv
Autopista Central,Facturado,0020821947,Tránsito Tag,LKGZ52,2026-08-21,03:49:48,PA11,Ruta 5 Norte - Sur,285.79,Autopase_Facturado_Central_0020821947_28092026_075120.csv
Autopista Central,Facturado,0020821947,Tránsito Tag,LKGZ52,2026-08-21,03:50:26,PA9,Ruta 5 Norte - Sur,392.83,Autopase_Facturado_Central_0020821947_28092026_075120.csv
Autopista Central,Facturado,0020821947,Tránsito Tag,LPPZ24,2026-08-21,05:07:36,PA8,Ruta 5 Norte - Sur,452.06,Autopase_Facturado_Central_0020821947_28092026_075120.csv
Autopista Central,Facturado,0020821947,Tránsito Tag,KDRJ20,2026-08-21,05:27:10,PA5,Ruta 5 Sur - Norte,334.63,Autopase_Facturado_Central_0020821947_28092026_075120.csv
Autopista Central,Facturado,0020821947,Tránsito Tag,KDRJ20,2026-08-21,05:29:09,PA19,General Velasquez Sur - Norte,412.57,Autopase_Facturado_Central_0020821947_28092026_075120.csv
Autopista Central,Facturado,0020821947,Tránsito Tag,LPPZ31,2026-08-21,05:40:02,PA21,General Velasquez Sur - Norte,512.34,Autopase_Facturado_Central_0020821947_28092026_075120.csv
Autopista Central,Facturado,0020821947,Tránsito Tag,HXJJ44,2026-08-21,05:43:03,PA21,General Velasquez Sur - Norte,512.34,Autopase_Facturado_Central_0020821947_28092026_075120.csv
Autopista Central,Facturado,0020821947,Tránsito Tag,LPPZ31,2026-08-21,05:43:06,PA23,General Velasquez Sur - Norte,287.86,Autopase_Facturado_Central_0020821947_28092026_075120.csv
Autopista Central,Facturado,0020821947,Tránsito Tag,LPPZ31,2026-08-21,05:44:55,PA25,General Velasquez Sur - Norte,421.93,Autopase_Facturado_Central_0020821947_28092026_075120.csv
Autopista Central,Facturado,0020821947,Tránsito Tag,HXJJ44,2026-08-21,05:46:06,PA23,General Velasquez Sur - Norte,287.86,Autopase_Facturado_Central_0020821947_28092026_075120.csv
Autopista Central,Facturado,0020821947,Tránsito Tag,LPPZ24,2026-08-21,05:47:47,PA5,Ruta 5 Sur - Norte,334.63,Autopase_Facturado_Central_0020821947_28092026_075120.csv
Autopista Central,Facturado,0020821947,Tránsito Tag,HXJJ44,2026-08-21,05:47:51,PA25,General Velasquez Sur - Norte,421.93,Autopase_Facturado_Central_0020821947_28092026_075120.csv
Autopista Central,Facturado,0020821947,Tránsito Tag,LPPZ24,2026-08-21,05:50:16,PA7,Ruta 5 Sur - Norte,452.06,Autopase_Facturado_Central_0020821947_28092026_075120.csv
Autopista Central,Facturado,0020821947,Tránsito Tag,LPPZ31,2026-08-21,05:56:18,PA28,General Velasquez Sur - Norte,512.34,Autopase_Facturado_Central_0020821947_28092026_075120.csv
Autopista Central,Facturado,0020821947,Tránsito Tag,LPPZ31,2026-08-21,05:57:36,PA17,Ruta 5 Sur - Norte,462.46,Autopase_Facturado_Central_0020821947_28092026_075120.csv
Autopista Central,Facturado,0020821947,Tránsito Tag,KZGL59,2026-08-21,05:58:50,PA31,Ruta 5 Sur - Norte,368.93,Autopase_Facturado_Central_0020821947_28092026_075120.csv
Autopista Central,Facturado,0020821947,Tránsito Tag,KZGL59,2026-08-21,06:00:35,PA13,Ruta 5 Sur - Norte,181.86,Autopase_Facturado_Central_0020821947_28092026_075120.csv
Autopista Central,Facturado,0020821947,Tránsito Tag,LJDV98,2026-08-21,06:02:20,PA8,Ruta 5 Norte - Sur,452.06,Autopase_Facturado_Central_0020821947_28092026_075120.csv
Autopista Central,Facturado,0020821947,Tránsito Tag,LJDV98,2026-08-21,06:03:34,PA32,Ruta 5 Norte - Sur,176.67,Autopase_Facturado_Central_0020821947_28092026_075120.csv
Autopista Central,Facturado,0020821947,Tránsito Tag,LJDV98,2026-08-21,06:05:09,PA6,Ruta 5 Norte - Sur,157.96,Autopase_Facturado_Central_0020821947_28092026_075120.csv
Autopista Central,Facturado,0020821947,Tránsito Tag,LJDV98,2026-08-21,06:06:04,PA37,Ruta 5 Norte - Sur,455.18,Autopase_Facturado_Central_0020821947_28092026_075120.csv
Autopista Central,Facturado,0020821947,Tránsito Tag,HXJJ44,2026-08-21,06:07:40,PA26,General Velasquez Norte - Sur,421.93,Autopase_Facturado_Central_0020821947_28092026_075120.csv
Autopista Central,Facturado,0020821947,Tránsito Tag,LJDV98,2026-08-21,06:08:02,PA4,Ruta 5 Norte - Sur,129.9,Autopase_Facturado_Central_0020821947_28092026_075120.csv
Autopista Central,Facturado,0020821947,Tránsito Tag,HXJJ44,2026-08-21,06:10:41,PA24,General Velasquez Norte - Sur,287.86,Autopase_Facturado_Central_0020821947_28092026_075120.csv
Autopista Central,Facturado,0020821947,Tránsito Tag,HXJJ44,2026-08-21,06:16:24,PA22,General Velasquez Norte - Sur,512.34,Autopase_Facturado_Central_0020821947_28092026_075120.csv
Autopista Central,Facturado,0020821947,Tránsito Tag,LJDV98,2026-08-21,06:22:34,PA3,Ruta 5 Sur - Norte,585.09,Autopase_Facturado_Central_0020821947_28092026_075120.csv
Autopista Central,Facturado,0020821947,Tránsito Tag,LJDV98,2026-08-21,06:25:35,PA5,Ruta 5 Sur - Norte,334.63,Autopase_Facturado_Central_0020821947_28092026_075120.csv
Autopista Central,Facturado,0020821947,Tránsito Tag,LJDV98,2026-08-21,06:28:52,PA7,Ruta 5 Sur - Norte,452.06,Autopase_Facturado_Central_0020821947_28092026_075120.csv
Autopista Central,Facturado,0020821947,Tránsito Tag,KDRJ20,2026-08-21,06:40:21,PA23,General Velasquez Sur - Norte,287.86,Autopase_Facturado_Central_0020821947_28092026_075120.csv
Autopista Central,Facturado,0020821947,Tránsito Tag,KDRJ20,2026-08-21,06:42:14,PA25,General Velasquez Sur - Norte,421.93,Autopase_Facturado_Central_0020821947_28092026_075120.csv
Autopista Central,Facturado,0020821947,Tránsito Tag,LPPZ24,2026-08-21,06:47:05,PA13,Ruta 5 Sur - Norte,363.73,Autopase_Facturado_Central_0020821947_28092026_075120.csv
Autopista Central,Facturado,0020821947,Tránsito Tag,LPPZ24,2026-08-21,06:59:54,PA16,Ruta 5 Sur - Norte,425.04,Autopase_Facturado_Central_0020821947_28092026_075120.csv
Autopista Central,Facturado,0020821947,Tránsito Tag,LPPZ24,2026-08-21,07:04:02,PA17,Ruta 5 Sur - Norte,924.92,Autopase_Facturado_Central_0020821947_28092026_075120.csv
Autopista Central,Facturado,0020821947,Tránsito Tag,HXJJ44,2026-08-21,07:04:05,PA7,Ruta 5 Sur - Norte,452.06,Autopase_Facturado_Central_0020821947_28092026_075120.csv
Autopista Central,Facturado,0020821947,Tránsito Tag,HXJJ44,2026-08-21,07:07:38,PA30,Ruta 5 Sur - Norte,392.83,Autopase_Facturado_Central_0020821947_28092026_075120.csv
Autopista Central,Facturado,0020821947,Tránsito Tag,HXJJ44,2026-08-21,07:08:42,PA10,Ruta 5 Sur - Norte,285.79,Autopase_Facturado_Central_0020821947_28092026_075120.csv
Autopista Central,Facturado,0020821947,Tránsito Tag,LPPZ24,2026-08-21,07:16:06,PA18,Ruta 5 Norte - Sur,924.92,Autopase_Facturado_Central_0020821947_28092026_075120.csv
Autopista Central,Facturado,0020821947,Tránsito Tag,LPPZ24,2026-08-21,07:17:39,PA29,General Velasquez Norte - Sur,512.34,Autopase_Facturado_Central_0020821947_28092026_075120.csv
Autopista Central,Facturado,0020821947,Tránsito Tag,HXJJ44,2026-08-21,07:18:09,PA23,General Velasquez Sur - Norte,575.74,Autopase_Facturado_Central_0020821947_28092026_075120.csv
Autopista Central,Facturado,0020821947,Tránsito Tag,KDRJ20,2026-08-21,07:19:37,PA16,Ruta 5 Sur - Norte,425.04,Autopase_Facturado_Central_0020821947_28092026_075120.csv
Autopista Central,Facturado,0020821947,Tránsito Tag,HXJJ44,2026-08-21,07:20:03,PA25,General Velasquez Sur - Norte,843.86,Autopase_Facturado_Central_0020821947_28092026_075120.csv
Autopista Central,Facturado,0020821947,Tránsito Tag,KZGL59,2026-08-21,07:21:34,PA14,Ruta 5 Norte - Sur,363.73,Autopase_Facturado_Central_0020821947_28092026_075120.csv
Autopista Central,Facturado,0020821947,Tránsito Tag,LPPZ24,2026-08-21,07:21:54,PA26,General Velasquez Norte - Sur,421.93,Autopase_Facturado_Central_0020821947_28092026_075120.csv
Autopista Central,Facturado,0020821947,Tránsito Tag,LJDV98,2026-08-21,07:22:54,PA31,Ruta 5 Sur - Norte,737.86,Autopase_Facturado_Central_0020821947_28092026_075120.csv
Autopista Central,Facturado,0020821947,Tránsito Tag,KZGL59,2026-08-21,07:23:08,PA12,Ruta 5 Norte - Sur,737.86,Autopase_Facturado_Central_0020821947_28092026_075120.csv
Autopista Central,Facturado,0020821947,Tránsito Tag,LPPZ24,2026-08-21,07:23:17,PA24,General Velasquez Norte - Sur,287.86,Autopase_Facturado_Central_0020821947_28092026_075120.csv
Autopista Central,Facturado,0020821947,Tránsito Tag,KDRJ20,2026-08-21,07:24:12,PA17,Ruta 5 Sur - Norte,924.92,Autopase_Facturado_Central_0020821947_28092026_075120.csv
Autopista Central,Facturado,0020821947,Tránsito Tag,KZGL59,2026-08-21,07:25:07,PA11,Ruta 5 Norte - Sur,285.79,Autopase_Facturado_Central_0020821947_28092026_075120.csv
Autopista Central,Facturado,0020821947,Tránsito Tag,LJDV98,2026-08-21,07:25:15,PA13,Ruta 5 Sur - Norte,363.73,Autopase_Facturado_Central_0020821947_28092026_075120.csv
Autopista Central,Facturado,0020821947,Tránsito Tag,LPPZ24,2026-08-21,07:25:37,PA22,General Velasquez Norte - Sur,512.34,Autopase_Facturado_Central_0020821947_28092026_075120.csv
Autopista Central,Facturado,0020821947,Tránsito Tag,KZGL59,2026-08-21,07:25:57,PA9,Ruta 5 Norte - Sur,392.83,Autopase_Facturado_Central_0020821947_28092026_075120.csv
Autopista Central,Facturado,0020821947,Tránsito Tag,LPPZ24,2026-08-21,07:27:34,PA20,General Velasquez Norte - Sur,412.57,Autopase_Facturado_Central_0020821947_28092026_075120.csv
Autopista Central,Facturado,0020821947,Tránsito Tag,LJDV98,2026-08-21,07:29:06,PA16,Ruta 5 Sur - Norte,425.04,Autopase_Facturado_Central_0020821947_28092026_075120.csv
Autopista Central,Facturado,0020821947,Tránsito Tag,LPPZ24,2026-08-21,07:29:08,PA32,Ruta 5 Norte - Sur,176.67,Autopase_Facturado_Central_0020821947_28092026_075120.csv
Autopista Central,Facturado,0020821947,Tránsito Tag,LPPZ24,2026-08-21,07:30:47,PA6,Ruta 5 Norte - Sur,157.96,Autopase_Facturado_Central_0020821947_28092026_075120.csv
Autopista Central,Facturado,0020821947,Tránsito Tag,LJDV98,2026-08-21,08:03:37,PA17,Ruta 5 Sur - Norte,924.92,Autopase_Facturado_Central_0020821947_28092026_075120.csv
Autopista Central,Facturado,0020821947,Tránsito Tag,LJDV98,2026-08-21,08:36:26,PA18,Ruta 5 Norte - Sur,462.46,Autopase_Facturado_Central_0020821947_28092026_075120.csv
Autopista Central,Facturado,0020821947,Tránsito Tag,LJDV98,2026-08-21,09:01:58,PA14,Ruta 5 Norte - Sur,363.73,Autopase_Facturado_Central_0020821947_28092026_075120.csv
Autopista Central,Facturado,0020821947,Tránsito Tag,LJDV98,2026-08-21,09:03:48,PA12,Ruta 5 Norte - Sur,737.86,Autopase_Facturado_Central_0020821947_28092026_075120.csv
Autopista Central,Facturado,0020821947,Tránsito Tag,KDRJ20,2026-08-21,09:04:32,PA18,Ruta 5 Norte - Sur,462.46,Autopase_Facturado_Central_0020821947_28092026_075120.csv
Autopista Central,Facturado,0020821947,Tránsito Tag,KDRJ20,2026-08-21,09:05:54,PA29,General Velasquez Norte - Sur,512.34,Autopase_Facturado_Central_0020821947_28092026_075120.csv
Autopista Central,Facturado,0020821947,Tránsito Tag,LJDV98,2026-08-21,09:06:19,PA11,Ruta 5 Norte - Sur,285.79,Autopase_Facturado_Central_0020821947_28092026_075120.csv
Autopista Central,Facturado,0020821947,Tránsito Tag,LPPZ31,2026-08-21,16:51:00,PA22,General Velasquez Norte - Sur,512.34,Autopase_Facturado_Central_0020821947_28092026_075120.csv
Autopista Central,Facturado,0020821947,Tránsito Tag,LPPZ31,2026-08-21,16:55:14,PA20,General Velasquez Norte - Sur,412.57,Autopase_Facturado_Central_0020821947_28092026_075120.csv
Autopista Central,Facturado,0020821947,Tránsito Tag,LPPZ31,2026-08-21,17:11:07,PA32,Ruta 5 Norte - Sur,176.67,Autopase_Facturado_Central_0020821947_28092026_075120.csv
Autopista Central,Facturado,0020821947,Tránsito Tag,LPPZ31,2026-08-21,17:18:51,PA7,Ruta 5 Sur - Norte,452.06,Autopase_Facturado_Central_0020821947_28092026_075120.csv
Autopista Central,Facturado,0020821947,Tránsito Tag,LDWP36,2026-08-21,18:09:56,PA21,General Velasquez Sur - Norte,512.34,Autopase_Facturado_Central_0020821947_28092026_075120.csv
Autopista Central,Facturado,0020821947,Tránsito Tag,LDWP36,2026-08-21,18:12:57,PA23,General Velasquez Sur - Norte,287.86,Autopase_Facturado_Central_0020821947_28092026_075120.csv
Autopista Central,Facturado,0020821947,Tránsito Tag,LPPZ24,2026-08-21,19:12:10,PA10,Ruta 5 Sur - Norte,285.79,Autopase_Facturado_Central_0020821947_28092026_075120.csv
Autopista Central,Facturado,0020821947,Tránsito Tag,LPPZ24,2026-08-21,19:14:27,PA31,Ruta 5 Sur - Norte,368.93,Autopase_Facturado_Central_0020821947_28092026_075120.csv
Autopista Central,Facturado,0020821947,Tránsito Tag,LPPZ24,2026-08-21,19:16:25,PA13,Ruta 5 Sur - Norte,181.86,Autopase_Facturado_Central_0020821947_28092026_075120.csv
Autopista Central,Facturado,0020821947,Tránsito Tag,LPPZ24,2026-08-21,19:19:16,PA16,Ruta 5 Sur - Norte,425.04,Autopase_Facturado_Central_0020821947_28092026_075120.csv
Autopista Central,Facturado,0020821947,Tránsito Tag,LPPZ24,2026-08-21,19:22:55,PA17,Ruta 5 Sur - Norte,924.92,Autopase_Facturado_Central_0020821947_28092026_075120.csv
Autopista Central,Facturado,0020821947,Tránsito Tag,LJDV98,2026-08-21,19:27:12,PA13,Ruta 5 Sur - Norte,181.86,Autopase_Facturado_Central_0020821947_28092026_075120.csv
Autopista Central,Facturado,0020821947,Tránsito Tag,LJDV98,2026-08-21,19:36:59,PA16,Ruta 5 Sur - Norte,425.04,Autopase_Facturado_Central_0020821947_28092026_075120.csv
Autopista Central,Facturado,0020821947,Tránsito Tag,LJDV98,2026-08-21,19:40:58,PA17,Ruta 5 Sur - Norte,462.46,Autopase_Facturado_Central_0020821947_28092026_075120.csv
Autopista Central,Facturado,0020821947,Tránsito Tag,LPPZ24,2026-08-21,20:19:17,PA18,Ruta 5 Norte - Sur,462.46,Autopase_Facturado_Central_0020821947_28092026_075120.csv
Autopista Central,Facturado,0020821947,Tránsito Tag,LDWP36,2026-08-21,20:20:38,PA18,Ruta 5 Norte - Sur,462.46,Autopase_Facturado_Central_0020821947_28092026_075120.csv
Autopista Central,Facturado,0020821947,Tránsito Tag,LPPZ24,2026-08-21,20:23:43,PA15,Ruta 5 Norte - Sur,850.1,Autopase_Facturado_Central_0020821947_28092026_075120.csv
Autopista Central,Facturado,0020821947,Tránsito Tag,LDWP36,2026-08-21,20:24:54,PA15,Ruta 5 Norte - Sur,850.1,Autopase_Facturado_Central_0020821947_28092026_075120.csv
Autopista Central,Facturado,0020821947,Tránsito Tag,LPPZ24,2026-08-21,20:25:47,PA14,Ruta 5 Norte - Sur,363.73,Autopase_Facturado_Central_0020821947_28092026_075120.csv
Autopista Central,Facturado,0020821947,Tránsito Tag,LPPZ24,2026-08-21,20:27:17,PA12,Ruta 5 Norte - Sur,737.86,Autopase_Facturado_Central_0020821947_28092026_075120.csv
Autopista Central,Facturado,0020821947,Tránsito Tag,LPPZ24,2026-08-21,20:29:22,PA11,Ruta 5 Norte - Sur,571.58,Autopase_Facturado_Central_0020821947_28092026_075120.csv
Autopista Central,Facturado,0020821947,Tránsito Tag,HXJJ44,2026-08-21,20:38:54,PA17,Ruta 5 Sur - Norte,462.46,Autopase_Facturado_Central_0020821947_28092026_075120.csv
Autopista Central,Facturado,0020821947,Tránsito Tag,LDWP36,2026-08-21,20:45:16,PA13,Ruta 5 Sur - Norte,181.86,Autopase_Facturado_Central_0020821947_28092026_075120.csv
Autopista Central,Facturado,0020821947,Tránsito Tag,LPPZ24,2026-08-21,20:51:15,PA8,Ruta 5 Norte - Sur,452.06,Autopase_Facturado_Central_0020821947_28092026_075120.csv
Autopista Central,Facturado,0020821947,Tránsito Tag,LPPZ24,2026-08-21,20:52:21,PA32,Ruta 5 Norte - Sur,176.67,Autopase_Facturado_Central_0020821947_28092026_075120.csv
Autopista Central,Facturado,0020821947,Tránsito Tag,LPPZ24,2026-08-21,20:54:08,PA6,Ruta 5 Norte - Sur,157.96,Autopase_Facturado_Central_0020821947_28092026_075120.csv
Autopista Central,Facturado,0020821947,Tránsito Tag,LPPZ24,2026-08-21,20:55:22,PA37,Ruta 5 Norte - Sur,455.18,Autopase_Facturado_Central_0020821947_28092026_075120.csv
Autopista Central,Facturado,0020821947,Tránsito Tag,LPPZ24,2026-08-21,20:57:15,PA4,Ruta 5 Norte - Sur,129.9,Autopase_Facturado_Central_0020821947_28092026_075120.csv
Autopista Central,Facturado,0020821947,Tránsito Tag,LDWP36,2026-08-21,21:04:32,PA26,General Velasquez Norte - Sur,421.93,Autopase_Facturado_Central_0020821947_28092026_075120.csv
Autopista Central,Facturado,0020821947,Tránsito Tag,LDWP36,2026-08-21,21:06:15,PA24,General Velasquez Norte - Sur,287.86,Autopase_Facturado_Central_0020821947_28092026_075120.csv
Autopista Central,Facturado,0020821947,Tránsito Tag,LPPZ31,2026-08-21,22:02:17,PA26,General Velasquez Norte - Sur,421.93,Autopase_Facturado_Central_0020821947_28092026_075120.csv
Autopista Central,Facturado,0020821947,Tránsito Tag,LPPZ31,2026-08-21,22:03:34,PA24,General Velasquez Norte - Sur,287.86,Autopase_Facturado_Central_0020821947_28092026_075120.csv
Autopista Central,Facturado,0020821947,Tránsito Tag,LPPZ31,2026-08-21,22:05:57,PA22,General Velasquez Norte - Sur,512.34,Autopase_Facturado_Central_0020821947_28092026_075120.csv
Autopista Central,Facturado,0020821947,Tránsito Tag,KXZS95,2026-08-21,22:21:23,PA12,Ruta 5 Norte - Sur,368.93,Autopase_Facturado_Central_0020821947_28092026_075120.csv
Autopista Central,Facturado,0020821947,Tránsito Tag,KXZS95,2026-08-21,22:23:44,PA11,Ruta 5 Norte - Sur,285.79,Autopase_Facturado_Central_0020821947_28092026_075120.csv
Autopista Central,Facturado,0020821947,Tránsito Tag,KXZS95,2026-08-21,22:24:45,PA9,Ruta 5 Norte - Sur,392.83,Autopase_Facturado_Central_0020821947_28092026_075120.csv
Autopista Central,Facturado,0020821947,Tránsito Tag,KXZS95,2026-08-21,23:00:00,PA8,Ruta 5 Norte - Sur,452.06,Autopase_Facturado_Central_0020821947_28092026_075120.csv
Autopista Central,Facturado,0020821947,Tránsito Tag,KXZS95,2026-08-21,23:01:07,PA32,Ruta 5 Norte - Sur,176.67,Autopase_Facturado_Central_0020821947_28092026_075120.csv
Autopista Central,Facturado,0020821947,Tránsito Tag,LKGZ52,2026-08-21,23:12:15,PA21,General Velasquez Sur - Norte,512.34,Autopase_Facturado_Central_0020821947_28092026_075120.csv
Autopista Central,Facturado,0020821947,Tránsito Tag,LKGZ52,2026-08-21,23:14:22,PA23,General Velasquez Sur - Norte,287.86,Autopase_Facturado_Central_0020821947_28092026_075120.csv
Autopista Central,Facturado,0020821947,Tránsito Tag,KXZS95,2026-08-21,23:21:49,PA5,Ruta 5 Sur - Norte,334.63,Autopase_Facturado_Central_0020821947_28092026_075120.csv
Autopista Central,Facturado,0020821947,Tránsito Tag,KXZS95,2026-08-21,23:24:04,PA19,General Velasquez Sur - Norte,412.57,Autopase_Facturado_Central_0020821947_28092026_075120.csv
Autopista Central,Facturado,0020821947,Tránsito Tag,LKGZ52,2026-08-21,23:24:43,PA24,General Velasquez Norte - Sur,287.86,Autopase_Facturado_Central_0020821947_28092026_075120.csv
Autopista Central,Facturado,0020821947,Tránsito Tag,LKGZ52,2026-08-21,23:27:00,PA22,General Velasquez Norte - Sur,512.34,Autopase_Facturado_Central_0020821947_28092026_075120.csv
Autopista Central,Facturado,0020821947,Tránsito Tag,KDRJ20,2026-08-22,00:49:41,PA6,Ruta 5 Norte - Sur,157.96,Autopase_Facturado_Central_0020821947_28092026_075120.csv
Autopista Central,Facturado,0020821947,Tránsito Tag,KDRJ20,2026-08-22,00:50:41,PA37,Ruta 5 Norte - Sur,455.18,Autopase_Facturado_Central_0020821947_28092026_075120.csv
Autopista Central,Facturado,0020821947,Tránsito Tag,LPPZ24,2026-08-22,00:51:52,PA7,Ruta 5 Sur - Norte,452.06,Autopase_Facturado_Central_0020821947_28092026_075120.csv
Autopista Central,Facturado,0020821947,Tránsito Tag,KDRJ20,2026-08-22,01:00:19,PA3,Ruta 5 Sur - Norte,585.09,Autopase_Facturado_Central_0020821947_28092026_075120.csv
Autopista Central,Facturado,0020821947,Tránsito Tag,KDRJ20,2026-08-22,01:02:50,PA5,Ruta 5 Sur - Norte,334.63,Autopase_Facturado_Central_0020821947_28092026_075120.csv
Autopista Central,Facturado,0020821947,Tránsito Tag,KDRJ20,2026-08-22,01:05:00,PA19,General Velasquez Sur - Norte,412.57,Autopase_Facturado_Central_0020821947_28092026_075120.csv
Autopista Central,Facturado,0020821947,Tránsito Tag,LPPZ31,2026-08-22,01:35:15,PA21,General Velasquez Sur - Norte,512.34,Autopase_Facturado_Central_0020821947_28092026_075120.csv
Autopista Central,Facturado,0020821947,Tránsito Tag,LPPZ31,2026-08-22,01:47:05,PA23,General Velasquez Sur - Norte,287.86,Autopase_Facturado_Central_0020821947_28092026_075120.csv
Autopista Central,Facturado,0020821947,Tránsito Tag,LPPZ31,2026-08-22,02:11:39,PA22,General Velasquez Norte - Sur,512.34,Autopase_Facturado_Central_0020821947_28092026_075120.csv
Autopista Central,Facturado,0020821947,Tránsito Tag,LPPZ31,2026-08-22,04:26:50,PA5,Ruta 5 Sur - Norte,334.63,Autopase_Facturado_Central_0020821947_28092026_075120.csv
Autopista Central,Facturado,0020821947,Tránsito Tag,LPPZ31,2026-08-22,04:29:10,PA19,General Velasquez Sur - Norte,412.57,Autopase_Facturado_Central_0020821947_28092026_075120.csv
Autopista Central,Facturado,0020821947,Tránsito Tag,LDWP36,2026-08-22,06:15:48,PA31,Ruta 5 Sur - Norte,368.93,Autopase_Facturado_Central_0020821947_28092026_075120.csv
Autopista Central,Facturado,0020821947,Tránsito Tag,LDWP36,2026-08-22,06:17:24,PA13,Ruta 5 Sur - Norte,181.86,Autopase_Facturado_Central_0020821947_28092026_075120.csv
Autopista Central,Facturado,0020821947,Tránsito Tag,LJDV98,2026-08-22,06:26:28,PA8,Ruta 5 Norte - Sur,452.06,Autopase_Facturado_Central_0020821947_28092026_075120.csv
Autopista Central,Facturado,0020821947,Tránsito Tag,LJDV98,2026-08-22,06:27:32,PA32,Ruta 5 Norte - Sur,176.67,Autopase_Facturado_Central_0020821947_28092026_075120.csv
Autopista Central,Facturado,0020821947,Tránsito Tag,LJDV98,2026-08-22,06:28:49,PA6,Ruta 5 Norte - Sur,157.96,Autopase_Facturado_Central_0020821947_28092026_075120.csv
Autopista Central,Facturado,0020821947,Tránsito Tag,LJDV98,2026-08-22,06:29:36,PA37,Ruta 5 Norte - Sur,455.18,Autopase_Facturado_Central_0020821947_28092026_075120.csv
Autopista Central,Facturado,0020821947,Tránsito Tag,LJDV98,2026-08-22,06:31:06,PA4,Ruta 5 Norte - Sur,129.9,Autopase_Facturado_Central_0020821947_28092026_075120.csv
Autopista Central,Facturado,0020821947,Tránsito Tag,KXZS95,2026-08-22,06:38:45,PA18,Ruta 5 Norte - Sur,462.46,Autopase_Facturado_Central_0020821947_28092026_075120.csv
Autopista Central,Facturado,0020821947,Tránsito Tag,LJDV98,2026-08-22,06:40:04,PA3,Ruta 5 Sur - Norte,585.09,Autopase_Facturado_Central_0020821947_28092026_075120.csv
Autopista Central,Facturado,0020821947,Tránsito Tag,KXZS95,2026-08-22,06:43:18,PA15,Ruta 5 Norte - Sur,425.04,Autopase_Facturado_Central_0020821947_28092026_075120.csv
Autopista Central,Facturado,0020821947,Tránsito Tag,LJDV98,2026-08-22,07:05:20,PA5,Ruta 5 Sur - Norte,334.63,Autopase_Facturado_Central_0020821947_28092026_075120.csv
Autopista Central,Facturado,0020821947,Tránsito Tag,KXZS95,2026-08-22,07:07:12,PA17,Ruta 5 Sur - Norte,462.46,Autopase_Facturado_Central_0020821947_28092026_075120.csv
Autopista Central,Facturado,0020821947,Tránsito Tag,KDRJ20,2026-08-22,07:07:28,PA25,General Velasquez Sur - Norte,421.93,Autopase_Facturado_Central_0020821947_28092026_075120.csv
Autopista Central,Facturado,0020821947,Tránsito Tag,LJDV98,2026-08-22,07:07:56,PA7,Ruta 5 Sur - Norte,452.06,Autopase_Facturado_Central_0020821947_28092026_075120.csv
Autopista Central,Facturado,0020821947,Tránsito Tag,LJDV98,2026-08-22,07:10:55,PA30,Ruta 5 Sur - Norte,392.83,Autopase_Facturado_Central_0020821947_28092026_075120.csv
Autopista Central,Facturado,0020821947,Tránsito Tag,KDRJ20,2026-08-22,07:12:13,PA28,General Velasquez Sur - Norte,512.34,Autopase_Facturado_Central_0020821947_28092026_075120.csv
Autopista Central,Facturado,0020821947,Tránsito Tag,KDRJ20,2026-08-22,07:13:25,PA17,Ruta 5 Sur - Norte,462.46,Autopase_Facturado_Central_0020821947_28092026_075120.csv
Autopista Central,Facturado,0020821947,Tránsito Tag,LPPZ24,2026-08-22,07:26:44,PA13,Ruta 5 Sur - Norte,181.86,Autopase_Facturado_Central_0020821947_28092026_075120.csv
Autopista Central,Facturado,0020821947,Tránsito Tag,LJDV98,2026-08-22,07:28:01,PA23,General Velasquez Sur - Norte,287.86,Autopase_Facturado_Central_0020821947_28092026_075120.csv
Autopista Central,Facturado,0020821947,Tránsito Tag,LJDV98,2026-08-22,07:29:30,PA25,General Velasquez Sur - Norte,421.93,Autopase_Facturado_Central_0020821947_28092026_075120.csv
Autopista Central,Facturado,0020821947,Tránsito Tag,LJDV98,2026-08-22,07:33:56,PA28,General Velasquez Sur - Norte,512.34,Autopase_Facturado_Central_0020821947_28092026_075120.csv
Autopista Central,Facturado,0020821947,Tránsito Tag,LPPZ24,2026-08-22,07:34:41,PA16,Ruta 5 Sur - Norte,425.04,Autopase_Facturado_Central_0020821947_28092026_075120.csv
Autopista Central,Facturado,0020821947,Tránsito Tag,LJDV98,2026-08-22,07:35:18,PA17,Ruta 5 Sur - Norte,462.46,Autopase_Facturado_Central_0020821947_28092026_075120.csv
Autopista Central,Facturado,0020821947,Tránsito Tag,LPPZ24,2026-08-22,07:37:47,PA17,Ruta 5 Sur - Norte,462.46,Autopase_Facturado_Central_0020821947_28092026_075120.csv
Autopista Central,Facturado,0020821947,Tránsito Tag,LPPZ24,2026-08-22,07:57:24,PA18,Ruta 5 Norte - Sur,462.46,Autopase_Facturado_Central_0020821947_28092026_075120.csv
Autopista Central,Facturado,0020821947,Tránsito Tag,LPPZ24,2026-08-22,07:58:28,PA29,General Velasquez Norte - Sur,512.34,Autopase_Facturado_Central_0020821947_28092026_075120.csv
Autopista Central,Facturado,0020821947,Tránsito Tag,LPPZ24,2026-08-22,08:02:44,PA26,General Velasquez Norte - Sur,421.93,Autopase_Facturado_Central_0020821947_28092026_075120.csv
Autopista Central,Facturado,0020821947,Tránsito Tag,LPPZ24,2026-08-22,08:03:59,PA24,General Velasquez Norte - Sur,287.86,Autopase_Facturado_Central_0020821947_28092026_075120.csv
Autopista Central,Facturado,0020821947,Tránsito Tag,LPPZ24,2026-08-22,08:06:23,PA22,General Velasquez Norte - Sur,512.34,Autopase_Facturado_Central_0020821947_28092026_075120.csv
Autopista Central,Facturado,0020821947,Tránsito Tag,LPPZ24,2026-08-22,08:08:14,PA20,General Velasquez Norte - Sur,412.57,Autopase_Facturado_Central_0020821947_28092026_075120.csv
Autopista Central,Facturado,0020821947,Tránsito Tag,LPPZ24,2026-08-22,08:09:40,PA32,Ruta 5 Norte - Sur,176.67,Autopase_Facturado_Central_0020821947_28092026_075120.csv
Autopista Central,Facturado,0020821947,Tránsito Tag,LJDV98,2026-08-22,08:18:15,PA18,Ruta 5 Norte - Sur,462.46,Autopase_Facturado_Central_0020821947_28092026_075120.csv
Autopista Central,Facturado,0020821947,Tránsito Tag,LJDV98,2026-08-22,08:22:20,PA15,Ruta 5 Norte - Sur,425.04,Autopase_Facturado_Central_0020821947_28092026_075120.csv
Autopista Central,Facturado,0020821947,Tránsito Tag,LJDV98,2026-08-22,08:24:07,PA14,Ruta 5 Norte - Sur,181.86,Autopase_Facturado_Central_0020821947_28092026_075120.csv
Autopista Central,Facturado,0020821947,Tránsito Tag,LJDV98,2026-08-22,08:25:36,PA12,Ruta 5 Norte - Sur,368.93,Autopase_Facturado_Central_0020821947_28092026_075120.csv
Autopista Central,Facturado,0020821947,Tránsito Tag,LJDV98,2026-08-22,08:27:58,PA11,Ruta 5 Norte - Sur,285.79,Autopase_Facturado_Central_0020821947_28092026_075120.csv
Autopista Central,Facturado,0020821947,Tránsito Tag,LJDV98,2026-08-22,09:03:15,PA8,Ruta 5 Norte - Sur,452.06,Autopase_Facturado_Central_0020821947_28092026_075120.csv
Autopista Central,Facturado,0020821947,Tránsito Tag,LJDV98,2026-08-22,09:04:29,PA32,Ruta 5 Norte - Sur,176.67,Autopase_Facturado_Central_0020821947_28092026_075120.csv
Autopista Central,Facturado,0020821947,Tránsito Tag,LJDV98,2026-08-22,09:06:19,PA6,Ruta 5 Norte - Sur,157.96,Autopase_Facturado_Central_0020821947_28092026_075120.csv
Autopista Central,Facturado,0020821947,Tránsito Tag,LPPZ24,2026-08-22,18:15:58,PA5,Ruta 5 Sur - Norte,334.63,Autopase_Facturado_Central_0020821947_28092026_075120.csv
Autopista Central,Facturado,0020821947,Tránsito Tag,LPPZ24,2026-08-22,18:18:35,PA7,Ruta 5 Sur - Norte,452.06,Autopase_Facturado_Central_0020821947_28092026_075120.csv
Autopista Central,Facturado,0020821947,Tránsito Tag,LPPZ24,2026-08-22,18:56:45,PA10,Ruta 5 Sur - Norte,285.79,Autopase_Facturado_Central_0020821947_28092026_075120.csv
Autopista Central,Facturado,0020821947,Tránsito Tag,LPPZ24,2026-08-22,18:58:38,PA31,Ruta 5 Sur - Norte,368.93,Autopase_Facturado_Central_0020821947_28092026_075120.csv
Autopista Central,Facturado,0020821947,Tránsito Tag,LDWP36,2026-08-22,18:59:10,PA21,General Velasquez Sur - Norte,512.34,Autopase_Facturado_Central_0020821947_28092026_075120.csv
Autopista Central,Facturado,0020821947,Tránsito Tag,LPPZ24,2026-08-22,19:00:07,PA13,Ruta 5 Sur - Norte,181.86,Autopase_Facturado_Central_0020821947_28092026_075120.csv
Autopista Central,Facturado,0020821947,Tránsito Tag,LPPZ24,2026-08-22,19:03:06,PA16,Ruta 5 Sur - Norte,425.04,Autopase_Facturado_Central_0020821947_28092026_075120.csv
Autopista Central,Facturado,0020821947,Tránsito Tag,LPPZ24,2026-08-22,19:06:43,PA17,Ruta 5 Sur - Norte,462.46,Autopase_Facturado_Central_0020821947_28092026_075120.csv
Autopista Central,Facturado,0020821947,Tránsito Tag,LDWP36,2026-08-22,19:13:16,PA23,General Velasquez Sur - Norte,287.86,Autopase_Facturado_Central_0020821947_28092026_075120.csv
Autopista Central,Facturado,0020821947,Tránsito Tag,LDWP36,2026-08-22,19:14:47,PA25,General Velasquez Sur - Norte,421.93,Autopase_Facturado_Central_0020821947_28092026_075120.csv
Autopista Central,Facturado,0020821947,Tránsito Tag,LJDV98,2026-08-22,19:17:17,PA16,Ruta 5 Sur - Norte,425.04,Autopase_Facturado_Central_0020821947_28092026_075120.csv
Autopista Central,Facturado,0020821947,Tránsito Tag,LDWP36,2026-08-22,19:19:31,PA28,General Velasquez Sur - Norte,512.34,Autopase_Facturado_Central_0020821947_28092026_075120.csv
Autopista Central,Facturado,0020821947,Tránsito Tag,LDWP36,2026-08-22,19:21:00,PA17,Ruta 5 Sur - Norte,462.46,Autopase_Facturado_Central_0020821947_28092026_075120.csv
Autopista Central,Facturado,0020821947,Tránsito Tag,LJDV98,2026-08-22,19:21:20,PA17,Ruta 5 Sur - Norte,462.46,Autopase_Facturado_Central_0020821947_28092026_075120.csv
Autopista Central,Facturado,0020821947,Tránsito Tag,LJDV98,2026-08-22,20:21:32,PA18,Ruta 5 Norte - Sur,462.46,Autopase_Facturado_Central_0020821947_28092026_075120.csv
Autopista Central,Facturado,0020821947,Tránsito Tag,LDWP36,2026-08-22,20:25:12,PA18,Ruta 5 Norte - Sur,462.46,Autopase_Facturado_Central_0020821947_28092026_075120.csv
Autopista Central,Facturado,0020821947,Tránsito Tag,LJDV98,2026-08-22,20:26:32,PA15,Ruta 5 Norte - Sur,425.04,Autopase_Facturado_Central_0020821947_28092026_075120.csv
Autopista Central,Facturado,0020821947,Tránsito Tag,LDWP36,2026-08-22,20:29:33,PA15,Ruta 5 Norte - Sur,425.04,Autopase_Facturado_Central_0020821947_28092026_075120.csv
Autopista Central,Facturado,0020821947,Tránsito Tag,LPPZ31,2026-08-22,20:31:24,PA18,Ruta 5 Norte - Sur,462.46,Autopase_Facturado_Central_0020821947_28092026_075120.csv
Autopista Central,Facturado,0020821947,Tránsito Tag,LPPZ24,2026-08-22,20:37:37,PA18,Ruta 5 Norte - Sur,462.46,Autopase_Facturado_Central_0020821947_28092026_075120.csv
Autopista Central,Facturado,0020821947,Tránsito Tag,LPPZ24,2026-08-22,20:38:46,PA29,General Velasquez Norte - Sur,512.34,Autopase_Facturado_Central_0020821947_28092026_075120.csv
Autopista Central,Facturado,0020821947,Tránsito Tag,LPPZ24,2026-08-22,20:43:11,PA26,General Velasquez Norte - Sur,421.93,Autopase_Facturado_Central_0020821947_28092026_075120.csv
Autopista Central,Facturado,0020821947,Tránsito Tag,LPPZ24,2026-08-22,20:44:31,PA24,General Velasquez Norte - Sur,287.86,Autopase_Facturado_Central_0020821947_28092026_075120.csv
Autopista Central,Facturado,0020821947,Tránsito Tag,LPPZ24,2026-08-22,20:55:51,PA9,Ruta 5 Norte - Sur,392.83,Autopase_Facturado_Central_0020821947_28092026_075120.csv
Autopista Central,Facturado,0020821947,Tránsito Tag,LPPZ24,2026-08-22,20:58:58,PA8,Ruta 5 Norte - Sur,452.06,Autopase_Facturado_Central_0020821947_28092026_075120.csv
Autopista Central,Facturado,0020821947,Tránsito Tag,LPPZ24,2026-08-22,21:00:04,PA32,Ruta 5 Norte - Sur,176.67,Autopase_Facturado_Central_0020821947_28092026_075120.csv
Autopista Central,Facturado,0020821947,Tránsito Tag,LPPZ24,2026-08-22,21:01:33,PA6,Ruta 5 Norte - Sur,157.96,Autopase_Facturado_Central_0020821947_28092026_075120.csv
Autopista Central,Facturado,0020821947,Tránsito Tag,LPPZ24,2026-08-22,21:02:27,PA37,Ruta 5 Norte - Sur,455.18,Autopase_Facturado_Central_0020821947_28092026_075120.csv
Autopista Central,Facturado,0020821947,Tránsito Tag,LPPZ24,2026-08-22,21:04:09,PA4,Ruta 5 Norte - Sur,129.9,Autopase_Facturado_Central_0020821947_28092026_075120.csv
Autopista Central,Facturado,0020821947,Tránsito Tag,LPPZ24,2026-08-22,21:11:43,PA3,Ruta 5 Sur - Norte,585.09,Autopase_Facturado_Central_0020821947_28092026_075120.csv
Autopista Central,Facturado,0020821947,Tránsito Tag,LPPZ31,2026-08-22,21:42:02,PA18,Ruta 5 Norte - Sur,462.46,Autopase_Facturado_Central_0020821947_28092026_075120.csv
Autopista Central,Facturado,0020821947,Tránsito Tag,LPPZ31,2026-08-22,21:58:02,PA26,General Velasquez Norte - Sur,421.93,Autopase_Facturado_Central_0020821947_28092026_075120.csv
Autopista Central,Facturado,0020821947,Tránsito Tag,LPPZ31,2026-08-22,21:59:36,PA24,General Velasquez Norte - Sur,287.86,Autopase_Facturado_Central_0020821947_28092026_075120.csv
Autopista Central,Facturado,0020821947,Tránsito Tag,LPPZ31,2026-08-22,22:02:19,PA22,General Velasquez Norte - Sur,512.34,Autopase_Facturado_Central_0020821947_28092026_075120.csv
Autopista Central,Facturado,0020821947,Tránsito Tag,LPPZ31,2026-08-23,00:50:25,PA7,Ruta 5 Sur - Norte,452.06,Autopase_Facturado_Central_0020821947_28092026_075120.csv
Autopista Central,Facturado,0020821947,Tránsito Tag,KDRJ20,2026-08-23,01:38:02,PA19,General Velasquez Sur - Norte,412.57,Autopase_Facturado_Central_0020821947_28092026_075120.csv
Autopista Central,Facturado,0020821947,Tránsito Tag,KDRJ20,2026-08-23,04:46:02,PA19,General Velasquez Sur - Norte,412.57,Autopase_Facturado_Central_0020821947_28092026_075120.csv
Autopista Central,Facturado,0020821947,Tránsito Tag,PJHJ69,2026-08-23,05:14:53,PA7,Ruta 5 Sur - Norte,452.06,Autopase_Facturado_Central_0020821947_28092026_075120.csv
Autopista Central,Facturado,0020821947,Tránsito Tag,LPPZ24,2026-08-23,05:16:34,PA7,Ruta 5 Sur - Norte,452.06,Autopase_Facturado_Central_0020821947_28092026_075120.csv
Autopista Central,Facturado,0020821947,Tránsito Tag,LDWP36,2026-08-23,05:33:44,PA7,Ruta 5 Sur - Norte,452.06,Autopase_Facturado_Central_0020821947_28092026_075120.csv
Autopista Central,Facturado,0020821947,Tránsito Tag,LDWP36,2026-08-23,05:37:18,PA30,Ruta 5 Sur - Norte,392.83,Autopase_Facturado_Central_0020821947_28092026_075120.csv
Autopista Central,Facturado,0020821947,Tránsito Tag,LDWP36,2026-08-23,05:38:05,PA10,Ruta 5 Sur - Norte,285.79,Autopase_Facturado_Central_0020821947_28092026_075120.csv
Autopista Central,Facturado,0020821947,Tránsito Tag,LDWP36,2026-08-23,05:40:12,PA31,Ruta 5 Sur - Norte,368.93,Autopase_Facturado_Central_0020821947_28092026_075120.csv
Autopista Central,Facturado,0020821947,Tránsito Tag,LDWP36,2026-08-23,05:41:49,PA13,Ruta 5 Sur - Norte,181.86,Autopase_Facturado_Central_0020821947_28092026_075120.csv
Autopista Central,Facturado,0020821947,Tránsito Tag,LJDV98,2026-08-23,06:07:28,PA8,Ruta 5 Norte - Sur,452.06,Autopase_Facturado_Central_0020821947_28092026_075120.csv
Autopista Central,Facturado,0020821947,Tránsito Tag,LJDV98,2026-08-23,06:08:36,PA32,Ruta 5 Norte - Sur,176.67,Autopase_Facturado_Central_0020821947_28092026_075120.csv
Autopista Central,Facturado,0020821947,Tránsito Tag,LJDV98,2026-08-23,06:10:14,PA6,Ruta 5 Norte - Sur,157.96,Autopase_Facturado_Central_0020821947_28092026_075120.csv
Autopista Central,Facturado,0020821947,Tránsito Tag,LJDV98,2026-08-23,06:11:14,PA37,Ruta 5 Norte - Sur,455.18,Autopase_Facturado_Central_0020821947_28092026_075120.csv
Autopista Central,Facturado,0020821947,Tránsito Tag,LPPZ24,2026-08-23,06:35:53,PA13,Ruta 5 Sur - Norte,181.86,Autopase_Facturado_Central_0020821947_28092026_075120.csv
Autopista Central,Facturado,0020821947,Tránsito Tag,LPPZ24,2026-08-23,06:45:49,PA16,Ruta 5 Sur - Norte,425.04,Autopase_Facturado_Central_0020821947_28092026_075120.csv
Autopista Central,Facturado,0020821947,Tránsito Tag,LPPZ24,2026-08-23,06:49:04,PA17,Ruta 5 Sur - Norte,462.46,Autopase_Facturado_Central_0020821947_28092026_075120.csv
Autopista Central,Facturado,0020821947,Tránsito Tag,KDRJ20,2026-08-23,07:07:23,PA25,General Velasquez Sur - Norte,421.93,Autopase_Facturado_Central_0020821947_28092026_075120.csv
Autopista Central,Facturado,0020821947,Tránsito Tag,LJDV98,2026-08-23,07:08:41,PA21,General Velasquez Sur - Norte,512.34,Autopase_Facturado_Central_0020821947_28092026_075120.csv
Autopista Central,Facturado,0020821947,Tránsito Tag,KDRJ20,2026-08-23,07:11:33,PA28,General Velasquez Sur - Norte,512.34,Autopase_Facturado_Central_0020821947_28092026_075120.csv
Autopista Central,Facturado,0020821947,Tránsito Tag,KDRJ20,2026-08-23,07:12:41,PA17,Ruta 5 Sur - Norte,462.46,Autopase_Facturado_Central_0020821947_28092026_075120.csv
Autopista Central,Facturado,0020821947,Tránsito Tag,LPPZ24,2026-08-23,07:14:09,PA18,Ruta 5 Norte - Sur,462.46,Autopase_Facturado_Central_0020821947_28092026_075120.csv
Autopista Central,Facturado,0020821947,Tránsito Tag,LPPZ24,2026-08-23,07:15:16,PA29,General Velasquez Norte - Sur,512.34,Autopase_Facturado_Central_0020821947_28092026_075120.csv
Autopista Central,Facturado,0020821947,Tránsito Tag,LPPZ24,2026-08-23,07:19:33,PA26,General Velasquez Norte - Sur,421.93,Autopase_Facturado_Central_0020821947_28092026_075120.csv
Autopista Central,Facturado,0020821947,Tránsito Tag,LPPZ24,2026-08-23,07:20:52,PA24,General Velasquez Norte - Sur,287.86,Autopase_Facturado_Central_0020821947_28092026_075120.csv
Autopista Central,Facturado,0020821947,Tránsito Tag,LPPZ24,2026-08-23,07:23:14,PA22,General Velasquez Norte - Sur,512.34,Autopase_Facturado_Central_0020821947_28092026_075120.csv
Autopista Central,Facturado,0020821947,Tránsito Tag,LJDV98,2026-08-23,07:23:50,PA23,General Velasquez Sur - Norte,287.86,Autopase_Facturado_Central_0020821947_28092026_075120.csv
Autopista Central,Facturado,0020821947,Tránsito Tag,LPPZ24,2026-08-23,07:25:08,PA20,General Velasquez Norte - Sur,412.57,Autopase_Facturado_Central_0020821947_28092026_075120.csv
Autopista Central,Facturado,0020821947,Tránsito Tag,LJDV98,2026-08-23,07:25:30,PA25,General Velasquez Sur - Norte,421.93,Autopase_Facturado_Central_0020821947_28092026_075120.csv
Autopista Central,Facturado,0020821947,Tránsito Tag,LPPZ24,2026-08-23,07:26:27,PA32,Ruta 5 Norte - Sur,176.67,Autopase_Facturado_Central_0020821947_28092026_075120.csv
Autopista Central,Facturado,0020821947,Tránsito Tag,LPPZ24,2026-08-23,07:29:45,PA6,Ruta 5 Norte - Sur,157.96,Autopase_Facturado_Central_0020821947_28092026_075120.csv
Autopista Central,Facturado,0020821947,Tránsito Tag,LJDV98,2026-08-23,07:30:05,PA28,General Velasquez Sur - Norte,512.34,Autopase_Facturado_Central_0020821947_28092026_075120.csv
Autopista Central,Facturado,0020821947,Tránsito Tag,LJDV98,2026-08-23,07:31:26,PA17,Ruta 5 Sur - Norte,462.46,Autopase_Facturado_Central_0020821947_28092026_075120.csv
Autopista Central,Facturado,0020821947,Tránsito Tag,KDRJ20,2026-08-23,08:15:56,PA18,Ruta 5 Norte - Sur,462.46,Autopase_Facturado_Central_0020821947_28092026_075120.csv
Autopista Central,Facturado,0020821947,Tránsito Tag,KDRJ20,2026-08-23,08:16:56,PA29,General Velasquez Norte - Sur,512.34,Autopase_Facturado_Central_0020821947_28092026_075120.csv
Autopista Central,Facturado,0020821947,Tránsito Tag,KDRJ20,2026-08-23,08:20:57,PA26,General Velasquez Norte - Sur,421.93,Autopase_Facturado_Central_0020821947_28092026_075120.csv
Autopista Central,Facturado,0020821947,Tránsito Tag,LJDV98,2026-08-23,08:24:37,PA18,Ruta 5 Norte - Sur,462.46,Autopase_Facturado_Central_0020821947_28092026_075120.csv
Autopista Central,Facturado,0020821947,Tránsito Tag,LJDV98,2026-08-23,08:29:19,PA15,Ruta 5 Norte - Sur,425.04,Autopase_Facturado_Central_0020821947_28092026_075120.csv
Autopista Central,Facturado,0020821947,Tránsito Tag,LJDV98,2026-08-23,08:31:12,PA14,Ruta 5 Norte - Sur,181.86,Autopase_Facturado_Central_0020821947_28092026_075120.csv
Autopista Central,Facturado,0020821947,Tránsito Tag,LJDV98,2026-08-23,08:32:40,PA12,Ruta 5 Norte - Sur,368.93,Autopase_Facturado_Central_0020821947_28092026_075120.csv
Autopista Central,Facturado,0020821947,Tránsito Tag,LJDV98,2026-08-23,08:34:43,PA11,Ruta 5 Norte - Sur,285.79,Autopase_Facturado_Central_0020821947_28092026_075120.csv
Autopista Central,Facturado,0020821947,Tránsito Tag,LJDV98,2026-08-23,09:08:40,PA8,Ruta 5 Norte - Sur,452.06,Autopase_Facturado_Central_0020821947_28092026_075120.csv
Autopista Central,Facturado,0020821947,Tránsito Tag,LJDV98,2026-08-23,09:09:52,PA32,Ruta 5 Norte - Sur,176.67,Autopase_Facturado_Central_0020821947_28092026_075120.csv
Autopista Central,Facturado,0020821947,Tránsito Tag,LJDV98,2026-08-23,09:11:35,PA6,Ruta 5 Norte - Sur,157.96,Autopase_Facturado_Central_0020821947_28092026_075120.csv
Autopista Central,Facturado,0020821947,Tránsito Tag,HXJJ44,2026-08-23,17:41:02,PA28,General Velasquez Sur - Norte,512.34,Autopase_Facturado_Central_0020821947_28092026_075120.csv
Autopista Central,Facturado,0020821947,Tránsito Tag,LPPZ24,2026-08-23,17:41:50,PA5,Ruta 5 Sur - Norte,334.63,Autopase_Facturado_Central_0020821947_28092026_075120.csv
Autopista Central,Facturado,0020821947,Tránsito Tag,HXJJ44,2026-08-23,17:42:12,PA17,Ruta 5 Sur - Norte,462.46,Autopase_Facturado_Central_0020821947_28092026_075120.csv
Autopista Central,Facturado,0020821947,Tránsito Tag,LPPZ24,2026-08-23,17:44:09,PA19,General Velasquez Sur - Norte,412.57,Autopase_Facturado_Central_0020821947_28092026_075120.csv
Autopista Central,Facturado,0020821947,Tránsito Tag,HXJJ44,2026-08-23,18:06:21,PA18,Ruta 5 Norte - Sur,462.46,Autopase_Facturado_Central_0020821947_28092026_075120.csv
Autopista Central,Facturado,0020821947,Tránsito Tag,HXJJ44,2026-08-23,18:07:44,PA29,General Velasquez Norte - Sur,512.34,Autopase_Facturado_Central_0020821947_28092026_075120.csv
Autopista Central,Facturado,0020821947,Tránsito Tag,LPPZ24,2026-08-23,18:54:30,PA10,Ruta 5 Sur - Norte,571.58,Autopase_Facturado_Central_0020821947_28092026_075120.csv
Autopista Central,Facturado,0020821947,Tránsito Tag,LPPZ24,2026-08-23,18:56:45,PA31,Ruta 5 Sur - Norte,737.86,Autopase_Facturado_Central_0020821947_28092026_075120.csv
Autopista Central,Facturado,0020821947,Tránsito Tag,LPPZ24,2026-08-23,18:58:27,PA13,Ruta 5 Sur - Norte,363.73,Autopase_Facturado_Central_0020821947_28092026_075120.csv
Autopista Central,Facturado,0020821947,Tránsito Tag,LPPZ24,2026-08-23,19:01:25,PA16,Ruta 5 Sur - Norte,425.04,Autopase_Facturado_Central_0020821947_28092026_075120.csv
Autopista Central,Facturado,0020821947,Tránsito Tag,LPPZ24,2026-08-23,19:04:49,PA17,Ruta 5 Sur - Norte,462.46,Autopase_Facturado_Central_0020821947_28092026_075120.csv
Autopista Central,Facturado,0020821947,Tránsito Tag,LJDV98,2026-08-23,19:09:13,PA13,Ruta 5 Sur - Norte,363.73,Autopase_Facturado_Central_0020821947_28092026_075120.csv
Autopista Central,Facturado,0020821947,Tránsito Tag,LJDV98,2026-08-23,19:12:28,PA16,Ruta 5 Sur - Norte,425.04,Autopase_Facturado_Central_0020821947_28092026_075120.csv
Autopista Central,Facturado,0020821947,Tránsito Tag,LJDV98,2026-08-23,19:16:28,PA17,Ruta 5 Sur - Norte,462.46,Autopase_Facturado_Central_0020821947_28092026_075120.csv
Autopista Central,Facturado,0020821947,Tránsito Tag,LDWP36,2026-08-23,19:32:53,PA16,Ruta 5 Sur - Norte,425.04,Autopase_Facturado_Central_0020821947_28092026_075120.csv
Autopista Central,Facturado,0020821947,Tránsito Tag,LDWP36,2026-08-23,19:36:08,PA17,Ruta 5 Sur - Norte,462.46,Autopase_Facturado_Central_0020821947_28092026_075120.csv
Autopista Central,Facturado,0020821947,Tránsito Tag,LPPZ24,2026-08-23,20:14:10,PA18,Ruta 5 Norte - Sur,462.46,Autopase_Facturado_Central_0020821947_28092026_075120.csv
Autopista Central,Facturado,0020821947,Tránsito Tag,LPPZ24,2026-08-23,20:15:17,PA29,General Velasquez Norte - Sur,512.34,Autopase_Facturado_Central_0020821947_28092026_075120.csv
Autopista Central,Facturado,0020821947,Tránsito Tag,LJDV98,2026-08-23,20:16:47,PA18,Ruta 5 Norte - Sur,462.46,Autopase_Facturado_Central_0020821947_28092026_075120.csv
Autopista Central,Facturado,0020821947,Tránsito Tag,LPPZ24,2026-08-23,20:19:49,PA26,General Velasquez Norte - Sur,421.93,Autopase_Facturado_Central_0020821947_28092026_075120.csv
Autopista Central,Facturado,0020821947,Tránsito Tag,LDWP36,2026-08-23,20:20:11,PA18,Ruta 5 Norte - Sur,462.46,Autopase_Facturado_Central_0020821947_28092026_075120.csv
Autopista Central,Facturado,0020821947,Tránsito Tag,LPPZ24,2026-08-23,20:21:24,PA24,General Velasquez Norte - Sur,287.86,Autopase_Facturado_Central_0020821947_28092026_075120.csv
Autopista Central,Facturado,0020821947,Tránsito Tag,LJDV98,2026-08-23,20:22:03,PA15,Ruta 5 Norte - Sur,425.04,Autopase_Facturado_Central_0020821947_28092026_075120.csv
Autopista Central,Facturado,0020821947,Tránsito Tag,LJDV98,2026-08-23,20:24:28,PA14,Ruta 5 Norte - Sur,181.86,Autopase_Facturado_Central_0020821947_28092026_075120.csv
Autopista Central,Facturado,0020821947,Tránsito Tag,LDWP36,2026-08-23,20:24:34,PA15,Ruta 5 Norte - Sur,425.04,Autopase_Facturado_Central_0020821947_28092026_075120.csv
Autopista Central,Facturado,0020821947,Tránsito Tag,LPPZ24,2026-08-23,20:32:12,PA9,Ruta 5 Norte - Sur,392.83,Autopase_Facturado_Central_0020821947_28092026_075120.csv
Autopista Central,Facturado,0020821947,Tránsito Tag,LDWP36,2026-08-23,20:47:27,PA12,Ruta 5 Norte - Sur,368.93,Autopase_Facturado_Central_0020821947_28092026_075120.csv
Autopista Central,Facturado,0020821947,Tránsito Tag,KDRJ20,2026-08-23,20:59:55,PA13,Ruta 5 Sur - Norte,181.86,Autopase_Facturado_Central_0020821947_28092026_075120.csv
Autopista Central,Facturado,0020821947,Tránsito Tag,KDRJ20,2026-08-23,22:00:15,PA14,Ruta 5 Norte - Sur,181.86,Autopase_Facturado_Central_0020821947_28092026_075120.csv
Autopista Central,Facturado,0020821947,Tránsito Tag,KDRJ20,2026-08-23,22:01:42,PA12,Ruta 5 Norte - Sur,368.93,Autopase_Facturado_Central_0020821947_28092026_075120.csv
Autopista Central,Facturado,0020821947,Tránsito Tag,KDRJ20,2026-08-23,22:03:27,PA11,Ruta 5 Norte - Sur,285.79,Autopase_Facturado_Central_0020821947_28092026_075120.csv
Autopista Central,Facturado,0020821947,Tránsito Tag,KDRJ20,2026-08-23,22:04:07,PA9,Ruta 5 Norte - Sur,392.83,Autopase_Facturado_Central_0020821947_28092026_075120.csv
Autopista Central,Facturado,0020821947,Tránsito Tag,KDRJ20,2026-08-24,00:47:26,PA7,Ruta 5 Sur - Norte,452.06,Autopase_Facturado_Central_0020821947_28092026_075120.csv
Autopista Central,Facturado,0020821947,Tránsito Tag,LPPZ31,2026-08-24,03:20:29,PA6,Ruta 5 Norte - Sur,157.96,Autopase_Facturado_Central_0020821947_28092026_075120.csv
Autopista Central,Facturado,0020821947,Tránsito Tag,LPPZ31,2026-08-24,03:21:33,PA37,Ruta 5 Norte - Sur,455.18,Autopase_Facturado_Central_0020821947_28092026_075120.csv
Autopista Central,Facturado,0020821947,Tránsito Tag,LPPZ31,2026-08-24,03:23:24,PA4,Ruta 5 Norte - Sur,129.9,Autopase_Facturado_Central_0020821947_28092026_075120.csv
Autopista Central,Facturado,0020821947,Tránsito Tag,LPPZ31,2026-08-24,03:37:20,PA3,Ruta 5 Sur - Norte,585.09,Autopase_Facturado_Central_0020821947_28092026_075120.csv
Autopista Central,Facturado,0020821947,Tránsito Tag,LPPZ31,2026-08-24,03:39:47,PA5,Ruta 5 Sur - Norte,334.63,Autopase_Facturado_Central_0020821947_28092026_075120.csv
Autopista Central,Facturado,0020821947,Tránsito Tag,LPPZ31,2026-08-24,03:41:55,PA19,General Velasquez Sur - Norte,412.57,Autopase_Facturado_Central_0020821947_28092026_075120.csv
Autopista Central,Facturado,0020821947,Tránsito Tag,LPPZ31,2026-08-24,05:11:22,PA7,Ruta 5 Sur - Norte,452.06,Autopase_Facturado_Central_0020821947_28092026_075120.csv
Autopista Central,Facturado,0020821947,Tránsito Tag,KDRJ20,2026-08-24,05:14:17,PA20,General Velasquez Norte - Sur,412.57,Autopase_Facturado_Central_0020821947_28092026_075120.csv
Autopista Central,Facturado,0020821947,Tránsito Tag,KDRJ20,2026-08-24,05:15:47,PA32,Ruta 5 Norte - Sur,176.67,Autopase_Facturado_Central_0020821947_28092026_075120.csv
Autopista Central,Facturado,0020821947,Tránsito Tag,LPPZ24,2026-08-24,05:51:32,PA5,Ruta 5 Sur - Norte,334.63,Autopase_Facturado_Central_0020821947_28092026_075120.csv
Autopista Central,Facturado,0020821947,Tránsito Tag,LPPZ24,2026-08-24,05:53:46,PA7,Ruta 5 Sur - Norte,452.06,Autopase_Facturado_Central_0020821947_28092026_075120.csv
Autopista Central,Facturado,0020821947,Tránsito Tag,LDWP36,2026-08-24,06:02:05,PA31,Ruta 5 Sur - Norte,368.93,Autopase_Facturado_Central_0020821947_28092026_075120.csv
Autopista Central,Facturado,0020821947,Tránsito Tag,LDWP36,2026-08-24,06:03:47,PA13,Ruta 5 Sur - Norte,181.86,Autopase_Facturado_Central_0020821947_28092026_075120.csv
Autopista Central,Facturado,0020821947,Tránsito Tag,PJHJ69,2026-08-24,06:07:09,PA32,Ruta 5 Norte - Sur,176.67,Autopase_Facturado_Central_0020821947_28092026_075120.csv
Autopista Central,Facturado,0020821947,Tránsito Tag,PJHJ69,2026-08-24,06:08:52,PA6,Ruta 5 Norte - Sur,157.96,Autopase_Facturado_Central_0020821947_28092026_075120.csv
Autopista Central,Facturado,0020821947,Tránsito Tag,KXZS95,2026-08-24,06:22:39,PA28,General Velasquez Sur - Norte,512.34,Autopase_Facturado_Central_0020821947_28092026_075120.csv
Autopista Central,Facturado,0020821947,Tránsito Tag,KXZS95,2026-08-24,06:24:03,PA17,Ruta 5 Sur - Norte,462.46,Autopase_Facturado_Central_0020821947_28092026_075120.csv
Autopista Central,Facturado,0020821947,Tránsito Tag,LPPZ24,2026-08-24,06:37:49,PA13,Ruta 5 Sur - Norte,363.73,Autopase_Facturado_Central_0020821947_28092026_075120.csv
Autopista Central,Facturado,0020821947,Tránsito Tag,PJHJ69,2026-08-24,06:42:14,PA5,Ruta 5 Sur - Norte,669.27,Autopase_Facturado_Central_0020821947_28092026_075120.csv
Autopista Central,Facturado,0020821947,Tránsito Tag,PJHJ69,2026-08-24,06:46:09,PA19,General Velasquez Sur - Norte,412.57,Autopase_Facturado_Central_0020821947_28092026_075120.csv
Autopista Central,Facturado,0020821947,Tránsito Tag,PJHJ69,2026-08-24,06:49:22,PA21,General Velasquez Sur - Norte,512.34,Autopase_Facturado_Central_0020821947_28092026_075120.csv
Autopista Central,Facturado,0020821947,Tránsito Tag,LPPZ24,2026-08-24,06:59:44,PA17,Ruta 5 Sur - Norte,462.46,Autopase_Facturado_Central_0020821947_28092026_075120.csv
Autopista Central,Facturado,0020821947,Tránsito Tag,PJHJ69,2026-08-24,07:04:59,PA23,General Velasquez Sur - Norte,575.74,Autopase_Facturado_Central_0020821947_28092026_075120.csv
Autopista Central,Facturado,0020821947,Tránsito Tag,PJHJ69,2026-08-24,07:07:13,PA25,General Velasquez Sur - Norte,843.86,Autopase_Facturado_Central_0020821947_28092026_075120.csv
Autopista Central,Facturado,0020821947,Tránsito Tag,PJHJ69,2026-08-24,07:13:46,PA28,General Velasquez Sur - Norte,1024.69,Autopase_Facturado_Central_0020821947_28092026_075120.csv
Autopista Central,Facturado,0020821947,Tránsito Tag,PJHJ69,2026-08-24,07:17:49,PA17,Ruta 5 Sur - Norte,924.92,Autopase_Facturado_Central_0020821947_28092026_075120.csv
Autopista Central,Facturado,0020821947,Tránsito Tag,LDWP36,2026-08-24,07:18:15,PA14,Ruta 5 Norte - Sur,363.73,Autopase_Facturado_Central_0020821947_28092026_075120.csv
Autopista Central,Facturado,0020821947,Tránsito Tag,LDWP36,2026-08-24,07:19:44,PA12,Ruta 5 Norte - Sur,737.86,Autopase_Facturado_Central_0020821947_28092026_075120.csv
Autopista Central,Facturado,0020821947,Tránsito Tag,LDWP36,2026-08-24,07:21:35,PA11,Ruta 5 Norte - Sur,285.79,Autopase_Facturado_Central_0020821947_28092026_075120.csv
Autopista Central,Facturado,0020821947,Tránsito Tag,LDWP36,2026-08-24,07:22:17,PA9,Ruta 5 Norte - Sur,392.83,Autopase_Facturado_Central_0020821947_28092026_075120.csv
Autopista Central,Facturado,0020821947,Tránsito Tag,LPPZ24,2026-08-24,07:28:32,PA18,Ruta 5 Norte - Sur,924.92,Autopase_Facturado_Central_0020821947_28092026_075120.csv
Autopista Central,Facturado,0020821947,Tránsito Tag,LPPZ31,2026-08-24,07:28:37,PA25,General Velasquez Sur - Norte,843.86,Autopase_Facturado_Central_0020821947_28092026_075120.csv
Autopista Central,Facturado,0020821947,Tránsito Tag,LPPZ24,2026-08-24,07:29:55,PA29,General Velasquez Norte - Sur,512.34,Autopase_Facturado_Central_0020821947_28092026_075120.csv
Autopista Central,Facturado,0020821947,Tránsito Tag,LPPZ24,2026-08-24,07:34:33,PA26,General Velasquez Norte - Sur,421.93,Autopase_Facturado_Central_0020821947_28092026_075120.csv
Autopista Central,Facturado,0020821947,Tránsito Tag,LPPZ24,2026-08-24,07:36:01,PA24,General Velasquez Norte - Sur,287.86,Autopase_Facturado_Central_0020821947_28092026_075120.csv
Autopista Central,Facturado,0020821947,Tránsito Tag,LPPZ24,2026-08-24,07:38:35,PA22,General Velasquez Norte - Sur,512.34,Autopase_Facturado_Central_0020821947_28092026_075120.csv
Autopista Central,Facturado,0020821947,Tránsito Tag,LPPZ24,2026-08-24,07:40:37,PA20,General Velasquez Norte - Sur,412.57,Autopase_Facturado_Central_0020821947_28092026_075120.csv
Autopista Central,Facturado,0020821947,Tránsito Tag,LPPZ31,2026-08-24,07:42:07,PA28,General Velasquez Sur - Norte,1537.04,Autopase_Facturado_Central_0020821947_28092026_075120.csv
Autopista Central,Facturado,0020821947,Tránsito Tag,LPPZ24,2026-08-24,07:42:08,PA32,Ruta 5 Norte - Sur,176.67,Autopase_Facturado_Central_0020821947_28092026_075120.csv
Autopista Central,Facturado,0020821947,Tránsito Tag,LPPZ24,2026-08-24,07:43:43,PA6,Ruta 5 Norte - Sur,157.96,Autopase_Facturado_Central_0020821947_28092026_075120.csv
Autopista Central,Facturado,0020821947,Tránsito Tag,LPPZ24,2026-08-24,07:44:43,PA37,Ruta 5 Norte - Sur,455.18,Autopase_Facturado_Central_0020821947_28092026_075120.csv
Autopista Central,Facturado,0020821947,Tránsito Tag,LPPZ31,2026-08-24,07:46:56,PA17,Ruta 5 Sur - Norte,924.92,Autopase_Facturado_Central_0020821947_28092026_075120.csv
Autopista Central,Facturado,0020821947,Tránsito Tag,PJHJ69,2026-08-24,08:18:31,PA18,Ruta 5 Norte - Sur,924.92,Autopase_Facturado_Central_0020821947_28092026_075120.csv
Autopista Central,Facturado,0020821947,Tránsito Tag,LPPZ31,2026-08-24,08:20:32,PA18,Ruta 5 Norte - Sur,924.92,Autopase_Facturado_Central_0020821947_28092026_075120.csv
Autopista Central,Facturado,0020821947,Tránsito Tag,PJHJ69,2026-08-24,08:23:28,PA15,Ruta 5 Norte - Sur,425.04,Autopase_Facturado_Central_0020821947_28092026_075120.csv
Autopista Central,Facturado,0020821947,Tránsito Tag,LPPZ31,2026-08-24,08:25:37,PA15,Ruta 5 Norte - Sur,425.04,Autopase_Facturado_Central_0020821947_28092026_075120.csv
Autopista Central,Facturado,0020821947,Tránsito Tag,PJHJ69,2026-08-24,08:26:34,PA14,Ruta 5 Norte - Sur,363.73,Autopase_Facturado_Central_0020821947_28092026_075120.csv
Autopista Central,Facturado,0020821947,Tránsito Tag,PJHJ69,2026-08-24,08:28:03,PA12,Ruta 5 Norte - Sur,737.86,Autopase_Facturado_Central_0020821947_28092026_075120.csv
Autopista Central,Facturado,0020821947,Tránsito Tag,PJHJ69,2026-08-24,08:29:54,PA11,Ruta 5 Norte - Sur,285.79,Autopase_Facturado_Central_0020821947_28092026_075120.csv
Autopista Central,Facturado,0020821947,Tránsito Tag,LPPZ31,2026-08-24,09:52:45,PA7,Ruta 5 Sur - Norte,452.06,Autopase_Facturado_Central_0020821947_28092026_075120.csv
Autopista Central,Facturado,0020821947,Tránsito Tag,LJDV98,2026-08-24,12:11:15,PA12,Ruta 5 Norte - Sur,368.93,Autopase_Facturado_Central_0020821947_28092026_075120.csv
Autopista Central,Facturado,0020821947,Tránsito Tag,LJDV98,2026-08-24,12:13:27,PA11,Ruta 5 Norte - Sur,285.79,Autopase_Facturado_Central_0020821947_28092026_075120.csv
Autopista Central,Facturado,0020821947,Tránsito Tag,LJDV98,2026-08-24,12:14:17,PA9,Ruta 5 Norte - Sur,392.83,Autopase_Facturado_Central_0020821947_28092026_075120.csv
Autopista Central,Facturado,0020821947,Tránsito Tag,LJDV98,2026-08-24,12:52:41,PA30,Ruta 5 Sur - Norte,392.83,Autopase_Facturado_Central_0020821947_28092026_075120.csv
Autopista Central,Facturado,0020821947,Tránsito Tag,LJDV98,2026-08-24,12:53:31,PA10,Ruta 5 Sur - Norte,285.79,Autopase_Facturado_Central_0020821947_28092026_075120.csv
Autopista Central,Facturado,0020821947,Tránsito Tag,LJDV98,2026-08-24,12:55:25,PA31,Ruta 5 Sur - Norte,737.86,Autopase_Facturado_Central_0020821947_28092026_075120.csv
Autopista Central,Facturado,0020821947,Tránsito Tag,LJDV98,2026-08-24,14:48:32,PA12,Ruta 5 Norte - Sur,368.93,Autopase_Facturado_Central_0020821947_28092026_075120.csv
Autopista Central,Facturado,0020821947,Tránsito Tag,LJDV98,2026-08-24,14:51:10,PA11,Ruta 5 Norte - Sur,285.79,Autopase_Facturado_Central_0020821947_28092026_075120.csv
Autopista Central,Facturado,0020821947,Tránsito Tag,LJDV98,2026-08-24,14:52:11,PA9,Ruta 5 Norte - Sur,392.83,Autopase_Facturado_Central_0020821947_28092026_075120.csv
Autopista Central,Facturado,0020821947,Tránsito Tag,LPPZ24,2026-08-24,17:46:32,PA5,Ruta 5 Sur - Norte,334.63,Autopase_Facturado_Central_0020821947_28092026_075120.csv
Autopista Central,Facturado,0020821947,Tránsito Tag,LPPZ24,2026-08-24,17:48:49,PA19,General Velasquez Sur - Norte,412.57,Autopase_Facturado_Central_0020821947_28092026_075120.csv
Autopista Central,Facturado,0020821947,Tránsito Tag,HXJJ44,2026-08-24,18:21:37,PA18,Ruta 5 Norte - Sur,462.46,Autopase_Facturado_Central_0020821947_28092026_075120.csv
Autopista Central,Facturado,0020821947,Tránsito Tag,HXJJ44,2026-08-24,18:24:01,PA29,General Velasquez Norte - Sur,1024.69,Autopase_Facturado_Central_0020821947_28092026_075120.csv
Autopista Central,Facturado,0020821947,Tránsito Tag,LPPZ24,2026-08-24,19:11:34,PA10,Ruta 5 Sur - Norte,285.79,Autopase_Facturado_Central_0020821947_28092026_075120.csv
Autopista Central,Facturado,0020821947,Tránsito Tag,LPPZ24,2026-08-24,19:13:37,PA31,Ruta 5 Sur - Norte,368.93,Autopase_Facturado_Central_0020821947_28092026_075120.csv
Autopista Central,Facturado,0020821947,Tránsito Tag,LPPZ24,2026-08-24,19:15:03,PA13,Ruta 5 Sur - Norte,181.86,Autopase_Facturado_Central_0020821947_28092026_075120.csv
Autopista Central,Facturado,0020821947,Tránsito Tag,LPPZ24,2026-08-24,19:18:00,PA16,Ruta 5 Sur - Norte,425.04,Autopase_Facturado_Central_0020821947_28092026_075120.csv
Autopista Central,Facturado,0020821947,Tránsito Tag,LPPZ24,2026-08-24,19:21:37,PA17,Ruta 5 Sur - Norte,924.92,Autopase_Facturado_Central_0020821947_28092026_075120.csv
Autopista Central,Facturado,0020821947,Tránsito Tag,LDWP36,2026-08-24,19:26:29,PA28,General Velasquez Sur - Norte,512.34,Autopase_Facturado_Central_0020821947_28092026_075120.csv
Autopista Central,Facturado,0020821947,Tránsito Tag,LDWP36,2026-08-24,19:28:00,PA17,Ruta 5 Sur - Norte,924.92,Autopase_Facturado_Central_0020821947_28092026_075120.csv
Autopista Central,Facturado,0020821947,Tránsito Tag,LJDV98,2026-08-24,19:30:58,PA16,Ruta 5 Sur - Norte,425.04,Autopase_Facturado_Central_0020821947_28092026_075120.csv
Autopista Central,Facturado,0020821947,Tránsito Tag,LJDV98,2026-08-24,19:35:06,PA17,Ruta 5 Sur - Norte,462.46,Autopase_Facturado_Central_0020821947_28092026_075120.csv
Autopista Central,Facturado,0020821947,Tránsito Tag,LPPZ24,2026-08-24,20:18:36,PA18,Ruta 5 Norte - Sur,462.46,Autopase_Facturado_Central_0020821947_28092026_075120.csv
Autopista Central,Facturado,0020821947,Tránsito Tag,LJDV98,2026-08-24,20:22:30,PA18,Ruta 5 Norte - Sur,462.46,Autopase_Facturado_Central_0020821947_28092026_075120.csv
Autopista Central,Facturado,0020821947,Tránsito Tag,LPPZ24,2026-08-24,20:22:39,PA15,Ruta 5 Norte - Sur,850.1,Autopase_Facturado_Central_0020821947_28092026_075120.csv
Autopista Central,Facturado,0020821947,Tránsito Tag,LPPZ24,2026-08-24,20:24:32,PA14,Ruta 5 Norte - Sur,363.73,Autopase_Facturado_Central_0020821947_28092026_075120.csv
Autopista Central,Facturado,0020821947,Tránsito Tag,LPPZ24,2026-08-24,20:26:02,PA12,Ruta 5 Norte - Sur,737.86,Autopase_Facturado_Central_0020821947_28092026_075120.csv
Autopista Central,Facturado,0020821947,Tránsito Tag,LDWP36,2026-08-24,20:27:20,PA18,Ruta 5 Norte - Sur,462.46,Autopase_Facturado_Central_0020821947_28092026_075120.csv
Autopista Central,Facturado,0020821947,Tránsito Tag,LJDV98,2026-08-24,20:27:49,PA15,Ruta 5 Norte - Sur,850.1,Autopase_Facturado_Central_0020821947_28092026_075120.csv
Autopista Central,Facturado,0020821947,Tránsito Tag,LDWP36,2026-08-24,20:31:40,PA15,Ruta 5 Norte - Sur,425.04,Autopase_Facturado_Central_0020821947_28092026_075120.csv
Autopista Central,Facturado,0020821947,Tránsito Tag,LPPZ24,2026-08-24,20:55:48,PA9,Ruta 5 Norte - Sur,392.83,Autopase_Facturado_Central_0020821947_28092026_075120.csv
Autopista Central,Facturado,0020821947,Tránsito Tag,LKGZ52,2026-08-24,22:18:12,PA26,General Velasquez Norte - Sur,421.93,Autopase_Facturado_Central_0020821947_28092026_075120.csv
Autopista Central,Facturado,0020821947,Tránsito Tag,LKGZ52,2026-08-24,22:19:27,PA24,General Velasquez Norte - Sur,287.86,Autopase_Facturado_Central_0020821947_28092026_075120.csv
Autopista Central,Facturado,0020821947,Tránsito Tag,LKGZ52,2026-08-24,22:21:30,PA22,General Velasquez Norte - Sur,512.34,Autopase_Facturado_Central_0020821947_28092026_075120.csv
Autopista Central,Facturado,0020821947,Tránsito Tag,PJHJ69,2026-08-24,22:40:46,PA21,General Velasquez Sur - Norte,512.34,Autopase_Facturado_Central_0020821947_28092026_075120.csv
Autopista Central,Facturado,0020821947,Tránsito Tag,PJHJ69,2026-08-24,22:43:28,PA23,General Velasquez Sur - Norte,287.86,Autopase_Facturado_Central_0020821947_28092026_075120.csv
Autopista Central,Facturado,0020821947,Tránsito Tag,PJHJ69,2026-08-24,22:44:54,PA25,General Velasquez Sur - Norte,421.93,Autopase_Facturado_Central_0020821947_28092026_075120.csv
Autopista Central,Facturado,0020821947,Tránsito Tag,PJHJ69,2026-08-24,22:49:39,PA28,General Velasquez Sur - Norte,512.34,Autopase_Facturado_Central_0020821947_28092026_075120.csv
Autopista Central,Facturado,0020821947,Tránsito Tag,PJHJ69,2026-08-24,22:51:01,PA17,Ruta 5 Sur - Norte,462.46,Autopase_Facturado_Central_0020821947_28092026_075120.csv
Autopista Central,Facturado,0020821947,Tránsito Tag,PJHJ69,2026-08-24,23:04:33,PA18,Ruta 5 Norte - Sur,462.46,Autopase_Facturado_Central_0020821947_28092026_075120.csv
Autopista Central,Facturado,0020821947,Tránsito Tag,LPPZ31,2026-08-24,23:07:59,PA7,Ruta 5 Sur - Norte,452.06,Autopase_Facturado_Central_0020821947_28092026_075120.csv
Autopista Central,Facturado,0020821947,Tránsito Tag,PJHJ69,2026-08-24,23:18:32,PA15,Ruta 5 Norte - Sur,425.04,Autopase_Facturado_Central_0020821947_28092026_075120.csv
Autopista Central,Facturado,0020821947,Tránsito Tag,PJHJ69,2026-08-24,23:20:14,PA14,Ruta 5 Norte - Sur,181.86,Autopase_Facturado_Central_0020821947_28092026_075120.csv
Autopista Central,Facturado,0020821947,Tránsito Tag,PJHJ69,2026-08-24,23:21:40,PA12,Ruta 5 Norte - Sur,368.93,Autopase_Facturado_Central_0020821947_28092026_075120.csv
Autopista Central,Facturado,0020821947,Tránsito Tag,PJHJ69,2026-08-24,23:23:38,PA11,Ruta 5 Norte - Sur,285.79,Autopase_Facturado_Central_0020821947_28092026_075120.csv
Autopista Central,Facturado,0020821947,Tránsito Tag,PJHJ69,2026-08-24,23:24:27,PA9,Ruta 5 Norte - Sur,392.83,Autopase_Facturado_Central_0020821947_28092026_075120.csv
Autopista Central,Facturado,0020821947,Tránsito Tag,KXZS95,2026-08-25,05:33:15,PA21,General Velasquez Sur - Norte,512.34,Autopase_Facturado_Central_0020821947_28092026_075120.csv
Autopista Central,Facturado,0020821947,Tránsito Tag,LPPZ24,2026-08-25,05:33:58,PA7,Ruta 5 Sur - Norte,452.06,Autopase_Facturado_Central_0020821947_28092026_075120.csv
Autopista Central,Facturado,0020821947,Tránsito Tag,KXZS95,2026-08-25,05:35:44,PA23,General Velasquez Sur - Norte,287.86,Autopase_Facturado_Central_0020821947_28092026_075120.csv
Autopista Central,Facturado,0020821947,Tránsito Tag,KXZS95,2026-08-25,05:37:10,PA25,General Velasquez Sur - Norte,421.93,Autopase_Facturado_Central_0020821947_28092026_075120.csv
Autopista Central,Facturado,0020821947,Tránsito Tag,KXZS95,2026-08-25,05:46:17,PA28,General Velasquez Sur - Norte,512.34,Autopase_Facturado_Central_0020821947_28092026_075120.csv
Autopista Central,Facturado,0020821947,Tránsito Tag,KXZS95,2026-08-25,05:47:23,PA17,Ruta 5 Sur - Norte,462.46,Autopase_Facturado_Central_0020821947_28092026_075120.csv
Autopista Central,Facturado,0020821947,Tránsito Tag,LDWP36,2026-08-25,06:06:26,PA31,Ruta 5 Sur - Norte,368.93,Autopase_Facturado_Central_0020821947_28092026_075120.csv
Autopista Central,Facturado,0020821947,Tránsito Tag,LDWP36,2026-08-25,06:08:02,PA13,Ruta 5 Sur - Norte,181.86,Autopase_Facturado_Central_0020821947_28092026_075120.csv
Autopista Central,Facturado,0020821947,Tránsito Tag,PJHJ69,2026-08-25,06:11:17,PA32,Ruta 5 Norte - Sur,176.67,Autopase_Facturado_Central_0020821947_28092026_075120.csv
Autopista Central,Facturado,0020821947,Tránsito Tag,PJHJ69,2026-08-25,06:13:04,PA6,Ruta 5 Norte - Sur,157.96,Autopase_Facturado_Central_0020821947_28092026_075120.csv
Autopista Central,Facturado,0020821947,Tránsito Tag,LPPZ24,2026-08-25,06:37:49,PA13,Ruta 5 Sur - Norte,363.73,Autopase_Facturado_Central_0020821947_28092026_075120.csv
Autopista Central,Facturado,0020821947,Tránsito Tag,LJDV98,2026-08-25,06:40:15,PA18,Ruta 5 Norte - Sur,462.46,Autopase_Facturado_Central_0020821947_28092026_075120.csv
Autopista Central,Facturado,0020821947,Tránsito Tag,LPPZ24,2026-08-25,06:40:55,PA16,Ruta 5 Sur - Norte,425.04,Autopase_Facturado_Central_0020821947_28092026_075120.csv
Autopista Central,Facturado,0020821947,Tránsito Tag,LJDV98,2026-08-25,06:41:33,PA29,General Velasquez Norte - Sur,512.34,Autopase_Facturado_Central_0020821947_28092026_075120.csv
Autopista Central,Facturado,0020821947,Tránsito Tag,PJHJ69,2026-08-25,06:43:36,PA5,Ruta 5 Sur - Norte,669.27,Autopase_Facturado_Central_0020821947_28092026_075120.csv
Autopista Central,Facturado,0020821947,Tránsito Tag,LPPZ24,2026-08-25,06:44:10,PA17,Ruta 5 Sur - Norte,462.46,Autopase_Facturado_Central_0020821947_28092026_075120.csv
Autopista Central,Facturado,0020821947,Tránsito Tag,LJDV98,2026-08-25,06:46:52,PA26,General Velasquez Norte - Sur,421.93,Autopase_Facturado_Central_0020821947_28092026_075120.csv
Autopista Central,Facturado,0020821947,Tránsito Tag,PJHJ69,2026-08-25,06:47:56,PA19,General Velasquez Sur - Norte,412.57,Autopase_Facturado_Central_0020821947_28092026_075120.csv
Autopista Central,Facturado,0020821947,Tránsito Tag,LJDV98,2026-08-25,06:48:35,PA24,General Velasquez Norte - Sur,287.86,Autopase_Facturado_Central_0020821947_28092026_075120.csv
Autopista Central,Facturado,0020821947,Tránsito Tag,PJHJ69,2026-08-25,06:51:17,PA21,General Velasquez Sur - Norte,512.34,Autopase_Facturado_Central_0020821947_28092026_075120.csv
Autopista Central,Facturado,0020821947,Tránsito Tag,LJDV98,2026-08-25,06:51:28,PA22,General Velasquez Norte - Sur,512.34,Autopase_Facturado_Central_0020821947_28092026_075120.csv
Autopista Central,Facturado,0020821947,Tránsito Tag,KDRJ20,2026-08-25,06:57:20,PA21,General Velasquez Sur - Norte,512.34,Autopase_Facturado_Central_0020821947_28092026_075120.csv
Autopista Central,Facturado,0020821947,Tránsito Tag,KDRJ20,2026-08-25,07:00:28,PA23,General Velasquez Sur - Norte,575.74,Autopase_Facturado_Central_0020821947_28092026_075120.csv
Autopista Central,Facturado,0020821947,Tránsito Tag,PJHJ69,2026-08-25,07:06:57,PA23,General Velasquez Sur - Norte,575.74,Autopase_Facturado_Central_0020821947_28092026_075120.csv
Autopista Central,Facturado,0020821947,Tránsito Tag,PJHJ69,2026-08-25,07:08:46,PA25,General Velasquez Sur - Norte,843.86,Autopase_Facturado_Central_0020821947_28092026_075120.csv
Autopista Central,Facturado,0020821947,Tránsito Tag,KDRJ20,2026-08-25,07:10:37,PA25,General Velasquez Sur - Norte,843.86,Autopase_Facturado_Central_0020821947_28092026_075120.csv
Autopista Central,Facturado,0020821947,Tránsito Tag,LPPZ24,2026-08-25,07:11:21,PA18,Ruta 5 Norte - Sur,924.92,Autopase_Facturado_Central_0020821947_28092026_075120.csv
Autopista Central,Facturado,0020821947,Tránsito Tag,LPPZ24,2026-08-25,07:12:33,PA29,General Velasquez Norte - Sur,512.34,Autopase_Facturado_Central_0020821947_28092026_075120.csv
Autopista Central,Facturado,0020821947,Tránsito Tag,PJHJ69,2026-08-25,07:14:48,PA28,General Velasquez Sur - Norte,1024.69,Autopase_Facturado_Central_0020821947_28092026_075120.csv
Autopista Central,Facturado,0020821947,Tránsito Tag,LPPZ31,2026-08-25,07:16:08,PA30,Ruta 5 Sur - Norte,392.83,Autopase_Facturado_Central_0020821947_28092026_075120.csv
Autopista Central,Facturado,0020821947,Tránsito Tag,KDRJ20,2026-08-25,07:17:01,PA28,General Velasquez Sur - Norte,1024.69,Autopase_Facturado_Central_0020821947_28092026_075120.csv
Autopista Central,Facturado,0020821947,Tránsito Tag,LPPZ24,2026-08-25,07:17:12,PA26,General Velasquez Norte - Sur,421.93,Autopase_Facturado_Central_0020821947_28092026_075120.csv
Autopista Central,Facturado,0020821947,Tránsito Tag,PJHJ69,2026-08-25,07:18:31,PA17,Ruta 5 Sur - Norte,924.92,Autopase_Facturado_Central_0020821947_28092026_075120.csv
Autopista Central,Facturado,0020821947,Tránsito Tag,LPPZ31,2026-08-25,07:18:35,PA10,Ruta 5 Sur - Norte,285.79,Autopase_Facturado_Central_0020821947_28092026_075120.csv
Autopista Central,Facturado,0020821947,Tránsito Tag,LPPZ24,2026-08-25,07:18:48,PA24,General Velasquez Norte - Sur,287.86,Autopase_Facturado_Central_0020821947_28092026_075120.csv
Autopista Central,Facturado,0020821947,Tránsito Tag,KDRJ20,2026-08-25,07:20:37,PA17,Ruta 5 Sur - Norte,924.92,Autopase_Facturado_Central_0020821947_28092026_075120.csv
Autopista Central,Facturado,0020821947,Tránsito Tag,LDWP36,2026-08-25,07:20:40,PA14,Ruta 5 Norte - Sur,363.73,Autopase_Facturado_Central_0020821947_28092026_075120.csv
Autopista Central,Facturado,0020821947,Tránsito Tag,LPPZ24,2026-08-25,07:21:41,PA22,General Velasquez Norte - Sur,512.34,Autopase_Facturado_Central_0020821947_28092026_075120.csv
Autopista Central,Facturado,0020821947,Tránsito Tag,LDWP36,2026-08-25,07:22:01,PA12,Ruta 5 Norte - Sur,737.86,Autopase_Facturado_Central_0020821947_28092026_075120.csv
Autopista Central,Facturado,0020821947,Tránsito Tag,LDWP36,2026-08-25,07:23:44,PA11,Ruta 5 Norte - Sur,285.79,Autopase_Facturado_Central_0020821947_28092026_075120.csv
Autopista Central,Facturado,0020821947,Tránsito Tag,LPPZ24,2026-08-25,07:23:49,PA20,General Velasquez Norte - Sur,412.57,Autopase_Facturado_Central_0020821947_28092026_075120.csv
Autopista Central,Facturado,0020821947,Tránsito Tag,LDWP36,2026-08-25,07:24:26,PA9,Ruta 5 Norte - Sur,392.83,Autopase_Facturado_Central_0020821947_28092026_075120.csv
Autopista Central,Facturado,0020821947,Tránsito Tag,LPPZ24,2026-08-25,07:25:25,PA32,Ruta 5 Norte - Sur,176.67,Autopase_Facturado_Central_0020821947_28092026_075120.csv
Autopista Central,Facturado,0020821947,Tránsito Tag,LPPZ24,2026-08-25,07:27:29,PA6,Ruta 5 Norte - Sur,157.96,Autopase_Facturado_Central_0020821947_28092026_075120.csv
Autopista Central,Facturado,0020821947,Tránsito Tag,LPPZ31,2026-08-25,07:27:52,PA31,Ruta 5 Sur - Norte,737.86,Autopase_Facturado_Central_0020821947_28092026_075120.csv
Autopista Central,Facturado,0020821947,Tránsito Tag,LPPZ31,2026-08-25,07:30:49,PA13,Ruta 5 Sur - Norte,363.73,Autopase_Facturado_Central_0020821947_28092026_075120.csv
Autopista Central,Facturado,0020821947,Tránsito Tag,LPPZ31,2026-08-25,07:47:37,PA16,Ruta 5 Sur - Norte,850.1,Autopase_Facturado_Central_0020821947_28092026_075120.csv
Autopista Central,Facturado,0020821947,Tránsito Tag,LPPZ31,2026-08-25,07:53:08,PA17,Ruta 5 Sur - Norte,924.92,Autopase_Facturado_Central_0020821947_28092026_075120.csv
Autopista Central,Facturado,0020821947,Tránsito Tag,KDRJ20,2026-08-25,08:20:36,PA18,Ruta 5 Norte - Sur,924.92,Autopase_Facturado_Central_0020821947_28092026_075120.csv
Autopista Central,Facturado,0020821947,Tránsito Tag,PJHJ69,2026-08-25,08:22:39,PA18,Ruta 5 Norte - Sur,924.92,Autopase_Facturado_Central_0020821947_28092026_075120.csv
Autopista Central,Facturado,0020821947,Tránsito Tag,LPPZ31,2026-08-25,08:23:03,PA18,Ruta 5 Norte - Sur,924.92,Autopase_Facturado_Central_0020821947_28092026_075120.csv
Autopista Central,Facturado,0020821947,Tránsito Tag,PJHJ69,2026-08-25,08:28:04,PA15,Ruta 5 Norte - Sur,425.04,Autopase_Facturado_Central_0020821947_28092026_075120.csv
Autopista Central,Facturado,0020821947,Tránsito Tag,LPPZ31,2026-08-25,08:29:21,PA15,Ruta 5 Norte - Sur,425.04,Autopase_Facturado_Central_0020821947_28092026_075120.csv
Autopista Central,Facturado,0020821947,Tránsito Tag,PJHJ69,2026-08-25,08:43:19,PA14,Ruta 5 Norte - Sur,181.86,Autopase_Facturado_Central_0020821947_28092026_075120.csv
Autopista Central,Facturado,0020821947,Tránsito Tag,KDRJ20,2026-08-25,08:44:11,PA26,General Velasquez Norte - Sur,421.93,Autopase_Facturado_Central_0020821947_28092026_075120.csv
Autopista Central,Facturado,0020821947,Tránsito Tag,PJHJ69,2026-08-25,08:44:39,PA12,Ruta 5 Norte - Sur,368.93,Autopase_Facturado_Central_0020821947_28092026_075120.csv
Autopista Central,Facturado,0020821947,Tránsito Tag,PJHJ69,2026-08-25,08:46:27,PA11,Ruta 5 Norte - Sur,285.79,Autopase_Facturado_Central_0020821947_28092026_075120.csv
Autopista Central,Facturado,0020821947,Tránsito Tag,KXZS95,2026-08-25,09:30:49,PA26,General Velasquez Norte - Sur,421.93,Autopase_Facturado_Central_0020821947_28092026_075120.csv
Autopista Central,Facturado,0020821947,Tránsito Tag,KXZS95,2026-08-25,09:32:49,PA24,General Velasquez Norte - Sur,287.86,Autopase_Facturado_Central_0020821947_28092026_075120.csv
Autopista Central,Facturado,0020821947,Tránsito Tag,KDRJ20,2026-08-25,13:56:48,PA14,Ruta 5 Norte - Sur,181.86,Autopase_Facturado_Central_0020821947_28092026_075120.csv
Autopista Central,Facturado,0020821947,Tránsito Tag,KDRJ20,2026-08-25,13:58:41,PA12,Ruta 5 Norte - Sur,368.93,Autopase_Facturado_Central_0020821947_28092026_075120.csv
Autopista Central,Facturado,0020821947,Tránsito Tag,HXJJ44,2026-08-25,17:47:00,PA28,General Velasquez Sur - Norte,512.34,Autopase_Facturado_Central_0020821947_28092026_075120.csv
Autopista Central,Facturado,0020821947,Tránsito Tag,HXJJ44,2026-08-25,17:53:27,PA17,Ruta 5 Sur - Norte,924.92,Autopase_Facturado_Central_0020821947_28092026_075120.csv
Autopista Central,Facturado,0020821947,Tránsito Tag,LPPZ24,2026-08-25,18:05:00,PA5,Ruta 5 Sur - Norte,334.63,Autopase_Facturado_Central_0020821947_28092026_075120.csv
Autopista Central,Facturado,0020821947,Tránsito Tag,LPPZ24,2026-08-25,18:07:46,PA19,General Velasquez Sur - Norte,412.57,Autopase_Facturado_Central_0020821947_28092026_075120.csv
Autopista Central,Facturado,0020821947,Tránsito Tag,HXJJ44,2026-08-25,18:13:36,PA18,Ruta 5 Norte - Sur,462.46,Autopase_Facturado_Central_0020821947_28092026_075120.csv
Autopista Central,Facturado,0020821947,Tránsito Tag,HXJJ44,2026-08-25,18:16:01,PA29,General Velasquez Norte - Sur,1024.69,Autopase_Facturado_Central_0020821947_28092026_075120.csv
Autopista Central,Facturado,0020821947,Tránsito Tag,LPPZ24,2026-08-25,19:13:41,PA10,Ruta 5 Sur - Norte,285.79,Autopase_Facturado_Central_0020821947_28092026_075120.csv
Autopista Central,Facturado,0020821947,Tránsito Tag,LPPZ24,2026-08-25,19:15:35,PA31,Ruta 5 Sur - Norte,368.93,Autopase_Facturado_Central_0020821947_28092026_075120.csv
Autopista Central,Facturado,0020821947,Tránsito Tag,LPPZ24,2026-08-25,19:17:06,PA13,Ruta 5 Sur - Norte,181.86,Autopase_Facturado_Central_0020821947_28092026_075120.csv
Autopista Central,Facturado,0020821947,Tránsito Tag,LPPZ24,2026-08-25,19:20:02,PA16,Ruta 5 Sur - Norte,425.04,Autopase_Facturado_Central_0020821947_28092026_075120.csv
Autopista Central,Facturado,0020821947,Tránsito Tag,LPPZ24,2026-08-25,19:28:19,PA17,Ruta 5 Sur - Norte,924.92,Autopase_Facturado_Central_0020821947_28092026_075120.csv
Autopista Central,Facturado,0020821947,Tránsito Tag,LDWP36,2026-08-25,19:28:58,PA28,General Velasquez Sur - Norte,512.34,Autopase_Facturado_Central_0020821947_28092026_075120.csv
Autopista Central,Facturado,0020821947,Tránsito Tag,LDWP36,2026-08-25,19:32:30,PA17,Ruta 5 Sur - Norte,462.46,Autopase_Facturado_Central_0020821947_28092026_075120.csv
Autopista Central,Facturado,0020821947,Tránsito Tag,LJDV98,2026-08-25,19:52:32,PA16,Ruta 5 Sur - Norte,425.04,Autopase_Facturado_Central_0020821947_28092026_075120.csv
Autopista Central,Facturado,0020821947,Tránsito Tag,LJDV98,2026-08-25,19:56:15,PA17,Ruta 5 Sur - Norte,462.46,Autopase_Facturado_Central_0020821947_28092026_075120.csv
Autopista Central,Facturado,0020821947,Tránsito Tag,LPPZ24,2026-08-25,20:17:48,PA18,Ruta 5 Norte - Sur,462.46,Autopase_Facturado_Central_0020821947_28092026_075120.csv
Autopista Central,Facturado,0020821947,Tránsito Tag,LPPZ24,2026-08-25,20:21:49,PA15,Ruta 5 Norte - Sur,850.1,Autopase_Facturado_Central_0020821947_28092026_075120.csv
Autopista Central,Facturado,0020821947,Tránsito Tag,LJDV98,2026-08-25,20:23:36,PA18,Ruta 5 Norte - Sur,462.46,Autopase_Facturado_Central_0020821947_28092026_075120.csv
Autopista Central,Facturado,0020821947,Tránsito Tag,LPPZ24,2026-08-25,20:25:24,PA14,Ruta 5 Norte - Sur,363.73,Autopase_Facturado_Central_0020821947_28092026_075120.csv
Autopista Central,Facturado,0020821947,Tránsito Tag,LPPZ24,2026-08-25,20:27:03,PA12,Ruta 5 Norte - Sur,737.86,Autopase_Facturado_Central_0020821947_28092026_075120.csv
Autopista Central,Facturado,0020821947,Tránsito Tag,LJDV98,2026-08-25,20:28:23,PA15,Ruta 5 Norte - Sur,850.1,Autopase_Facturado_Central_0020821947_28092026_075120.csv
Autopista Central,Facturado,0020821947,Tránsito Tag,LPPZ24,2026-08-25,20:49:52,PA9,Ruta 5 Norte - Sur,392.83,Autopase_Facturado_Central_0020821947_28092026_075120.csv
Autopista Central,Facturado,0020821947,Tránsito Tag,LPPZ24,2026-08-25,20:52:50,PA8,Ruta 5 Norte - Sur,452.06,Autopase_Facturado_Central_0020821947_28092026_075120.csv
Autopista Central,Facturado,0020821947,Tránsito Tag,PJHJ69,2026-08-25,20:53:31,PA21,General Velasquez Sur - Norte,512.34,Autopase_Facturado_Central_0020821947_28092026_075120.csv
Autopista Central,Facturado,0020821947,Tránsito Tag,LPPZ24,2026-08-25,20:53:50,PA32,Ruta 5 Norte - Sur,176.67,Autopase_Facturado_Central_0020821947_28092026_075120.csv
Autopista Central,Facturado,0020821947,Tránsito Tag,LPPZ24,2026-08-25,20:55:16,PA6,Ruta 5 Norte - Sur,157.96,Autopase_Facturado_Central_0020821947_28092026_075120.csv
Autopista Central,Facturado,0020821947,Tránsito Tag,LPPZ24,2026-08-25,20:56:09,PA37,Ruta 5 Norte - Sur,455.18,Autopase_Facturado_Central_0020821947_28092026_075120.csv
Autopista Central,Facturado,0020821947,Tránsito Tag,PJHJ69,2026-08-25,20:56:59,PA23,General Velasquez Sur - Norte,287.86,Autopase_Facturado_Central_0020821947_28092026_075120.csv
Autopista Central,Facturado,0020821947,Tránsito Tag,PJHJ69,2026-08-25,20:58:55,PA25,General Velasquez Sur - Norte,421.93,Autopase_Facturado_Central_0020821947_28092026_075120.csv
Autopista Central,Facturado,0020821947,Tránsito Tag,HXJJ44,2026-08-25,21:03:44,PA16,Ruta 5 Sur - Norte,425.04,Autopase_Facturado_Central_0020821947_28092026_075120.csv
Autopista Central,Facturado,0020821947,Tránsito Tag,HXJJ44,2026-08-25,21:07:44,PA17,Ruta 5 Sur - Norte,462.46,Autopase_Facturado_Central_0020821947_28092026_075120.csv
Autopista Central,Facturado,0020821947,Tránsito Tag,PJHJ69,2026-08-25,21:26:00,PA26,General Velasquez Norte - Sur,421.93,Autopase_Facturado_Central_0020821947_28092026_075120.csv
Autopista Central,Facturado,0020821947,Tránsito Tag,PJHJ69,2026-08-25,21:27:22,PA24,General Velasquez Norte - Sur,287.86,Autopase_Facturado_Central_0020821947_28092026_075120.csv
Autopista Central,Facturado,0020821947,Tránsito Tag,PJHJ69,2026-08-25,21:29:45,PA22,General Velasquez Norte - Sur,512.34,Autopase_Facturado_Central_0020821947_28092026_075120.csv
Autopista Central,Facturado,0020821947,Tránsito Tag,KXZS95,2026-08-25,22:21:52,PA22,General Velasquez Norte - Sur,512.34,Autopase_Facturado_Central_0020821947_28092026_075120.csv
Autopista Central,Facturado,0020821947,Tránsito Tag,PJHJ69,2026-08-25,22:25:29,PA17,Ruta 5 Sur - Norte,462.46,Autopase_Facturado_Central_0020821947_28092026_075120.csv
Autopista Central,Facturado,0020821947,Tránsito Tag,KXZS95,2026-08-25,22:59:13,PA11,Ruta 5 Norte - Sur,285.79,Autopase_Facturado_Central_0020821947_28092026_075120.csv
Autopista Central,Facturado,0020821947,Tránsito Tag,KXZS95,2026-08-25,22:59:59,PA9,Ruta 5 Norte - Sur,392.83,Autopase_Facturado_Central_0020821947_28092026_075120.csv
Autopista Central,Facturado,0020821947,Tránsito Tag,PJHJ69,2026-08-25,23:05:02,PA24,General Velasquez Norte - Sur,287.86,Autopase_Facturado_Central_0020821947_28092026_075120.csv
Autopista Central,Facturado,0020821947,Tránsito Tag,LPPZ31,2026-08-25,23:35:00,PA19,General Velasquez Sur - Norte,412.57,Autopase_Facturado_Central_0020821947_28092026_075120.csv
Autopista Central,Facturado,0020821947,Tránsito Tag,LPPZ31,2026-08-26,01:22:07,PA22,General Velasquez Norte - Sur,512.34,Autopase_Facturado_Central_0020821947_28092026_075120.csv
Autopista Central,Facturado,0020821947,Tránsito Tag,LPPZ31,2026-08-26,01:37:40,PA21,General Velasquez Sur - Norte,512.34,Autopase_Facturado_Central_0020821947_28092026_075120.csv
Autopista Central,Facturado,0020821947,Tránsito Tag,LPPZ31,2026-08-26,01:40:14,PA23,General Velasquez Sur - Norte,287.86,Autopase_Facturado_Central_0020821947_28092026_075120.csv
Autopista Central,Facturado,0020821947,Tránsito Tag,LPPZ31,2026-08-26,01:41:36,PA25,General Velasquez Sur - Norte,421.93,Autopase_Facturado_Central_0020821947_28092026_075120.csv
Autopista Central,Facturado,0020821947,Tránsito Tag,LPPZ31,2026-08-26,01:50:56,PA26,General Velasquez Norte - Sur,421.93,Autopase_Facturado_Central_0020821947_28092026_075120.csv
Autopista Central,Facturado,0020821947,Tránsito Tag,LPPZ31,2026-08-26,01:52:03,PA24,General Velasquez Norte - Sur,287.86,Autopase_Facturado_Central_0020821947_28092026_075120.csv
Autopista Central,Facturado,0020821947,Tránsito Tag,LPPZ31,2026-08-26,01:54:09,PA22,General Velasquez Norte - Sur,512.34,Autopase_Facturado_Central_0020821947_28092026_075120.csv
Autopista Central,Facturado,0020821947,Tránsito Tag,KXZS95,2026-08-26,03:51:16,PA22,General Velasquez Norte - Sur,512.34,Autopase_Facturado_Central_0020821947_28092026_075120.csv
Autopista Central,Facturado,0020821947,Tránsito Tag,LPPZ24,2026-08-26,05:27:59,PA7,Ruta 5 Sur - Norte,452.06,Autopase_Facturado_Central_0020821947_28092026_075120.csv
Autopista Central,Facturado,0020821947,Tránsito Tag,LPPZ24,2026-08-26,05:39:20,PA30,Ruta 5 Sur - Norte,392.83,Autopase_Facturado_Central_0020821947_28092026_075120.csv
Autopista Central,Facturado,0020821947,Tránsito Tag,LPPZ24,2026-08-26,05:40:18,PA10,Ruta 5 Sur - Norte,285.79,Autopase_Facturado_Central_0020821947_28092026_075120.csv
Autopista Central,Facturado,0020821947,Tránsito Tag,KXZS95,2026-08-26,05:42:22,PA21,General Velasquez Sur - Norte,512.34,Autopase_Facturado_Central_0020821947_28092026_075120.csv
Autopista Central,Facturado,0020821947,Tránsito Tag,KXZS95,2026-08-26,05:44:50,PA23,General Velasquez Sur - Norte,287.86,Autopase_Facturado_Central_0020821947_28092026_075120.csv
Autopista Central,Facturado,0020821947,Tránsito Tag,KXZS95,2026-08-26,05:46:17,PA25,General Velasquez Sur - Norte,421.93,Autopase_Facturado_Central_0020821947_28092026_075120.csv
Autopista Central,Facturado,0020821947,Tránsito Tag,KXZS95,2026-08-26,05:58:38,PA28,General Velasquez Sur - Norte,512.34,Autopase_Facturado_Central_0020821947_28092026_075120.csv
Autopista Central,Facturado,0020821947,Tránsito Tag,KXZS95,2026-08-26,05:59:46,PA17,Ruta 5 Sur - Norte,462.46,Autopase_Facturado_Central_0020821947_28092026_075120.csv
Autopista Central,Facturado,0020821947,Tránsito Tag,LPPZ31,2026-08-26,06:03:04,PA30,Ruta 5 Sur - Norte,392.83,Autopase_Facturado_Central_0020821947_28092026_075120.csv
Autopista Central,Facturado,0020821947,Tránsito Tag,LPPZ31,2026-08-26,06:03:49,PA10,Ruta 5 Sur - Norte,285.79,Autopase_Facturado_Central_0020821947_28092026_075120.csv
Autopista Central,Facturado,0020821947,Tránsito Tag,LPPZ31,2026-08-26,06:05:55,PA31,Ruta 5 Sur - Norte,368.93,Autopase_Facturado_Central_0020821947_28092026_075120.csv
Autopista Central,Facturado,0020821947,Tránsito Tag,LPPZ31,2026-08-26,06:07:24,PA13,Ruta 5 Sur - Norte,181.86,Autopase_Facturado_Central_0020821947_28092026_075120.csv
Autopista Central,Facturado,0020821947,Tránsito Tag,LPPZ24,2026-08-26,06:08:57,PA13,Ruta 5 Sur - Norte,181.86,Autopase_Facturado_Central_0020821947_28092026_075120.csv
Autopista Central,Facturado,0020821947,Tránsito Tag,PJHJ69,2026-08-26,06:13:05,PA8,Ruta 5 Norte - Sur,452.06,Autopase_Facturado_Central_0020821947_28092026_075120.csv
Autopista Central,Facturado,0020821947,Tránsito Tag,PJHJ69,2026-08-26,06:14:10,PA32,Ruta 5 Norte - Sur,176.67,Autopase_Facturado_Central_0020821947_28092026_075120.csv
Autopista Central,Facturado,0020821947,Tránsito Tag,PJHJ69,2026-08-26,06:15:44,PA6,Ruta 5 Norte - Sur,157.96,Autopase_Facturado_Central_0020821947_28092026_075120.csv
Autopista Central,Facturado,0020821947,Tránsito Tag,PJHJ69,2026-08-26,06:16:51,PA37,Ruta 5 Norte - Sur,455.18,Autopase_Facturado_Central_0020821947_28092026_075120.csv
Autopista Central,Facturado,0020821947,Tránsito Tag,PJHJ69,2026-08-26,06:31:22,PA5,Ruta 5 Sur - Norte,669.27,Autopase_Facturado_Central_0020821947_28092026_075120.csv
Autopista Central,Facturado,0020821947,Tránsito Tag,PJHJ69,2026-08-26,06:34:39,PA7,Ruta 5 Sur - Norte,452.06,Autopase_Facturado_Central_0020821947_28092026_075120.csv
Autopista Central,Facturado,0020821947,Tránsito Tag,LJDV98,2026-08-26,06:42:25,PA18,Ruta 5 Norte - Sur,462.46,Autopase_Facturado_Central_0020821947_28092026_075120.csv
Autopista Central,Facturado,0020821947,Tránsito Tag,LJDV98,2026-08-26,06:43:42,PA29,General Velasquez Norte - Sur,512.34,Autopase_Facturado_Central_0020821947_28092026_075120.csv
Autopista Central,Facturado,0020821947,Tránsito Tag,LJDV98,2026-08-26,06:49:06,PA26,General Velasquez Norte - Sur,421.93,Autopase_Facturado_Central_0020821947_28092026_075120.csv
Autopista Central,Facturado,0020821947,Tránsito Tag,LJDV98,2026-08-26,06:50:52,PA24,General Velasquez Norte - Sur,287.86,Autopase_Facturado_Central_0020821947_28092026_075120.csv
Autopista Central,Facturado,0020821947,Tránsito Tag,KDRJ20,2026-08-26,06:51:57,PA23,General Velasquez Sur - Norte,287.86,Autopase_Facturado_Central_0020821947_28092026_075120.csv
Autopista Central,Facturado,0020821947,Tránsito Tag,LPPZ24,2026-08-26,06:52:36,PA17,Ruta 5 Sur - Norte,462.46,Autopase_Facturado_Central_0020821947_28092026_075120.csv
Autopista Central,Facturado,0020821947,Tránsito Tag,KDRJ20,2026-08-26,06:53:40,PA25,General Velasquez Sur - Norte,421.93,Autopase_Facturado_Central_0020821947_28092026_075120.csv
Autopista Central,Facturado,0020821947,Tránsito Tag,LJDV98,2026-08-26,06:53:49,PA22,General Velasquez Norte - Sur,512.34,Autopase_Facturado_Central_0020821947_28092026_075120.csv
Autopista Central,Facturado,0020821947,Tránsito Tag,LPPZ24,2026-08-26,07:04:05,PA18,Ruta 5 Norte - Sur,924.92,Autopase_Facturado_Central_0020821947_28092026_075120.csv
Autopista Central,Facturado,0020821947,Tránsito Tag,LPPZ24,2026-08-26,07:05:26,PA29,General Velasquez Norte - Sur,512.34,Autopase_Facturado_Central_0020821947_28092026_075120.csv
Autopista Central,Facturado,0020821947,Tránsito Tag,LPPZ24,2026-08-26,07:09:57,PA26,General Velasquez Norte - Sur,421.93,Autopase_Facturado_Central_0020821947_28092026_075120.csv
Autopista Central,Facturado,0020821947,Tránsito Tag,LPPZ24,2026-08-26,07:11:27,PA24,General Velasquez Norte - Sur,287.86,Autopase_Facturado_Central_0020821947_28092026_075120.csv
Autopista Central,Facturado,0020821947,Tránsito Tag,LPPZ24,2026-08-26,07:13:53,PA22,General Velasquez Norte - Sur,512.34,Autopase_Facturado_Central_0020821947_28092026_075120.csv
Autopista Central,Facturado,0020821947,Tránsito Tag,LPPZ24,2026-08-26,07:15:41,PA20,General Velasquez Norte - Sur,412.57,Autopase_Facturado_Central_0020821947_28092026_075120.csv
Autopista Central,Facturado,0020821947,Tránsito Tag,LPPZ24,2026-08-26,07:17:16,PA32,Ruta 5 Norte - Sur,176.67,Autopase_Facturado_Central_0020821947_28092026_075120.csv
Autopista Central,Facturado,0020821947,Tránsito Tag,LPPZ24,2026-08-26,07:18:51,PA6,Ruta 5 Norte - Sur,157.96,Autopase_Facturado_Central_0020821947_28092026_075120.csv
Autopista Central,Facturado,0020821947,Tránsito Tag,KDRJ20,2026-08-26,07:22:58,PA16,Ruta 5 Sur - Norte,425.04,Autopase_Facturado_Central_0020821947_28092026_075120.csv
Autopista Central,Facturado,0020821947,Tránsito Tag,KDRJ20,2026-08-26,07:27:33,PA17,Ruta 5 Sur - Norte,924.92,Autopase_Facturado_Central_0020821947_28092026_075120.csv
Autopista Central,Facturado,0020821947,Tránsito Tag,PJHJ69,2026-08-26,07:28:51,PA31,Ruta 5 Sur - Norte,737.86,Autopase_Facturado_Central_0020821947_28092026_075120.csv
Autopista Central,Facturado,0020821947,Tránsito Tag,LPPZ31,2026-08-26,07:29:32,PA14,Ruta 5 Norte - Sur,363.73,Autopase_Facturado_Central_0020821947_28092026_075120.csv
Autopista Central,Facturado,0020821947,Tránsito Tag,LPPZ31,2026-08-26,07:30:57,PA12,Ruta 5 Norte - Sur,737.86,Autopase_Facturado_Central_0020821947_28092026_075120.csv
Autopista Central,Facturado,0020821947,Tránsito Tag,PJHJ69,2026-08-26,07:31:56,PA13,Ruta 5 Sur - Norte,363.73,Autopase_Facturado_Central_0020821947_28092026_075120.csv
Autopista Central,Facturado,0020821947,Tránsito Tag,LPPZ31,2026-08-26,07:32:47,PA11,Ruta 5 Norte - Sur,285.79,Autopase_Facturado_Central_0020821947_28092026_075120.csv
Autopista Central,Facturado,0020821947,Tránsito Tag,LPPZ31,2026-08-26,07:33:37,PA9,Ruta 5 Norte - Sur,392.83,Autopase_Facturado_Central_0020821947_28092026_075120.csv
Autopista Central,Facturado,0020821947,Tránsito Tag,PJHJ69,2026-08-26,07:35:47,PA16,Ruta 5 Sur - Norte,850.1,Autopase_Facturado_Central_0020821947_28092026_075120.csv
Autopista Central,Facturado,0020821947,Tránsito Tag,PJHJ69,2026-08-26,07:40:56,PA17,Ruta 5 Sur - Norte,924.92,Autopase_Facturado_Central_0020821947_28092026_075120.csv
Autopista Central,Facturado,0020821947,Tránsito Tag,KDRJ20,2026-08-26,08:18:10,PA18,Ruta 5 Norte - Sur,924.92,Autopase_Facturado_Central_0020821947_28092026_075120.csv
Autopista Central,Facturado,0020821947,Tránsito Tag,PJHJ69,2026-08-26,08:23:22,PA18,Ruta 5 Norte - Sur,924.92,Autopase_Facturado_Central_0020821947_28092026_075120.csv
Autopista Central,Facturado,0020821947,Tránsito Tag,PJHJ69,2026-08-26,08:28:28,PA15,Ruta 5 Norte - Sur,425.04,Autopase_Facturado_Central_0020821947_28092026_075120.csv
Autopista Central,Facturado,0020821947,Tránsito Tag,PJHJ69,2026-08-26,08:35:59,PA14,Ruta 5 Norte - Sur,181.86,Autopase_Facturado_Central_0020821947_28092026_075120.csv
Autopista Central,Facturado,0020821947,Tránsito Tag,PJHJ69,2026-08-26,08:37:34,PA12,Ruta 5 Norte - Sur,368.93,Autopase_Facturado_Central_0020821947_28092026_075120.csv
Autopista Central,Facturado,0020821947,Tránsito Tag,PJHJ69,2026-08-26,08:39:32,PA11,Ruta 5 Norte - Sur,285.79,Autopase_Facturado_Central_0020821947_28092026_075120.csv
Autopista Central,Facturado,0020821947,Tránsito Tag,KDRJ20,2026-08-26,08:41:43,PA26,General Velasquez Norte - Sur,421.93,Autopase_Facturado_Central_0020821947_28092026_075120.csv
Autopista Central,Facturado,0020821947,Tránsito Tag,KDRJ20,2026-08-26,08:43:19,PA24,General Velasquez Norte - Sur,287.86,Autopase_Facturado_Central_0020821947_28092026_075120.csv
Autopista Central,Facturado,0020821947,Tránsito Tag,PJHJ69,2026-08-26,09:23:43,PA8,Ruta 5 Norte - Sur,452.06,Autopase_Facturado_Central_0020821947_28092026_075120.csv
Autopista Central,Facturado,0020821947,Tránsito Tag,PJHJ69,2026-08-26,09:24:45,PA32,Ruta 5 Norte - Sur,176.67,Autopase_Facturado_Central_0020821947_28092026_075120.csv
Autopista Central,Facturado,0020821947,Tránsito Tag,PJHJ69,2026-08-26,09:26:26,PA6,Ruta 5 Norte - Sur,157.96,Autopase_Facturado_Central_0020821947_28092026_075120.csv
Autopista Central,Facturado,0020821947,Tránsito Tag,KDRJ20,2026-08-26,13:42:58,PA14,Ruta 5 Norte - Sur,181.86,Autopase_Facturado_Central_0020821947_28092026_075120.csv
Autopista Central,Facturado,0020821947,Tránsito Tag,KDRJ20,2026-08-26,13:44:57,PA12,Ruta 5 Norte - Sur,368.93,Autopase_Facturado_Central_0020821947_28092026_075120.csv
Autopista Central,Facturado,0020821947,Tránsito Tag,LJDV98,2026-08-26,14:22:01,PA12,Ruta 5 Norte - Sur,368.93,Autopase_Facturado_Central_0020821947_28092026_075120.csv
Autopista Central,Facturado,0020821947,Tránsito Tag,LJDV98,2026-08-26,14:24:35,PA11,Ruta 5 Norte - Sur,285.79,Autopase_Facturado_Central_0020821947_28092026_075120.csv
Autopista Central,Facturado,0020821947,Tránsito Tag,LJDV98,2026-08-26,14:25:54,PA9,Ruta 5 Norte - Sur,392.83,Autopase_Facturado_Central_0020821947_28092026_075120.csv
Autopista Central,Facturado,0020821947,Tránsito Tag,LPPZ24,2026-08-26,19:10:04,PA10,Ruta 5 Sur - Norte,285.79,Autopase_Facturado_Central_0020821947_28092026_075120.csv
Autopista Central,Facturado,0020821947,Tránsito Tag,LPPZ24,2026-08-26,19:12:12,PA31,Ruta 5 Sur - Norte,368.93,Autopase_Facturado_Central_0020821947_28092026_075120.csv
Autopista Central,Facturado,0020821947,Tránsito Tag,LPPZ24,2026-08-26,19:27:21,PA13,Ruta 5 Sur - Norte,181.86,Autopase_Facturado_Central_0020821947_28092026_075120.csv
Autopista Central,Facturado,0020821947,Tránsito Tag,LPPZ24,2026-08-26,19:30:21,PA16,Ruta 5 Sur - Norte,425.04,Autopase_Facturado_Central_0020821947_28092026_075120.csv
Autopista Central,Facturado,0020821947,Tránsito Tag,LPPZ24,2026-08-26,19:34:02,PA17,Ruta 5 Sur - Norte,462.46,Autopase_Facturado_Central_0020821947_28092026_075120.csv
Autopista Central,Facturado,0020821947,Tránsito Tag,LPPZ31,2026-08-26,19:37:46,PA28,General Velasquez Sur - Norte,512.34,Autopase_Facturado_Central_0020821947_28092026_075120.csv
Autopista Central,Facturado,0020821947,Tránsito Tag,LPPZ31,2026-08-26,19:39:49,PA17,Ruta 5 Sur - Norte,462.46,Autopase_Facturado_Central_0020821947_28092026_075120.csv
Autopista Central,Facturado,0020821947,Tránsito Tag,LPPZ24,2026-08-26,20:20:16,PA18,Ruta 5 Norte - Sur,462.46,Autopase_Facturado_Central_0020821947_28092026_075120.csv
Autopista Central,Facturado,0020821947,Tránsito Tag,LJDV98,2026-08-26,20:20:40,PA18,Ruta 5 Norte - Sur,462.46,Autopase_Facturado_Central_0020821947_28092026_075120.csv
Autopista Central,Facturado,0020821947,Tránsito Tag,LPPZ24,2026-08-26,20:24:26,PA15,Ruta 5 Norte - Sur,850.1,Autopase_Facturado_Central_0020821947_28092026_075120.csv
Autopista Central,Facturado,0020821947,Tránsito Tag,LPPZ31,2026-08-26,20:30:44,PA18,Ruta 5 Norte - Sur,462.46,Autopase_Facturado_Central_0020821947_28092026_075120.csv
Autopista Central,Facturado,0020821947,Tránsito Tag,LPPZ24,2026-08-26,20:33:52,PA14,Ruta 5 Norte - Sur,181.86,Autopase_Facturado_Central_0020821947_28092026_075120.csv
Autopista Central,Facturado,0020821947,Tránsito Tag,LPPZ24,2026-08-26,20:35:31,PA12,Ruta 5 Norte - Sur,368.93,Autopase_Facturado_Central_0020821947_28092026_075120.csv
Autopista Central,Facturado,0020821947,Tránsito Tag,LJDV98,2026-08-26,20:43:59,PA12,Ruta 5 Norte - Sur,368.93,Autopase_Facturado_Central_0020821947_28092026_075120.csv
Autopista Central,Facturado,0020821947,Tránsito Tag,LJDV98,2026-08-26,20:46:13,PA11,Ruta 5 Norte - Sur,285.79,Autopase_Facturado_Central_0020821947_28092026_075120.csv
Autopista Central,Facturado,0020821947,Tránsito Tag,LJDV98,2026-08-26,20:47:11,PA9,Ruta 5 Norte - Sur,392.83,Autopase_Facturado_Central_0020821947_28092026_075120.csv
Autopista Central,Facturado,0020821947,Tránsito Tag,LPPZ24,2026-08-26,21:18:11,PA8,Ruta 5 Norte - Sur,452.06,Autopase_Facturado_Central_0020821947_28092026_075120.csv
Autopista Central,Facturado,0020821947,Tránsito Tag,LPPZ24,2026-08-26,21:19:11,PA32,Ruta 5 Norte - Sur,176.67,Autopase_Facturado_Central_0020821947_28092026_075120.csv
Autopista Central,Facturado,0020821947,Tránsito Tag,LPPZ24,2026-08-26,21:20:58,PA6,Ruta 5 Norte - Sur,157.96,Autopase_Facturado_Central_0020821947_28092026_075120.csv
Autopista Central,Facturado,0020821947,Tránsito Tag,LPPZ24,2026-08-26,21:21:54,PA37,Ruta 5 Norte - Sur,455.18,Autopase_Facturado_Central_0020821947_28092026_075120.csv
Autopista Central,Facturado,0020821947,Tránsito Tag,CYPW26,2026-08-26,22:08:23,PA12,Ruta 5 Norte - Sur,368.93,Autopase_Facturado_Central_0020821947_28092026_075120.csv
Autopista Central,Facturado,0020821947,Tránsito Tag,CYPW26,2026-08-26,22:10:44,PA11,Ruta 5 Norte - Sur,285.79,Autopase_Facturado_Central_0020821947_28092026_075120.csv
Autopista Central,Facturado,0020821947,Tránsito Tag,CYPW26,2026-08-26,22:11:45,PA9,Ruta 5 Norte - Sur,392.83,Autopase_Facturado_Central_0020821947_28092026_075120.csv
Autopista Central,Facturado,0020821947,Tránsito Tag,LPPZ31,2026-08-26,23:29:02,PA23,General Velasquez Sur - Norte,287.86,Autopase_Facturado_Central_0020821947_28092026_075120.csv
Autopista Central,Facturado,0020821947,Tránsito Tag,LPPZ31,2026-08-26,23:30:18,PA25,General Velasquez Sur - Norte,421.93,Autopase_Facturado_Central_0020821947_28092026_075120.csv
Autopista Central,Facturado,0020821947,Tránsito Tag,LPPZ31,2026-08-26,23:38:29,PA26,General Velasquez Norte - Sur,421.93,Autopase_Facturado_Central_0020821947_28092026_075120.csv
Autopista Central,Facturado,0020821947,Tránsito Tag,LPPZ31,2026-08-26,23:39:33,PA24,General Velasquez Norte - Sur,287.86,Autopase_Facturado_Central_0020821947_28092026_075120.csv
Autopista Central,Facturado,0020821947,Tránsito Tag,LPPZ31,2026-08-26,23:41:39,PA22,General Velasquez Norte - Sur,512.34,Autopase_Facturado_Central_0020821947_28092026_075120.csv
Autopista Central,Facturado,0020821947,Tránsito Tag,LPPZ31,2026-08-27,00:27:16,PA30,Ruta 5 Sur - Norte,392.83,Autopase_Facturado_Central_0020821947_28092026_075120.csv
Autopista Central,Facturado,0020821947,Tránsito Tag,KDRJ20,2026-08-27,01:17:44,PA7,Ruta 5 Sur - Norte,452.06,Autopase_Facturado_Central_0020821947_28092026_075120.csv
Autopista Central,Facturado,0020821947,Tránsito Tag,KDRJ20,2026-08-27,01:21:03,PA30,Ruta 5 Sur - Norte,392.83,Autopase_Facturado_Central_0020821947_28092026_075120.csv
Autopista Central,Facturado,0020821947,Tránsito Tag,KXZS95,2026-08-27,01:39:39,PA21,General Velasquez Sur - Norte,512.34,Autopase_Facturado_Central_0020821947_28092026_075120.csv
Autopista Central,Facturado,0020821947,Tránsito Tag,KXZS95,2026-08-27,01:42:14,PA23,General Velasquez Sur - Norte,287.86,Autopase_Facturado_Central_0020821947_28092026_075120.csv
Autopista Central,Facturado,0020821947,Tránsito Tag,KXZS95,2026-08-27,01:43:55,PA25,General Velasquez Sur - Norte,421.93,Autopase_Facturado_Central_0020821947_28092026_075120.csv
Autopista Central,Facturado,0020821947,Tránsito Tag,LPPZ31,2026-08-27,01:46:11,PA5,Ruta 5 Sur - Norte,334.63,Autopase_Facturado_Central_0020821947_28092026_075120.csv
Autopista Central,Facturado,0020821947,Tránsito Tag,LPPZ31,2026-08-27,01:48:50,PA19,General Velasquez Sur - Norte,412.57,Autopase_Facturado_Central_0020821947_28092026_075120.csv
Autopista Central,Facturado,0020821947,Tránsito Tag,KDRJ20,2026-08-27,01:59:46,PA9,Ruta 5 Norte - Sur,392.83,Autopase_Facturado_Central_0020821947_28092026_075120.csv
Autopista Central,Facturado,0020821947,Tránsito Tag,KDRJ20,2026-08-27,02:20:28,PA32,Ruta 5 Norte - Sur,176.67,Autopase_Facturado_Central_0020821947_28092026_075120.csv
Autopista Central,Facturado,0020821947,Tránsito Tag,KDRJ20,2026-08-27,03:32:19,PA5,Ruta 5 Sur - Norte,334.63,Autopase_Facturado_Central_0020821947_28092026_075120.csv
Autopista Central,Facturado,0020821947,Tránsito Tag,KXZS95,2026-08-27,05:19:08,PA21,General Velasquez Sur - Norte,512.34,Autopase_Facturado_Central_0020821947_28092026_075120.csv
Autopista Central,Facturado,0020821947,Tránsito Tag,KXZS95,2026-08-27,05:21:45,PA23,General Velasquez Sur - Norte,287.86,Autopase_Facturado_Central_0020821947_28092026_075120.csv
Autopista Central,Facturado,0020821947,Tránsito Tag,KXZS95,2026-08-27,05:23:25,PA25,General Velasquez Sur - Norte,421.93,Autopase_Facturado_Central_0020821947_28092026_075120.csv
Autopista Central,Facturado,0020821947,Tránsito Tag,LPPZ24,2026-08-27,05:35:39,PA7,Ruta 5 Sur - Norte,452.06,Autopase_Facturado_Central_0020821947_28092026_075120.csv
Autopista Central,Facturado,0020821947,Tránsito Tag,LPPZ31,2026-08-27,05:43:51,PA21,General Velasquez Sur - Norte,512.34,Autopase_Facturado_Central_0020821947_28092026_075120.csv
Autopista Central,Facturado,0020821947,Tránsito Tag,LPPZ31,2026-08-27,05:46:26,PA23,General Velasquez Sur - Norte,287.86,Autopase_Facturado_Central_0020821947_28092026_075120.csv
Autopista Central,Facturado,0020821947,Tránsito Tag,LPPZ31,2026-08-27,05:48:07,PA25,General Velasquez Sur - Norte,421.93,Autopase_Facturado_Central_0020821947_28092026_075120.csv
Autopista Central,Facturado,0020821947,Tránsito Tag,KXZS95,2026-08-27,06:01:51,PA28,General Velasquez Sur - Norte,512.34,Autopase_Facturado_Central_0020821947_28092026_075120.csv
Autopista Central,Facturado,0020821947,Tránsito Tag,KXZS95,2026-08-27,06:02:57,PA17,Ruta 5 Sur - Norte,462.46,Autopase_Facturado_Central_0020821947_28092026_075120.csv
Autopista Central,Facturado,0020821947,Tránsito Tag,LDWP36,2026-08-27,06:08:50,PA31,Ruta 5 Sur - Norte,368.93,Autopase_Facturado_Central_0020821947_28092026_075120.csv
Autopista Central,Facturado,0020821947,Tránsito Tag,LDWP36,2026-08-27,06:10:27,PA13,Ruta 5 Sur - Norte,181.86,Autopase_Facturado_Central_0020821947_28092026_075120.csv
Autopista Central,Facturado,0020821947,Tránsito Tag,PJHJ69,2026-08-27,06:17:04,PA8,Ruta 5 Norte - Sur,452.06,Autopase_Facturado_Central_0020821947_28092026_075120.csv
Autopista Central,Facturado,0020821947,Tránsito Tag,PJHJ69,2026-08-27,06:18:10,PA32,Ruta 5 Norte - Sur,176.67,Autopase_Facturado_Central_0020821947_28092026_075120.csv
Autopista Central,Facturado,0020821947,Tránsito Tag,PJHJ69,2026-08-27,06:19:38,PA6,Ruta 5 Norte - Sur,157.96,Autopase_Facturado_Central_0020821947_28092026_075120.csv
Autopista Central,Facturado,0020821947,Tránsito Tag,PJHJ69,2026-08-27,06:20:33,PA37,Ruta 5 Norte - Sur,455.18,Autopase_Facturado_Central_0020821947_28092026_075120.csv
Autopista Central,Facturado,0020821947,Tránsito Tag,PJHJ69,2026-08-27,06:22:31,PA4,Ruta 5 Norte - Sur,129.9,Autopase_Facturado_Central_0020821947_28092026_075120.csv
Autopista Central,Facturado,0020821947,Tránsito Tag,LPPZ24,2026-08-27,06:31:02,PA13,Ruta 5 Sur - Norte,363.73,Autopase_Facturado_Central_0020821947_28092026_075120.csv
Autopista Central,Facturado,0020821947,Tránsito Tag,PJHJ69,2026-08-27,06:39:16,PA3,Ruta 5 Sur - Norte,1170.18,Autopase_Facturado_Central_0020821947_28092026_075120.csv
Autopista Central,Facturado,0020821947,Tránsito Tag,KDRJ20,2026-08-27,06:43:28,PA23,General Velasquez Sur - Norte,287.86,Autopase_Facturado_Central_0020821947_28092026_075120.csv
Autopista Central,Facturado,0020821947,Tránsito Tag,KDRJ20,2026-08-27,06:45:15,PA25,General Velasquez Sur - Norte,421.93,Autopase_Facturado_Central_0020821947_28092026_075120.csv
Autopista Central,Facturado,0020821947,Tránsito Tag,PJHJ69,2026-08-27,06:49:11,PA5,Ruta 5 Sur - Norte,669.27,Autopase_Facturado_Central_0020821947_28092026_075120.csv
Autopista Central,Facturado,0020821947,Tránsito Tag,PJHJ69,2026-08-27,06:53:14,PA7,Ruta 5 Sur - Norte,452.06,Autopase_Facturado_Central_0020821947_28092026_075120.csv
Autopista Central,Facturado,0020821947,Tránsito Tag,LPPZ24,2026-08-27,07:04:18,PA17,Ruta 5 Sur - Norte,924.92,Autopase_Facturado_Central_0020821947_28092026_075120.csv
Autopista Central,Facturado,0020821947,Tránsito Tag,KDRJ20,2026-08-27,07:15:33,PA16,Ruta 5 Sur - Norte,425.04,Autopase_Facturado_Central_0020821947_28092026_075120.csv
Autopista Central,Facturado,0020821947,Tránsito Tag,KDRJ20,2026-08-27,07:20:19,PA17,Ruta 5 Sur - Norte,924.92,Autopase_Facturado_Central_0020821947_28092026_075120.csv
Autopista Central,Facturado,0020821947,Tránsito Tag,LDWP36,2026-08-27,07:20:25,PA14,Ruta 5 Norte - Sur,363.73,Autopase_Facturado_Central_0020821947_28092026_075120.csv
Autopista Central,Facturado,0020821947,Tránsito Tag,LDWP36,2026-08-27,07:21:50,PA12,Ruta 5 Norte - Sur,737.86,Autopase_Facturado_Central_0020821947_28092026_075120.csv
Autopista Central,Facturado,0020821947,Tránsito Tag,LPPZ24,2026-08-27,07:22:26,PA18,Ruta 5 Norte - Sur,924.92,Autopase_Facturado_Central_0020821947_28092026_075120.csv
Autopista Central,Facturado,0020821947,Tránsito Tag,LPPZ24,2026-08-27,07:23:46,PA29,General Velasquez Norte - Sur,512.34,Autopase_Facturado_Central_0020821947_28092026_075120.csv
Autopista Central,Facturado,0020821947,Tránsito Tag,LDWP36,2026-08-27,07:23:50,PA11,Ruta 5 Norte - Sur,285.79,Autopase_Facturado_Central_0020821947_28092026_075120.csv
Autopista Central,Facturado,0020821947,Tránsito Tag,LDWP36,2026-08-27,07:24:41,PA9,Ruta 5 Norte - Sur,392.83,Autopase_Facturado_Central_0020821947_28092026_075120.csv
Autopista Central,Facturado,0020821947,Tránsito Tag,LPPZ24,2026-08-27,07:28:35,PA26,General Velasquez Norte - Sur,421.93,Autopase_Facturado_Central_0020821947_28092026_075120.csv
Autopista Central,Facturado,0020821947,Tránsito Tag,LPPZ24,2026-08-27,07:29:57,PA24,General Velasquez Norte - Sur,287.86,Autopase_Facturado_Central_0020821947_28092026_075120.csv
Autopista Central,Facturado,0020821947,Tránsito Tag,LPPZ24,2026-08-27,07:32:38,PA22,General Velasquez Norte - Sur,512.34,Autopase_Facturado_Central_0020821947_28092026_075120.csv
Autopista Central,Facturado,0020821947,Tránsito Tag,LPPZ24,2026-08-27,07:34:42,PA20,General Velasquez Norte - Sur,412.57,Autopase_Facturado_Central_0020821947_28092026_075120.csv
Autopista Central,Facturado,0020821947,Tránsito Tag,LPPZ24,2026-08-27,07:36:21,PA32,Ruta 5 Norte - Sur,176.67,Autopase_Facturado_Central_0020821947_28092026_075120.csv
Autopista Central,Facturado,0020821947,Tránsito Tag,LPPZ24,2026-08-27,07:38:13,PA6,Ruta 5 Norte - Sur,157.96,Autopase_Facturado_Central_0020821947_28092026_075120.csv
Autopista Central,Facturado,0020821947,Tránsito Tag,PJHJ69,2026-08-27,07:48:58,PA31,Ruta 5 Sur - Norte,737.86,Autopase_Facturado_Central_0020821947_28092026_075120.csv
Autopista Central,Facturado,0020821947,Tránsito Tag,PJHJ69,2026-08-27,07:54:02,PA13,Ruta 5 Sur - Norte,363.73,Autopase_Facturado_Central_0020821947_28092026_075120.csv
Autopista Central,Facturado,0020821947,Tránsito Tag,PJHJ69,2026-08-27,07:58:47,PA16,Ruta 5 Sur - Norte,850.1,Autopase_Facturado_Central_0020821947_28092026_075120.csv
Autopista Central,Facturado,0020821947,Tránsito Tag,PJHJ69,2026-08-27,08:03:36,PA17,Ruta 5 Sur - Norte,924.92,Autopase_Facturado_Central_0020821947_28092026_075120.csv
Autopista Central,Facturado,0020821947,Tránsito Tag,PJHJ69,2026-08-27,09:06:58,PA14,Ruta 5 Norte - Sur,363.73,Autopase_Facturado_Central_0020821947_28092026_075120.csv
Autopista Central,Facturado,0020821947,Tránsito Tag,PJHJ69,2026-08-27,09:30:29,PA11,Ruta 5 Norte - Sur,285.79,Autopase_Facturado_Central_0020821947_28092026_075120.csv
Autopista Central,Facturado,0020821947,Tránsito Tag,KDRJ20,2026-08-27,09:47:55,PA26,General Velasquez Norte - Sur,421.93,Autopase_Facturado_Central_0020821947_28092026_075120.csv
Autopista Central,Facturado,0020821947,Tránsito Tag,LJDV98,2026-08-27,09:59:29,PA18,Ruta 5 Norte - Sur,924.92,Autopase_Facturado_Central_0020821947_28092026_075120.csv
Autopista Central,Facturado,0020821947,Tránsito Tag,KXZS95,2026-08-27,09:59:30,PA18,Ruta 5 Norte - Sur,924.92,Autopase_Facturado_Central_0020821947_28092026_075120.csv
Autopista Central,Facturado,0020821947,Tránsito Tag,LJDV98,2026-08-27,10:02:02,PA29,General Velasquez Norte - Sur,512.34,Autopase_Facturado_Central_0020821947_28092026_075120.csv
Autopista Central,Facturado,0020821947,Tránsito Tag,KXZS95,2026-08-27,10:02:03,PA29,General Velasquez Norte - Sur,512.34,Autopase_Facturado_Central_0020821947_28092026_075120.csv
Autopista Central,Facturado,0020821947,Tránsito Tag,LJDV98,2026-08-27,10:14:29,PA26,General Velasquez Norte - Sur,421.93,Autopase_Facturado_Central_0020821947_28092026_075120.csv
Autopista Central,Facturado,0020821947,Tránsito Tag,KXZS95,2026-08-27,10:14:30,PA26,General Velasquez Norte - Sur,421.93,Autopase_Facturado_Central_0020821947_28092026_075120.csv
Autopista Central,Facturado,0020821947,Tránsito Tag,LJDV98,2026-08-27,10:17:01,PA24,General Velasquez Norte - Sur,287.86,Autopase_Facturado_Central_0020821947_28092026_075120.csv
Autopista Central,Facturado,0020821947,Tránsito Tag,KXZS95,2026-08-27,10:17:02,PA24,General Velasquez Norte - Sur,287.86,Autopase_Facturado_Central_0020821947_28092026_075120.csv
Autopista Central,Facturado,0020821947,Tránsito Tag,LPPZ31,2026-08-27,10:34:09,PA26,General Velasquez Norte - Sur,421.93,Autopase_Facturado_Central_0020821947_28092026_075120.csv
Autopista Central,Facturado,0020821947,Tránsito Tag,LPPZ31,2026-08-27,10:35:54,PA24,General Velasquez Norte - Sur,287.86,Autopase_Facturado_Central_0020821947_28092026_075120.csv
Autopista Central,Facturado,0020821947,Tránsito Tag,LPPZ31,2026-08-27,10:38:33,PA22,General Velasquez Norte - Sur,512.34,Autopase_Facturado_Central_0020821947_28092026_075120.csv
Autopista Central,Facturado,0020821947,Tránsito Tag,KDRJ20,2026-08-27,14:41:01,PA14,Ruta 5 Norte - Sur,181.86,Autopase_Facturado_Central_0020821947_28092026_075120.csv
Autopista Central,Facturado,0020821947,Tránsito Tag,KDRJ20,2026-08-27,14:43:01,PA12,Ruta 5 Norte - Sur,368.93,Autopase_Facturado_Central_0020821947_28092026_075120.csv
Autopista Central,Facturado,0020821947,Tránsito Tag,CYPW26,2026-08-27,16:52:43,PA22,General Velasquez Norte - Sur,512.34,Autopase_Facturado_Central_0020821947_28092026_075120.csv
Autopista Central,Facturado,0020821947,Tránsito Tag,LDWP36,2026-08-27,17:40:06,PA21,General Velasquez Sur - Norte,512.34,Autopase_Facturado_Central_0020821947_28092026_075120.csv
Autopista Central,Facturado,0020821947,Tránsito Tag,LDWP36,2026-08-27,17:43:24,PA23,General Velasquez Sur - Norte,287.86,Autopase_Facturado_Central_0020821947_28092026_075120.csv
Autopista Central,Facturado,0020821947,Tránsito Tag,LDWP36,2026-08-27,19:03:25,PA25,General Velasquez Sur - Norte,843.86,Autopase_Facturado_Central_0020821947_28092026_075120.csv
Autopista Central,Facturado,0020821947,Tránsito Tag,LPPZ24,2026-08-27,19:08:29,PA10,Ruta 5 Sur - Norte,285.79,Autopase_Facturado_Central_0020821947_28092026_075120.csv
Autopista Central,Facturado,0020821947,Tránsito Tag,LPPZ24,2026-08-27,19:10:40,PA31,Ruta 5 Sur - Norte,368.93,Autopase_Facturado_Central_0020821947_28092026_075120.csv
Autopista Central,Facturado,0020821947,Tránsito Tag,LJDV98,2026-08-27,19:19:49,PA13,Ruta 5 Sur - Norte,181.86,Autopase_Facturado_Central_0020821947_28092026_075120.csv
Autopista Central,Facturado,0020821947,Tránsito Tag,LJDV98,2026-08-27,19:22:53,PA16,Ruta 5 Sur - Norte,425.04,Autopase_Facturado_Central_0020821947_28092026_075120.csv
Autopista Central,Facturado,0020821947,Tránsito Tag,LPPZ24,2026-08-27,19:26:40,PA13,Ruta 5 Sur - Norte,181.86,Autopase_Facturado_Central_0020821947_28092026_075120.csv
Autopista Central,Facturado,0020821947,Tránsito Tag,LJDV98,2026-08-27,19:26:47,PA17,Ruta 5 Sur - Norte,924.92,Autopase_Facturado_Central_0020821947_28092026_075120.csv
Autopista Central,Facturado,0020821947,Tránsito Tag,LPPZ24,2026-08-27,19:29:37,PA16,Ruta 5 Sur - Norte,425.04,Autopase_Facturado_Central_0020821947_28092026_075120.csv
Autopista Central,Facturado,0020821947,Tránsito Tag,LPPZ24,2026-08-27,19:33:39,PA17,Ruta 5 Sur - Norte,462.46,Autopase_Facturado_Central_0020821947_28092026_075120.csv
Autopista Central,Facturado,0020821947,Tránsito Tag,LPPZ24,2026-08-27,20:19:30,PA18,Ruta 5 Norte - Sur,462.46,Autopase_Facturado_Central_0020821947_28092026_075120.csv
Autopista Central,Facturado,0020821947,Tránsito Tag,LJDV98,2026-08-27,20:22:32,PA18,Ruta 5 Norte - Sur,462.46,Autopase_Facturado_Central_0020821947_28092026_075120.csv
Autopista Central,Facturado,0020821947,Tránsito Tag,LPPZ24,2026-08-27,20:23:36,PA15,Ruta 5 Norte - Sur,850.1,Autopase_Facturado_Central_0020821947_28092026_075120.csv
Autopista Central,Facturado,0020821947,Tránsito Tag,LPPZ24,2026-08-27,20:25:36,PA14,Ruta 5 Norte - Sur,363.73,Autopase_Facturado_Central_0020821947_28092026_075120.csv
Autopista Central,Facturado,0020821947,Tránsito Tag,LDWP36,2026-08-27,20:27:19,PA18,Ruta 5 Norte - Sur,462.46,Autopase_Facturado_Central_0020821947_28092026_075120.csv
Autopista Central,Facturado,0020821947,Tránsito Tag,LDWP36,2026-08-27,20:31:29,PA15,Ruta 5 Norte - Sur,425.04,Autopase_Facturado_Central_0020821947_28092026_075120.csv
Autopista Central,Facturado,0020821947,Tránsito Tag,LPPZ24,2026-08-27,21:15:36,PA8,Ruta 5 Norte - Sur,452.06,Autopase_Facturado_Central_0020821947_28092026_075120.csv
Autopista Central,Facturado,0020821947,Tránsito Tag,LPPZ24,2026-08-27,21:16:39,PA32,Ruta 5 Norte - Sur,176.67,Autopase_Facturado_Central_0020821947_28092026_075120.csv
Autopista Central,Facturado,0020821947,Tránsito Tag,LPPZ24,2026-08-27,21:18:02,PA6,Ruta 5 Norte - Sur,157.96,Autopase_Facturado_Central_0020821947_28092026_075120.csv
Autopista Central,Facturado,0020821947,Tránsito Tag,LPPZ24,2026-08-27,21:18:55,PA37,Ruta 5 Norte - Sur,455.18,Autopase_Facturado_Central_0020821947_28092026_075120.csv
Autopista Central,Facturado,0020821947,Tránsito Tag,LPPZ24,2026-08-27,21:20:45,PA4,Ruta 5 Norte - Sur,129.9,Autopase_Facturado_Central_0020821947_28092026_075120.csv
Autopista Central,Facturado,0020821947,Tránsito Tag,LPPZ31,2026-08-27,21:29:36,PA22,General Velasquez Norte - Sur,512.34,Autopase_Facturado_Central_0020821947_28092026_075120.csv
Autopista Central,Facturado,0020821947,Tránsito Tag,LPPZ24,2026-08-27,21:32:22,PA3,Ruta 5 Sur - Norte,585.09,Autopase_Facturado_Central_0020821947_28092026_075120.csv
Autopista Central,Facturado,0020821947,Tránsito Tag,LPPZ31,2026-08-27,21:45:43,PA8,Ruta 5 Norte - Sur,452.06,Autopase_Facturado_Central_0020821947_28092026_075120.csv
Autopista Central,Facturado,0020821947,Tránsito Tag,LPPZ31,2026-08-27,21:46:47,PA32,Ruta 5 Norte - Sur,176.67,Autopase_Facturado_Central_0020821947_28092026_075120.csv
Autopista Central,Facturado,0020821947,Tránsito Tag,KXZS95,2026-08-27,22:20:10,PA12,Ruta 5 Norte - Sur,368.93,Autopase_Facturado_Central_0020821947_28092026_075120.csv
Autopista Central,Facturado,0020821947,Tránsito Tag,KXZS95,2026-08-27,22:22:32,PA11,Ruta 5 Norte - Sur,285.79,Autopase_Facturado_Central_0020821947_28092026_075120.csv
Autopista Central,Facturado,0020821947,Tránsito Tag,KXZS95,2026-08-27,22:23:34,PA9,Ruta 5 Norte - Sur,392.83,Autopase_Facturado_Central_0020821947_28092026_075120.csv
Autopista Central,Facturado,0020821947,Tránsito Tag,HXJJ44,2026-08-27,23:23:07,PA22,General Velasquez Norte - Sur,512.34,Autopase_Facturado_Central_0020821947_28092026_075120.csv
Autopista Central,Facturado,0020821947,Tránsito Tag,LPPZ31,2026-08-27,23:36:35,PA5,Ruta 5 Sur - Norte,334.63,Autopase_Facturado_Central_0020821947_28092026_075120.csv
Autopista Central,Facturado,0020821947,Tránsito Tag,LPPZ31,2026-08-27,23:38:16,PA19,General Velasquez Sur - Norte,412.57,Autopase_Facturado_Central_0020821947_28092026_075120.csv
Autopista Central,Facturado,0020821947,Tránsito Tag,LJDV98,2026-08-27,23:52:28,PA19,General Velasquez Sur - Norte,412.57,Autopase_Facturado_Central_0020821947_28092026_075120.csv
Autopista Central,Facturado,0020821947,Tránsito Tag,KDRJ20,2026-08-28,00:24:44,PA32,Ruta 5 Norte - Sur,176.67,Autopase_Facturado_Central_0020821947_28092026_075120.csv
Autopista Central,Facturado,0020821947,Tránsito Tag,LPPZ31,2026-08-28,00:51:43,PA9,Ruta 5 Norte - Sur,392.83,Autopase_Facturado_Central_0020821947_28092026_075120.csv
Autopista Central,Facturado,0020821947,Tránsito Tag,KXZS95,2026-08-28,01:32:09,PA7,Ruta 5 Sur - Norte,452.06,Autopase_Facturado_Central_0020821947_28092026_075120.csv
Autopista Central,Facturado,0020821947,Tránsito Tag,KDRJ20,2026-08-28,01:38:04,PA21,General Velasquez Sur - Norte,512.34,Autopase_Facturado_Central_0020821947_28092026_075120.csv
Autopista Central,Facturado,0020821947,Tránsito Tag,KDRJ20,2026-08-28,01:40:34,PA23,General Velasquez Sur - Norte,287.86,Autopase_Facturado_Central_0020821947_28092026_075120.csv
Autopista Central,Facturado,0020821947,Tránsito Tag,KDRJ20,2026-08-28,01:41:59,PA25,General Velasquez Sur - Norte,421.93,Autopase_Facturado_Central_0020821947_28092026_075120.csv
Autopista Central,Facturado,0020821947,Tránsito Tag,KDRJ20,2026-08-28,01:51:55,PA14,Ruta 5 Norte - Sur,181.86,Autopase_Facturado_Central_0020821947_28092026_075120.csv
Autopista Central,Facturado,0020821947,Tránsito Tag,KDRJ20,2026-08-28,01:53:20,PA12,Ruta 5 Norte - Sur,368.93,Autopase_Facturado_Central_0020821947_28092026_075120.csv
Autopista Central,Facturado,0020821947,Tránsito Tag,PJHJ69,2026-08-28,02:33:17,PA11,Ruta 5 Norte - Sur,285.79,Autopase_Facturado_Central_0020821947_28092026_075120.csv
Autopista Central,Facturado,0020821947,Tránsito Tag,PJHJ69,2026-08-28,02:34:01,PA9,Ruta 5 Norte - Sur,392.83,Autopase_Facturado_Central_0020821947_28092026_075120.csv
Autopista Central,Facturado,0020821947,Tránsito Tag,PJHJ69,2026-08-28,02:36:39,PA8,Ruta 5 Norte - Sur,452.06,Autopase_Facturado_Central_0020821947_28092026_075120.csv
Autopista Central,Facturado,0020821947,Tránsito Tag,KDRJ20,2026-08-28,02:40:40,PA8,Ruta 5 Norte - Sur,452.06,Autopase_Facturado_Central_0020821947_28092026_075120.csv
Autopista Central,Facturado,0020821947,Tránsito Tag,KDRJ20,2026-08-28,02:41:53,PA32,Ruta 5 Norte - Sur,176.67,Autopase_Facturado_Central_0020821947_28092026_075120.csv
Autopista Central,Facturado,0020821947,Tránsito Tag,KDRJ20,2026-08-28,03:35:54,PA3,Ruta 5 Sur - Norte,585.09,Autopase_Facturado_Central_0020821947_28092026_075120.csv
Autopista Central,Facturado,0020821947,Tránsito Tag,KDRJ20,2026-08-28,03:38:37,PA5,Ruta 5 Sur - Norte,334.63,Autopase_Facturado_Central_0020821947_28092026_075120.csv
Autopista Central,Facturado,0020821947,Tránsito Tag,LDWP36,2026-08-28,04:31:06,PA7,Ruta 5 Sur - Norte,452.06,Autopase_Facturado_Central_0020821947_28092026_075120.csv
Autopista Central,Facturado,0020821947,Tránsito Tag,KDRJ20,2026-08-28,04:56:53,PA19,General Velasquez Sur - Norte,412.57,Autopase_Facturado_Central_0020821947_28092026_075120.csv
Autopista Central,Facturado,0020821947,Tránsito Tag,LJDV98,2026-08-28,05:03:52,PA11,Ruta 5 Norte - Sur,285.79,Autopase_Facturado_Central_0020821947_28092026_075120.csv
Autopista Central,Facturado,0020821947,Tránsito Tag,LJDV98,2026-08-28,05:04:43,PA9,Ruta 5 Norte - Sur,392.83,Autopase_Facturado_Central_0020821947_28092026_075120.csv
Autopista Central,Facturado,0020821947,Tránsito Tag,LJDV98,2026-08-28,05:07:50,PA8,Ruta 5 Norte - Sur,452.06,Autopase_Facturado_Central_0020821947_28092026_075120.csv
Autopista Central,Facturado,0020821947,Tránsito Tag,LJDV98,2026-08-28,05:08:59,PA32,Ruta 5 Norte - Sur,176.67,Autopase_Facturado_Central_0020821947_28092026_075120.csv
Autopista Central,Facturado,0020821947,Tránsito Tag,LPPZ24,2026-08-28,05:44:15,PA5,Ruta 5 Sur - Norte,334.63,Autopase_Facturado_Central_0020821947_28092026_075120.csv
Autopista Central,Facturado,0020821947,Tránsito Tag,LPPZ24,2026-08-28,05:46:39,PA7,Ruta 5 Sur - Norte,452.06,Autopase_Facturado_Central_0020821947_28092026_075120.csv
Autopista Central,Facturado,0020821947,Tránsito Tag,PJHJ69,2026-08-28,06:09:44,PA8,Ruta 5 Norte - Sur,452.06,Autopase_Facturado_Central_0020821947_28092026_075120.csv
Autopista Central,Facturado,0020821947,Tránsito Tag,PJHJ69,2026-08-28,06:12:05,PA6,Ruta 5 Norte - Sur,157.96,Autopase_Facturado_Central_0020821947_28092026_075120.csv
Autopista Central,Facturado,0020821947,Tránsito Tag,PJHJ69,2026-08-28,06:12:57,PA37,Ruta 5 Norte - Sur,455.18,Autopase_Facturado_Central_0020821947_28092026_075120.csv
Autopista Central,Facturado,0020821947,Tránsito Tag,PJHJ69,2026-08-28,06:14:33,PA4,Ruta 5 Norte - Sur,129.9,Autopase_Facturado_Central_0020821947_28092026_075120.csv
Autopista Central,Facturado,0020821947,Tránsito Tag,LDWP36,2026-08-28,06:16:05,PA13,Ruta 5 Sur - Norte,181.86,Autopase_Facturado_Central_0020821947_28092026_075120.csv
Autopista Central,Facturado,0020821947,Tránsito Tag,LPPZ31,2026-08-28,06:29:27,PA21,General Velasquez Sur - Norte,512.34,Autopase_Facturado_Central_0020821947_28092026_075120.csv
Autopista Central,Facturado,0020821947,Tránsito Tag,PJHJ69,2026-08-28,06:29:54,PA3,Ruta 5 Sur - Norte,585.09,Autopase_Facturado_Central_0020821947_28092026_075120.csv
Autopista Central,Facturado,0020821947,Tránsito Tag,LPPZ31,2026-08-28,06:32:20,PA23,General Velasquez Sur - Norte,287.86,Autopase_Facturado_Central_0020821947_28092026_075120.csv
Autopista Central,Facturado,0020821947,Tránsito Tag,LPPZ31,2026-08-28,06:34:01,PA25,General Velasquez Sur - Norte,421.93,Autopase_Facturado_Central_0020821947_28092026_075120.csv
Autopista Central,Facturado,0020821947,Tránsito Tag,PJHJ69,2026-08-28,06:41:24,PA5,Ruta 5 Sur - Norte,669.27,Autopase_Facturado_Central_0020821947_28092026_075120.csv
Autopista Central,Facturado,0020821947,Tránsito Tag,LPPZ24,2026-08-28,06:42:09,PA13,Ruta 5 Sur - Norte,363.73,Autopase_Facturado_Central_0020821947_28092026_075120.csv
Autopista Central,Facturado,0020821947,Tránsito Tag,KDRJ20,2026-08-28,06:43:48,PA23,General Velasquez Sur - Norte,287.86,Autopase_Facturado_Central_0020821947_28092026_075120.csv
Autopista Central,Facturado,0020821947,Tránsito Tag,PJHJ69,2026-08-28,06:44:47,PA7,Ruta 5 Sur - Norte,452.06,Autopase_Facturado_Central_0020821947_28092026_075120.csv
Autopista Central,Facturado,0020821947,Tránsito Tag,KDRJ20,2026-08-28,06:45:29,PA25,General Velasquez Sur - Norte,421.93,Autopase_Facturado_Central_0020821947_28092026_075120.csv
Autopista Central,Facturado,0020821947,Tránsito Tag,LPPZ24,2026-08-28,07:01:01,PA16,Ruta 5 Sur - Norte,425.04,Autopase_Facturado_Central_0020821947_28092026_075120.csv
Autopista Central,Facturado,0020821947,Tránsito Tag,LPPZ24,2026-08-28,07:05:00,PA17,Ruta 5 Sur - Norte,924.92,Autopase_Facturado_Central_0020821947_28092026_075120.csv
Autopista Central,Facturado,0020821947,Tránsito Tag,KDRJ20,2026-08-28,07:15:51,PA16,Ruta 5 Sur - Norte,425.04,Autopase_Facturado_Central_0020821947_28092026_075120.csv
Autopista Central,Facturado,0020821947,Tránsito Tag,LPPZ24,2026-08-28,07:18:09,PA18,Ruta 5 Norte - Sur,924.92,Autopase_Facturado_Central_0020821947_28092026_075120.csv
Autopista Central,Facturado,0020821947,Tránsito Tag,LDWP36,2026-08-28,07:20:06,PA14,Ruta 5 Norte - Sur,363.73,Autopase_Facturado_Central_0020821947_28092026_075120.csv
Autopista Central,Facturado,0020821947,Tránsito Tag,KDRJ20,2026-08-28,07:20:56,PA17,Ruta 5 Sur - Norte,924.92,Autopase_Facturado_Central_0020821947_28092026_075120.csv
Autopista Central,Facturado,0020821947,Tránsito Tag,LPPZ24,2026-08-28,07:20:58,PA29,General Velasquez Norte - Sur,512.34,Autopase_Facturado_Central_0020821947_28092026_075120.csv
Autopista Central,Facturado,0020821947,Tránsito Tag,LDWP36,2026-08-28,07:21:34,PA12,Ruta 5 Norte - Sur,737.86,Autopase_Facturado_Central_0020821947_28092026_075120.csv
Autopista Central,Facturado,0020821947,Tránsito Tag,LDWP36,2026-08-28,07:23:28,PA11,Ruta 5 Norte - Sur,285.79,Autopase_Facturado_Central_0020821947_28092026_075120.csv
Autopista Central,Facturado,0020821947,Tránsito Tag,LDWP36,2026-08-28,07:24:15,PA9,Ruta 5 Norte - Sur,392.83,Autopase_Facturado_Central_0020821947_28092026_075120.csv
Autopista Central,Facturado,0020821947,Tránsito Tag,LPPZ24,2026-08-28,07:25:40,PA26,General Velasquez Norte - Sur,421.93,Autopase_Facturado_Central_0020821947_28092026_075120.csv
Autopista Central,Facturado,0020821947,Tránsito Tag,LPPZ24,2026-08-28,07:27:14,PA24,General Velasquez Norte - Sur,287.86,Autopase_Facturado_Central_0020821947_28092026_075120.csv
Autopista Central,Facturado,0020821947,Tránsito Tag,LPPZ24,2026-08-28,07:29:34,PA22,General Velasquez Norte - Sur,512.34,Autopase_Facturado_Central_0020821947_28092026_075120.csv
Autopista Central,Facturado,0020821947,Tránsito Tag,LPPZ24,2026-08-28,07:31:26,PA20,General Velasquez Norte - Sur,412.57,Autopase_Facturado_Central_0020821947_28092026_075120.csv
Autopista Central,Facturado,0020821947,Tránsito Tag,LPPZ24,2026-08-28,07:32:47,PA32,Ruta 5 Norte - Sur,176.67,Autopase_Facturado_Central_0020821947_28092026_075120.csv
Autopista Central,Facturado,0020821947,Tránsito Tag,LPPZ24,2026-08-28,07:34:21,PA6,Ruta 5 Norte - Sur,157.96,Autopase_Facturado_Central_0020821947_28092026_075120.csv
Autopista Central,Facturado,0020821947,Tránsito Tag,PJHJ69,2026-08-28,07:38:40,PA31,Ruta 5 Sur - Norte,737.86,Autopase_Facturado_Central_0020821947_28092026_075120.csv
Autopista Central,Facturado,0020821947,Tránsito Tag,PJHJ69,2026-08-28,07:41:07,PA13,Ruta 5 Sur - Norte,363.73,Autopase_Facturado_Central_0020821947_28092026_075120.csv
Autopista Central,Facturado,0020821947,Tránsito Tag,PJHJ69,2026-08-28,07:44:34,PA16,Ruta 5 Sur - Norte,850.1,Autopase_Facturado_Central_0020821947_28092026_075120.csv
Autopista Central,Facturado,0020821947,Tránsito Tag,PJHJ69,2026-08-28,07:53:35,PA17,Ruta 5 Sur - Norte,924.92,Autopase_Facturado_Central_0020821947_28092026_075120.csv
Autopista Central,Facturado,0020821947,Tránsito Tag,KDRJ20,2026-08-28,08:23:19,PA18,Ruta 5 Norte - Sur,924.92,Autopase_Facturado_Central_0020821947_28092026_075120.csv
Autopista Central,Facturado,0020821947,Tránsito Tag,PJHJ69,2026-08-28,08:33:54,PA18,Ruta 5 Norte - Sur,462.46,Autopase_Facturado_Central_0020821947_28092026_075120.csv
Autopista Central,Facturado,0020821947,Tránsito Tag,PJHJ69,2026-08-28,08:38:23,PA15,Ruta 5 Norte - Sur,850.1,Autopase_Facturado_Central_0020821947_28092026_075120.csv
Autopista Central,Facturado,0020821947,Tránsito Tag,PJHJ69,2026-08-28,08:42:48,PA14,Ruta 5 Norte - Sur,181.86,Autopase_Facturado_Central_0020821947_28092026_075120.csv
Autopista Central,Facturado,0020821947,Tránsito Tag,KDRJ20,2026-08-28,08:44:14,PA14,Ruta 5 Norte - Sur,181.86,Autopase_Facturado_Central_0020821947_28092026_075120.csv
Autopista Central,Facturado,0020821947,Tránsito Tag,KDRJ20,2026-08-28,08:53:09,PA13,Ruta 5 Sur - Norte,545.6,Autopase_Facturado_Central_0020821947_28092026_075120.csv
Autopista Central,Facturado,0020821947,Tránsito Tag,PJHJ69,2026-08-28,09:08:25,PA11,Ruta 5 Norte - Sur,285.79,Autopase_Facturado_Central_0020821947_28092026_075120.csv
Autopista Central,Facturado,0020821947,Tránsito Tag,KDRJ20,2026-08-28,12:54:31,PA13,Ruta 5 Sur - Norte,363.73,Autopase_Facturado_Central_0020821947_28092026_075120.csv
Autopista Central,Facturado,0020821947,Tránsito Tag,KDRJ20,2026-08-28,13:54:50,PA14,Ruta 5 Norte - Sur,181.86,Autopase_Facturado_Central_0020821947_28092026_075120.csv
Autopista Central,Facturado,0020821947,Tránsito Tag,KDRJ20,2026-08-28,13:56:42,PA12,Ruta 5 Norte - Sur,368.93,Autopase_Facturado_Central_0020821947_28092026_075120.csv
Autopista Central,Facturado,0020821947,Tránsito Tag,LKGZ52,2026-08-28,16:17:49,PA7,Ruta 5 Sur - Norte,452.06,Autopase_Facturado_Central_0020821947_28092026_075120.csv
Autopista Central,Facturado,0020821947,Tránsito Tag,LDWP36,2026-08-28,18:32:10,PA21,General Velasquez Sur - Norte,512.34,Autopase_Facturado_Central_0020821947_28092026_075120.csv
Autopista Central,Facturado,0020821947,Tránsito Tag,LDWP36,2026-08-28,18:45:25,PA23,General Velasquez Sur - Norte,287.86,Autopase_Facturado_Central_0020821947_28092026_075120.csv
Autopista Central,Facturado,0020821947,Tránsito Tag,LDWP36,2026-08-28,18:46:59,PA25,General Velasquez Sur - Norte,421.93,Autopase_Facturado_Central_0020821947_28092026_075120.csv
Autopista Central,Facturado,0020821947,Tránsito Tag,LPPZ24,2026-08-28,19:10:22,PA10,Ruta 5 Sur - Norte,285.79,Autopase_Facturado_Central_0020821947_28092026_075120.csv
Autopista Central,Facturado,0020821947,Tránsito Tag,LPPZ24,2026-08-28,19:12:30,PA31,Ruta 5 Sur - Norte,368.93,Autopase_Facturado_Central_0020821947_28092026_075120.csv
Autopista Central,Facturado,0020821947,Tránsito Tag,LPPZ24,2026-08-28,19:27:14,PA13,Ruta 5 Sur - Norte,181.86,Autopase_Facturado_Central_0020821947_28092026_075120.csv
Autopista Central,Facturado,0020821947,Tránsito Tag,LPPZ24,2026-08-28,19:30:20,PA16,Ruta 5 Sur - Norte,425.04,Autopase_Facturado_Central_0020821947_28092026_075120.csv
Autopista Central,Facturado,0020821947,Tránsito Tag,LPPZ24,2026-08-28,19:34:12,PA17,Ruta 5 Sur - Norte,462.46,Autopase_Facturado_Central_0020821947_28092026_075120.csv
Autopista Central,Facturado,0020821947,Tránsito Tag,LPPZ24,2026-08-28,20:21:20,PA18,Ruta 5 Norte - Sur,462.46,Autopase_Facturado_Central_0020821947_28092026_075120.csv
Autopista Central,Facturado,0020821947,Tránsito Tag,LPPZ24,2026-08-28,20:27:55,PA15,Ruta 5 Norte - Sur,850.1,Autopase_Facturado_Central_0020821947_28092026_075120.csv
Autopista Central,Facturado,0020821947,Tránsito Tag,LDWP36,2026-08-28,20:28:07,PA18,Ruta 5 Norte - Sur,462.46,Autopase_Facturado_Central_0020821947_28092026_075120.csv
Autopista Central,Facturado,0020821947,Tránsito Tag,LPPZ24,2026-08-28,20:30:08,PA14,Ruta 5 Norte - Sur,181.86,Autopase_Facturado_Central_0020821947_28092026_075120.csv
Autopista Central,Facturado,0020821947,Tránsito Tag,LPPZ24,2026-08-28,21:03:23,PA8,Ruta 5 Norte - Sur,452.06,Autopase_Facturado_Central_0020821947_28092026_075120.csv
Autopista Central,Facturado,0020821947,Tránsito Tag,LPPZ24,2026-08-28,21:04:28,PA32,Ruta 5 Norte - Sur,176.67,Autopase_Facturado_Central_0020821947_28092026_075120.csv
Autopista Central,Facturado,0020821947,Tránsito Tag,LPPZ24,2026-08-28,21:06:14,PA6,Ruta 5 Norte - Sur,157.96,Autopase_Facturado_Central_0020821947_28092026_075120.csv
Autopista Central,Facturado,0020821947,Tránsito Tag,LPPZ24,2026-08-28,21:07:11,PA37,Ruta 5 Norte - Sur,455.18,Autopase_Facturado_Central_0020821947_28092026_075120.csv
Autopista Central,Facturado,0020821947,Tránsito Tag,LPPZ24,2026-08-28,21:08:53,PA4,Ruta 5 Norte - Sur,129.9,Autopase_Facturado_Central_0020821947_28092026_075120.csv
Autopista Central,Facturado,0020821947,Tránsito Tag,LPPZ24,2026-08-28,21:15:58,PA3,Ruta 5 Sur - Norte,585.09,Autopase_Facturado_Central_0020821947_28092026_075120.csv
Autopista Central,Facturado,0020821947,Tránsito Tag,LPPZ31,2026-08-28,21:25:52,PA18,Ruta 5 Norte - Sur,462.46,Autopase_Facturado_Central_0020821947_28092026_075120.csv
Autopista Central,Facturado,0020821947,Tránsito Tag,LPPZ31,2026-08-28,21:27:28,PA29,General Velasquez Norte - Sur,512.34,Autopase_Facturado_Central_0020821947_28092026_075120.csv
Autopista Central,Facturado,0020821947,Tránsito Tag,LPPZ31,2026-08-28,21:42:33,PA26,General Velasquez Norte - Sur,421.93,Autopase_Facturado_Central_0020821947_28092026_075120.csv
Autopista Central,Facturado,0020821947,Tránsito Tag,LPPZ31,2026-08-28,21:43:56,PA24,General Velasquez Norte - Sur,287.86,Autopase_Facturado_Central_0020821947_28092026_075120.csv
Autopista Central,Facturado,0020821947,Tránsito Tag,LPPZ31,2026-08-28,21:46:34,PA22,General Velasquez Norte - Sur,512.34,Autopase_Facturado_Central_0020821947_28092026_075120.csv
Autopista Central,Facturado,0020821947,Tránsito Tag,KXZS95,2026-08-28,23:52:10,PA24,General Velasquez Norte - Sur,287.86,Autopase_Facturado_Central_0020821947_28092026_075120.csv
Autopista Central,Facturado,0020821947,Tránsito Tag,KXZS95,2026-08-28,23:54:22,PA22,General Velasquez Norte - Sur,512.34,Autopase_Facturado_Central_0020821947_28092026_075120.csv
Autopista Central,Facturado,0020821947,Tránsito Tag,LKGZ52,2026-08-29,01:02:53,PA11,Ruta 5 Norte - Sur,285.79,Autopase_Facturado_Central_0020821947_28092026_075120.csv
Autopista Central,Facturado,0020821947,Tránsito Tag,LKGZ52,2026-08-29,01:03:35,PA9,Ruta 5 Norte - Sur,392.83,Autopase_Facturado_Central_0020821947_28092026_075120.csv
Autopista Central,Facturado,0020821947,Tránsito Tag,KDRJ20,2026-08-29,01:22:35,PA32,Ruta 5 Norte - Sur,176.67,Autopase_Facturado_Central_0020821947_28092026_075120.csv
Autopista Central,Facturado,0020821947,Tránsito Tag,LPPZ24,2026-08-29,01:29:44,PA8,Ruta 5 Norte - Sur,452.06,Autopase_Facturado_Central_0020821947_28092026_075120.csv
Autopista Central,Facturado,0020821947,Tránsito Tag,LPPZ31,2026-08-29,01:38:00,PA14,Ruta 5 Norte - Sur,181.86,Autopase_Facturado_Central_0020821947_28092026_075120.csv
Autopista Central,Facturado,0020821947,Tránsito Tag,LPPZ31,2026-08-29,01:39:28,PA12,Ruta 5 Norte - Sur,368.93,Autopase_Facturado_Central_0020821947_28092026_075120.csv
Autopista Central,Facturado,0020821947,Tránsito Tag,LPPZ31,2026-08-29,01:41:11,PA11,Ruta 5 Norte - Sur,285.79,Autopase_Facturado_Central_0020821947_28092026_075120.csv
Autopista Central,Facturado,0020821947,Tránsito Tag,LPPZ31,2026-08-29,01:41:53,PA9,Ruta 5 Norte - Sur,392.83,Autopase_Facturado_Central_0020821947_28092026_075120.csv
Autopista Central,Facturado,0020821947,Tránsito Tag,LPPZ31,2026-08-29,01:44:41,PA8,Ruta 5 Norte - Sur,452.06,Autopase_Facturado_Central_0020821947_28092026_075120.csv
Autopista Central,Facturado,0020821947,Tránsito Tag,LPPZ31,2026-08-29,01:45:39,PA32,Ruta 5 Norte - Sur,176.67,Autopase_Facturado_Central_0020821947_28092026_075120.csv
Autopista Central,Facturado,0020821947,Tránsito Tag,LPPZ31,2026-08-29,01:46:59,PA6,Ruta 5 Norte - Sur,157.96,Autopase_Facturado_Central_0020821947_28092026_075120.csv
Autopista Central,Facturado,0020821947,Tránsito Tag,LPPZ31,2026-08-29,01:47:49,PA37,Ruta 5 Norte - Sur,455.18,Autopase_Facturado_Central_0020821947_28092026_075120.csv
Autopista Central,Facturado,0020821947,Tránsito Tag,LPPZ31,2026-08-29,01:57:19,PA5,Ruta 5 Sur - Norte,334.63,Autopase_Facturado_Central_0020821947_28092026_075120.csv
Autopista Central,Facturado,0020821947,Tránsito Tag,LPPZ31,2026-08-29,02:08:47,PA7,Ruta 5 Sur - Norte,452.06,Autopase_Facturado_Central_0020821947_28092026_075120.csv
Autopista Central,Facturado,0020821947,Tránsito Tag,LPPZ31,2026-08-29,03:21:27,PA21,General Velasquez Sur - Norte,512.34,Autopase_Facturado_Central_0020821947_28092026_075120.csv
Autopista Central,Facturado,0020821947,Tránsito Tag,LPPZ31,2026-08-29,03:24:22,PA23,General Velasquez Sur - Norte,287.86,Autopase_Facturado_Central_0020821947_28092026_075120.csv
Autopista Central,Facturado,0020821947,Tránsito Tag,LPPZ31,2026-08-29,03:25:58,PA25,General Velasquez Sur - Norte,421.93,Autopase_Facturado_Central_0020821947_28092026_075120.csv
Autopista Central,Facturado,0020821947,Tránsito Tag,LPPZ31,2026-08-29,03:41:47,PA26,General Velasquez Norte - Sur,421.93,Autopase_Facturado_Central_0020821947_28092026_075120.csv
Autopista Central,Facturado,0020821947,Tránsito Tag,LPPZ31,2026-08-29,03:43:16,PA24,General Velasquez Norte - Sur,287.86,Autopase_Facturado_Central_0020821947_28092026_075120.csv
Autopista Central,Facturado,0020821947,Tránsito Tag,LPPZ31,2026-08-29,03:45:55,PA22,General Velasquez Norte - Sur,512.34,Autopase_Facturado_Central_0020821947_28092026_075120.csv
Autopista Central,Facturado,0020821947,Tránsito Tag,LPPZ31,2026-08-29,04:23:55,PA21,General Velasquez Sur - Norte,512.34,Autopase_Facturado_Central_0020821947_28092026_075120.csv
Autopista Central,Facturado,0020821947,Tránsito Tag,LPPZ31,2026-08-29,04:26:40,PA23,General Velasquez Sur - Norte,287.86,Autopase_Facturado_Central_0020821947_28092026_075120.csv
Autopista Central,Facturado,0020821947,Tránsito Tag,LPPZ31,2026-08-29,04:28:17,PA25,General Velasquez Sur - Norte,421.93,Autopase_Facturado_Central_0020821947_28092026_075120.csv
Autopista Central,Facturado,0020821947,Tránsito Tag,LPPZ31,2026-08-29,04:32:59,PA28,General Velasquez Sur - Norte,512.34,Autopase_Facturado_Central_0020821947_28092026_075120.csv
Autopista Central,Facturado,0020821947,Tránsito Tag,LPPZ31,2026-08-29,04:34:19,PA17,Ruta 5 Sur - Norte,462.46,Autopase_Facturado_Central_0020821947_28092026_075120.csv
Autopista Central,Facturado,0020821947,Tránsito Tag,LJDV98,2026-08-29,04:49:06,PA32,Ruta 5 Norte - Sur,176.67,Autopase_Facturado_Central_0020821947_28092026_075120.csv
Autopista Central,Facturado,0020821947,Tránsito Tag,LPPZ31,2026-08-29,05:03:37,PA18,Ruta 5 Norte - Sur,462.46,Autopase_Facturado_Central_0020821947_28092026_075120.csv
Autopista Central,Facturado,0020821947,Tránsito Tag,LPPZ31,2026-08-29,05:04:52,PA29,General Velasquez Norte - Sur,512.34,Autopase_Facturado_Central_0020821947_28092026_075120.csv
Autopista Central,Facturado,0020821947,Tránsito Tag,KDRJ20,2026-08-29,05:08:15,PA19,General Velasquez Sur - Norte,412.57,Autopase_Facturado_Central_0020821947_28092026_075120.csv
Autopista Central,Facturado,0020821947,Tránsito Tag,LKGZ52,2026-08-29,05:22:25,PA21,General Velasquez Sur - Norte,512.34,Autopase_Facturado_Central_0020821947_28092026_075120.csv
Autopista Central,Facturado,0020821947,Tránsito Tag,LKGZ52,2026-08-29,05:25:30,PA23,General Velasquez Sur - Norte,287.86,Autopase_Facturado_Central_0020821947_28092026_075120.csv
Autopista Central,Facturado,0020821947,Tránsito Tag,LPPZ31,2026-08-29,05:25:35,PA26,General Velasquez Norte - Sur,421.93,Autopase_Facturado_Central_0020821947_28092026_075120.csv
Autopista Central,Facturado,0020821947,Tránsito Tag,LPPZ31,2026-08-29,05:27:12,PA24,General Velasquez Norte - Sur,287.86,Autopase_Facturado_Central_0020821947_28092026_075120.csv
Autopista Central,Facturado,0020821947,Tránsito Tag,LPPZ31,2026-08-29,05:29:55,PA22,General Velasquez Norte - Sur,512.34,Autopase_Facturado_Central_0020821947_28092026_075120.csv
Autopista Central,Facturado,0020821947,Tránsito Tag,LPPZ24,2026-08-29,06:02:07,PA7,Ruta 5 Sur - Norte,452.06,Autopase_Facturado_Central_0020821947_28092026_075120.csv
Autopista Central,Facturado,0020821947,Tránsito Tag,LDWP36,2026-08-29,06:09:08,PA31,Ruta 5 Sur - Norte,368.93,Autopase_Facturado_Central_0020821947_28092026_075120.csv
Autopista Central,Facturado,0020821947,Tránsito Tag,LDWP36,2026-08-29,06:10:39,PA13,Ruta 5 Sur - Norte,181.86,Autopase_Facturado_Central_0020821947_28092026_075120.csv
Autopista Central,Facturado,0020821947,Tránsito Tag,PJHJ69,2026-08-29,06:23:24,PA8,Ruta 5 Norte - Sur,452.06,Autopase_Facturado_Central_0020821947_28092026_075120.csv
Autopista Central,Facturado,0020821947,Tránsito Tag,PJHJ69,2026-08-29,06:24:24,PA32,Ruta 5 Norte - Sur,176.67,Autopase_Facturado_Central_0020821947_28092026_075120.csv
Autopista Central,Facturado,0020821947,Tránsito Tag,PJHJ69,2026-08-29,06:25:49,PA6,Ruta 5 Norte - Sur,157.96,Autopase_Facturado_Central_0020821947_28092026_075120.csv
Autopista Central,Facturado,0020821947,Tránsito Tag,PJHJ69,2026-08-29,06:26:42,PA37,Ruta 5 Norte - Sur,455.18,Autopase_Facturado_Central_0020821947_28092026_075120.csv
Autopista Central,Facturado,0020821947,Tránsito Tag,PJHJ69,2026-08-29,06:28:22,PA4,Ruta 5 Norte - Sur,129.9,Autopase_Facturado_Central_0020821947_28092026_075120.csv
Autopista Central,Facturado,0020821947,Tránsito Tag,KDRJ20,2026-08-29,06:36:07,PA23,General Velasquez Sur - Norte,287.86,Autopase_Facturado_Central_0020821947_28092026_075120.csv
Autopista Central,Facturado,0020821947,Tránsito Tag,KDRJ20,2026-08-29,06:37:50,PA25,General Velasquez Sur - Norte,421.93,Autopase_Facturado_Central_0020821947_28092026_075120.csv
Autopista Central,Facturado,0020821947,Tránsito Tag,KXZS95,2026-08-29,06:40:43,PA18,Ruta 5 Norte - Sur,462.46,Autopase_Facturado_Central_0020821947_28092026_075120.csv
Autopista Central,Facturado,0020821947,Tránsito Tag,PJHJ69,2026-08-29,06:42:25,PA5,Ruta 5 Sur - Norte,334.63,Autopase_Facturado_Central_0020821947_28092026_075120.csv
Autopista Central,Facturado,0020821947,Tránsito Tag,PJHJ69,2026-08-29,06:45:11,PA7,Ruta 5 Sur - Norte,452.06,Autopase_Facturado_Central_0020821947_28092026_075120.csv
Autopista Central,Facturado,0020821947,Tránsito Tag,LPPZ24,2026-08-29,06:56:39,PA13,Ruta 5 Sur - Norte,181.86,Autopase_Facturado_Central_0020821947_28092026_075120.csv
Autopista Central,Facturado,0020821947,Tránsito Tag,LPPZ24,2026-08-29,07:04:08,PA16,Ruta 5 Sur - Norte,425.04,Autopase_Facturado_Central_0020821947_28092026_075120.csv
Autopista Central,Facturado,0020821947,Tránsito Tag,KDRJ20,2026-08-29,07:07:14,PA16,Ruta 5 Sur - Norte,425.04,Autopase_Facturado_Central_0020821947_28092026_075120.csv
Autopista Central,Facturado,0020821947,Tránsito Tag,LPPZ24,2026-08-29,07:07:27,PA17,Ruta 5 Sur - Norte,462.46,Autopase_Facturado_Central_0020821947_28092026_075120.csv
Autopista Central,Facturado,0020821947,Tránsito Tag,KDRJ20,2026-08-29,07:10:52,PA17,Ruta 5 Sur - Norte,462.46,Autopase_Facturado_Central_0020821947_28092026_075120.csv
Autopista Central,Facturado,0020821947,Tránsito Tag,LPPZ24,2026-08-29,07:17:25,PA18,Ruta 5 Norte - Sur,462.46,Autopase_Facturado_Central_0020821947_28092026_075120.csv
Autopista Central,Facturado,0020821947,Tránsito Tag,LPPZ24,2026-08-29,07:18:30,PA29,General Velasquez Norte - Sur,512.34,Autopase_Facturado_Central_0020821947_28092026_075120.csv
Autopista Central,Facturado,0020821947,Tránsito Tag,LPPZ24,2026-08-29,07:22:58,PA26,General Velasquez Norte - Sur,421.93,Autopase_Facturado_Central_0020821947_28092026_075120.csv
Autopista Central,Facturado,0020821947,Tránsito Tag,PJHJ69,2026-08-29,07:24:16,PA31,Ruta 5 Sur - Norte,368.93,Autopase_Facturado_Central_0020821947_28092026_075120.csv
Autopista Central,Facturado,0020821947,Tránsito Tag,LPPZ24,2026-08-29,07:24:18,PA24,General Velasquez Norte - Sur,287.86,Autopase_Facturado_Central_0020821947_28092026_075120.csv
Autopista Central,Facturado,0020821947,Tránsito Tag,PJHJ69,2026-08-29,07:25:45,PA13,Ruta 5 Sur - Norte,181.86,Autopase_Facturado_Central_0020821947_28092026_075120.csv
Autopista Central,Facturado,0020821947,Tránsito Tag,LPPZ24,2026-08-29,07:26:48,PA22,General Velasquez Norte - Sur,512.34,Autopase_Facturado_Central_0020821947_28092026_075120.csv
Autopista Central,Facturado,0020821947,Tránsito Tag,PJHJ69,2026-08-29,07:28:19,PA16,Ruta 5 Sur - Norte,425.04,Autopase_Facturado_Central_0020821947_28092026_075120.csv
Autopista Central,Facturado,0020821947,Tránsito Tag,LPPZ24,2026-08-29,07:28:40,PA20,General Velasquez Norte - Sur,412.57,Autopase_Facturado_Central_0020821947_28092026_075120.csv
Autopista Central,Facturado,0020821947,Tránsito Tag,LPPZ24,2026-08-29,07:30:05,PA32,Ruta 5 Norte - Sur,176.67,Autopase_Facturado_Central_0020821947_28092026_075120.csv
Autopista Central,Facturado,0020821947,Tránsito Tag,PJHJ69,2026-08-29,07:31:36,PA17,Ruta 5 Sur - Norte,462.46,Autopase_Facturado_Central_0020821947_28092026_075120.csv
Autopista Central,Facturado,0020821947,Tránsito Tag,KDRJ20,2026-08-29,08:17:35,PA18,Ruta 5 Norte - Sur,462.46,Autopase_Facturado_Central_0020821947_28092026_075120.csv
Autopista Central,Facturado,0020821947,Tránsito Tag,PJHJ69,2026-08-29,08:26:37,PA18,Ruta 5 Norte - Sur,462.46,Autopase_Facturado_Central_0020821947_28092026_075120.csv
Autopista Central,Facturado,0020821947,Tránsito Tag,PJHJ69,2026-08-29,08:30:39,PA15,Ruta 5 Norte - Sur,425.04,Autopase_Facturado_Central_0020821947_28092026_075120.csv
Autopista Central,Facturado,0020821947,Tránsito Tag,PJHJ69,2026-08-29,08:32:27,PA14,Ruta 5 Norte - Sur,181.86,Autopase_Facturado_Central_0020821947_28092026_075120.csv
Autopista Central,Facturado,0020821947,Tránsito Tag,PJHJ69,2026-08-29,08:43:04,PA12,Ruta 5 Norte - Sur,368.93,Autopase_Facturado_Central_0020821947_28092026_075120.csv
Autopista Central,Facturado,0020821947,Tránsito Tag,PJHJ69,2026-08-29,08:44:49,PA11,Ruta 5 Norte - Sur,285.79,Autopase_Facturado_Central_0020821947_28092026_075120.csv
Autopista Central,Facturado,0020821947,Tránsito Tag,KDRJ20,2026-08-29,08:45:17,PA26,General Velasquez Norte - Sur,421.93,Autopase_Facturado_Central_0020821947_28092026_075120.csv
Autopista Central,Facturado,0020821947,Tránsito Tag,KDRJ20,2026-08-29,08:46:53,PA24,General Velasquez Norte - Sur,287.86,Autopase_Facturado_Central_0020821947_28092026_075120.csv
Autopista Central,Facturado,0020821947,Tránsito Tag,KDRJ20,2026-08-29,08:54:13,PA22,General Velasquez Norte - Sur,512.34,Autopase_Facturado_Central_0020821947_28092026_075120.csv
Autopista Central,Facturado,0020821947,Tránsito Tag,PJHJ69,2026-08-29,09:10:56,PA8,Ruta 5 Norte - Sur,452.06,Autopase_Facturado_Central_0020821947_28092026_075120.csv
Autopista Central,Facturado,0020821947,Tránsito Tag,PJHJ69,2026-08-29,09:11:56,PA32,Ruta 5 Norte - Sur,176.67,Autopase_Facturado_Central_0020821947_28092026_075120.csv
Autopista Central,Facturado,0020821947,Tránsito Tag,PJHJ69,2026-08-29,09:13:43,PA6,Ruta 5 Norte - Sur,157.96,Autopase_Facturado_Central_0020821947_28092026_075120.csv
Autopista Central,Facturado,0020821947,Tránsito Tag,PJHJ69,2026-08-29,09:36:08,PA5,Ruta 5 Sur - Norte,334.63,Autopase_Facturado_Central_0020821947_28092026_075120.csv
Autopista Central,Facturado,0020821947,Tránsito Tag,PJHJ69,2026-08-29,09:38:14,PA19,General Velasquez Sur - Norte,412.57,Autopase_Facturado_Central_0020821947_28092026_075120.csv
Autopista Central,Facturado,0020821947,Tránsito Tag,LDWP36,2026-08-29,18:36:05,PA21,General Velasquez Sur - Norte,512.34,Autopase_Facturado_Central_0020821947_28092026_075120.csv
Autopista Central,Facturado,0020821947,Tránsito Tag,LPPZ31,2026-08-29,19:04:51,PA13,Ruta 5 Sur - Norte,181.86,Autopase_Facturado_Central_0020821947_28092026_075120.csv
Autopista Central,Facturado,0020821947,Tránsito Tag,LPPZ24,2026-08-29,19:11:39,PA10,Ruta 5 Sur - Norte,285.79,Autopase_Facturado_Central_0020821947_28092026_075120.csv
Autopista Central,Facturado,0020821947,Tránsito Tag,LPPZ24,2026-08-29,19:14:05,PA31,Ruta 5 Sur - Norte,368.93,Autopase_Facturado_Central_0020821947_28092026_075120.csv
Autopista Central,Facturado,0020821947,Tránsito Tag,LDWP36,2026-08-29,19:16:39,PA13,Ruta 5 Sur - Norte,181.86,Autopase_Facturado_Central_0020821947_28092026_075120.csv
Autopista Central,Facturado,0020821947,Tránsito Tag,LPPZ24,2026-08-29,19:26:12,PA13,Ruta 5 Sur - Norte,181.86,Autopase_Facturado_Central_0020821947_28092026_075120.csv
Autopista Central,Facturado,0020821947,Tránsito Tag,LPPZ24,2026-08-29,19:29:00,PA16,Ruta 5 Sur - Norte,425.04,Autopase_Facturado_Central_0020821947_28092026_075120.csv
Autopista Central,Facturado,0020821947,Tránsito Tag,LPPZ24,2026-08-29,19:32:28,PA17,Ruta 5 Sur - Norte,462.46,Autopase_Facturado_Central_0020821947_28092026_075120.csv
Autopista Central,Facturado,0020821947,Tránsito Tag,LPPZ24,2026-08-29,20:20:23,PA18,Ruta 5 Norte - Sur,462.46,Autopase_Facturado_Central_0020821947_28092026_075120.csv
Autopista Central,Facturado,0020821947,Tránsito Tag,LPPZ24,2026-08-29,20:24:42,PA15,Ruta 5 Norte - Sur,425.04,Autopase_Facturado_Central_0020821947_28092026_075120.csv
Autopista Central,Facturado,0020821947,Tránsito Tag,LPPZ24,2026-08-29,20:26:31,PA14,Ruta 5 Norte - Sur,181.86,Autopase_Facturado_Central_0020821947_28092026_075120.csv
Autopista Central,Facturado,0020821947,Tránsito Tag,LDWP36,2026-08-29,20:36:40,PA18,Ruta 5 Norte - Sur,924.92,Autopase_Facturado_Central_0020821947_28092026_075120.csv
Autopista Central,Facturado,0020821947,Tránsito Tag,LPPZ24,2026-08-29,21:03:03,PA8,Ruta 5 Norte - Sur,452.06,Autopase_Facturado_Central_0020821947_28092026_075120.csv
Autopista Central,Facturado,0020821947,Tránsito Tag,LPPZ24,2026-08-29,21:04:08,PA32,Ruta 5 Norte - Sur,176.67,Autopase_Facturado_Central_0020821947_28092026_075120.csv
Autopista Central,Facturado,0020821947,Tránsito Tag,LDWP36,2026-08-29,21:04:39,PA14,Ruta 5 Norte - Sur,181.86,Autopase_Facturado_Central_0020821947_28092026_075120.csv
Autopista Central,Facturado,0020821947,Tránsito Tag,LPPZ24,2026-08-29,21:06:04,PA6,Ruta 5 Norte - Sur,157.96,Autopase_Facturado_Central_0020821947_28092026_075120.csv
Autopista Central,Facturado,0020821947,Tránsito Tag,LDWP36,2026-08-29,21:06:31,PA12,Ruta 5 Norte - Sur,368.93,Autopase_Facturado_Central_0020821947_28092026_075120.csv
Autopista Central,Facturado,0020821947,Tránsito Tag,LPPZ24,2026-08-29,21:07:08,PA37,Ruta 5 Norte - Sur,455.18,Autopase_Facturado_Central_0020821947_28092026_075120.csv
Autopista Central,Facturado,0020821947,Tránsito Tag,LPPZ24,2026-08-29,21:08:45,PA4,Ruta 5 Norte - Sur,129.9,Autopase_Facturado_Central_0020821947_28092026_075120.csv
Autopista Central,Facturado,0020821947,Tránsito Tag,KDRJ20,2026-08-29,21:15:10,PA18,Ruta 5 Norte - Sur,462.46,Autopase_Facturado_Central_0020821947_28092026_075120.csv
Autopista Central,Facturado,0020821947,Tránsito Tag,KDRJ20,2026-08-29,21:19:14,PA15,Ruta 5 Norte - Sur,425.04,Autopase_Facturado_Central_0020821947_28092026_075120.csv
Autopista Central,Facturado,0020821947,Tránsito Tag,KDRJ20,2026-08-29,21:21:21,PA14,Ruta 5 Norte - Sur,181.86,Autopase_Facturado_Central_0020821947_28092026_075120.csv
Autopista Central,Facturado,0020821947,Tránsito Tag,KDRJ20,2026-08-29,21:22:56,PA12,Ruta 5 Norte - Sur,368.93,Autopase_Facturado_Central_0020821947_28092026_075120.csv
Autopista Central,Facturado,0020821947,Tránsito Tag,KDRJ20,2026-08-29,21:57:52,PA11,Ruta 5 Norte - Sur,285.79,Autopase_Facturado_Central_0020821947_28092026_075120.csv
Autopista Central,Facturado,0020821947,Tránsito Tag,KDRJ20,2026-08-29,21:59:11,PA9,Ruta 5 Norte - Sur,392.83,Autopase_Facturado_Central_0020821947_28092026_075120.csv
Autopista Central,Facturado,0020821947,Tránsito Tag,LPPZ31,2026-08-29,23:48:47,PA19,General Velasquez Sur - Norte,412.57,Autopase_Facturado_Central_0020821947_28092026_075120.csv
Autopista Central,Facturado,0020821947,Tránsito Tag,HXJJ44,2026-08-29,23:52:44,PA7,Ruta 5 Sur - Norte,452.06,Autopase_Facturado_Central_0020821947_28092026_075120.csv
Autopista Central,Facturado,0020821947,Tránsito Tag,LPPZ24,2026-08-30,00:48:36,PA7,Ruta 5 Sur - Norte,452.06,Autopase_Facturado_Central_0020821947_28092026_075120.csv
Autopista Central,Facturado,0020821947,Tránsito Tag,LPPZ24,2026-08-30,00:57:59,PA8,Ruta 5 Norte - Sur,452.06,Autopase_Facturado_Central_0020821947_28092026_075120.csv
Autopista Central,Facturado,0020821947,Tránsito Tag,PJHJ69,2026-08-30,03:36:45,PA15,Ruta 5 Norte - Sur,425.04,Autopase_Facturado_Central_0020821947_28092026_075120.csv
Autopista Central,Facturado,0020821947,Tránsito Tag,LPPZ31,2026-08-30,03:42:34,PA21,General Velasquez Sur - Norte,512.34,Autopase_Facturado_Central_0020821947_28092026_075120.csv
Autopista Central,Facturado,0020821947,Tránsito Tag,LPPZ31,2026-08-30,03:45:20,PA23,General Velasquez Sur - Norte,287.86,Autopase_Facturado_Central_0020821947_28092026_075120.csv
Autopista Central,Facturado,0020821947,Tránsito Tag,LPPZ31,2026-08-30,03:46:47,PA25,General Velasquez Sur - Norte,421.93,Autopase_Facturado_Central_0020821947_28092026_075120.csv
Autopista Central,Facturado,0020821947,Tránsito Tag,LPPZ31,2026-08-30,03:51:25,PA28,General Velasquez Sur - Norte,512.34,Autopase_Facturado_Central_0020821947_28092026_075120.csv
Autopista Central,Facturado,0020821947,Tránsito Tag,LPPZ31,2026-08-30,03:52:41,PA17,Ruta 5 Sur - Norte,462.46,Autopase_Facturado_Central_0020821947_28092026_075120.csv
Autopista Central,Facturado,0020821947,Tránsito Tag,KXZS95,2026-08-30,04:02:31,PA21,General Velasquez Sur - Norte,512.34,Autopase_Facturado_Central_0020821947_28092026_075120.csv
Autopista Central,Facturado,0020821947,Tránsito Tag,LPPZ31,2026-08-30,04:20:32,PA14,Ruta 5 Norte - Sur,181.86,Autopase_Facturado_Central_0020821947_28092026_075120.csv
Autopista Central,Facturado,0020821947,Tránsito Tag,LPPZ31,2026-08-30,04:22:00,PA12,Ruta 5 Norte - Sur,368.93,Autopase_Facturado_Central_0020821947_28092026_075120.csv
Autopista Central,Facturado,0020821947,Tránsito Tag,LPPZ31,2026-08-30,04:43:40,PA9,Ruta 5 Norte - Sur,392.83,Autopase_Facturado_Central_0020821947_28092026_075120.csv
Autopista Central,Facturado,0020821947,Tránsito Tag,KDRJ20,2026-08-30,04:50:39,PA19,General Velasquez Sur - Norte,412.57,Autopase_Facturado_Central_0020821947_28092026_075120.csv
Autopista Central,Facturado,0020821947,Tránsito Tag,KXZS95,2026-08-30,05:28:00,PA21,General Velasquez Sur - Norte,512.34,Autopase_Facturado_Central_0020821947_28092026_075120.csv
Autopista Central,Facturado,0020821947,Tránsito Tag,LPPZ24,2026-08-30,05:29:42,PA7,Ruta 5 Sur - Norte,452.06,Autopase_Facturado_Central_0020821947_28092026_075120.csv
Autopista Central,Facturado,0020821947,Tránsito Tag,KXZS95,2026-08-30,05:30:28,PA23,General Velasquez Sur - Norte,287.86,Autopase_Facturado_Central_0020821947_28092026_075120.csv
Autopista Central,Facturado,0020821947,Tránsito Tag,KXZS95,2026-08-30,05:31:43,PA25,General Velasquez Sur - Norte,421.93,Autopase_Facturado_Central_0020821947_28092026_075120.csv
Autopista Central,Facturado,0020821947,Tránsito Tag,KXZS95,2026-08-30,05:35:33,PA28,General Velasquez Sur - Norte,512.34,Autopase_Facturado_Central_0020821947_28092026_075120.csv
Autopista Central,Facturado,0020821947,Tránsito Tag,KXZS95,2026-08-30,05:36:33,PA17,Ruta 5 Sur - Norte,462.46,Autopase_Facturado_Central_0020821947_28092026_075120.csv
Autopista Central,Facturado,0020821947,Tránsito Tag,LPPZ31,2026-08-30,05:53:44,PA30,Ruta 5 Sur - Norte,392.83,Autopase_Facturado_Central_0020821947_28092026_075120.csv
Autopista Central,Facturado,0020821947,Tránsito Tag,LPPZ31,2026-08-30,05:54:37,PA10,Ruta 5 Sur - Norte,285.79,Autopase_Facturado_Central_0020821947_28092026_075120.csv
Autopista Central,Facturado,0020821947,Tránsito Tag,LPPZ31,2026-08-30,05:56:40,PA31,Ruta 5 Sur - Norte,368.93,Autopase_Facturado_Central_0020821947_28092026_075120.csv
Autopista Central,Facturado,0020821947,Tránsito Tag,LPPZ31,2026-08-30,05:58:07,PA13,Ruta 5 Sur - Norte,181.86,Autopase_Facturado_Central_0020821947_28092026_075120.csv
Autopista Central,Facturado,0020821947,Tránsito Tag,PJHJ69,2026-08-30,06:23:43,PA8,Ruta 5 Norte - Sur,452.06,Autopase_Facturado_Central_0020821947_28092026_075120.csv
Autopista Central,Facturado,0020821947,Tránsito Tag,PJHJ69,2026-08-30,06:24:38,PA32,Ruta 5 Norte - Sur,176.67,Autopase_Facturado_Central_0020821947_28092026_075120.csv
Autopista Central,Facturado,0020821947,Tránsito Tag,PJHJ69,2026-08-30,06:26:04,PA6,Ruta 5 Norte - Sur,157.96,Autopase_Facturado_Central_0020821947_28092026_075120.csv
Autopista Central,Facturado,0020821947,Tránsito Tag,PJHJ69,2026-08-30,06:27:04,PA37,Ruta 5 Norte - Sur,455.18,Autopase_Facturado_Central_0020821947_28092026_075120.csv
Autopista Central,Facturado,0020821947,Tránsito Tag,PJHJ69,2026-08-30,06:28:54,PA4,Ruta 5 Norte - Sur,129.9,Autopase_Facturado_Central_0020821947_28092026_075120.csv
Autopista Central,Facturado,0020821947,Tránsito Tag,PJHJ69,2026-08-30,06:39:40,PA3,Ruta 5 Sur - Norte,585.09,Autopase_Facturado_Central_0020821947_28092026_075120.csv
Autopista Central,Facturado,0020821947,Tránsito Tag,LPPZ24,2026-08-30,06:47:47,PA13,Ruta 5 Sur - Norte,181.86,Autopase_Facturado_Central_0020821947_28092026_075120.csv
Autopista Central,Facturado,0020821947,Tránsito Tag,LPPZ24,2026-08-30,07:03:16,PA17,Ruta 5 Sur - Norte,462.46,Autopase_Facturado_Central_0020821947_28092026_075120.csv
Autopista Central,Facturado,0020821947,Tránsito Tag,PJHJ69,2026-08-30,07:05:09,PA5,Ruta 5 Sur - Norte,334.63,Autopase_Facturado_Central_0020821947_28092026_075120.csv
Autopista Central,Facturado,0020821947,Tránsito Tag,PJHJ69,2026-08-30,07:07:46,PA7,Ruta 5 Sur - Norte,452.06,Autopase_Facturado_Central_0020821947_28092026_075120.csv
Autopista Central,Facturado,0020821947,Tránsito Tag,LPPZ24,2026-08-30,07:24:13,PA18,Ruta 5 Norte - Sur,462.46,Autopase_Facturado_Central_0020821947_28092026_075120.csv
Autopista Central,Facturado,0020821947,Tránsito Tag,LPPZ24,2026-08-30,07:25:15,PA29,General Velasquez Norte - Sur,512.34,Autopase_Facturado_Central_0020821947_28092026_075120.csv
Autopista Central,Facturado,0020821947,Tránsito Tag,LPPZ24,2026-08-30,07:29:29,PA26,General Velasquez Norte - Sur,421.93,Autopase_Facturado_Central_0020821947_28092026_075120.csv
Autopista Central,Facturado,0020821947,Tránsito Tag,LPPZ24,2026-08-30,07:30:51,PA24,General Velasquez Norte - Sur,287.86,Autopase_Facturado_Central_0020821947_28092026_075120.csv
Autopista Central,Facturado,0020821947,Tránsito Tag,LPPZ24,2026-08-30,07:33:06,PA22,General Velasquez Norte - Sur,512.34,Autopase_Facturado_Central_0020821947_28092026_075120.csv
Autopista Central,Facturado,0020821947,Tránsito Tag,LPPZ24,2026-08-30,07:35:03,PA20,General Velasquez Norte - Sur,412.57,Autopase_Facturado_Central_0020821947_28092026_075120.csv
Autopista Central,Facturado,0020821947,Tránsito Tag,LPPZ24,2026-08-30,07:36:27,PA32,Ruta 5 Norte - Sur,176.67,Autopase_Facturado_Central_0020821947_28092026_075120.csv
Autopista Central,Facturado,0020821947,Tránsito Tag,PJHJ69,2026-08-30,07:37:32,PA31,Ruta 5 Sur - Norte,368.93,Autopase_Facturado_Central_0020821947_28092026_075120.csv
Autopista Central,Facturado,0020821947,Tránsito Tag,LPPZ24,2026-08-30,07:37:52,PA6,Ruta 5 Norte - Sur,157.96,Autopase_Facturado_Central_0020821947_28092026_075120.csv
Autopista Central,Facturado,0020821947,Tránsito Tag,LPPZ24,2026-08-30,07:38:43,PA37,Ruta 5 Norte - Sur,455.18,Autopase_Facturado_Central_0020821947_28092026_075120.csv
Autopista Central,Facturado,0020821947,Tránsito Tag,PJHJ69,2026-08-30,07:38:54,PA13,Ruta 5 Sur - Norte,181.86,Autopase_Facturado_Central_0020821947_28092026_075120.csv
Autopista Central,Facturado,0020821947,Tránsito Tag,PJHJ69,2026-08-30,07:41:21,PA16,Ruta 5 Sur - Norte,425.04,Autopase_Facturado_Central_0020821947_28092026_075120.csv
Autopista Central,Facturado,0020821947,Tránsito Tag,PJHJ69,2026-08-30,07:44:20,PA17,Ruta 5 Sur - Norte,462.46,Autopase_Facturado_Central_0020821947_28092026_075120.csv
Autopista Central,Facturado,0020821947,Tránsito Tag,PJHJ69,2026-08-30,08:21:24,PA18,Ruta 5 Norte - Sur,462.46,Autopase_Facturado_Central_0020821947_28092026_075120.csv
Autopista Central,Facturado,0020821947,Tránsito Tag,PJHJ69,2026-08-30,08:25:19,PA15,Ruta 5 Norte - Sur,425.04,Autopase_Facturado_Central_0020821947_28092026_075120.csv
Autopista Central,Facturado,0020821947,Tránsito Tag,LDWP36,2026-08-30,08:26:19,PA18,Ruta 5 Norte - Sur,462.46,Autopase_Facturado_Central_0020821947_28092026_075120.csv
Autopista Central,Facturado,0020821947,Tránsito Tag,PJHJ69,2026-08-30,08:27:05,PA14,Ruta 5 Norte - Sur,181.86,Autopase_Facturado_Central_0020821947_28092026_075120.csv
Autopista Central,Facturado,0020821947,Tránsito Tag,LDWP36,2026-08-30,08:27:26,PA29,General Velasquez Norte - Sur,512.34,Autopase_Facturado_Central_0020821947_28092026_075120.csv
Autopista Central,Facturado,0020821947,Tránsito Tag,LPPZ31,2026-08-30,08:35:35,PA14,Ruta 5 Norte - Sur,181.86,Autopase_Facturado_Central_0020821947_28092026_075120.csv
Autopista Central,Facturado,0020821947,Tránsito Tag,LPPZ31,2026-08-30,08:36:57,PA12,Ruta 5 Norte - Sur,368.93,Autopase_Facturado_Central_0020821947_28092026_075120.csv
Autopista Central,Facturado,0020821947,Tránsito Tag,LPPZ31,2026-08-30,08:38:53,PA11,Ruta 5 Norte - Sur,285.79,Autopase_Facturado_Central_0020821947_28092026_075120.csv
Autopista Central,Facturado,0020821947,Tránsito Tag,LPPZ31,2026-08-30,08:39:46,PA9,Ruta 5 Norte - Sur,392.83,Autopase_Facturado_Central_0020821947_28092026_075120.csv
Autopista Central,Facturado,0020821947,Tránsito Tag,LDWP36,2026-08-30,08:40:19,PA14,Ruta 5 Norte - Sur,181.86,Autopase_Facturado_Central_0020821947_28092026_075120.csv
Autopista Central,Facturado,0020821947,Tránsito Tag,LDWP36,2026-08-30,08:59:22,PA22,General Velasquez Norte - Sur,512.34,Autopase_Facturado_Central_0020821947_28092026_075120.csv
Autopista Central,Facturado,0020821947,Tránsito Tag,PJHJ69,2026-08-30,09:00:41,PA8,Ruta 5 Norte - Sur,452.06,Autopase_Facturado_Central_0020821947_28092026_075120.csv
Autopista Central,Facturado,0020821947,Tránsito Tag,PJHJ69,2026-08-30,09:01:49,PA32,Ruta 5 Norte - Sur,176.67,Autopase_Facturado_Central_0020821947_28092026_075120.csv
Autopista Central,Facturado,0020821947,Tránsito Tag,PJHJ69,2026-08-30,09:03:15,PA6,Ruta 5 Norte - Sur,157.96,Autopase_Facturado_Central_0020821947_28092026_075120.csv
Autopista Central,Facturado,0020821947,Tránsito Tag,PJHJ69,2026-08-30,09:32:05,PA19,General Velasquez Sur - Norte,412.57,Autopase_Facturado_Central_0020821947_28092026_075120.csv
Autopista Central,Facturado,0020821947,Tránsito Tag,KXZS95,2026-08-30,13:26:29,PA26,General Velasquez Norte - Sur,421.93,Autopase_Facturado_Central_0020821947_28092026_075120.csv
Autopista Central,Facturado,0020821947,Tránsito Tag,KXZS95,2026-08-30,13:27:47,PA24,General Velasquez Norte - Sur,287.86,Autopase_Facturado_Central_0020821947_28092026_075120.csv
Autopista Central,Facturado,0020821947,Tránsito Tag,KXZS95,2026-08-30,13:30:03,PA22,General Velasquez Norte - Sur,512.34,Autopase_Facturado_Central_0020821947_28092026_075120.csv
Autopista Central,Facturado,0020821947,Tránsito Tag,KXZS95,2026-08-30,13:31:58,PA20,General Velasquez Norte - Sur,412.57,Autopase_Facturado_Central_0020821947_28092026_075120.csv
Autopista Central,Facturado,0020821947,Tránsito Tag,KXZS95,2026-08-30,13:33:17,PA32,Ruta 5 Norte - Sur,176.67,Autopase_Facturado_Central_0020821947_28092026_075120.csv
Autopista Central,Facturado,0020821947,Tránsito Tag,KXZS95,2026-08-30,13:34:42,PA6,Ruta 5 Norte - Sur,157.96,Autopase_Facturado_Central_0020821947_28092026_075120.csv
Autopista Central,Facturado,0020821947,Tránsito Tag,KXZS95,2026-08-30,15:46:47,PA5,Ruta 5 Sur - Norte,334.63,Autopase_Facturado_Central_0020821947_28092026_075120.csv
Autopista Central,Facturado,0020821947,Tránsito Tag,KXZS95,2026-08-30,15:48:57,PA19,General Velasquez Sur - Norte,412.57,Autopase_Facturado_Central_0020821947_28092026_075120.csv
Autopista Central,Facturado,0020821947,Tránsito Tag,LPPZ24,2026-08-30,18:02:44,PA5,Ruta 5 Sur - Norte,669.27,Autopase_Facturado_Central_0020821947_28092026_075120.csv
Autopista Central,Facturado,0020821947,Tránsito Tag,LPPZ24,2026-08-30,18:05:18,PA19,General Velasquez Sur - Norte,412.57,Autopase_Facturado_Central_0020821947_28092026_075120.csv
Autopista Central,Facturado,0020821947,Tránsito Tag,LPPZ31,2026-08-30,18:40:01,PA28,General Velasquez Sur - Norte,512.34,Autopase_Facturado_Central_0020821947_28092026_075120.csv
Autopista Central,Facturado,0020821947,Tránsito Tag,LPPZ31,2026-08-30,18:41:31,PA17,Ruta 5 Sur - Norte,462.46,Autopase_Facturado_Central_0020821947_28092026_075120.csv
Autopista Central,Facturado,0020821947,Tránsito Tag,LPPZ24,2026-08-30,18:56:12,PA10,Ruta 5 Sur - Norte,571.58,Autopase_Facturado_Central_0020821947_28092026_075120.csv
Autopista Central,Facturado,0020821947,Tránsito Tag,LPPZ24,2026-08-30,18:58:26,PA31,Ruta 5 Sur - Norte,737.86,Autopase_Facturado_Central_0020821947_28092026_075120.csv
Autopista Central,Facturado,0020821947,Tránsito Tag,LPPZ24,2026-08-30,19:00:17,PA13,Ruta 5 Sur - Norte,363.73,Autopase_Facturado_Central_0020821947_28092026_075120.csv
Autopista Central,Facturado,0020821947,Tránsito Tag,LDWP36,2026-08-30,19:01:28,PA23,General Velasquez Sur - Norte,287.86,Autopase_Facturado_Central_0020821947_28092026_075120.csv
Autopista Central,Facturado,0020821947,Tránsito Tag,LDWP36,2026-08-30,19:02:56,PA25,General Velasquez Sur - Norte,421.93,Autopase_Facturado_Central_0020821947_28092026_075120.csv
Autopista Central,Facturado,0020821947,Tránsito Tag,LPPZ24,2026-08-30,19:03:14,PA16,Ruta 5 Sur - Norte,425.04,Autopase_Facturado_Central_0020821947_28092026_075120.csv
Autopista Central,Facturado,0020821947,Tránsito Tag,LPPZ24,2026-08-30,19:06:24,PA17,Ruta 5 Sur - Norte,462.46,Autopase_Facturado_Central_0020821947_28092026_075120.csv
Autopista Central,Facturado,0020821947,Tránsito Tag,LDWP36,2026-08-30,19:16:15,PA28,General Velasquez Sur - Norte,512.34,Autopase_Facturado_Central_0020821947_28092026_075120.csv
Autopista Central,Facturado,0020821947,Tránsito Tag,LDWP36,2026-08-30,19:17:51,PA17,Ruta 5 Sur - Norte,462.46,Autopase_Facturado_Central_0020821947_28092026_075120.csv
Autopista Central,Facturado,0020821947,Tránsito Tag,LJDV98,2026-08-30,19:23:05,PA16,Ruta 5 Sur - Norte,425.04,Autopase_Facturado_Central_0020821947_28092026_075120.csv
Autopista Central,Facturado,0020821947,Tránsito Tag,LJDV98,2026-08-30,19:27:00,PA17,Ruta 5 Sur - Norte,462.46,Autopase_Facturado_Central_0020821947_28092026_075120.csv
Autopista Central,Facturado,0020821947,Tránsito Tag,LPPZ24,2026-08-30,20:16:14,PA18,Ruta 5 Norte - Sur,462.46,Autopase_Facturado_Central_0020821947_28092026_075120.csv
Autopista Central,Facturado,0020821947,Tránsito Tag,LPPZ24,2026-08-30,20:17:24,PA29,General Velasquez Norte - Sur,512.34,Autopase_Facturado_Central_0020821947_28092026_075120.csv
Autopista Central,Facturado,0020821947,Tránsito Tag,LDWP36,2026-08-30,20:20:01,PA18,Ruta 5 Norte - Sur,462.46,Autopase_Facturado_Central_0020821947_28092026_075120.csv
Autopista Central,Facturado,0020821947,Tránsito Tag,LPPZ24,2026-08-30,20:21:43,PA26,General Velasquez Norte - Sur,421.93,Autopase_Facturado_Central_0020821947_28092026_075120.csv
Autopista Central,Facturado,0020821947,Tránsito Tag,LPPZ24,2026-08-30,20:23:23,PA24,General Velasquez Norte - Sur,287.86,Autopase_Facturado_Central_0020821947_28092026_075120.csv
Autopista Central,Facturado,0020821947,Tránsito Tag,LDWP36,2026-08-30,20:24:22,PA15,Ruta 5 Norte - Sur,425.04,Autopase_Facturado_Central_0020821947_28092026_075120.csv
Autopista Central,Facturado,0020821947,Tránsito Tag,LJDV98,2026-08-30,20:26:11,PA18,Ruta 5 Norte - Sur,462.46,Autopase_Facturado_Central_0020821947_28092026_075120.csv
Autopista Central,Facturado,0020821947,Tránsito Tag,LJDV98,2026-08-30,20:31:21,PA15,Ruta 5 Norte - Sur,425.04,Autopase_Facturado_Central_0020821947_28092026_075120.csv
Autopista Central,Facturado,0020821947,Tránsito Tag,LPPZ24,2026-08-30,20:32:09,PA9,Ruta 5 Norte - Sur,392.83,Autopase_Facturado_Central_0020821947_28092026_075120.csv
Autopista Central,Facturado,0020821947,Tránsito Tag,LPPZ24,2026-08-30,20:35:10,PA8,Ruta 5 Norte - Sur,452.06,Autopase_Facturado_Central_0020821947_28092026_075120.csv
Autopista Central,Facturado,0020821947,Tránsito Tag,LPPZ24,2026-08-30,20:36:27,PA32,Ruta 5 Norte - Sur,176.67,Autopase_Facturado_Central_0020821947_28092026_075120.csv
Autopista Central,Facturado,0020821947,Tránsito Tag,LPPZ24,2026-08-30,20:38:16,PA6,Ruta 5 Norte - Sur,157.96,Autopase_Facturado_Central_0020821947_28092026_075120.csv
Autopista Central,Facturado,0020821947,Tránsito Tag,LPPZ24,2026-08-30,20:39:13,PA37,Ruta 5 Norte - Sur,455.18,Autopase_Facturado_Central_0020821947_28092026_075120.csv
Autopista Central,Facturado,0020821947,Tránsito Tag,LPPZ24,2026-08-30,20:40:53,PA4,Ruta 5 Norte - Sur,129.9,Autopase_Facturado_Central_0020821947_28092026_075120.csv
Autopista Central,Facturado,0020821947,Tránsito Tag,LPPZ24,2026-08-30,20:47:54,PA3,Ruta 5 Sur - Norte,585.09,Autopase_Facturado_Central_0020821947_28092026_075120.csv
Autopista Central,Facturado,0020821947,Tránsito Tag,LKGZ52,2026-08-30,21:00:55,PA30,Ruta 5 Sur - Norte,392.83,Autopase_Facturado_Central_0020821947_28092026_075120.csv
Autopista Central,Facturado,0020821947,Tránsito Tag,LKGZ52,2026-08-30,21:01:38,PA10,Ruta 5 Sur - Norte,285.79,Autopase_Facturado_Central_0020821947_28092026_075120.csv
Autopista Central,Facturado,0020821947,Tránsito Tag,LKGZ52,2026-08-30,21:03:43,PA31,Ruta 5 Sur - Norte,368.93,Autopase_Facturado_Central_0020821947_28092026_075120.csv
Autopista Central,Facturado,0020821947,Tránsito Tag,LKGZ52,2026-08-30,21:05:15,PA13,Ruta 5 Sur - Norte,181.86,Autopase_Facturado_Central_0020821947_28092026_075120.csv
Autopista Central,Facturado,0020821947,Tránsito Tag,LKGZ52,2026-08-30,22:01:57,PA12,Ruta 5 Norte - Sur,368.93,Autopase_Facturado_Central_0020821947_28092026_075120.csv
Autopista Central,Facturado,0020821947,Tránsito Tag,LPPZ31,2026-08-30,22:15:26,PA6,Ruta 5 Norte - Sur,157.96,Autopase_Facturado_Central_0020821947_28092026_075120.csv
Autopista Central,Facturado,0020821947,Tránsito Tag,LPPZ31,2026-08-30,22:16:31,PA37,Ruta 5 Norte - Sur,455.18,Autopase_Facturado_Central_0020821947_28092026_075120.csv
Autopista Central,Facturado,0020821947,Tránsito Tag,LPPZ31,2026-08-30,22:18:03,PA4,Ruta 5 Norte - Sur,129.9,Autopase_Facturado_Central_0020821947_28092026_075120.csv
Autopista Central,Facturado,0020821947,Tránsito Tag,LKGZ52,2026-08-30,22:52:58,PA26,General Velasquez Norte - Sur,421.93,Autopase_Facturado_Central_0020821947_28092026_075120.csv
Autopista Central,Facturado,0020821947,Tránsito Tag,LKGZ52,2026-08-30,22:54:43,PA24,General Velasquez Norte - Sur,287.86,Autopase_Facturado_Central_0020821947_28092026_075120.csv
Autopista Central,Facturado,0020821947,Tránsito Tag,LKGZ52,2026-08-30,22:57:34,PA22,General Velasquez Norte - Sur,512.34,Autopase_Facturado_Central_0020821947_28092026_075120.csv
Autopista Central,Facturado,0020821947,Tránsito Tag,LPPZ31,2026-08-30,23:24:55,PA3,Ruta 5 Sur - Norte,585.09,Autopase_Facturado_Central_0020821947_28092026_075120.csv
Autopista Central,Facturado,0020821947,Tránsito Tag,LPPZ31,2026-08-30,23:26:59,PA5,Ruta 5 Sur - Norte,334.63,Autopase_Facturado_Central_0020821947_28092026_075120.csv
Autopista Central,Facturado,0020821947,Tránsito Tag,LPPZ31,2026-08-30,23:29:23,PA7,Ruta 5 Sur - Norte,452.06,Autopase_Facturado_Central_0020821947_28092026_075120.csv
Autopista Central,Facturado,0020821947,Tránsito Tag,KDRJ20,2026-08-31,00:29:53,PA32,Ruta 5 Norte - Sur,176.67,Autopase_Facturado_Central_0020821947_28092026_075120.csv
Autopista Central,Facturado,0020821947,Tránsito Tag,KDRJ20,2026-08-31,01:05:30,PA7,Ruta 5 Sur - Norte,452.06,Autopase_Facturado_Central_0020821947_28092026_075120.csv
Autopista Central,Facturado,0020821947,Tránsito Tag,LPPZ31,2026-08-31,01:28:50,PA30,Ruta 5 Sur - Norte,392.83,Autopase_Facturado_Central_0020821947_28092026_075120.csv
Autopista Central,Facturado,0020821947,Tránsito Tag,LPPZ31,2026-08-31,01:29:41,PA10,Ruta 5 Sur - Norte,285.79,Autopase_Facturado_Central_0020821947_28092026_075120.csv
Autopista Central,Facturado,0020821947,Tránsito Tag,LPPZ31,2026-08-31,01:31:49,PA31,Ruta 5 Sur - Norte,368.93,Autopase_Facturado_Central_0020821947_28092026_075120.csv
Autopista Central,Facturado,0020821947,Tránsito Tag,LPPZ31,2026-08-31,01:48:29,PA11,Ruta 5 Norte - Sur,285.79,Autopase_Facturado_Central_0020821947_28092026_075120.csv
Autopista Central,Facturado,0020821947,Tránsito Tag,LPPZ31,2026-08-31,01:49:17,PA9,Ruta 5 Norte - Sur,392.83,Autopase_Facturado_Central_0020821947_28092026_075120.csv
Autopista Central,Facturado,0020821947,Tránsito Tag,KDRJ20,2026-08-31,03:44:17,PA19,General Velasquez Sur - Norte,412.57,Autopase_Facturado_Central_0020821947_28092026_075120.csv
Autopista Central,Facturado,0020821947,Tránsito Tag,KDRJ20,2026-08-31,03:50:29,PA20,General Velasquez Norte - Sur,412.57,Autopase_Facturado_Central_0020821947_28092026_075120.csv
Autopista Central,Facturado,0020821947,Tránsito Tag,KDRJ20,2026-08-31,03:52:02,PA32,Ruta 5 Norte - Sur,176.67,Autopase_Facturado_Central_0020821947_28092026_075120.csv
Autopista Central,Facturado,0020821947,Tránsito Tag,KXZS95,2026-08-31,05:14:42,PA21,General Velasquez Sur - Norte,512.34,Autopase_Facturado_Central_0020821947_28092026_075120.csv
Autopista Central,Facturado,0020821947,Tránsito Tag,KXZS95,2026-08-31,05:22:41,PA23,General Velasquez Sur - Norte,287.86,Autopase_Facturado_Central_0020821947_28092026_075120.csv
Autopista Central,Facturado,0020821947,Tránsito Tag,KXZS95,2026-08-31,05:24:23,PA25,General Velasquez Sur - Norte,421.93,Autopase_Facturado_Central_0020821947_28092026_075120.csv
Autopista Central,Facturado,0020821947,Tránsito Tag,LPPZ24,2026-08-31,05:31:34,PA7,Ruta 5 Sur - Norte,452.06,Autopase_Facturado_Central_0020821947_28092026_075120.csv
Autopista Central,Facturado,0020821947,Tránsito Tag,KXZS95,2026-08-31,05:35:09,PA28,General Velasquez Sur - Norte,512.34,Autopase_Facturado_Central_0020821947_28092026_075120.csv
Autopista Central,Facturado,0020821947,Tránsito Tag,KXZS95,2026-08-31,05:36:40,PA17,Ruta 5 Sur - Norte,462.46,Autopase_Facturado_Central_0020821947_28092026_075120.csv
Autopista Central,Facturado,0020821947,Tránsito Tag,PJHJ69,2026-08-31,06:10:20,PA8,Ruta 5 Norte - Sur,452.06,Autopase_Facturado_Central_0020821947_28092026_075120.csv
Autopista Central,Facturado,0020821947,Tránsito Tag,PJHJ69,2026-08-31,06:11:21,PA32,Ruta 5 Norte - Sur,176.67,Autopase_Facturado_Central_0020821947_28092026_075120.csv
Autopista Central,Facturado,0020821947,Tránsito Tag,LDWP36,2026-08-31,06:12:05,PA31,Ruta 5 Sur - Norte,368.93,Autopase_Facturado_Central_0020821947_28092026_075120.csv
Autopista Central,Facturado,0020821947,Tránsito Tag,PJHJ69,2026-08-31,06:13:03,PA6,Ruta 5 Norte - Sur,157.96,Autopase_Facturado_Central_0020821947_28092026_075120.csv
Autopista Central,Facturado,0020821947,Tránsito Tag,LDWP36,2026-08-31,06:13:51,PA13,Ruta 5 Sur - Norte,181.86,Autopase_Facturado_Central_0020821947_28092026_075120.csv
Autopista Central,Facturado,0020821947,Tránsito Tag,LPPZ24,2026-08-31,06:40:11,PA13,Ruta 5 Sur - Norte,363.73,Autopase_Facturado_Central_0020821947_28092026_075120.csv
Autopista Central,Facturado,0020821947,Tránsito Tag,LPPZ24,2026-08-31,06:43:14,PA16,Ruta 5 Sur - Norte,425.04,Autopase_Facturado_Central_0020821947_28092026_075120.csv
Autopista Central,Facturado,0020821947,Tránsito Tag,PJHJ69,2026-08-31,06:48:37,PA5,Ruta 5 Sur - Norte,669.27,Autopase_Facturado_Central_0020821947_28092026_075120.csv
Autopista Central,Facturado,0020821947,Tránsito Tag,PJHJ69,2026-08-31,06:52:16,PA19,General Velasquez Sur - Norte,412.57,Autopase_Facturado_Central_0020821947_28092026_075120.csv
Autopista Central,Facturado,0020821947,Tránsito Tag,PJHJ69,2026-08-31,06:55:24,PA21,General Velasquez Sur - Norte,512.34,Autopase_Facturado_Central_0020821947_28092026_075120.csv
Autopista Central,Facturado,0020821947,Tránsito Tag,PJHJ69,2026-08-31,07:10:48,PA23,General Velasquez Sur - Norte,575.74,Autopase_Facturado_Central_0020821947_28092026_075120.csv
Autopista Central,Facturado,0020821947,Tránsito Tag,PJHJ69,2026-08-31,07:14:10,PA25,General Velasquez Sur - Norte,843.86,Autopase_Facturado_Central_0020821947_28092026_075120.csv
Autopista Central,Facturado,0020821947,Tránsito Tag,LPPZ24,2026-08-31,07:17:47,PA18,Ruta 5 Norte - Sur,924.92,Autopase_Facturado_Central_0020821947_28092026_075120.csv
Autopista Central,Facturado,0020821947,Tránsito Tag,LPPZ24,2026-08-31,07:19:10,PA29,General Velasquez Norte - Sur,512.34,Autopase_Facturado_Central_0020821947_28092026_075120.csv
Autopista Central,Facturado,0020821947,Tránsito Tag,LPPZ24,2026-08-31,07:23:37,PA26,General Velasquez Norte - Sur,421.93,Autopase_Facturado_Central_0020821947_28092026_075120.csv
Autopista Central,Facturado,0020821947,Tránsito Tag,LPPZ24,2026-08-31,07:25:06,PA24,General Velasquez Norte - Sur,287.86,Autopase_Facturado_Central_0020821947_28092026_075120.csv
Autopista Central,Facturado,0020821947,Tránsito Tag,PJHJ69,2026-08-31,07:25:52,PA28,General Velasquez Sur - Norte,1024.69,Autopase_Facturado_Central_0020821947_28092026_075120.csv
Autopista Central,Facturado,0020821947,Tránsito Tag,LPPZ24,2026-08-31,07:27:34,PA22,General Velasquez Norte - Sur,512.34,Autopase_Facturado_Central_0020821947_28092026_075120.csv
Autopista Central,Facturado,0020821947,Tránsito Tag,KDRJ20,2026-08-31,07:27:36,PA16,Ruta 5 Sur - Norte,425.04,Autopase_Facturado_Central_0020821947_28092026_075120.csv
Autopista Central,Facturado,0020821947,Tránsito Tag,LPPZ31,2026-08-31,07:29:06,PA21,General Velasquez Sur - Norte,512.34,Autopase_Facturado_Central_0020821947_28092026_075120.csv
Autopista Central,Facturado,0020821947,Tránsito Tag,LPPZ24,2026-08-31,07:29:42,PA20,General Velasquez Norte - Sur,412.57,Autopase_Facturado_Central_0020821947_28092026_075120.csv
Autopista Central,Facturado,0020821947,Tránsito Tag,LPPZ24,2026-08-31,07:31:20,PA32,Ruta 5 Norte - Sur,176.67,Autopase_Facturado_Central_0020821947_28092026_075120.csv
Autopista Central,Facturado,0020821947,Tránsito Tag,PJHJ69,2026-08-31,07:33:00,PA17,Ruta 5 Sur - Norte,924.92,Autopase_Facturado_Central_0020821947_28092026_075120.csv
Autopista Central,Facturado,0020821947,Tránsito Tag,LDWP36,2026-08-31,07:33:05,PA14,Ruta 5 Norte - Sur,363.73,Autopase_Facturado_Central_0020821947_28092026_075120.csv
Autopista Central,Facturado,0020821947,Tránsito Tag,LPPZ24,2026-08-31,07:33:08,PA6,Ruta 5 Norte - Sur,157.96,Autopase_Facturado_Central_0020821947_28092026_075120.csv
Autopista Central,Facturado,0020821947,Tránsito Tag,LPPZ31,2026-08-31,07:34:17,PA23,General Velasquez Sur - Norte,575.74,Autopase_Facturado_Central_0020821947_28092026_075120.csv
Autopista Central,Facturado,0020821947,Tránsito Tag,LDWP36,2026-08-31,07:34:51,PA12,Ruta 5 Norte - Sur,737.86,Autopase_Facturado_Central_0020821947_28092026_075120.csv
Autopista Central,Facturado,0020821947,Tránsito Tag,LDWP36,2026-08-31,07:36:42,PA11,Ruta 5 Norte - Sur,285.79,Autopase_Facturado_Central_0020821947_28092026_075120.csv
Autopista Central,Facturado,0020821947,Tránsito Tag,LDWP36,2026-08-31,07:37:29,PA9,Ruta 5 Norte - Sur,392.83,Autopase_Facturado_Central_0020821947_28092026_075120.csv
Autopista Central,Facturado,0020821947,Tránsito Tag,KDRJ20,2026-08-31,07:37:35,PA17,Ruta 5 Sur - Norte,924.92,Autopase_Facturado_Central_0020821947_28092026_075120.csv
Autopista Central,Facturado,0020821947,Tránsito Tag,LPPZ31,2026-08-31,07:39:07,PA25,General Velasquez Sur - Norte,843.86,Autopase_Facturado_Central_0020821947_28092026_075120.csv
Autopista Central,Facturado,0020821947,Tránsito Tag,LPPZ31,2026-08-31,07:58:11,PA16,Ruta 5 Sur - Norte,850.1,Autopase_Facturado_Central_0020821947_28092026_075120.csv
Autopista Central,Facturado,0020821947,Tránsito Tag,LPPZ31,2026-08-31,08:07:48,PA17,Ruta 5 Sur - Norte,924.92,Autopase_Facturado_Central_0020821947_28092026_075120.csv
Autopista Central,Facturado,0020821947,Tránsito Tag,LJDV98,2026-08-31,08:45:26,PA30,Ruta 5 Sur - Norte,785.66,Autopase_Facturado_Central_0020821947_28092026_075120.csv
Autopista Central,Facturado,0020821947,Tránsito Tag,LJDV98,2026-08-31,08:46:48,PA10,Ruta 5 Sur - Norte,571.58,Autopase_Facturado_Central_0020821947_28092026_075120.csv
Autopista Central,Facturado,0020821947,Tránsito Tag,LPPZ31,2026-08-31,08:48:48,PA18,Ruta 5 Norte - Sur,462.46,Autopase_Facturado_Central_0020821947_28092026_075120.csv
Autopista Central,Facturado,0020821947,Tránsito Tag,PJHJ69,2026-08-31,08:49:00,PA18,Ruta 5 Norte - Sur,462.46,Autopase_Facturado_Central_0020821947_28092026_075120.csv
Autopista Central,Facturado,0020821947,Tránsito Tag,LPPZ31,2026-08-31,08:50:38,PA29,General Velasquez Norte - Sur,512.34,Autopase_Facturado_Central_0020821947_28092026_075120.csv
Autopista Central,Facturado,0020821947,Tránsito Tag,PJHJ69,2026-08-31,08:54:16,PA15,Ruta 5 Norte - Sur,850.1,Autopase_Facturado_Central_0020821947_28092026_075120.csv
Autopista Central,Facturado,0020821947,Tránsito Tag,LJDV98,2026-08-31,08:57:50,PA31,Ruta 5 Sur - Norte,1106.79,Autopase_Facturado_Central_0020821947_28092026_075120.csv
Autopista Central,Facturado,0020821947,Tránsito Tag,LPPZ31,2026-08-31,09:04:59,PA26,General Velasquez Norte - Sur,421.93,Autopase_Facturado_Central_0020821947_28092026_075120.csv
Autopista Central,Facturado,0020821947,Tránsito Tag,LJDV98,2026-08-31,09:07:29,PA13,Ruta 5 Sur - Norte,363.73,Autopase_Facturado_Central_0020821947_28092026_075120.csv
Autopista Central,Facturado,0020821947,Tránsito Tag,LJDV98,2026-08-31,09:14:22,PA16,Ruta 5 Sur - Norte,850.1,Autopase_Facturado_Central_0020821947_28092026_075120.csv
Autopista Central,Facturado,0020821947,Tránsito Tag,LJDV98,2026-08-31,09:20:33,PA17,Ruta 5 Sur - Norte,924.92,Autopase_Facturado_Central_0020821947_28092026_075120.csv
Autopista Central,Facturado,0020821947,Tránsito Tag,PJHJ69,2026-08-31,09:21:57,PA14,Ruta 5 Norte - Sur,363.73,Autopase_Facturado_Central_0020821947_28092026_075120.csv
Autopista Central,Facturado,0020821947,Tránsito Tag,PJHJ69,2026-08-31,09:23:26,PA12,Ruta 5 Norte - Sur,737.86,Autopase_Facturado_Central_0020821947_28092026_075120.csv
Autopista Central,Facturado,0020821947,Tránsito Tag,LPPZ31,2026-08-31,09:23:45,PA22,General Velasquez Norte - Sur,512.34,Autopase_Facturado_Central_0020821947_28092026_075120.csv
Autopista Central,Facturado,0020821947,Tránsito Tag,PJHJ69,2026-08-31,09:25:24,PA11,Ruta 5 Norte - Sur,285.79,Autopase_Facturado_Central_0020821947_28092026_075120.csv
Autopista Central,Facturado,0020821947,Tránsito Tag,KDRJ20,2026-08-31,10:04:19,PA18,Ruta 5 Norte - Sur,462.46,Autopase_Facturado_Central_0020821947_28092026_075120.csv
Autopista Central,Facturado,0020821947,Tránsito Tag,LJDV98,2026-08-31,10:04:19,PA18,Ruta 5 Norte - Sur,462.46,Autopase_Facturado_Central_0020821947_28092026_075120.csv
Autopista Central,Facturado,0020821947,Tránsito Tag,LJDV98,2026-08-31,10:12:56,PA15,Ruta 5 Norte - Sur,425.04,Autopase_Facturado_Central_0020821947_28092026_075120.csv
Autopista Central,Facturado,0020821947,Tránsito Tag,KDRJ20,2026-08-31,10:12:57,PA15,Ruta 5 Norte - Sur,425.04,Autopase_Facturado_Central_0020821947_28092026_075120.csv
Autopista Central,Facturado,0020821947,Tránsito Tag,LJDV98,2026-08-31,10:17:37,PA14,Ruta 5 Norte - Sur,545.6,Autopase_Facturado_Central_0020821947_28092026_075120.csv
Autopista Central,Facturado,0020821947,Tránsito Tag,KDRJ20,2026-08-31,10:17:38,PA14,Ruta 5 Norte - Sur,545.6,Autopase_Facturado_Central_0020821947_28092026_075120.csv
Autopista Central,Facturado,0020821947,Tránsito Tag,KDRJ20,2026-08-31,10:20:20,PA12,Ruta 5 Norte - Sur,1106.79,Autopase_Facturado_Central_0020821947_28092026_075120.csv
Autopista Central,Facturado,0020821947,Tránsito Tag,LJDV98,2026-08-31,10:20:20,PA12,Ruta 5 Norte - Sur,1106.79,Autopase_Facturado_Central_0020821947_28092026_075120.csv
Autopista Central,Facturado,0020821947,Tránsito Tag,LJDV98,2026-08-31,10:23:50,PA11,Ruta 5 Norte - Sur,285.79,Autopase_Facturado_Central_0020821947_28092026_075120.csv
Autopista Central,Facturado,0020821947,Tránsito Tag,KDRJ20,2026-08-31,10:23:51,PA11,Ruta 5 Norte - Sur,285.79,Autopase_Facturado_Central_0020821947_28092026_075120.csv
Autopista Central,Facturado,0020821947,Tránsito Tag,KDRJ20,2026-08-31,10:25:24,PA9,Ruta 5 Norte - Sur,392.83,Autopase_Facturado_Central_0020821947_28092026_075120.csv
Autopista Central,Facturado,0020821947,Tránsito Tag,LJDV98,2026-08-31,10:25:24,PA9,Ruta 5 Norte - Sur,392.83,Autopase_Facturado_Central_0020821947_28092026_075120.csv
Autopista Central,Facturado,0020821947,Tránsito Tag,LJDV98,2026-08-31,12:51:36,PA30,Ruta 5 Sur - Norte,392.83,Autopase_Facturado_Central_0020821947_28092026_075120.csv
Autopista Central,Facturado,0020821947,Tránsito Tag,LJDV98,2026-08-31,12:52:37,PA10,Ruta 5 Sur - Norte,285.79,Autopase_Facturado_Central_0020821947_28092026_075120.csv
Autopista Central,Facturado,0020821947,Tránsito Tag,LJDV98,2026-08-31,12:55:32,PA31,Ruta 5 Sur - Norte,737.86,Autopase_Facturado_Central_0020821947_28092026_075120.csv
Autopista Central,Facturado,0020821947,Tránsito Tag,HXJJ44,2026-08-31,17:25:44,PA13,Ruta 5 Sur - Norte,363.73,Autopase_Facturado_Central_0020821947_28092026_075120.csv
Autopista Central,Facturado,0020821947,Tránsito Tag,HXJJ44,2026-08-31,17:29:28,PA16,Ruta 5 Sur - Norte,425.04,Autopase_Facturado_Central_0020821947_28092026_075120.csv
Autopista Central,Facturado,0020821947,Tránsito Tag,HXJJ44,2026-08-31,17:35:33,PA17,Ruta 5 Sur - Norte,924.92,Autopase_Facturado_Central_0020821947_28092026_075120.csv
Autopista Central,Facturado,0020821947,Tránsito Tag,LPPZ24,2026-08-31,17:55:00,PA5,Ruta 5 Sur - Norte,334.63,Autopase_Facturado_Central_0020821947_28092026_075120.csv
Autopista Central,Facturado,0020821947,Tránsito Tag,LPPZ24,2026-08-31,17:56:56,PA19,General Velasquez Sur - Norte,412.57,Autopase_Facturado_Central_0020821947_28092026_075120.csv
Autopista Central,Facturado,0020821947,Tránsito Tag,LPPZ24,2026-08-31,18:49:35,PA10,Ruta 5 Sur - Norte,285.79,Autopase_Facturado_Central_0020821947_28092026_075120.csv
Autopista Central,Facturado,0020821947,Tránsito Tag,LPPZ24,2026-08-31,18:51:34,PA31,Ruta 5 Sur - Norte,737.86,Autopase_Facturado_Central_0020821947_28092026_075120.csv
Autopista Central,Facturado,0020821947,Tránsito Tag,LPPZ24,2026-08-31,18:53:05,PA13,Ruta 5 Sur - Norte,363.73,Autopase_Facturado_Central_0020821947_28092026_075120.csv
Autopista Central,Facturado,0020821947,Tránsito Tag,LDWP36,2026-08-31,18:55:54,PA23,General Velasquez Sur - Norte,287.86,Autopase_Facturado_Central_0020821947_28092026_075120.csv
Autopista Central,Facturado,0020821947,Tránsito Tag,LPPZ24,2026-08-31,18:56:01,PA16,Ruta 5 Sur - Norte,425.04,Autopase_Facturado_Central_0020821947_28092026_075120.csv
Autopista Central,Facturado,0020821947,Tránsito Tag,LDWP36,2026-08-31,18:57:38,PA25,General Velasquez Sur - Norte,421.93,Autopase_Facturado_Central_0020821947_28092026_075120.csv
Autopista Central,Facturado,0020821947,Tránsito Tag,LPPZ24,2026-08-31,19:02:43,PA17,Ruta 5 Sur - Norte,924.92,Autopase_Facturado_Central_0020821947_28092026_075120.csv
Autopista Central,Facturado,0020821947,Tránsito Tag,LDWP36,2026-08-31,19:12:16,PA28,General Velasquez Sur - Norte,512.34,Autopase_Facturado_Central_0020821947_28092026_075120.csv
Autopista Central,Facturado,0020821947,Tránsito Tag,LDWP36,2026-08-31,19:16:09,PA17,Ruta 5 Sur - Norte,924.92,Autopase_Facturado_Central_0020821947_28092026_075120.csv
Autopista Central,Facturado,0020821947,Tránsito Tag,HXJJ44,2026-08-31,19:19:29,PA17,Ruta 5 Sur - Norte,924.92,Autopase_Facturado_Central_0020821947_28092026_075120.csv
Autopista Central,Facturado,0020821947,Tránsito Tag,LJDV98,2026-08-31,19:40:54,PA16,Ruta 5 Sur - Norte,425.04,Autopase_Facturado_Central_0020821947_28092026_075120.csv
Autopista Central,Facturado,0020821947,Tránsito Tag,LJDV98,2026-08-31,19:44:34,PA17,Ruta 5 Sur - Norte,462.46,Autopase_Facturado_Central_0020821947_28092026_075120.csv
Autopista Central,Facturado,0020821947,Tránsito Tag,LJDV98,2026-08-31,20:20:56,PA18,Ruta 5 Norte - Sur,462.46,Autopase_Facturado_Central_0020821947_28092026_075120.csv
Autopista Central,Facturado,0020821947,Tránsito Tag,LDWP36,2026-08-31,20:21:58,PA18,Ruta 5 Norte - Sur,462.46,Autopase_Facturado_Central_0020821947_28092026_075120.csv
Autopista Central,Facturado,0020821947,Tránsito Tag,LPPZ24,2026-08-31,20:25:44,PA18,Ruta 5 Norte - Sur,462.46,Autopase_Facturado_Central_0020821947_28092026_075120.csv
Autopista Central,Facturado,0020821947,Tránsito Tag,LJDV98,2026-08-31,20:26:09,PA15,Ruta 5 Norte - Sur,850.1,Autopase_Facturado_Central_0020821947_28092026_075120.csv
Autopista Central,Facturado,0020821947,Tránsito Tag,LDWP36,2026-08-31,20:26:29,PA15,Ruta 5 Norte - Sur,850.1,Autopase_Facturado_Central_0020821947_28092026_075120.csv
Autopista Central,Facturado,0020821947,Tránsito Tag,LPPZ24,2026-08-31,20:39:55,PA14,Ruta 5 Norte - Sur,181.86,Autopase_Facturado_Central_0020821947_28092026_075120.csv
Autopista Central,Facturado,0020821947,Tránsito Tag,LPPZ24,2026-08-31,20:41:34,PA12,Ruta 5 Norte - Sur,368.93,Autopase_Facturado_Central_0020821947_28092026_075120.csv
Autopista Central,Facturado,0020821947,Tránsito Tag,LPPZ24,2026-08-31,20:43:39,PA11,Ruta 5 Norte - Sur,285.79,Autopase_Facturado_Central_0020821947_28092026_075120.csv
Autopista Central,Facturado,0020821947,Tránsito Tag,LDWP36,2026-08-31,20:53:12,PA13,Ruta 5 Sur - Norte,181.86,Autopase_Facturado_Central_0020821947_28092026_075120.csv
Autopista Central,Facturado,0020821947,Tránsito Tag,LPPZ24,2026-08-31,20:54:00,PA22,General Velasquez Norte - Sur,512.34,Autopase_Facturado_Central_0020821947_28092026_075120.csv
Autopista Central,Facturado,0020821947,Tránsito Tag,LPPZ24,2026-08-31,20:56:04,PA20,General Velasquez Norte - Sur,412.57,Autopase_Facturado_Central_0020821947_28092026_075120.csv
Autopista Central,Facturado,0020821947,Tránsito Tag,LPPZ24,2026-08-31,20:57:31,PA32,Ruta 5 Norte - Sur,176.67,Autopase_Facturado_Central_0020821947_28092026_075120.csv
Autopista Central,Facturado,0020821947,Tránsito Tag,LPPZ24,2026-08-31,20:59:04,PA6,Ruta 5 Norte - Sur,157.96,Autopase_Facturado_Central_0020821947_28092026_075120.csv
Autopista Central,Facturado,0020821947,Tránsito Tag,LPPZ24,2026-08-31,21:00:02,PA37,Ruta 5 Norte - Sur,455.18,Autopase_Facturado_Central_0020821947_28092026_075120.csv
Autopista Central,Facturado,0020821947,Tránsito Tag,KXZS95,2026-08-31,23:40:27,PA26,General Velasquez Norte - Sur,421.93,Autopase_Facturado_Central_0020821947_28092026_075120.csv
Autopista Central,Facturado,0020821947,Tránsito Tag,KXZS95,2026-08-31,23:41:43,PA24,General Velasquez Norte - Sur,287.86,Autopase_Facturado_Central_0020821947_28092026_075120.csv
Autopista Central,Facturado,0020821947,Tránsito Tag,KXZS95,2026-08-31,23:44:00,PA22,General Velasquez Norte - Sur,512.34,Autopase_Facturado_Central_0020821947_28092026_075120.csv
Autopista Central,Facturado,0020821947,Tránsito Tag,KXZS95,2026-09-01,05:04:13,PA21,General Velasquez Sur - Norte,512.34,Autopase_Facturado_Central_0020821947_28092026_075120.csv
Autopista Central,Facturado,0020821947,Tránsito Tag,KXZS95,2026-09-01,05:06:37,PA23,General Velasquez Sur - Norte,287.86,Autopase_Facturado_Central_0020821947_28092026_075120.csv
Autopista Central,Facturado,0020821947,Tránsito Tag,KXZS95,2026-09-01,05:07:59,PA25,General Velasquez Sur - Norte,421.93,Autopase_Facturado_Central_0020821947_28092026_075120.csv
Autopista Central,Facturado,0020821947,Tránsito Tag,KXZS95,2026-09-01,05:18:35,PA28,General Velasquez Sur - Norte,512.34,Autopase_Facturado_Central_0020821947_28092026_075120.csv
Autopista Central,Facturado,0020821947,Tránsito Tag,KXZS95,2026-09-01,05:19:43,PA17,Ruta 5 Sur - Norte,462.46,Autopase_Facturado_Central_0020821947_28092026_075120.csv
Autopista Central,Facturado,0020821947,Tránsito Tag,LPPZ24,2026-09-01,05:38:55,PA7,Ruta 5 Sur - Norte,452.06,Autopase_Facturado_Central_0020821947_28092026_075120.csv
Autopista Central,Facturado,0020821947,Tránsito Tag,LPPZ31,2026-09-01,06:05:36,PA30,Ruta 5 Sur - Norte,392.83,Autopase_Facturado_Central_0020821947_28092026_075120.csv
Autopista Central,Facturado,0020821947,Tránsito Tag,LPPZ31,2026-09-01,06:06:30,PA10,Ruta 5 Sur - Norte,285.79,Autopase_Facturado_Central_0020821947_28092026_075120.csv
Autopista Central,Facturado,0020821947,Tránsito Tag,LPPZ31,2026-09-01,06:08:23,PA31,Ruta 5 Sur - Norte,368.93,Autopase_Facturado_Central_0020821947_28092026_075120.csv
Autopista Central,Facturado,0020821947,Tránsito Tag,LPPZ31,2026-09-01,06:09:53,PA13,Ruta 5 Sur - Norte,181.86,Autopase_Facturado_Central_0020821947_28092026_075120.csv
Autopista Central,Facturado,0020821947,Tránsito Tag,PJHJ69,2026-09-01,06:24:59,PA8,Ruta 5 Norte - Sur,452.06,Autopase_Facturado_Central_0020821947_28092026_075120.csv
Autopista Central,Facturado,0020821947,Tránsito Tag,PJHJ69,2026-09-01,06:26:04,PA32,Ruta 5 Norte - Sur,176.67,Autopase_Facturado_Central_0020821947_28092026_075120.csv
Autopista Central,Facturado,0020821947,Tránsito Tag,PJHJ69,2026-09-01,06:27:32,PA6,Ruta 5 Norte - Sur,157.96,Autopase_Facturado_Central_0020821947_28092026_075120.csv
Autopista Central,Facturado,0020821947,Tránsito Tag,LPPZ24,2026-09-01,06:50:00,PA13,Ruta 5 Sur - Norte,363.73,Autopase_Facturado_Central_0020821947_28092026_075120.csv
Autopista Central,Facturado,0020821947,Tránsito Tag,PJHJ69,2026-09-01,06:50:29,PA5,Ruta 5 Sur - Norte,669.27,Autopase_Facturado_Central_0020821947_28092026_075120.csv
Autopista Central,Facturado,0020821947,Tránsito Tag,LPPZ24,2026-09-01,06:53:08,PA16,Ruta 5 Sur - Norte,425.04,Autopase_Facturado_Central_0020821947_28092026_075120.csv
Autopista Central,Facturado,0020821947,Tránsito Tag,PJHJ69,2026-09-01,06:54:11,PA7,Ruta 5 Sur - Norte,452.06,Autopase_Facturado_Central_0020821947_28092026_075120.csv
Autopista Central,Facturado,0020821947,Tránsito Tag,LPPZ31,2026-09-01,07:07:47,PA14,Ruta 5 Norte - Sur,363.73,Autopase_Facturado_Central_0020821947_28092026_075120.csv
Autopista Central,Facturado,0020821947,Tránsito Tag,LPPZ31,2026-09-01,07:09:18,PA12,Ruta 5 Norte - Sur,737.86,Autopase_Facturado_Central_0020821947_28092026_075120.csv
Autopista Central,Facturado,0020821947,Tránsito Tag,LPPZ31,2026-09-01,07:11:14,PA11,Ruta 5 Norte - Sur,285.79,Autopase_Facturado_Central_0020821947_28092026_075120.csv
Autopista Central,Facturado,0020821947,Tránsito Tag,LPPZ31,2026-09-01,07:12:05,PA9,Ruta 5 Norte - Sur,392.83,Autopase_Facturado_Central_0020821947_28092026_075120.csv
Autopista Central,Facturado,0020821947,Tránsito Tag,PJHJ69,2026-09-01,07:39:43,PA31,Ruta 5 Sur - Norte,737.86,Autopase_Facturado_Central_0020821947_28092026_075120.csv
Autopista Central,Facturado,0020821947,Tránsito Tag,LPPZ24,2026-09-01,07:39:52,PA18,Ruta 5 Norte - Sur,924.92,Autopase_Facturado_Central_0020821947_28092026_075120.csv
Autopista Central,Facturado,0020821947,Tránsito Tag,LPPZ24,2026-09-01,07:41:24,PA29,General Velasquez Norte - Sur,512.34,Autopase_Facturado_Central_0020821947_28092026_075120.csv
Autopista Central,Facturado,0020821947,Tránsito Tag,PJHJ69,2026-09-01,07:42:50,PA13,Ruta 5 Sur - Norte,363.73,Autopase_Facturado_Central_0020821947_28092026_075120.csv
Autopista Central,Facturado,0020821947,Tránsito Tag,PJHJ69,2026-09-01,07:46:21,PA16,Ruta 5 Sur - Norte,850.1,Autopase_Facturado_Central_0020821947_28092026_075120.csv
Autopista Central,Facturado,0020821947,Tránsito Tag,LPPZ24,2026-09-01,07:46:32,PA26,General Velasquez Norte - Sur,421.93,Autopase_Facturado_Central_0020821947_28092026_075120.csv
Autopista Central,Facturado,0020821947,Tránsito Tag,LPPZ24,2026-09-01,07:48:00,PA24,General Velasquez Norte - Sur,287.86,Autopase_Facturado_Central_0020821947_28092026_075120.csv
Autopista Central,Facturado,0020821947,Tránsito Tag,LPPZ24,2026-09-01,07:50:36,PA22,General Velasquez Norte - Sur,512.34,Autopase_Facturado_Central_0020821947_28092026_075120.csv
Autopista Central,Facturado,0020821947,Tránsito Tag,PJHJ69,2026-09-01,07:52:24,PA17,Ruta 5 Sur - Norte,924.92,Autopase_Facturado_Central_0020821947_28092026_075120.csv
Autopista Central,Facturado,0020821947,Tránsito Tag,LPPZ24,2026-09-01,07:52:27,PA20,General Velasquez Norte - Sur,412.57,Autopase_Facturado_Central_0020821947_28092026_075120.csv
Autopista Central,Facturado,0020821947,Tránsito Tag,LPPZ24,2026-09-01,07:53:54,PA32,Ruta 5 Norte - Sur,176.67,Autopase_Facturado_Central_0020821947_28092026_075120.csv
Autopista Central,Facturado,0020821947,Tránsito Tag,LPPZ24,2026-09-01,07:55:32,PA6,Ruta 5 Norte - Sur,157.96,Autopase_Facturado_Central_0020821947_28092026_075120.csv
Autopista Central,Facturado,0020821947,Tránsito Tag,PJHJ69,2026-09-01,08:37:52,PA18,Ruta 5 Norte - Sur,462.46,Autopase_Facturado_Central_0020821947_28092026_075120.csv
Autopista Central,Facturado,0020821947,Tránsito Tag,PJHJ69,2026-09-01,08:42:52,PA15,Ruta 5 Norte - Sur,850.1,Autopase_Facturado_Central_0020821947_28092026_075120.csv
Autopista Central,Facturado,0020821947,Tránsito Tag,PJHJ69,2026-09-01,08:48:16,PA14,Ruta 5 Norte - Sur,181.86,Autopase_Facturado_Central_0020821947_28092026_075120.csv
Autopista Central,Facturado,0020821947,Tránsito Tag,PJHJ69,2026-09-01,08:49:42,PA12,Ruta 5 Norte - Sur,368.93,Autopase_Facturado_Central_0020821947_28092026_075120.csv
Autopista Central,Facturado,0020821947,Tránsito Tag,PJHJ69,2026-09-01,08:51:48,PA11,Ruta 5 Norte - Sur,285.79,Autopase_Facturado_Central_0020821947_28092026_075120.csv
Autopista Central,Facturado,0020821947,Tránsito Tag,LPPZ24,2026-09-01,17:53:18,PA7,Ruta 5 Sur - Norte,452.06,Autopase_Facturado_Central_0020821947_28092026_075120.csv
Autopista Central,Facturado,0020821947,Tránsito Tag,HXJJ44,2026-09-01,17:53:32,PA28,General Velasquez Sur - Norte,512.34,Autopase_Facturado_Central_0020821947_28092026_075120.csv
Autopista Central,Facturado,0020821947,Tránsito Tag,HXJJ44,2026-09-01,17:59:42,PA17,Ruta 5 Sur - Norte,924.92,Autopase_Facturado_Central_0020821947_28092026_075120.csv
Autopista Central,Facturado,0020821947,Tránsito Tag,LPPZ24,2026-09-01,18:49:03,PA10,Ruta 5 Sur - Norte,285.79,Autopase_Facturado_Central_0020821947_28092026_075120.csv
Autopista Central,Facturado,0020821947,Tránsito Tag,LPPZ24,2026-09-01,18:51:06,PA31,Ruta 5 Sur - Norte,737.86,Autopase_Facturado_Central_0020821947_28092026_075120.csv
Autopista Central,Facturado,0020821947,Tránsito Tag,LPPZ24,2026-09-01,18:52:51,PA13,Ruta 5 Sur - Norte,363.73,Autopase_Facturado_Central_0020821947_28092026_075120.csv
Autopista Central,Facturado,0020821947,Tránsito Tag,LPPZ24,2026-09-01,18:56:05,PA16,Ruta 5 Sur - Norte,425.04,Autopase_Facturado_Central_0020821947_28092026_075120.csv
Autopista Central,Facturado,0020821947,Tránsito Tag,LPPZ24,2026-09-01,19:01:20,PA17,Ruta 5 Sur - Norte,924.92,Autopase_Facturado_Central_0020821947_28092026_075120.csv
Autopista Central,Facturado,0020821947,Tránsito Tag,LPPZ31,2026-09-01,19:14:03,PA28,General Velasquez Sur - Norte,512.34,Autopase_Facturado_Central_0020821947_28092026_075120.csv
Autopista Central,Facturado,0020821947,Tránsito Tag,LPPZ31,2026-09-01,19:15:37,PA17,Ruta 5 Sur - Norte,924.92,Autopase_Facturado_Central_0020821947_28092026_075120.csv
Autopista Central,Facturado,0020821947,Tránsito Tag,HXJJ44,2026-09-01,19:19:44,PA28,General Velasquez Sur - Norte,512.34,Autopase_Facturado_Central_0020821947_28092026_075120.csv
Autopista Central,Facturado,0020821947,Tránsito Tag,HXJJ44,2026-09-01,19:21:21,PA17,Ruta 5 Sur - Norte,924.92,Autopase_Facturado_Central_0020821947_28092026_075120.csv
Autopista Central,Facturado,0020821947,Tránsito Tag,LJDV98,2026-09-01,19:35:21,PA16,Ruta 5 Sur - Norte,425.04,Autopase_Facturado_Central_0020821947_28092026_075120.csv
Autopista Central,Facturado,0020821947,Tránsito Tag,LJDV98,2026-09-01,19:38:43,PA17,Ruta 5 Sur - Norte,462.46,Autopase_Facturado_Central_0020821947_28092026_075120.csv
Autopista Central,Facturado,0020821947,Tránsito Tag,LPPZ31,2026-09-01,20:18:59,PA18,Ruta 5 Norte - Sur,462.46,Autopase_Facturado_Central_0020821947_28092026_075120.csv
Autopista Central,Facturado,0020821947,Tránsito Tag,LPPZ31,2026-09-01,20:23:18,PA15,Ruta 5 Norte - Sur,850.1,Autopase_Facturado_Central_0020821947_28092026_075120.csv
Autopista Central,Facturado,0020821947,Tránsito Tag,LPPZ31,2026-09-01,20:25:41,PA14,Ruta 5 Norte - Sur,363.73,Autopase_Facturado_Central_0020821947_28092026_075120.csv
Autopista Central,Facturado,0020821947,Tránsito Tag,LPPZ24,2026-09-01,20:25:56,PA18,Ruta 5 Norte - Sur,462.46,Autopase_Facturado_Central_0020821947_28092026_075120.csv
Autopista Central,Facturado,0020821947,Tránsito Tag,LJDV98,2026-09-01,20:27:38,PA18,Ruta 5 Norte - Sur,462.46,Autopase_Facturado_Central_0020821947_28092026_075120.csv
Autopista Central,Facturado,0020821947,Tránsito Tag,LJDV98,2026-09-01,20:32:21,PA15,Ruta 5 Norte - Sur,425.04,Autopase_Facturado_Central_0020821947_28092026_075120.csv
Autopista Central,Facturado,0020821947,Tránsito Tag,LJDV98,2026-09-01,20:34:27,PA14,Ruta 5 Norte - Sur,181.86,Autopase_Facturado_Central_0020821947_28092026_075120.csv
Autopista Central,Facturado,0020821947,Tránsito Tag,LPPZ24,2026-09-01,20:38:30,PA14,Ruta 5 Norte - Sur,181.86,Autopase_Facturado_Central_0020821947_28092026_075120.csv
Autopista Central,Facturado,0020821947,Tránsito Tag,LPPZ24,2026-09-01,20:40:01,PA12,Ruta 5 Norte - Sur,368.93,Autopase_Facturado_Central_0020821947_28092026_075120.csv
Autopista Central,Facturado,0020821947,Tránsito Tag,LPPZ24,2026-09-01,21:07:10,PA9,Ruta 5 Norte - Sur,392.83,Autopase_Facturado_Central_0020821947_28092026_075120.csv
Autopista Central,Facturado,0020821947,Tránsito Tag,LPPZ24,2026-09-01,21:09:58,PA8,Ruta 5 Norte - Sur,452.06,Autopase_Facturado_Central_0020821947_28092026_075120.csv
Autopista Central,Facturado,0020821947,Tránsito Tag,LPPZ24,2026-09-01,21:10:57,PA32,Ruta 5 Norte - Sur,176.67,Autopase_Facturado_Central_0020821947_28092026_075120.csv
Autopista Central,Facturado,0020821947,Tránsito Tag,LPPZ24,2026-09-01,21:15:22,PA6,Ruta 5 Norte - Sur,157.96,Autopase_Facturado_Central_0020821947_28092026_075120.csv
Autopista Central,Facturado,0020821947,Tránsito Tag,CYPW26,2026-09-01,22:16:41,PA12,Ruta 5 Norte - Sur,368.93,Autopase_Facturado_Central_0020821947_28092026_075120.csv
Autopista Central,Facturado,0020821947,Tránsito Tag,CYPW26,2026-09-01,22:18:56,PA11,Ruta 5 Norte - Sur,285.79,Autopase_Facturado_Central_0020821947_28092026_075120.csv
Autopista Central,Facturado,0020821947,Tránsito Tag,CYPW26,2026-09-01,22:19:55,PA9,Ruta 5 Norte - Sur,392.83,Autopase_Facturado_Central_0020821947_28092026_075120.csv
Autopista Central,Facturado,0020821947,Tránsito Tag,LPPZ31,2026-09-01,22:55:44,PA7,Ruta 5 Sur - Norte,452.06,Autopase_Facturado_Central_0020821947_28092026_075120.csv
Autopista Central,Facturado,0020821947,Tránsito Tag,KXZS95,2026-09-01,23:20:53,PA14,Ruta 5 Norte - Sur,181.86,Autopase_Facturado_Central_0020821947_28092026_075120.csv
Autopista Central,Facturado,0020821947,Tránsito Tag,KXZS95,2026-09-01,23:24:22,PA12,Ruta 5 Norte - Sur,368.93,Autopase_Facturado_Central_0020821947_28092026_075120.csv
Autopista Central,Facturado,0020821947,Tránsito Tag,KXZS95,2026-09-01,23:26:17,PA11,Ruta 5 Norte - Sur,285.79,Autopase_Facturado_Central_0020821947_28092026_075120.csv
Autopista Central,Facturado,0020821947,Tránsito Tag,KXZS95,2026-09-01,23:27:07,PA9,Ruta 5 Norte - Sur,392.83,Autopase_Facturado_Central_0020821947_28092026_075120.csv
Autopista Central,Facturado,0020821947,Tránsito Tag,LJDV98,2026-09-01,23:46:58,PA20,General Velasquez Norte - Sur,412.57,Autopase_Facturado_Central_0020821947_28092026_075120.csv
Autopista Central,Facturado,0020821947,Tránsito Tag,LJDV98,2026-09-01,23:48:33,PA32,Ruta 5 Norte - Sur,176.67,Autopase_Facturado_Central_0020821947_28092026_075120.csv
Autopista Central,Facturado,0020821947,Tránsito Tag,KXZS95,2026-09-02,00:32:06,PA32,Ruta 5 Norte - Sur,176.67,Autopase_Facturado_Central_0020821947_28092026_075120.csv
Autopista Central,Facturado,0020821947,Tránsito Tag,PJHJ69,2026-09-02,00:57:01,PA10,Ruta 5 Sur - Norte,285.79,Autopase_Facturado_Central_0020821947_28092026_075120.csv
Autopista Central,Facturado,0020821947,Tránsito Tag,PJHJ69,2026-09-02,00:59:01,PA31,Ruta 5 Sur - Norte,368.93,Autopase_Facturado_Central_0020821947_28092026_075120.csv
Autopista Central,Facturado,0020821947,Tránsito Tag,KXZS95,2026-09-02,01:00:18,PA5,Ruta 5 Sur - Norte,334.63,Autopase_Facturado_Central_0020821947_28092026_075120.csv
Autopista Central,Facturado,0020821947,Tránsito Tag,PJHJ69,2026-09-02,01:00:29,PA13,Ruta 5 Sur - Norte,181.86,Autopase_Facturado_Central_0020821947_28092026_075120.csv
Autopista Central,Facturado,0020821947,Tránsito Tag,KXZS95,2026-09-02,01:02:12,PA19,General Velasquez Sur - Norte,412.57,Autopase_Facturado_Central_0020821947_28092026_075120.csv
Autopista Central,Facturado,0020821947,Tránsito Tag,LPPZ31,2026-09-02,01:09:23,PA21,General Velasquez Sur - Norte,512.34,Autopase_Facturado_Central_0020821947_28092026_075120.csv
Autopista Central,Facturado,0020821947,Tránsito Tag,LPPZ31,2026-09-02,01:11:52,PA23,General Velasquez Sur - Norte,287.86,Autopase_Facturado_Central_0020821947_28092026_075120.csv
Autopista Central,Facturado,0020821947,Tránsito Tag,PJHJ69,2026-09-02,01:13:14,PA14,Ruta 5 Norte - Sur,181.86,Autopase_Facturado_Central_0020821947_28092026_075120.csv
Autopista Central,Facturado,0020821947,Tránsito Tag,LPPZ31,2026-09-02,01:21:29,PA24,General Velasquez Norte - Sur,287.86,Autopase_Facturado_Central_0020821947_28092026_075120.csv
Autopista Central,Facturado,0020821947,Tránsito Tag,PJHJ69,2026-09-02,01:24:04,PA16,Ruta 5 Sur - Norte,425.04,Autopase_Facturado_Central_0020821947_28092026_075120.csv
Autopista Central,Facturado,0020821947,Tránsito Tag,LPPZ31,2026-09-02,01:24:11,PA22,General Velasquez Norte - Sur,512.34,Autopase_Facturado_Central_0020821947_28092026_075120.csv
Autopista Central,Facturado,0020821947,Tránsito Tag,LPPZ31,2026-09-02,01:26:05,PA21,General Velasquez Sur - Norte,512.34,Autopase_Facturado_Central_0020821947_28092026_075120.csv
Autopista Central,Facturado,0020821947,Tránsito Tag,PJHJ69,2026-09-02,01:33:54,PA17,Ruta 5 Sur - Norte,462.46,Autopase_Facturado_Central_0020821947_28092026_075120.csv
Autopista Central,Facturado,0020821947,Tránsito Tag,KXZS95,2026-09-02,03:42:32,PA32,Ruta 5 Norte - Sur,176.67,Autopase_Facturado_Central_0020821947_28092026_075120.csv
Autopista Central,Facturado,0020821947,Tránsito Tag,KXZS95,2026-09-02,04:48:11,PA3,Ruta 5 Sur - Norte,585.09,Autopase_Facturado_Central_0020821947_28092026_075120.csv
Autopista Central,Facturado,0020821947,Tránsito Tag,KXZS95,2026-09-02,04:50:45,PA5,Ruta 5 Sur - Norte,334.63,Autopase_Facturado_Central_0020821947_28092026_075120.csv
Autopista Central,Facturado,0020821947,Tránsito Tag,KXZS95,2026-09-02,05:00:46,PA19,General Velasquez Sur - Norte,412.57,Autopase_Facturado_Central_0020821947_28092026_075120.csv
Autopista Central,Facturado,0020821947,Tránsito Tag,LPPZ31,2026-09-02,05:24:06,PA21,General Velasquez Sur - Norte,512.34,Autopase_Facturado_Central_0020821947_28092026_075120.csv
Autopista Central,Facturado,0020821947,Tránsito Tag,LPPZ31,2026-09-02,05:27:21,PA23,General Velasquez Sur - Norte,287.86,Autopase_Facturado_Central_0020821947_28092026_075120.csv
Autopista Central,Facturado,0020821947,Tránsito Tag,LPPZ31,2026-09-02,05:29:07,PA25,General Velasquez Sur - Norte,421.93,Autopase_Facturado_Central_0020821947_28092026_075120.csv
Autopista Central,Facturado,0020821947,Tránsito Tag,LPPZ24,2026-09-02,05:33:21,PA5,Ruta 5 Sur - Norte,334.63,Autopase_Facturado_Central_0020821947_28092026_075120.csv
Autopista Central,Facturado,0020821947,Tránsito Tag,LPPZ24,2026-09-02,05:35:48,PA7,Ruta 5 Sur - Norte,452.06,Autopase_Facturado_Central_0020821947_28092026_075120.csv
Autopista Central,Facturado,0020821947,Tránsito Tag,LPPZ24,2026-09-02,05:38:37,PA30,Ruta 5 Sur - Norte,392.83,Autopase_Facturado_Central_0020821947_28092026_075120.csv
Autopista Central,Facturado,0020821947,Tránsito Tag,LPPZ24,2026-09-02,05:39:26,PA10,Ruta 5 Sur - Norte,285.79,Autopase_Facturado_Central_0020821947_28092026_075120.csv
Autopista Central,Facturado,0020821947,Tránsito Tag,LPPZ31,2026-09-02,05:41:14,PA28,General Velasquez Sur - Norte,512.34,Autopase_Facturado_Central_0020821947_28092026_075120.csv
Autopista Central,Facturado,0020821947,Tránsito Tag,LPPZ31,2026-09-02,05:42:35,PA17,Ruta 5 Sur - Norte,462.46,Autopase_Facturado_Central_0020821947_28092026_075120.csv
Autopista Central,Facturado,0020821947,Tránsito Tag,LDWP36,2026-09-02,05:59:46,PA31,Ruta 5 Sur - Norte,368.93,Autopase_Facturado_Central_0020821947_28092026_075120.csv
Autopista Central,Facturado,0020821947,Tránsito Tag,LDWP36,2026-09-02,06:01:23,PA13,Ruta 5 Sur - Norte,181.86,Autopase_Facturado_Central_0020821947_28092026_075120.csv
Autopista Central,Facturado,0020821947,Tránsito Tag,PJHJ69,2026-09-02,06:16:43,PA8,Ruta 5 Norte - Sur,452.06,Autopase_Facturado_Central_0020821947_28092026_075120.csv
Autopista Central,Facturado,0020821947,Tránsito Tag,PJHJ69,2026-09-02,06:17:54,PA32,Ruta 5 Norte - Sur,176.67,Autopase_Facturado_Central_0020821947_28092026_075120.csv
Autopista Central,Facturado,0020821947,Tránsito Tag,PJHJ69,2026-09-02,06:19:40,PA6,Ruta 5 Norte - Sur,157.96,Autopase_Facturado_Central_0020821947_28092026_075120.csv
Autopista Central,Facturado,0020821947,Tránsito Tag,LPPZ24,2026-09-02,06:28:04,PA13,Ruta 5 Sur - Norte,181.86,Autopase_Facturado_Central_0020821947_28092026_075120.csv
Autopista Central,Facturado,0020821947,Tránsito Tag,LPPZ24,2026-09-02,06:30:51,PA16,Ruta 5 Sur - Norte,425.04,Autopase_Facturado_Central_0020821947_28092026_075120.csv
Autopista Central,Facturado,0020821947,Tránsito Tag,PJHJ69,2026-09-02,06:51:09,PA5,Ruta 5 Sur - Norte,669.27,Autopase_Facturado_Central_0020821947_28092026_075120.csv
Autopista Central,Facturado,0020821947,Tránsito Tag,PJHJ69,2026-09-02,06:55:11,PA7,Ruta 5 Sur - Norte,904.13,Autopase_Facturado_Central_0020821947_28092026_075120.csv
Autopista Central,Facturado,0020821947,Tránsito Tag,LPPZ24,2026-09-02,07:08:32,PA18,Ruta 5 Norte - Sur,924.92,Autopase_Facturado_Central_0020821947_28092026_075120.csv
Autopista Central,Facturado,0020821947,Tránsito Tag,LPPZ24,2026-09-02,07:09:57,PA29,General Velasquez Norte - Sur,512.34,Autopase_Facturado_Central_0020821947_28092026_075120.csv
Autopista Central,Facturado,0020821947,Tránsito Tag,LPPZ24,2026-09-02,07:14:36,PA26,General Velasquez Norte - Sur,421.93,Autopase_Facturado_Central_0020821947_28092026_075120.csv
Autopista Central,Facturado,0020821947,Tránsito Tag,LPPZ24,2026-09-02,07:16:04,PA24,General Velasquez Norte - Sur,287.86,Autopase_Facturado_Central_0020821947_28092026_075120.csv
Autopista Central,Facturado,0020821947,Tránsito Tag,LDWP36,2026-09-02,07:17:54,PA14,Ruta 5 Norte - Sur,363.73,Autopase_Facturado_Central_0020821947_28092026_075120.csv
Autopista Central,Facturado,0020821947,Tránsito Tag,LPPZ24,2026-09-02,07:18:27,PA22,General Velasquez Norte - Sur,512.34,Autopase_Facturado_Central_0020821947_28092026_075120.csv
Autopista Central,Facturado,0020821947,Tránsito Tag,LDWP36,2026-09-02,07:19:22,PA12,Ruta 5 Norte - Sur,737.86,Autopase_Facturado_Central_0020821947_28092026_075120.csv
Autopista Central,Facturado,0020821947,Tránsito Tag,LPPZ24,2026-09-02,07:20:35,PA20,General Velasquez Norte - Sur,412.57,Autopase_Facturado_Central_0020821947_28092026_075120.csv
Autopista Central,Facturado,0020821947,Tránsito Tag,LDWP36,2026-09-02,07:21:12,PA11,Ruta 5 Norte - Sur,285.79,Autopase_Facturado_Central_0020821947_28092026_075120.csv
Autopista Central,Facturado,0020821947,Tránsito Tag,LDWP36,2026-09-02,07:21:56,PA9,Ruta 5 Norte - Sur,392.83,Autopase_Facturado_Central_0020821947_28092026_075120.csv
Autopista Central,Facturado,0020821947,Tránsito Tag,LPPZ24,2026-09-02,07:22:01,PA32,Ruta 5 Norte - Sur,176.67,Autopase_Facturado_Central_0020821947_28092026_075120.csv
Autopista Central,Facturado,0020821947,Tránsito Tag,LPPZ24,2026-09-02,07:23:31,PA6,Ruta 5 Norte - Sur,157.96,Autopase_Facturado_Central_0020821947_28092026_075120.csv
Autopista Central,Facturado,0020821947,Tránsito Tag,LPPZ31,2026-09-02,07:23:43,PA16,Ruta 5 Sur - Norte,425.04,Autopase_Facturado_Central_0020821947_28092026_075120.csv
Autopista Central,Facturado,0020821947,Tránsito Tag,LPPZ31,2026-09-02,07:28:43,PA17,Ruta 5 Sur - Norte,924.92,Autopase_Facturado_Central_0020821947_28092026_075120.csv
Autopista Central,Facturado,0020821947,Tránsito Tag,PJHJ69,2026-09-02,07:31:29,PA23,General Velasquez Sur - Norte,575.74,Autopase_Facturado_Central_0020821947_28092026_075120.csv
Autopista Central,Facturado,0020821947,Tránsito Tag,PJHJ69,2026-09-02,07:34:04,PA25,General Velasquez Sur - Norte,843.86,Autopase_Facturado_Central_0020821947_28092026_075120.csv
Autopista Central,Facturado,0020821947,Tránsito Tag,PJHJ69,2026-09-02,07:42:13,PA28,General Velasquez Sur - Norte,1537.04,Autopase_Facturado_Central_0020821947_28092026_075120.csv
Autopista Central,Facturado,0020821947,Tránsito Tag,PJHJ69,2026-09-02,07:44:44,PA17,Ruta 5 Sur - Norte,924.92,Autopase_Facturado_Central_0020821947_28092026_075120.csv
Autopista Central,Facturado,0020821947,Tránsito Tag,HXJJ44,2026-09-02,08:16:58,PA22,General Velasquez Norte - Sur,512.34,Autopase_Facturado_Central_0020821947_28092026_075120.csv
Autopista Central,Facturado,0020821947,Tránsito Tag,PJHJ69,2026-09-02,08:23:27,PA18,Ruta 5 Norte - Sur,924.92,Autopase_Facturado_Central_0020821947_28092026_075120.csv
Autopista Central,Facturado,0020821947,Tránsito Tag,KXZS95,2026-09-02,08:23:31,PA18,Ruta 5 Norte - Sur,924.92,Autopase_Facturado_Central_0020821947_28092026_075120.csv
Autopista Central,Facturado,0020821947,Tránsito Tag,PJHJ69,2026-09-02,08:28:22,PA15,Ruta 5 Norte - Sur,425.04,Autopase_Facturado_Central_0020821947_28092026_075120.csv
Autopista Central,Facturado,0020821947,Tránsito Tag,PJHJ69,2026-09-02,08:31:41,PA14,Ruta 5 Norte - Sur,181.86,Autopase_Facturado_Central_0020821947_28092026_075120.csv
Autopista Central,Facturado,0020821947,Tránsito Tag,PJHJ69,2026-09-02,08:33:13,PA12,Ruta 5 Norte - Sur,368.93,Autopase_Facturado_Central_0020821947_28092026_075120.csv
Autopista Central,Facturado,0020821947,Tránsito Tag,PJHJ69,2026-09-02,08:35:07,PA11,Ruta 5 Norte - Sur,285.79,Autopase_Facturado_Central_0020821947_28092026_075120.csv
Autopista Central,Facturado,0020821947,Tránsito Tag,KXZS95,2026-09-02,08:42:10,PA26,General Velasquez Norte - Sur,421.93,Autopase_Facturado_Central_0020821947_28092026_075120.csv
Autopista Central,Facturado,0020821947,Tránsito Tag,LPPZ31,2026-09-02,09:56:39,PA14,Ruta 5 Norte - Sur,181.86,Autopase_Facturado_Central_0020821947_28092026_075120.csv
Autopista Central,Facturado,0020821947,Tránsito Tag,LPPZ31,2026-09-02,09:58:38,PA12,Ruta 5 Norte - Sur,368.93,Autopase_Facturado_Central_0020821947_28092026_075120.csv
Autopista Central,Facturado,0020821947,Tránsito Tag,LPPZ31,2026-09-02,10:00:39,PA11,Ruta 5 Norte - Sur,285.79,Autopase_Facturado_Central_0020821947_28092026_075120.csv
Autopista Central,Facturado,0020821947,Tránsito Tag,LPPZ31,2026-09-02,10:01:25,PA9,Ruta 5 Norte - Sur,392.83,Autopase_Facturado_Central_0020821947_28092026_075120.csv
Autopista Central,Facturado,0020821947,Tránsito Tag,HXJJ44,2026-09-02,13:43:51,PA30,Ruta 5 Sur - Norte,392.83,Autopase_Facturado_Central_0020821947_28092026_075120.csv
Autopista Central,Facturado,0020821947,Tránsito Tag,HXJJ44,2026-09-02,13:44:52,PA10,Ruta 5 Sur - Norte,285.79,Autopase_Facturado_Central_0020821947_28092026_075120.csv
Autopista Central,Facturado,0020821947,Tránsito Tag,HXJJ44,2026-09-02,13:47:27,PA31,Ruta 5 Sur - Norte,737.86,Autopase_Facturado_Central_0020821947_28092026_075120.csv
Autopista Central,Facturado,0020821947,Tránsito Tag,HXJJ44,2026-09-02,14:18:41,PA12,Ruta 5 Norte - Sur,368.93,Autopase_Facturado_Central_0020821947_28092026_075120.csv
Autopista Central,Facturado,0020821947,Tránsito Tag,KXZS95,2026-09-02,14:19:50,PA14,Ruta 5 Norte - Sur,181.86,Autopase_Facturado_Central_0020821947_28092026_075120.csv
Autopista Central,Facturado,0020821947,Tránsito Tag,KXZS95,2026-09-02,14:21:37,PA12,Ruta 5 Norte - Sur,368.93,Autopase_Facturado_Central_0020821947_28092026_075120.csv
Autopista Central,Facturado,0020821947,Tránsito Tag,HXJJ44,2026-09-02,14:24:21,PA11,Ruta 5 Norte - Sur,285.79,Autopase_Facturado_Central_0020821947_28092026_075120.csv
Autopista Central,Facturado,0020821947,Tránsito Tag,HXJJ44,2026-09-02,14:25:23,PA9,Ruta 5 Norte - Sur,392.83,Autopase_Facturado_Central_0020821947_28092026_075120.csv
Autopista Central,Facturado,0020821947,Tránsito Tag,LPPZ24,2026-09-02,18:02:43,PA5,Ruta 5 Sur - Norte,334.63,Autopase_Facturado_Central_0020821947_28092026_075120.csv
Autopista Central,Facturado,0020821947,Tránsito Tag,LPPZ24,2026-09-02,18:04:56,PA19,General Velasquez Sur - Norte,412.57,Autopase_Facturado_Central_0020821947_28092026_075120.csv
Autopista Central,Facturado,0020821947,Tránsito Tag,LPPZ24,2026-09-02,18:58:30,PA10,Ruta 5 Sur - Norte,285.79,Autopase_Facturado_Central_0020821947_28092026_075120.csv
Autopista Central,Facturado,0020821947,Tránsito Tag,LPPZ24,2026-09-02,19:00:19,PA31,Ruta 5 Sur - Norte,368.93,Autopase_Facturado_Central_0020821947_28092026_075120.csv
Autopista Central,Facturado,0020821947,Tránsito Tag,LPPZ24,2026-09-02,19:02:18,PA13,Ruta 5 Sur - Norte,181.86,Autopase_Facturado_Central_0020821947_28092026_075120.csv
Autopista Central,Facturado,0020821947,Tránsito Tag,LPPZ24,2026-09-02,19:05:11,PA16,Ruta 5 Sur - Norte,425.04,Autopase_Facturado_Central_0020821947_28092026_075120.csv
Autopista Central,Facturado,0020821947,Tránsito Tag,LPPZ24,2026-09-02,19:09:27,PA17,Ruta 5 Sur - Norte,924.92,Autopase_Facturado_Central_0020821947_28092026_075120.csv
Autopista Central,Facturado,0020821947,Tránsito Tag,LDWP36,2026-09-02,19:26:28,PA28,General Velasquez Sur - Norte,512.34,Autopase_Facturado_Central_0020821947_28092026_075120.csv
Autopista Central,Facturado,0020821947,Tránsito Tag,LDWP36,2026-09-02,19:28:14,PA17,Ruta 5 Sur - Norte,924.92,Autopase_Facturado_Central_0020821947_28092026_075120.csv
Autopista Central,Facturado,0020821947,Tránsito Tag,LJDV98,2026-09-02,19:47:36,PA16,Ruta 5 Sur - Norte,425.04,Autopase_Facturado_Central_0020821947_28092026_075120.csv
Autopista Central,Facturado,0020821947,Tránsito Tag,LJDV98,2026-09-02,19:51:39,PA17,Ruta 5 Sur - Norte,462.46,Autopase_Facturado_Central_0020821947_28092026_075120.csv
Autopista Central,Facturado,0020821947,Tránsito Tag,LJDV98,2026-09-02,20:18:58,PA18,Ruta 5 Norte - Sur,462.46,Autopase_Facturado_Central_0020821947_28092026_075120.csv
Autopista Central,Facturado,0020821947,Tránsito Tag,LDWP36,2026-09-02,20:20:54,PA18,Ruta 5 Norte - Sur,462.46,Autopase_Facturado_Central_0020821947_28092026_075120.csv
Autopista Central,Facturado,0020821947,Tránsito Tag,LJDV98,2026-09-02,20:23:53,PA15,Ruta 5 Norte - Sur,850.1,Autopase_Facturado_Central_0020821947_28092026_075120.csv
Autopista Central,Facturado,0020821947,Tránsito Tag,LDWP36,2026-09-02,20:25:15,PA15,Ruta 5 Norte - Sur,850.1,Autopase_Facturado_Central_0020821947_28092026_075120.csv
Autopista Central,Facturado,0020821947,Tránsito Tag,LPPZ24,2026-09-02,20:26:02,PA18,Ruta 5 Norte - Sur,462.46,Autopase_Facturado_Central_0020821947_28092026_075120.csv
Autopista Central,Facturado,0020821947,Tránsito Tag,LPPZ24,2026-09-02,20:27:12,PA29,General Velasquez Norte - Sur,1024.69,Autopase_Facturado_Central_0020821947_28092026_075120.csv
Autopista Central,Facturado,0020821947,Tránsito Tag,LJDV98,2026-09-02,20:27:41,PA14,Ruta 5 Norte - Sur,363.73,Autopase_Facturado_Central_0020821947_28092026_075120.csv
Autopista Central,Facturado,0020821947,Tránsito Tag,LPPZ24,2026-09-02,20:31:51,PA26,General Velasquez Norte - Sur,421.93,Autopase_Facturado_Central_0020821947_28092026_075120.csv
Autopista Central,Facturado,0020821947,Tránsito Tag,LPPZ24,2026-09-02,20:33:18,PA24,General Velasquez Norte - Sur,287.86,Autopase_Facturado_Central_0020821947_28092026_075120.csv
Autopista Central,Facturado,0020821947,Tránsito Tag,LPPZ24,2026-09-02,20:56:04,PA9,Ruta 5 Norte - Sur,392.83,Autopase_Facturado_Central_0020821947_28092026_075120.csv
Autopista Central,Facturado,0020821947,Tránsito Tag,LDWP36,2026-09-02,20:57:34,PA12,Ruta 5 Norte - Sur,368.93,Autopase_Facturado_Central_0020821947_28092026_075120.csv
Autopista Central,Facturado,0020821947,Tránsito Tag,LPPZ24,2026-09-02,20:59:00,PA8,Ruta 5 Norte - Sur,452.06,Autopase_Facturado_Central_0020821947_28092026_075120.csv
Autopista Central,Facturado,0020821947,Tránsito Tag,LPPZ24,2026-09-02,21:00:02,PA32,Ruta 5 Norte - Sur,176.67,Autopase_Facturado_Central_0020821947_28092026_075120.csv
Autopista Central,Facturado,0020821947,Tránsito Tag,LPPZ24,2026-09-02,21:01:26,PA6,Ruta 5 Norte - Sur,157.96,Autopase_Facturado_Central_0020821947_28092026_075120.csv
Autopista Central,Facturado,0020821947,Tránsito Tag,LPPZ24,2026-09-02,21:02:28,PA37,Ruta 5 Norte - Sur,455.18,Autopase_Facturado_Central_0020821947_28092026_075120.csv
Autopista Central,Facturado,0020821947,Tránsito Tag,KXZS95,2026-09-03,00:25:50,PA32,Ruta 5 Norte - Sur,176.67,Autopase_Facturado_Central_0020821947_28092026_075120.csv
Autopista Central,Facturado,0020821947,Tránsito Tag,KXZS95,2026-09-03,00:56:06,PA5,Ruta 5 Sur - Norte,334.63,Autopase_Facturado_Central_0020821947_28092026_075120.csv
Autopista Central,Facturado,0020821947,Tránsito Tag,KXZS95,2026-09-03,00:58:27,PA19,General Velasquez Sur - Norte,412.57,Autopase_Facturado_Central_0020821947_28092026_075120.csv
Autopista Central,Facturado,0020821947,Tránsito Tag,LPPZ31,2026-09-03,01:14:05,PA21,General Velasquez Sur - Norte,512.34,Autopase_Facturado_Central_0020821947_28092026_075120.csv
Autopista Central,Facturado,0020821947,Tránsito Tag,LPPZ31,2026-09-03,01:17:06,PA23,General Velasquez Sur - Norte,287.86,Autopase_Facturado_Central_0020821947_28092026_075120.csv
Autopista Central,Facturado,0020821947,Tránsito Tag,LPPZ31,2026-09-03,01:18:50,PA25,General Velasquez Sur - Norte,421.93,Autopase_Facturado_Central_0020821947_28092026_075120.csv
Autopista Central,Facturado,0020821947,Tránsito Tag,LPPZ31,2026-09-03,01:29:30,PA14,Ruta 5 Norte - Sur,181.86,Autopase_Facturado_Central_0020821947_28092026_075120.csv
Autopista Central,Facturado,0020821947,Tránsito Tag,LPPZ31,2026-09-03,01:31:05,PA12,Ruta 5 Norte - Sur,368.93,Autopase_Facturado_Central_0020821947_28092026_075120.csv
Autopista Central,Facturado,0020821947,Tránsito Tag,LPPZ31,2026-09-03,01:33:08,PA11,Ruta 5 Norte - Sur,285.79,Autopase_Facturado_Central_0020821947_28092026_075120.csv
Autopista Central,Facturado,0020821947,Tránsito Tag,LPPZ31,2026-09-03,01:33:58,PA9,Ruta 5 Norte - Sur,392.83,Autopase_Facturado_Central_0020821947_28092026_075120.csv
Autopista Central,Facturado,0020821947,Tránsito Tag,KXZS95,2026-09-03,04:09:35,PA6,Ruta 5 Norte - Sur,157.96,Autopase_Facturado_Central_0020821947_28092026_075120.csv
Autopista Central,Facturado,0020821947,Tránsito Tag,KXZS95,2026-09-03,04:10:31,PA37,Ruta 5 Norte - Sur,455.18,Autopase_Facturado_Central_0020821947_28092026_075120.csv
Autopista Central,Facturado,0020821947,Tránsito Tag,KXZS95,2026-09-03,04:59:30,PA19,General Velasquez Sur - Norte,412.57,Autopase_Facturado_Central_0020821947_28092026_075120.csv
Autopista Central,Facturado,0020821947,Tránsito Tag,LJDV98,2026-09-03,05:29:36,PA8,Ruta 5 Norte - Sur,452.06,Autopase_Facturado_Central_0020821947_28092026_075120.csv
Autopista Central,Facturado,0020821947,Tránsito Tag,LJDV98,2026-09-03,05:30:41,PA32,Ruta 5 Norte - Sur,176.67,Autopase_Facturado_Central_0020821947_28092026_075120.csv
Autopista Central,Facturado,0020821947,Tránsito Tag,LPPZ24,2026-09-03,05:44:02,PA7,Ruta 5 Sur - Norte,452.06,Autopase_Facturado_Central_0020821947_28092026_075120.csv
Autopista Central,Facturado,0020821947,Tránsito Tag,LDWP36,2026-09-03,06:07:22,PA31,Ruta 5 Sur - Norte,368.93,Autopase_Facturado_Central_0020821947_28092026_075120.csv
Autopista Central,Facturado,0020821947,Tránsito Tag,LDWP36,2026-09-03,06:09:19,PA13,Ruta 5 Sur - Norte,181.86,Autopase_Facturado_Central_0020821947_28092026_075120.csv
Autopista Central,Facturado,0020821947,Tránsito Tag,LPPZ24,2026-09-03,06:30:56,PA13,Ruta 5 Sur - Norte,363.73,Autopase_Facturado_Central_0020821947_28092026_075120.csv
Autopista Central,Facturado,0020821947,Tránsito Tag,KXZS95,2026-09-03,06:52:00,PA23,General Velasquez Sur - Norte,287.86,Autopase_Facturado_Central_0020821947_28092026_075120.csv
Autopista Central,Facturado,0020821947,Tránsito Tag,LPPZ24,2026-09-03,06:53:57,PA17,Ruta 5 Sur - Norte,462.46,Autopase_Facturado_Central_0020821947_28092026_075120.csv
Autopista Central,Facturado,0020821947,Tránsito Tag,LPPZ24,2026-09-03,07:03:44,PA18,Ruta 5 Norte - Sur,924.92,Autopase_Facturado_Central_0020821947_28092026_075120.csv
Autopista Central,Facturado,0020821947,Tránsito Tag,LPPZ24,2026-09-03,07:05:08,PA29,General Velasquez Norte - Sur,512.34,Autopase_Facturado_Central_0020821947_28092026_075120.csv
Autopista Central,Facturado,0020821947,Tránsito Tag,LPPZ24,2026-09-03,07:09:46,PA26,General Velasquez Norte - Sur,421.93,Autopase_Facturado_Central_0020821947_28092026_075120.csv
Autopista Central,Facturado,0020821947,Tránsito Tag,LPPZ24,2026-09-03,07:11:08,PA24,General Velasquez Norte - Sur,287.86,Autopase_Facturado_Central_0020821947_28092026_075120.csv
Autopista Central,Facturado,0020821947,Tránsito Tag,KXZS95,2026-09-03,07:12:19,PA16,Ruta 5 Sur - Norte,425.04,Autopase_Facturado_Central_0020821947_28092026_075120.csv
Autopista Central,Facturado,0020821947,Tránsito Tag,LPPZ24,2026-09-03,07:13:24,PA22,General Velasquez Norte - Sur,512.34,Autopase_Facturado_Central_0020821947_28092026_075120.csv
Autopista Central,Facturado,0020821947,Tránsito Tag,LDWP36,2026-09-03,07:14:58,PA14,Ruta 5 Norte - Sur,363.73,Autopase_Facturado_Central_0020821947_28092026_075120.csv
Autopista Central,Facturado,0020821947,Tránsito Tag,LPPZ24,2026-09-03,07:15:38,PA20,General Velasquez Norte - Sur,412.57,Autopase_Facturado_Central_0020821947_28092026_075120.csv
Autopista Central,Facturado,0020821947,Tránsito Tag,LDWP36,2026-09-03,07:16:30,PA12,Ruta 5 Norte - Sur,737.86,Autopase_Facturado_Central_0020821947_28092026_075120.csv
Autopista Central,Facturado,0020821947,Tránsito Tag,LPPZ24,2026-09-03,07:17:16,PA32,Ruta 5 Norte - Sur,176.67,Autopase_Facturado_Central_0020821947_28092026_075120.csv
Autopista Central,Facturado,0020821947,Tránsito Tag,KXZS95,2026-09-03,07:17:18,PA17,Ruta 5 Sur - Norte,924.92,Autopase_Facturado_Central_0020821947_28092026_075120.csv
Autopista Central,Facturado,0020821947,Tránsito Tag,LDWP36,2026-09-03,07:18:18,PA11,Ruta 5 Norte - Sur,285.79,Autopase_Facturado_Central_0020821947_28092026_075120.csv
Autopista Central,Facturado,0020821947,Tránsito Tag,LPPZ24,2026-09-03,07:18:50,PA6,Ruta 5 Norte - Sur,157.96,Autopase_Facturado_Central_0020821947_28092026_075120.csv
Autopista Central,Facturado,0020821947,Tránsito Tag,LDWP36,2026-09-03,07:19:05,PA9,Ruta 5 Norte - Sur,392.83,Autopase_Facturado_Central_0020821947_28092026_075120.csv
Autopista Central,Facturado,0020821947,Tránsito Tag,PJHJ69,2026-09-03,07:19:43,PA31,Ruta 5 Sur - Norte,737.86,Autopase_Facturado_Central_0020821947_28092026_075120.csv
Autopista Central,Facturado,0020821947,Tránsito Tag,PJHJ69,2026-09-03,07:22:17,PA13,Ruta 5 Sur - Norte,363.73,Autopase_Facturado_Central_0020821947_28092026_075120.csv
Autopista Central,Facturado,0020821947,Tránsito Tag,PJHJ69,2026-09-03,07:25:43,PA16,Ruta 5 Sur - Norte,425.04,Autopase_Facturado_Central_0020821947_28092026_075120.csv
Autopista Central,Facturado,0020821947,Tránsito Tag,PJHJ69,2026-09-03,07:40:20,PA17,Ruta 5 Sur - Norte,924.92,Autopase_Facturado_Central_0020821947_28092026_075120.csv
Autopista Central,Facturado,0020821947,Tránsito Tag,PJHJ69,2026-09-03,08:23:49,PA18,Ruta 5 Norte - Sur,924.92,Autopase_Facturado_Central_0020821947_28092026_075120.csv
Autopista Central,Facturado,0020821947,Tránsito Tag,PJHJ69,2026-09-03,08:29:47,PA15,Ruta 5 Norte - Sur,425.04,Autopase_Facturado_Central_0020821947_28092026_075120.csv
Autopista Central,Facturado,0020821947,Tránsito Tag,PJHJ69,2026-09-03,08:33:47,PA14,Ruta 5 Norte - Sur,181.86,Autopase_Facturado_Central_0020821947_28092026_075120.csv
Autopista Central,Facturado,0020821947,Tránsito Tag,PJHJ69,2026-09-03,08:35:13,PA12,Ruta 5 Norte - Sur,368.93,Autopase_Facturado_Central_0020821947_28092026_075120.csv
Autopista Central,Facturado,0020821947,Tránsito Tag,KXZS95,2026-09-03,08:35:32,PA18,Ruta 5 Norte - Sur,462.46,Autopase_Facturado_Central_0020821947_28092026_075120.csv
Autopista Central,Facturado,0020821947,Tránsito Tag,PJHJ69,2026-09-03,08:36:57,PA11,Ruta 5 Norte - Sur,285.79,Autopase_Facturado_Central_0020821947_28092026_075120.csv
Autopista Central,Facturado,0020821947,Tránsito Tag,KXZS95,2026-09-03,08:54:10,PA26,General Velasquez Norte - Sur,421.93,Autopase_Facturado_Central_0020821947_28092026_075120.csv
Autopista Central,Facturado,0020821947,Tránsito Tag,CYPW26,2026-09-03,13:55:45,PA14,Ruta 5 Norte - Sur,181.86,Autopase_Facturado_Central_0020821947_28092026_075120.csv
Autopista Central,Facturado,0020821947,Tránsito Tag,CYPW26,2026-09-03,13:57:56,PA12,Ruta 5 Norte - Sur,368.93,Autopase_Facturado_Central_0020821947_28092026_075120.csv
Autopista Central,Facturado,0020821947,Tránsito Tag,KXZS95,2026-09-03,14:48:46,PA30,Ruta 5 Sur - Norte,392.83,Autopase_Facturado_Central_0020821947_28092026_075120.csv
Autopista Central,Facturado,0020821947,Tránsito Tag,KXZS95,2026-09-03,14:49:31,PA10,Ruta 5 Sur - Norte,285.79,Autopase_Facturado_Central_0020821947_28092026_075120.csv
Autopista Central,Facturado,0020821947,Tránsito Tag,KXZS95,2026-09-03,14:51:31,PA31,Ruta 5 Sur - Norte,368.93,Autopase_Facturado_Central_0020821947_28092026_075120.csv
Autopista Central,Facturado,0020821947,Tránsito Tag,LPPZ31,2026-09-03,16:38:03,PA24,General Velasquez Norte - Sur,287.86,Autopase_Facturado_Central_0020821947_28092026_075120.csv
Autopista Central,Facturado,0020821947,Tránsito Tag,LPPZ31,2026-09-03,16:40:43,PA22,General Velasquez Norte - Sur,512.34,Autopase_Facturado_Central_0020821947_28092026_075120.csv
Autopista Central,Facturado,0020821947,Tránsito Tag,HXJJ44,2026-09-03,17:56:48,PA28,General Velasquez Sur - Norte,512.34,Autopase_Facturado_Central_0020821947_28092026_075120.csv
Autopista Central,Facturado,0020821947,Tránsito Tag,HXJJ44,2026-09-03,18:03:03,PA17,Ruta 5 Sur - Norte,924.92,Autopase_Facturado_Central_0020821947_28092026_075120.csv
Autopista Central,Facturado,0020821947,Tránsito Tag,LPPZ24,2026-09-03,18:34:11,PA5,Ruta 5 Sur - Norte,334.63,Autopase_Facturado_Central_0020821947_28092026_075120.csv
Autopista Central,Facturado,0020821947,Tránsito Tag,LPPZ24,2026-09-03,18:36:40,PA19,General Velasquez Sur - Norte,412.57,Autopase_Facturado_Central_0020821947_28092026_075120.csv
Autopista Central,Facturado,0020821947,Tránsito Tag,LDWP36,2026-09-03,18:46:39,PA23,General Velasquez Sur - Norte,287.86,Autopase_Facturado_Central_0020821947_28092026_075120.csv
Autopista Central,Facturado,0020821947,Tránsito Tag,LDWP36,2026-09-03,18:48:29,PA25,General Velasquez Sur - Norte,421.93,Autopase_Facturado_Central_0020821947_28092026_075120.csv
Autopista Central,Facturado,0020821947,Tránsito Tag,LJDV98,2026-09-03,19:21:08,PA13,Ruta 5 Sur - Norte,181.86,Autopase_Facturado_Central_0020821947_28092026_075120.csv
Autopista Central,Facturado,0020821947,Tránsito Tag,LJDV98,2026-09-03,19:24:23,PA16,Ruta 5 Sur - Norte,425.04,Autopase_Facturado_Central_0020821947_28092026_075120.csv
Autopista Central,Facturado,0020821947,Tránsito Tag,LJDV98,2026-09-03,19:29:06,PA17,Ruta 5 Sur - Norte,924.92,Autopase_Facturado_Central_0020821947_28092026_075120.csv
Autopista Central,Facturado,0020821947,Tránsito Tag,LPPZ24,2026-09-03,19:34:22,PA10,Ruta 5 Sur - Norte,285.79,Autopase_Facturado_Central_0020821947_28092026_075120.csv
Autopista Central,Facturado,0020821947,Tránsito Tag,LPPZ24,2026-09-03,19:36:32,PA31,Ruta 5 Sur - Norte,368.93,Autopase_Facturado_Central_0020821947_28092026_075120.csv
Autopista Central,Facturado,0020821947,Tránsito Tag,LPPZ24,2026-09-03,19:38:09,PA13,Ruta 5 Sur - Norte,181.86,Autopase_Facturado_Central_0020821947_28092026_075120.csv
Autopista Central,Facturado,0020821947,Tránsito Tag,LPPZ24,2026-09-03,19:41:18,PA16,Ruta 5 Sur - Norte,425.04,Autopase_Facturado_Central_0020821947_28092026_075120.csv
Autopista Central,Facturado,0020821947,Tránsito Tag,LDWP36,2026-09-03,20:19:07,PA18,Ruta 5 Norte - Sur,462.46,Autopase_Facturado_Central_0020821947_28092026_075120.csv
Autopista Central,Facturado,0020821947,Tránsito Tag,LPPZ24,2026-09-03,20:21:42,PA18,Ruta 5 Norte - Sur,462.46,Autopase_Facturado_Central_0020821947_28092026_075120.csv
Autopista Central,Facturado,0020821947,Tránsito Tag,LDWP36,2026-09-03,20:23:23,PA15,Ruta 5 Norte - Sur,850.1,Autopase_Facturado_Central_0020821947_28092026_075120.csv
Autopista Central,Facturado,0020821947,Tránsito Tag,LJDV98,2026-09-03,20:23:55,PA18,Ruta 5 Norte - Sur,462.46,Autopase_Facturado_Central_0020821947_28092026_075120.csv
Autopista Central,Facturado,0020821947,Tránsito Tag,LPPZ24,2026-09-03,20:25:49,PA15,Ruta 5 Norte - Sur,850.1,Autopase_Facturado_Central_0020821947_28092026_075120.csv
Autopista Central,Facturado,0020821947,Tránsito Tag,LJDV98,2026-09-03,20:28:56,PA15,Ruta 5 Norte - Sur,850.1,Autopase_Facturado_Central_0020821947_28092026_075120.csv
Autopista Central,Facturado,0020821947,Tránsito Tag,LJDV98,2026-09-03,20:39:35,PA14,Ruta 5 Norte - Sur,181.86,Autopase_Facturado_Central_0020821947_28092026_075120.csv
Autopista Central,Facturado,0020821947,Tránsito Tag,HXJJ44,2026-09-03,20:45:20,PA16,Ruta 5 Sur - Norte,425.04,Autopase_Facturado_Central_0020821947_28092026_075120.csv
Autopista Central,Facturado,0020821947,Tránsito Tag,HXJJ44,2026-09-03,20:49:21,PA17,Ruta 5 Sur - Norte,462.46,Autopase_Facturado_Central_0020821947_28092026_075120.csv
Autopista Central,Facturado,0020821947,Tránsito Tag,LPPZ31,2026-09-03,21:22:24,PA22,General Velasquez Norte - Sur,512.34,Autopase_Facturado_Central_0020821947_28092026_075120.csv
Autopista Central,Facturado,0020821947,Tránsito Tag,KXZS95,2026-09-03,22:10:35,PA12,Ruta 5 Norte - Sur,368.93,Autopase_Facturado_Central_0020821947_28092026_075120.csv
Autopista Central,Facturado,0020821947,Tránsito Tag,KXZS95,2026-09-03,22:13:04,PA11,Ruta 5 Norte - Sur,285.79,Autopase_Facturado_Central_0020821947_28092026_075120.csv
Autopista Central,Facturado,0020821947,Tránsito Tag,KXZS95,2026-09-03,22:14:03,PA9,Ruta 5 Norte - Sur,392.83,Autopase_Facturado_Central_0020821947_28092026_075120.csv
Autopista Central,Facturado,0020821947,Tránsito Tag,HXJJ44,2026-09-03,22:23:51,PA18,Ruta 5 Norte - Sur,462.46,Autopase_Facturado_Central_0020821947_28092026_075120.csv
Autopista Central,Facturado,0020821947,Tránsito Tag,HXJJ44,2026-09-03,22:25:16,PA29,General Velasquez Norte - Sur,512.34,Autopase_Facturado_Central_0020821947_28092026_075120.csv
Autopista Central,Facturado,0020821947,Tránsito Tag,HXJJ44,2026-09-03,23:11:25,PA24,General Velasquez Norte - Sur,287.86,Autopase_Facturado_Central_0020821947_28092026_075120.csv
Autopista Central,Facturado,0020821947,Tránsito Tag,HXJJ44,2026-09-03,23:13:51,PA22,General Velasquez Norte - Sur,512.34,Autopase_Facturado_Central_0020821947_28092026_075120.csv
Autopista Central,Facturado,0020821947,Tránsito Tag,LPPZ31,2026-09-04,00:37:26,PA30,Ruta 5 Sur - Norte,392.83,Autopase_Facturado_Central_0020821947_28092026_075120.csv
Autopista Central,Facturado,0020821947,Tránsito Tag,LPPZ31,2026-09-04,01:09:37,PA24,General Velasquez Norte - Sur,287.86,Autopase_Facturado_Central_0020821947_28092026_075120.csv
Autopista Central,Facturado,0020821947,Tránsito Tag,LPPZ31,2026-09-04,01:12:18,PA22,General Velasquez Norte - Sur,512.34,Autopase_Facturado_Central_0020821947_28092026_075120.csv
Autopista Central,Facturado,0020821947,Tránsito Tag,KXZS95,2026-09-04,01:16:36,PA21,General Velasquez Sur - Norte,512.34,Autopase_Facturado_Central_0020821947_28092026_075120.csv
Autopista Central,Facturado,0020821947,Tránsito Tag,KXZS95,2026-09-04,01:19:02,PA23,General Velasquez Sur - Norte,287.86,Autopase_Facturado_Central_0020821947_28092026_075120.csv
Autopista Central,Facturado,0020821947,Tránsito Tag,HXJJ44,2026-09-04,01:19:53,PA7,Ruta 5 Sur - Norte,452.06,Autopase_Facturado_Central_0020821947_28092026_075120.csv
Autopista Central,Facturado,0020821947,Tránsito Tag,KXZS95,2026-09-04,01:20:46,PA25,General Velasquez Sur - Norte,421.93,Autopase_Facturado_Central_0020821947_28092026_075120.csv
Autopista Central,Facturado,0020821947,Tránsito Tag,LPPZ31,2026-09-04,01:27:28,PA32,Ruta 5 Norte - Sur,176.67,Autopase_Facturado_Central_0020821947_28092026_075120.csv
Autopista Central,Facturado,0020821947,Tránsito Tag,LPPZ31,2026-09-04,01:28:59,PA6,Ruta 5 Norte - Sur,157.96,Autopase_Facturado_Central_0020821947_28092026_075120.csv
Autopista Central,Facturado,0020821947,Tránsito Tag,LPPZ31,2026-09-04,01:43:33,PA5,Ruta 5 Sur - Norte,334.63,Autopase_Facturado_Central_0020821947_28092026_075120.csv
Autopista Central,Facturado,0020821947,Tránsito Tag,LPPZ31,2026-09-04,01:45:42,PA7,Ruta 5 Sur - Norte,452.06,Autopase_Facturado_Central_0020821947_28092026_075120.csv
Autopista Central,Facturado,0020821947,Tránsito Tag,HXJJ44,2026-09-04,03:23:43,PA8,Ruta 5 Norte - Sur,452.06,Autopase_Facturado_Central_0020821947_28092026_075120.csv
Autopista Central,Facturado,0020821947,Tránsito Tag,HXJJ44,2026-09-04,03:24:40,PA32,Ruta 5 Norte - Sur,176.67,Autopase_Facturado_Central_0020821947_28092026_075120.csv
Autopista Central,Facturado,0020821947,Tránsito Tag,HXJJ44,2026-09-04,03:25:59,PA6,Ruta 5 Norte - Sur,157.96,Autopase_Facturado_Central_0020821947_28092026_075120.csv
Autopista Central,Facturado,0020821947,Tránsito Tag,HXJJ44,2026-09-04,03:26:47,PA37,Ruta 5 Norte - Sur,455.18,Autopase_Facturado_Central_0020821947_28092026_075120.csv
Autopista Central,Facturado,0020821947,Tránsito Tag,HXJJ44,2026-09-04,03:36:43,PA3,Ruta 5 Sur - Norte,585.09,Autopase_Facturado_Central_0020821947_28092026_075120.csv
Autopista Central,Facturado,0020821947,Tránsito Tag,HXJJ44,2026-09-04,03:38:54,PA5,Ruta 5 Sur - Norte,334.63,Autopase_Facturado_Central_0020821947_28092026_075120.csv
Autopista Central,Facturado,0020821947,Tránsito Tag,LJDV98,2026-09-04,03:58:43,PA32,Ruta 5 Norte - Sur,176.67,Autopase_Facturado_Central_0020821947_28092026_075120.csv
Autopista Central,Facturado,0020821947,Tránsito Tag,HXJJ44,2026-09-04,04:16:51,PA32,Ruta 5 Norte - Sur,176.67,Autopase_Facturado_Central_0020821947_28092026_075120.csv
Autopista Central,Facturado,0020821947,Tránsito Tag,HXJJ44,2026-09-04,04:18:09,PA6,Ruta 5 Norte - Sur,157.96,Autopase_Facturado_Central_0020821947_28092026_075120.csv
Autopista Central,Facturado,0020821947,Tránsito Tag,HXJJ44,2026-09-04,04:18:59,PA37,Ruta 5 Norte - Sur,455.18,Autopase_Facturado_Central_0020821947_28092026_075120.csv
Autopista Central,Facturado,0020821947,Tránsito Tag,KXZS95,2026-09-04,04:23:09,PA14,Ruta 5 Norte - Sur,181.86,Autopase_Facturado_Central_0020821947_28092026_075120.csv
Autopista Central,Facturado,0020821947,Tránsito Tag,KXZS95,2026-09-04,04:32:44,PA12,Ruta 5 Norte - Sur,368.93,Autopase_Facturado_Central_0020821947_28092026_075120.csv
Autopista Central,Facturado,0020821947,Tránsito Tag,KXZS95,2026-09-04,04:34:19,PA11,Ruta 5 Norte - Sur,285.79,Autopase_Facturado_Central_0020821947_28092026_075120.csv
Autopista Central,Facturado,0020821947,Tránsito Tag,KXZS95,2026-09-04,04:35:02,PA9,Ruta 5 Norte - Sur,392.83,Autopase_Facturado_Central_0020821947_28092026_075120.csv
Autopista Central,Facturado,0020821947,Tránsito Tag,KXZS95,2026-09-04,04:42:31,PA21,General Velasquez Sur - Norte,512.34,Autopase_Facturado_Central_0020821947_28092026_075120.csv
Autopista Central,Facturado,0020821947,Tránsito Tag,KXZS95,2026-09-04,04:44:48,PA23,General Velasquez Sur - Norte,287.86,Autopase_Facturado_Central_0020821947_28092026_075120.csv
Autopista Central,Facturado,0020821947,Tránsito Tag,HXJJ44,2026-09-04,05:05:55,PA5,Ruta 5 Sur - Norte,334.63,Autopase_Facturado_Central_0020821947_28092026_075120.csv
Autopista Central,Facturado,0020821947,Tránsito Tag,KXZS95,2026-09-04,05:09:16,PA22,General Velasquez Norte - Sur,512.34,Autopase_Facturado_Central_0020821947_28092026_075120.csv
Autopista Central,Facturado,0020821947,Tránsito Tag,HXJJ44,2026-09-04,05:15:29,PA19,General Velasquez Sur - Norte,412.57,Autopase_Facturado_Central_0020821947_28092026_075120.csv
Autopista Central,Facturado,0020821947,Tránsito Tag,KXZS95,2026-09-04,05:37:08,PA21,General Velasquez Sur - Norte,512.34,Autopase_Facturado_Central_0020821947_28092026_075120.csv
Autopista Central,Facturado,0020821947,Tránsito Tag,LPPZ24,2026-09-04,05:42:22,PA7,Ruta 5 Sur - Norte,452.06,Autopase_Facturado_Central_0020821947_28092026_075120.csv
Autopista Central,Facturado,0020821947,Tránsito Tag,KXZS95,2026-09-04,05:43:40,PA23,General Velasquez Sur - Norte,287.86,Autopase_Facturado_Central_0020821947_28092026_075120.csv
Autopista Central,Facturado,0020821947,Tránsito Tag,KXZS95,2026-09-04,05:45:04,PA25,General Velasquez Sur - Norte,421.93,Autopase_Facturado_Central_0020821947_28092026_075120.csv
Autopista Central,Facturado,0020821947,Tránsito Tag,KXZS95,2026-09-04,05:53:34,PA28,General Velasquez Sur - Norte,512.34,Autopase_Facturado_Central_0020821947_28092026_075120.csv
Autopista Central,Facturado,0020821947,Tránsito Tag,KXZS95,2026-09-04,05:54:41,PA17,Ruta 5 Sur - Norte,462.46,Autopase_Facturado_Central_0020821947_28092026_075120.csv
Autopista Central,Facturado,0020821947,Tránsito Tag,LDWP36,2026-09-04,05:58:32,PA31,Ruta 5 Sur - Norte,368.93,Autopase_Facturado_Central_0020821947_28092026_075120.csv
Autopista Central,Facturado,0020821947,Tránsito Tag,LDWP36,2026-09-04,06:00:03,PA13,Ruta 5 Sur - Norte,181.86,Autopase_Facturado_Central_0020821947_28092026_075120.csv
Autopista Central,Facturado,0020821947,Tránsito Tag,LPPZ31,2026-09-04,06:17:23,PA21,General Velasquez Sur - Norte,512.34,Autopase_Facturado_Central_0020821947_28092026_075120.csv
Autopista Central,Facturado,0020821947,Tránsito Tag,LPPZ31,2026-09-04,06:20:23,PA23,General Velasquez Sur - Norte,287.86,Autopase_Facturado_Central_0020821947_28092026_075120.csv
Autopista Central,Facturado,0020821947,Tránsito Tag,LPPZ31,2026-09-04,06:22:15,PA25,General Velasquez Sur - Norte,421.93,Autopase_Facturado_Central_0020821947_28092026_075120.csv
Autopista Central,Facturado,0020821947,Tránsito Tag,PJHJ69,2026-09-04,06:23:28,PA8,Ruta 5 Norte - Sur,452.06,Autopase_Facturado_Central_0020821947_28092026_075120.csv
Autopista Central,Facturado,0020821947,Tránsito Tag,PJHJ69,2026-09-04,06:24:33,PA32,Ruta 5 Norte - Sur,176.67,Autopase_Facturado_Central_0020821947_28092026_075120.csv
Autopista Central,Facturado,0020821947,Tránsito Tag,PJHJ69,2026-09-04,06:26:04,PA6,Ruta 5 Norte - Sur,157.96,Autopase_Facturado_Central_0020821947_28092026_075120.csv
Autopista Central,Facturado,0020821947,Tránsito Tag,PJHJ69,2026-09-04,06:27:03,PA37,Ruta 5 Norte - Sur,455.18,Autopase_Facturado_Central_0020821947_28092026_075120.csv
Autopista Central,Facturado,0020821947,Tránsito Tag,PJHJ69,2026-09-04,06:28:46,PA4,Ruta 5 Norte - Sur,129.9,Autopase_Facturado_Central_0020821947_28092026_075120.csv
Autopista Central,Facturado,0020821947,Tránsito Tag,LPPZ24,2026-09-04,06:32:59,PA13,Ruta 5 Sur - Norte,363.73,Autopase_Facturado_Central_0020821947_28092026_075120.csv
Autopista Central,Facturado,0020821947,Tránsito Tag,PJHJ69,2026-09-04,06:40:48,PA3,Ruta 5 Sur - Norte,1170.18,Autopase_Facturado_Central_0020821947_28092026_075120.csv
Autopista Central,Facturado,0020821947,Tránsito Tag,HXJJ44,2026-09-04,06:44:12,PA23,General Velasquez Sur - Norte,287.86,Autopase_Facturado_Central_0020821947_28092026_075120.csv
Autopista Central,Facturado,0020821947,Tránsito Tag,PJHJ69,2026-09-04,06:44:20,PA5,Ruta 5 Sur - Norte,669.27,Autopase_Facturado_Central_0020821947_28092026_075120.csv
Autopista Central,Facturado,0020821947,Tránsito Tag,PJHJ69,2026-09-04,06:47:31,PA7,Ruta 5 Sur - Norte,452.06,Autopase_Facturado_Central_0020821947_28092026_075120.csv
Autopista Central,Facturado,0020821947,Tránsito Tag,LPPZ24,2026-09-04,06:57:02,PA17,Ruta 5 Sur - Norte,462.46,Autopase_Facturado_Central_0020821947_28092026_075120.csv
Autopista Central,Facturado,0020821947,Tránsito Tag,LPPZ24,2026-09-04,07:08:11,PA18,Ruta 5 Norte - Sur,924.92,Autopase_Facturado_Central_0020821947_28092026_075120.csv
Autopista Central,Facturado,0020821947,Tránsito Tag,LPPZ24,2026-09-04,07:09:37,PA29,General Velasquez Norte - Sur,512.34,Autopase_Facturado_Central_0020821947_28092026_075120.csv
Autopista Central,Facturado,0020821947,Tránsito Tag,HXJJ44,2026-09-04,07:10:50,PA16,Ruta 5 Sur - Norte,425.04,Autopase_Facturado_Central_0020821947_28092026_075120.csv
Autopista Central,Facturado,0020821947,Tránsito Tag,LPPZ24,2026-09-04,07:14:07,PA26,General Velasquez Norte - Sur,421.93,Autopase_Facturado_Central_0020821947_28092026_075120.csv
Autopista Central,Facturado,0020821947,Tránsito Tag,LDWP36,2026-09-04,07:14:21,PA14,Ruta 5 Norte - Sur,363.73,Autopase_Facturado_Central_0020821947_28092026_075120.csv
Autopista Central,Facturado,0020821947,Tránsito Tag,LPPZ24,2026-09-04,07:15:32,PA24,General Velasquez Norte - Sur,287.86,Autopase_Facturado_Central_0020821947_28092026_075120.csv
Autopista Central,Facturado,0020821947,Tránsito Tag,HXJJ44,2026-09-04,07:15:34,PA17,Ruta 5 Sur - Norte,924.92,Autopase_Facturado_Central_0020821947_28092026_075120.csv
Autopista Central,Facturado,0020821947,Tránsito Tag,LDWP36,2026-09-04,07:16:07,PA12,Ruta 5 Norte - Sur,737.86,Autopase_Facturado_Central_0020821947_28092026_075120.csv
Autopista Central,Facturado,0020821947,Tránsito Tag,LPPZ24,2026-09-04,07:17:52,PA22,General Velasquez Norte - Sur,512.34,Autopase_Facturado_Central_0020821947_28092026_075120.csv
Autopista Central,Facturado,0020821947,Tránsito Tag,LDWP36,2026-09-04,07:17:56,PA11,Ruta 5 Norte - Sur,285.79,Autopase_Facturado_Central_0020821947_28092026_075120.csv
Autopista Central,Facturado,0020821947,Tránsito Tag,LDWP36,2026-09-04,07:18:43,PA9,Ruta 5 Norte - Sur,392.83,Autopase_Facturado_Central_0020821947_28092026_075120.csv
Autopista Central,Facturado,0020821947,Tránsito Tag,LPPZ24,2026-09-04,07:19:44,PA20,General Velasquez Norte - Sur,412.57,Autopase_Facturado_Central_0020821947_28092026_075120.csv
Autopista Central,Facturado,0020821947,Tránsito Tag,LPPZ24,2026-09-04,07:21:06,PA32,Ruta 5 Norte - Sur,176.67,Autopase_Facturado_Central_0020821947_28092026_075120.csv
Autopista Central,Facturado,0020821947,Tránsito Tag,LPPZ24,2026-09-04,07:22:26,PA6,Ruta 5 Norte - Sur,157.96,Autopase_Facturado_Central_0020821947_28092026_075120.csv
Autopista Central,Facturado,0020821947,Tránsito Tag,PJHJ69,2026-09-04,07:35:31,PA31,Ruta 5 Sur - Norte,737.86,Autopase_Facturado_Central_0020821947_28092026_075120.csv
Autopista Central,Facturado,0020821947,Tránsito Tag,PJHJ69,2026-09-04,07:39:19,PA13,Ruta 5 Sur - Norte,363.73,Autopase_Facturado_Central_0020821947_28092026_075120.csv
Autopista Central,Facturado,0020821947,Tránsito Tag,PJHJ69,2026-09-04,07:42:44,PA16,Ruta 5 Sur - Norte,850.1,Autopase_Facturado_Central_0020821947_28092026_075120.csv
Autopista Central,Facturado,0020821947,Tránsito Tag,PJHJ69,2026-09-04,07:48:29,PA17,Ruta 5 Sur - Norte,924.92,Autopase_Facturado_Central_0020821947_28092026_075120.csv
Autopista Central,Facturado,0020821947,Tránsito Tag,PJHJ69,2026-09-04,08:27:36,PA18,Ruta 5 Norte - Sur,924.92,Autopase_Facturado_Central_0020821947_28092026_075120.csv
Autopista Central,Facturado,0020821947,Tránsito Tag,PJHJ69,2026-09-04,08:53:30,PA14,Ruta 5 Norte - Sur,181.86,Autopase_Facturado_Central_0020821947_28092026_075120.csv
Autopista Central,Facturado,0020821947,Tránsito Tag,PJHJ69,2026-09-04,08:55:16,PA12,Ruta 5 Norte - Sur,368.93,Autopase_Facturado_Central_0020821947_28092026_075120.csv
Autopista Central,Facturado,0020821947,Tránsito Tag,PJHJ69,2026-09-04,08:57:17,PA11,Ruta 5 Norte - Sur,285.79,Autopase_Facturado_Central_0020821947_28092026_075120.csv
Autopista Central,Facturado,0020821947,Tránsito Tag,HXJJ44,2026-09-04,09:05:41,PA18,Ruta 5 Norte - Sur,462.46,Autopase_Facturado_Central_0020821947_28092026_075120.csv
Autopista Central,Facturado,0020821947,Tránsito Tag,HXJJ44,2026-09-04,09:07:26,PA29,General Velasquez Norte - Sur,512.34,Autopase_Facturado_Central_0020821947_28092026_075120.csv
Autopista Central,Facturado,0020821947,Tránsito Tag,HXJJ44,2026-09-04,09:12:24,PA26,General Velasquez Norte - Sur,421.93,Autopase_Facturado_Central_0020821947_28092026_075120.csv
Autopista Central,Facturado,0020821947,Tránsito Tag,PJHJ69,2026-09-04,09:35:32,PA8,Ruta 5 Norte - Sur,452.06,Autopase_Facturado_Central_0020821947_28092026_075120.csv
Autopista Central,Facturado,0020821947,Tránsito Tag,PJHJ69,2026-09-04,09:36:28,PA32,Ruta 5 Norte - Sur,176.67,Autopase_Facturado_Central_0020821947_28092026_075120.csv
Autopista Central,Facturado,0020821947,Tránsito Tag,PJHJ69,2026-09-04,09:37:56,PA6,Ruta 5 Norte - Sur,157.96,Autopase_Facturado_Central_0020821947_28092026_075120.csv
Autopista Central,Facturado,0020821947,Tránsito Tag,PJHJ69,2026-09-04,10:09:57,PA5,Ruta 5 Sur - Norte,334.63,Autopase_Facturado_Central_0020821947_28092026_075120.csv
Autopista Central,Facturado,0020821947,Tránsito Tag,PJHJ69,2026-09-04,10:12:35,PA19,General Velasquez Sur - Norte,412.57,Autopase_Facturado_Central_0020821947_28092026_075120.csv
Autopista Central,Facturado,0020821947,Tránsito Tag,LPPZ31,2026-09-04,13:04:25,PA30,Ruta 5 Sur - Norte,392.83,Autopase_Facturado_Central_0020821947_28092026_075120.csv
Autopista Central,Facturado,0020821947,Tránsito Tag,LPPZ31,2026-09-04,13:08:55,PA10,Ruta 5 Sur - Norte,285.79,Autopase_Facturado_Central_0020821947_28092026_075120.csv
Autopista Central,Facturado,0020821947,Tránsito Tag,LPPZ31,2026-09-04,13:11:56,PA31,Ruta 5 Sur - Norte,737.86,Autopase_Facturado_Central_0020821947_28092026_075120.csv
Autopista Central,Facturado,0020821947,Tránsito Tag,HXJJ44,2026-09-04,14:00:13,PA14,Ruta 5 Norte - Sur,181.86,Autopase_Facturado_Central_0020821947_28092026_075120.csv
Autopista Central,Facturado,0020821947,Tránsito Tag,HXJJ44,2026-09-04,14:01:50,PA12,Ruta 5 Norte - Sur,368.93,Autopase_Facturado_Central_0020821947_28092026_075120.csv
Autopista Central,Facturado,0020821947,Tránsito Tag,LPPZ31,2026-09-04,14:11:10,PA12,Ruta 5 Norte - Sur,368.93,Autopase_Facturado_Central_0020821947_28092026_075120.csv
Autopista Central,Facturado,0020821947,Tránsito Tag,LPPZ31,2026-09-04,14:13:54,PA11,Ruta 5 Norte - Sur,285.79,Autopase_Facturado_Central_0020821947_28092026_075120.csv
Autopista Central,Facturado,0020821947,Tránsito Tag,LPPZ31,2026-09-04,14:15:13,PA9,Ruta 5 Norte - Sur,392.83,Autopase_Facturado_Central_0020821947_28092026_075120.csv
Autopista Central,Facturado,0020821947,Tránsito Tag,LPPZ31,2026-09-04,14:20:03,PA8,Ruta 5 Norte - Sur,452.06,Autopase_Facturado_Central_0020821947_28092026_075120.csv
Autopista Central,Facturado,0020821947,Tránsito Tag,LPPZ31,2026-09-04,14:22:17,PA19,General Velasquez Sur - Norte,412.57,Autopase_Facturado_Central_0020821947_28092026_075120.csv
Autopista Central,Facturado,0020821947,Tránsito Tag,LPPZ24,2026-09-04,18:18:29,PA5,Ruta 5 Sur - Norte,334.63,Autopase_Facturado_Central_0020821947_28092026_075120.csv
Autopista Central,Facturado,0020821947,Tránsito Tag,LPPZ24,2026-09-04,18:20:32,PA19,General Velasquez Sur - Norte,412.57,Autopase_Facturado_Central_0020821947_28092026_075120.csv
Autopista Central,Facturado,0020821947,Tránsito Tag,LDWP36,2026-09-04,18:39:31,PA23,General Velasquez Sur - Norte,287.86,Autopase_Facturado_Central_0020821947_28092026_075120.csv
Autopista Central,Facturado,0020821947,Tránsito Tag,LPPZ24,2026-09-04,19:14:14,PA10,Ruta 5 Sur - Norte,285.79,Autopase_Facturado_Central_0020821947_28092026_075120.csv
Autopista Central,Facturado,0020821947,Tránsito Tag,LPPZ24,2026-09-04,19:16:25,PA31,Ruta 5 Sur - Norte,368.93,Autopase_Facturado_Central_0020821947_28092026_075120.csv
Autopista Central,Facturado,0020821947,Tránsito Tag,LPPZ24,2026-09-04,19:18:23,PA13,Ruta 5 Sur - Norte,181.86,Autopase_Facturado_Central_0020821947_28092026_075120.csv
Autopista Central,Facturado,0020821947,Tránsito Tag,LPPZ24,2026-09-04,19:21:20,PA16,Ruta 5 Sur - Norte,425.04,Autopase_Facturado_Central_0020821947_28092026_075120.csv
Autopista Central,Facturado,0020821947,Tránsito Tag,LJDV98,2026-09-04,19:22:45,PA13,Ruta 5 Sur - Norte,181.86,Autopase_Facturado_Central_0020821947_28092026_075120.csv
Autopista Central,Facturado,0020821947,Tránsito Tag,LJDV98,2026-09-04,19:26:27,PA16,Ruta 5 Sur - Norte,425.04,Autopase_Facturado_Central_0020821947_28092026_075120.csv
Autopista Central,Facturado,0020821947,Tránsito Tag,LJDV98,2026-09-04,19:30:44,PA17,Ruta 5 Sur - Norte,462.46,Autopase_Facturado_Central_0020821947_28092026_075120.csv
Autopista Central,Facturado,0020821947,Tránsito Tag,LPPZ24,2026-09-04,20:24:16,PA18,Ruta 5 Norte - Sur,462.46,Autopase_Facturado_Central_0020821947_28092026_075120.csv
Autopista Central,Facturado,0020821947,Tránsito Tag,LPPZ24,2026-09-04,20:28:39,PA15,Ruta 5 Norte - Sur,850.1,Autopase_Facturado_Central_0020821947_28092026_075120.csv
Autopista Central,Facturado,0020821947,Tránsito Tag,LJDV98,2026-09-04,20:28:53,PA18,Ruta 5 Norte - Sur,462.46,Autopase_Facturado_Central_0020821947_28092026_075120.csv
Autopista Central,Facturado,0020821947,Tránsito Tag,LPPZ24,2026-09-04,20:30:44,PA14,Ruta 5 Norte - Sur,181.86,Autopase_Facturado_Central_0020821947_28092026_075120.csv
Autopista Central,Facturado,0020821947,Tránsito Tag,LPPZ24,2026-09-04,20:32:38,PA12,Ruta 5 Norte - Sur,368.93,Autopase_Facturado_Central_0020821947_28092026_075120.csv
Autopista Central,Facturado,0020821947,Tránsito Tag,LJDV98,2026-09-04,20:33:37,PA15,Ruta 5 Norte - Sur,425.04,Autopase_Facturado_Central_0020821947_28092026_075120.csv
Autopista Central,Facturado,0020821947,Tránsito Tag,LJDV98,2026-09-04,20:35:49,PA14,Ruta 5 Norte - Sur,181.86,Autopase_Facturado_Central_0020821947_28092026_075120.csv
Autopista Central,Facturado,0020821947,Tránsito Tag,LPPZ24,2026-09-04,21:07:44,PA8,Ruta 5 Norte - Sur,452.06,Autopase_Facturado_Central_0020821947_28092026_075120.csv
Autopista Central,Facturado,0020821947,Tránsito Tag,LPPZ24,2026-09-04,21:08:45,PA32,Ruta 5 Norte - Sur,176.67,Autopase_Facturado_Central_0020821947_28092026_075120.csv
Autopista Central,Facturado,0020821947,Tránsito Tag,LPPZ24,2026-09-04,21:10:12,PA6,Ruta 5 Norte - Sur,157.96,Autopase_Facturado_Central_0020821947_28092026_075120.csv
Autopista Central,Facturado,0020821947,Tránsito Tag,LPPZ24,2026-09-04,21:11:17,PA37,Ruta 5 Norte - Sur,455.18,Autopase_Facturado_Central_0020821947_28092026_075120.csv
Autopista Central,Facturado,0020821947,Tránsito Tag,LPPZ24,2026-09-04,21:12:54,PA4,Ruta 5 Norte - Sur,129.9,Autopase_Facturado_Central_0020821947_28092026_075120.csv
Autopista Central,Facturado,0020821947,Tránsito Tag,LPPZ31,2026-09-04,22:31:28,PA12,Ruta 5 Norte - Sur,368.93,Autopase_Facturado_Central_0020821947_28092026_075120.csv
Autopista Central,Facturado,0020821947,Tránsito Tag,LPPZ31,2026-09-04,22:33:46,PA11,Ruta 5 Norte - Sur,285.79,Autopase_Facturado_Central_0020821947_28092026_075120.csv
Autopista Central,Facturado,0020821947,Tránsito Tag,LPPZ31,2026-09-04,22:34:43,PA9,Ruta 5 Norte - Sur,392.83,Autopase_Facturado_Central_0020821947_28092026_075120.csv
Autopista Central,Facturado,0020821947,Tránsito Tag,HXJJ44,2026-09-04,22:35:45,PA11,Ruta 5 Norte - Sur,285.79,Autopase_Facturado_Central_0020821947_28092026_075120.csv
Autopista Central,Facturado,0020821947,Tránsito Tag,KXZS95,2026-09-04,23:21:41,PA26,General Velasquez Norte - Sur,421.93,Autopase_Facturado_Central_0020821947_28092026_075120.csv
Autopista Central,Facturado,0020821947,Tránsito Tag,KXZS95,2026-09-04,23:23:20,PA24,General Velasquez Norte - Sur,287.86,Autopase_Facturado_Central_0020821947_28092026_075120.csv
Autopista Central,Facturado,0020821947,Tránsito Tag,KXZS95,2026-09-04,23:26:13,PA22,General Velasquez Norte - Sur,512.34,Autopase_Facturado_Central_0020821947_28092026_075120.csv
Autopista Central,Facturado,0020821947,Tránsito Tag,LKGZ52,2026-09-05,00:41:06,PA30,Ruta 5 Sur - Norte,392.83,Autopase_Facturado_Central_0020821947_28092026_075120.csv
Autopista Central,Facturado,0020821947,Tránsito Tag,LKGZ52,2026-09-05,00:42:04,PA10,Ruta 5 Sur - Norte,285.79,Autopase_Facturado_Central_0020821947_28092026_075120.csv
Autopista Central,Facturado,0020821947,Tránsito Tag,LKGZ52,2026-09-05,01:00:34,PA11,Ruta 5 Norte - Sur,285.79,Autopase_Facturado_Central_0020821947_28092026_075120.csv
Autopista Central,Facturado,0020821947,Tránsito Tag,LKGZ52,2026-09-05,01:01:15,PA9,Ruta 5 Norte - Sur,392.83,Autopase_Facturado_Central_0020821947_28092026_075120.csv
Autopista Central,Facturado,0020821947,Tránsito Tag,LPPZ31,2026-09-05,01:20:23,PA8,Ruta 5 Norte - Sur,452.06,Autopase_Facturado_Central_0020821947_28092026_075120.csv
Autopista Central,Facturado,0020821947,Tránsito Tag,LPPZ31,2026-09-05,01:21:25,PA32,Ruta 5 Norte - Sur,176.67,Autopase_Facturado_Central_0020821947_28092026_075120.csv
Autopista Central,Facturado,0020821947,Tránsito Tag,PJHJ69,2026-09-05,02:30:01,PA21,General Velasquez Sur - Norte,512.34,Autopase_Facturado_Central_0020821947_28092026_075120.csv
Autopista Central,Facturado,0020821947,Tránsito Tag,HXJJ44,2026-09-05,02:32:14,PA24,General Velasquez Norte - Sur,287.86,Autopase_Facturado_Central_0020821947_28092026_075120.csv
Autopista Central,Facturado,0020821947,Tránsito Tag,PJHJ69,2026-09-05,02:32:23,PA23,General Velasquez Sur - Norte,287.86,Autopase_Facturado_Central_0020821947_28092026_075120.csv
Autopista Central,Facturado,0020821947,Tránsito Tag,PJHJ69,2026-09-05,02:33:49,PA25,General Velasquez Sur - Norte,421.93,Autopase_Facturado_Central_0020821947_28092026_075120.csv
Autopista Central,Facturado,0020821947,Tránsito Tag,PJHJ69,2026-09-05,02:39:12,PA28,General Velasquez Sur - Norte,512.34,Autopase_Facturado_Central_0020821947_28092026_075120.csv
Autopista Central,Facturado,0020821947,Tránsito Tag,PJHJ69,2026-09-05,02:40:17,PA17,Ruta 5 Sur - Norte,462.46,Autopase_Facturado_Central_0020821947_28092026_075120.csv
Autopista Central,Facturado,0020821947,Tránsito Tag,LPPZ31,2026-09-05,03:24:20,PA30,Ruta 5 Sur - Norte,392.83,Autopase_Facturado_Central_0020821947_28092026_075120.csv
Autopista Central,Facturado,0020821947,Tránsito Tag,LPPZ31,2026-09-05,03:25:07,PA10,Ruta 5 Sur - Norte,285.79,Autopase_Facturado_Central_0020821947_28092026_075120.csv
Autopista Central,Facturado,0020821947,Tránsito Tag,LPPZ31,2026-09-05,03:27:07,PA31,Ruta 5 Sur - Norte,368.93,Autopase_Facturado_Central_0020821947_28092026_075120.csv
Autopista Central,Facturado,0020821947,Tránsito Tag,PJHJ69,2026-09-05,03:45:02,PA26,General Velasquez Norte - Sur,421.93,Autopase_Facturado_Central_0020821947_28092026_075120.csv
Autopista Central,Facturado,0020821947,Tránsito Tag,PJHJ69,2026-09-05,03:46:36,PA24,General Velasquez Norte - Sur,287.86,Autopase_Facturado_Central_0020821947_28092026_075120.csv
Autopista Central,Facturado,0020821947,Tránsito Tag,PJHJ69,2026-09-05,03:49:02,PA22,General Velasquez Norte - Sur,512.34,Autopase_Facturado_Central_0020821947_28092026_075120.csv
Autopista Central,Facturado,0020821947,Tránsito Tag,LPPZ31,2026-09-05,03:52:05,PA12,Ruta 5 Norte - Sur,368.93,Autopase_Facturado_Central_0020821947_28092026_075120.csv
Autopista Central,Facturado,0020821947,Tránsito Tag,LPPZ31,2026-09-05,04:06:44,PA9,Ruta 5 Norte - Sur,392.83,Autopase_Facturado_Central_0020821947_28092026_075120.csv
Autopista Central,Facturado,0020821947,Tránsito Tag,HXJJ44,2026-09-05,05:17:19,PA21,General Velasquez Sur - Norte,512.34,Autopase_Facturado_Central_0020821947_28092026_075120.csv
Autopista Central,Facturado,0020821947,Tránsito Tag,KXZS95,2026-09-05,05:22:20,PA21,General Velasquez Sur - Norte,512.34,Autopase_Facturado_Central_0020821947_28092026_075120.csv
Autopista Central,Facturado,0020821947,Tránsito Tag,KXZS95,2026-09-05,05:33:18,PA23,General Velasquez Sur - Norte,287.86,Autopase_Facturado_Central_0020821947_28092026_075120.csv
Autopista Central,Facturado,0020821947,Tránsito Tag,KXZS95,2026-09-05,05:34:31,PA25,General Velasquez Sur - Norte,421.93,Autopase_Facturado_Central_0020821947_28092026_075120.csv
Autopista Central,Facturado,0020821947,Tránsito Tag,KXZS95,2026-09-05,05:38:33,PA28,General Velasquez Sur - Norte,512.34,Autopase_Facturado_Central_0020821947_28092026_075120.csv
Autopista Central,Facturado,0020821947,Tránsito Tag,KXZS95,2026-09-05,05:39:35,PA17,Ruta 5 Sur - Norte,462.46,Autopase_Facturado_Central_0020821947_28092026_075120.csv
Autopista Central,Facturado,0020821947,Tránsito Tag,LDWP36,2026-09-05,05:58:22,PA31,Ruta 5 Sur - Norte,368.93,Autopase_Facturado_Central_0020821947_28092026_075120.csv
Autopista Central,Facturado,0020821947,Tránsito Tag,LDWP36,2026-09-05,05:59:51,PA13,Ruta 5 Sur - Norte,181.86,Autopase_Facturado_Central_0020821947_28092026_075120.csv
Autopista Central,Facturado,0020821947,Tránsito Tag,LJDV98,2026-09-05,06:07:59,PA8,Ruta 5 Norte - Sur,452.06,Autopase_Facturado_Central_0020821947_28092026_075120.csv
Autopista Central,Facturado,0020821947,Tránsito Tag,LJDV98,2026-09-05,06:09:10,PA32,Ruta 5 Norte - Sur,176.67,Autopase_Facturado_Central_0020821947_28092026_075120.csv
Autopista Central,Facturado,0020821947,Tránsito Tag,LJDV98,2026-09-05,06:10:48,PA6,Ruta 5 Norte - Sur,157.96,Autopase_Facturado_Central_0020821947_28092026_075120.csv
Autopista Central,Facturado,0020821947,Tránsito Tag,LJDV98,2026-09-05,06:11:42,PA37,Ruta 5 Norte - Sur,455.18,Autopase_Facturado_Central_0020821947_28092026_075120.csv
Autopista Central,Facturado,0020821947,Tránsito Tag,LJDV98,2026-09-05,06:13:26,PA4,Ruta 5 Norte - Sur,129.9,Autopase_Facturado_Central_0020821947_28092026_075120.csv
Autopista Central,Facturado,0020821947,Tránsito Tag,KXZS95,2026-09-05,06:22:12,PA18,Ruta 5 Norte - Sur,462.46,Autopase_Facturado_Central_0020821947_28092026_075120.csv
Autopista Central,Facturado,0020821947,Tránsito Tag,LJDV98,2026-09-05,06:23:33,PA3,Ruta 5 Sur - Norte,585.09,Autopase_Facturado_Central_0020821947_28092026_075120.csv
Autopista Central,Facturado,0020821947,Tránsito Tag,LJDV98,2026-09-05,06:33:15,PA5,Ruta 5 Sur - Norte,334.63,Autopase_Facturado_Central_0020821947_28092026_075120.csv
Autopista Central,Facturado,0020821947,Tránsito Tag,KXZS95,2026-09-05,06:33:51,PA17,Ruta 5 Sur - Norte,462.46,Autopase_Facturado_Central_0020821947_28092026_075120.csv
Autopista Central,Facturado,0020821947,Tránsito Tag,LJDV98,2026-09-05,06:35:55,PA7,Ruta 5 Sur - Norte,452.06,Autopase_Facturado_Central_0020821947_28092026_075120.csv
Autopista Central,Facturado,0020821947,Tránsito Tag,LPPZ24,2026-09-05,06:50:41,PA13,Ruta 5 Sur - Norte,181.86,Autopase_Facturado_Central_0020821947_28092026_075120.csv
Autopista Central,Facturado,0020821947,Tránsito Tag,LPPZ31,2026-09-05,06:51:53,PA16,Ruta 5 Sur - Norte,425.04,Autopase_Facturado_Central_0020821947_28092026_075120.csv
Autopista Central,Facturado,0020821947,Tránsito Tag,LPPZ31,2026-09-05,06:55:58,PA17,Ruta 5 Sur - Norte,462.46,Autopase_Facturado_Central_0020821947_28092026_075120.csv
Autopista Central,Facturado,0020821947,Tránsito Tag,LPPZ24,2026-09-05,07:13:41,PA17,Ruta 5 Sur - Norte,462.46,Autopase_Facturado_Central_0020821947_28092026_075120.csv
Autopista Central,Facturado,0020821947,Tránsito Tag,LPPZ24,2026-09-05,07:22:29,PA18,Ruta 5 Norte - Sur,462.46,Autopase_Facturado_Central_0020821947_28092026_075120.csv
Autopista Central,Facturado,0020821947,Tránsito Tag,LPPZ24,2026-09-05,07:23:37,PA29,General Velasquez Norte - Sur,512.34,Autopase_Facturado_Central_0020821947_28092026_075120.csv
Autopista Central,Facturado,0020821947,Tránsito Tag,LJDV98,2026-09-05,07:23:41,PA31,Ruta 5 Sur - Norte,368.93,Autopase_Facturado_Central_0020821947_28092026_075120.csv
Autopista Central,Facturado,0020821947,Tránsito Tag,LJDV98,2026-09-05,07:25:11,PA13,Ruta 5 Sur - Norte,181.86,Autopase_Facturado_Central_0020821947_28092026_075120.csv
Autopista Central,Facturado,0020821947,Tránsito Tag,LPPZ24,2026-09-05,07:27:46,PA26,General Velasquez Norte - Sur,421.93,Autopase_Facturado_Central_0020821947_28092026_075120.csv
Autopista Central,Facturado,0020821947,Tránsito Tag,LJDV98,2026-09-05,07:27:57,PA16,Ruta 5 Sur - Norte,425.04,Autopase_Facturado_Central_0020821947_28092026_075120.csv
Autopista Central,Facturado,0020821947,Tránsito Tag,LPPZ24,2026-09-05,07:29:05,PA24,General Velasquez Norte - Sur,287.86,Autopase_Facturado_Central_0020821947_28092026_075120.csv
Autopista Central,Facturado,0020821947,Tránsito Tag,LJDV98,2026-09-05,07:31:10,PA17,Ruta 5 Sur - Norte,462.46,Autopase_Facturado_Central_0020821947_28092026_075120.csv
Autopista Central,Facturado,0020821947,Tránsito Tag,LPPZ24,2026-09-05,07:31:21,PA22,General Velasquez Norte - Sur,512.34,Autopase_Facturado_Central_0020821947_28092026_075120.csv
Autopista Central,Facturado,0020821947,Tránsito Tag,LPPZ24,2026-09-05,07:33:12,PA20,General Velasquez Norte - Sur,412.57,Autopase_Facturado_Central_0020821947_28092026_075120.csv
Autopista Central,Facturado,0020821947,Tránsito Tag,LPPZ24,2026-09-05,07:34:31,PA32,Ruta 5 Norte - Sur,176.67,Autopase_Facturado_Central_0020821947_28092026_075120.csv
Autopista Central,Facturado,0020821947,Tránsito Tag,LJDV98,2026-09-05,08:21:42,PA18,Ruta 5 Norte - Sur,462.46,Autopase_Facturado_Central_0020821947_28092026_075120.csv
Autopista Central,Facturado,0020821947,Tránsito Tag,LJDV98,2026-09-05,08:42:02,PA14,Ruta 5 Norte - Sur,181.86,Autopase_Facturado_Central_0020821947_28092026_075120.csv
Autopista Central,Facturado,0020821947,Tránsito Tag,LPPZ31,2026-09-05,08:42:26,PA18,Ruta 5 Norte - Sur,462.46,Autopase_Facturado_Central_0020821947_28092026_075120.csv
Autopista Central,Facturado,0020821947,Tránsito Tag,LPPZ31,2026-09-05,08:43:44,PA29,General Velasquez Norte - Sur,512.34,Autopase_Facturado_Central_0020821947_28092026_075120.csv
Autopista Central,Facturado,0020821947,Tránsito Tag,LJDV98,2026-09-05,08:43:44,PA12,Ruta 5 Norte - Sur,368.93,Autopase_Facturado_Central_0020821947_28092026_075120.csv
Autopista Central,Facturado,0020821947,Tránsito Tag,LJDV98,2026-09-05,08:45:57,PA11,Ruta 5 Norte - Sur,285.79,Autopase_Facturado_Central_0020821947_28092026_075120.csv
Autopista Central,Facturado,0020821947,Tránsito Tag,LJDV98,2026-09-05,09:26:22,PA8,Ruta 5 Norte - Sur,452.06,Autopase_Facturado_Central_0020821947_28092026_075120.csv
Autopista Central,Facturado,0020821947,Tránsito Tag,LJDV98,2026-09-05,09:27:40,PA32,Ruta 5 Norte - Sur,176.67,Autopase_Facturado_Central_0020821947_28092026_075120.csv
Autopista Central,Facturado,0020821947,Tránsito Tag,LJDV98,2026-09-05,09:29:28,PA6,Ruta 5 Norte - Sur,157.96,Autopase_Facturado_Central_0020821947_28092026_075120.csv
Autopista Central,Facturado,0020821947,Tránsito Tag,LPPZ31,2026-09-05,11:38:20,PA21,General Velasquez Sur - Norte,512.34,Autopase_Facturado_Central_0020821947_28092026_075120.csv
Autopista Central,Facturado,0020821947,Tránsito Tag,LPPZ31,2026-09-05,11:47:20,PA23,General Velasquez Sur - Norte,287.86,Autopase_Facturado_Central_0020821947_28092026_075120.csv
Autopista Central,Facturado,0020821947,Tránsito Tag,LPPZ31,2026-09-05,11:48:49,PA25,General Velasquez Sur - Norte,421.93,Autopase_Facturado_Central_0020821947_28092026_075120.csv
Autopista Central,Facturado,0020821947,Tránsito Tag,KXZS95,2026-09-05,11:49:52,PA14,Ruta 5 Norte - Sur,363.73,Autopase_Facturado_Central_0020821947_28092026_075120.csv
Autopista Central,Facturado,0020821947,Tránsito Tag,KXZS95,2026-09-05,11:51:33,PA12,Ruta 5 Norte - Sur,737.86,Autopase_Facturado_Central_0020821947_28092026_075120.csv
Autopista Central,Facturado,0020821947,Tránsito Tag,KXZS95,2026-09-05,11:53:57,PA11,Ruta 5 Norte - Sur,571.58,Autopase_Facturado_Central_0020821947_28092026_075120.csv
Autopista Central,Facturado,0020821947,Tránsito Tag,KXZS95,2026-09-05,11:55:05,PA9,Ruta 5 Norte - Sur,785.66,Autopase_Facturado_Central_0020821947_28092026_075120.csv
Autopista Central,Facturado,0020821947,Tránsito Tag,KXZS95,2026-09-05,11:58:45,PA8,Ruta 5 Norte - Sur,452.06,Autopase_Facturado_Central_0020821947_28092026_075120.csv
Autopista Central,Facturado,0020821947,Tránsito Tag,KXZS95,2026-09-05,12:00:48,PA19,General Velasquez Sur - Norte,412.57,Autopase_Facturado_Central_0020821947_28092026_075120.csv
Autopista Central,Facturado,0020821947,Tránsito Tag,LPPZ31,2026-09-05,13:53:00,PA26,General Velasquez Norte - Sur,421.93,Autopase_Facturado_Central_0020821947_28092026_075120.csv
Autopista Central,Facturado,0020821947,Tránsito Tag,LPPZ31,2026-09-05,13:54:51,PA24,General Velasquez Norte - Sur,287.86,Autopase_Facturado_Central_0020821947_28092026_075120.csv
Autopista Central,Facturado,0020821947,Tránsito Tag,LPPZ31,2026-09-05,13:57:43,PA22,General Velasquez Norte - Sur,512.34,Autopase_Facturado_Central_0020821947_28092026_075120.csv
Autopista Central,Facturado,0020821947,Tránsito Tag,LDWP36,2026-09-05,17:28:00,PA21,General Velasquez Sur - Norte,512.34,Autopase_Facturado_Central_0020821947_28092026_075120.csv
Autopista Central,Facturado,0020821947,Tránsito Tag,HXJJ44,2026-09-05,18:05:20,PA28,General Velasquez Sur - Norte,512.34,Autopase_Facturado_Central_0020821947_28092026_075120.csv
Autopista Central,Facturado,0020821947,Tránsito Tag,HXJJ44,2026-09-05,18:06:33,PA17,Ruta 5 Sur - Norte,462.46,Autopase_Facturado_Central_0020821947_28092026_075120.csv
Autopista Central,Facturado,0020821947,Tránsito Tag,LPPZ24,2026-09-05,18:16:39,PA5,Ruta 5 Sur - Norte,334.63,Autopase_Facturado_Central_0020821947_28092026_075120.csv
Autopista Central,Facturado,0020821947,Tránsito Tag,LPPZ24,2026-09-05,18:19:04,PA7,Ruta 5 Sur - Norte,452.06,Autopase_Facturado_Central_0020821947_28092026_075120.csv
Autopista Central,Facturado,0020821947,Tránsito Tag,LPPZ24,2026-09-05,19:08:47,PA10,Ruta 5 Sur - Norte,285.79,Autopase_Facturado_Central_0020821947_28092026_075120.csv
Autopista Central,Facturado,0020821947,Tránsito Tag,LPPZ24,2026-09-05,19:10:39,PA31,Ruta 5 Sur - Norte,368.93,Autopase_Facturado_Central_0020821947_28092026_075120.csv
Autopista Central,Facturado,0020821947,Tránsito Tag,LPPZ24,2026-09-05,19:12:13,PA13,Ruta 5 Sur - Norte,181.86,Autopase_Facturado_Central_0020821947_28092026_075120.csv
Autopista Central,Facturado,0020821947,Tránsito Tag,LDWP36,2026-09-05,19:12:49,PA28,General Velasquez Sur - Norte,512.34,Autopase_Facturado_Central_0020821947_28092026_075120.csv
Autopista Central,Facturado,0020821947,Tránsito Tag,LDWP36,2026-09-05,19:14:30,PA17,Ruta 5 Sur - Norte,462.46,Autopase_Facturado_Central_0020821947_28092026_075120.csv
Autopista Central,Facturado,0020821947,Tránsito Tag,LPPZ24,2026-09-05,19:15:03,PA16,Ruta 5 Sur - Norte,425.04,Autopase_Facturado_Central_0020821947_28092026_075120.csv
Autopista Central,Facturado,0020821947,Tránsito Tag,LJDV98,2026-09-05,19:18:58,PA13,Ruta 5 Sur - Norte,181.86,Autopase_Facturado_Central_0020821947_28092026_075120.csv
Autopista Central,Facturado,0020821947,Tránsito Tag,LJDV98,2026-09-05,19:22:22,PA16,Ruta 5 Sur - Norte,425.04,Autopase_Facturado_Central_0020821947_28092026_075120.csv
Autopista Central,Facturado,0020821947,Tránsito Tag,LJDV98,2026-09-05,19:26:03,PA17,Ruta 5 Sur - Norte,462.46,Autopase_Facturado_Central_0020821947_28092026_075120.csv
Autopista Central,Facturado,0020821947,Tránsito Tag,LDWP36,2026-09-05,20:20:22,PA18,Ruta 5 Norte - Sur,462.46,Autopase_Facturado_Central_0020821947_28092026_075120.csv
Autopista Central,Facturado,0020821947,Tránsito Tag,LPPZ24,2026-09-05,20:23:52,PA18,Ruta 5 Norte - Sur,462.46,Autopase_Facturado_Central_0020821947_28092026_075120.csv
Autopista Central,Facturado,0020821947,Tránsito Tag,LJDV98,2026-09-05,20:24:03,PA18,Ruta 5 Norte - Sur,462.46,Autopase_Facturado_Central_0020821947_28092026_075120.csv
Autopista Central,Facturado,0020821947,Tránsito Tag,LDWP36,2026-09-05,20:24:34,PA15,Ruta 5 Norte - Sur,425.04,Autopase_Facturado_Central_0020821947_28092026_075120.csv
Autopista Central,Facturado,0020821947,Tránsito Tag,HXJJ44,2026-09-05,20:27:19,PA18,Ruta 5 Norte - Sur,462.46,Autopase_Facturado_Central_0020821947_28092026_075120.csv
Autopista Central,Facturado,0020821947,Tránsito Tag,LPPZ24,2026-09-05,20:28:10,PA15,Ruta 5 Norte - Sur,425.04,Autopase_Facturado_Central_0020821947_28092026_075120.csv
Autopista Central,Facturado,0020821947,Tránsito Tag,LJDV98,2026-09-05,20:28:42,PA15,Ruta 5 Norte - Sur,425.04,Autopase_Facturado_Central_0020821947_28092026_075120.csv
Autopista Central,Facturado,0020821947,Tránsito Tag,LPPZ24,2026-09-05,20:29:59,PA14,Ruta 5 Norte - Sur,181.86,Autopase_Facturado_Central_0020821947_28092026_075120.csv
Autopista Central,Facturado,0020821947,Tránsito Tag,LJDV98,2026-09-05,20:30:45,PA14,Ruta 5 Norte - Sur,181.86,Autopase_Facturado_Central_0020821947_28092026_075120.csv
Autopista Central,Facturado,0020821947,Tránsito Tag,LPPZ24,2026-09-05,20:31:26,PA12,Ruta 5 Norte - Sur,368.93,Autopase_Facturado_Central_0020821947_28092026_075120.csv
Autopista Central,Facturado,0020821947,Tránsito Tag,HXJJ44,2026-09-05,20:43:57,PA16,Ruta 5 Sur - Norte,425.04,Autopase_Facturado_Central_0020821947_28092026_075120.csv
Autopista Central,Facturado,0020821947,Tránsito Tag,HXJJ44,2026-09-05,20:48:06,PA17,Ruta 5 Sur - Norte,462.46,Autopase_Facturado_Central_0020821947_28092026_075120.csv
Autopista Central,Facturado,0020821947,Tránsito Tag,LDWP36,2026-09-05,20:55:58,PA12,Ruta 5 Norte - Sur,368.93,Autopase_Facturado_Central_0020821947_28092026_075120.csv
Autopista Central,Facturado,0020821947,Tránsito Tag,LPPZ24,2026-09-05,21:15:01,PA8,Ruta 5 Norte - Sur,452.06,Autopase_Facturado_Central_0020821947_28092026_075120.csv
Autopista Central,Facturado,0020821947,Tránsito Tag,LPPZ24,2026-09-05,21:16:13,PA32,Ruta 5 Norte - Sur,176.67,Autopase_Facturado_Central_0020821947_28092026_075120.csv
Autopista Central,Facturado,0020821947,Tránsito Tag,LPPZ24,2026-09-05,21:17:48,PA6,Ruta 5 Norte - Sur,157.96,Autopase_Facturado_Central_0020821947_28092026_075120.csv
Autopista Central,Facturado,0020821947,Tránsito Tag,LPPZ24,2026-09-05,21:18:44,PA37,Ruta 5 Norte - Sur,455.18,Autopase_Facturado_Central_0020821947_28092026_075120.csv
Autopista Central,Facturado,0020821947,Tránsito Tag,LPPZ24,2026-09-05,21:20:27,PA4,Ruta 5 Norte - Sur,129.9,Autopase_Facturado_Central_0020821947_28092026_075120.csv
Autopista Central,Facturado,0020821947,Tránsito Tag,LPPZ24,2026-09-05,21:26:35,PA3,Ruta 5 Sur - Norte,585.09,Autopase_Facturado_Central_0020821947_28092026_075120.csv
Autopista Central,Facturado,0020821947,Tránsito Tag,LKGZ52,2026-09-05,21:53:39,PA21,General Velasquez Sur - Norte,512.34,Autopase_Facturado_Central_0020821947_28092026_075120.csv
Autopista Central,Facturado,0020821947,Tránsito Tag,LKGZ52,2026-09-05,21:55:53,PA23,General Velasquez Sur - Norte,287.86,Autopase_Facturado_Central_0020821947_28092026_075120.csv
Autopista Central,Facturado,0020821947,Tránsito Tag,LKGZ52,2026-09-05,21:57:24,PA25,General Velasquez Sur - Norte,421.93,Autopase_Facturado_Central_0020821947_28092026_075120.csv
Autopista Central,Facturado,0020821947,Tránsito Tag,HXJJ44,2026-09-05,22:03:20,PA18,Ruta 5 Norte - Sur,462.46,Autopase_Facturado_Central_0020821947_28092026_075120.csv
Autopista Central,Facturado,0020821947,Tránsito Tag,HXJJ44,2026-09-05,22:04:30,PA29,General Velasquez Norte - Sur,512.34,Autopase_Facturado_Central_0020821947_28092026_075120.csv
Autopista Central,Facturado,0020821947,Tránsito Tag,HXJJ44,2026-09-05,22:09:56,PA26,General Velasquez Norte - Sur,421.93,Autopase_Facturado_Central_0020821947_28092026_075120.csv
Autopista Central,Facturado,0020821947,Tránsito Tag,LKGZ52,2026-09-05,22:33:57,PA26,General Velasquez Norte - Sur,421.93,Autopase_Facturado_Central_0020821947_28092026_075120.csv
Autopista Central,Facturado,0020821947,Tránsito Tag,LKGZ52,2026-09-05,22:35:14,PA24,General Velasquez Norte - Sur,287.86,Autopase_Facturado_Central_0020821947_28092026_075120.csv
Autopista Central,Facturado,0020821947,Tránsito Tag,LPPZ24,2026-09-05,22:36:14,PA3,Ruta 5 Sur - Norte,585.09,Autopase_Facturado_Central_0020821947_28092026_075120.csv
Autopista Central,Facturado,0020821947,Tránsito Tag,LKGZ52,2026-09-05,22:37:31,PA22,General Velasquez Norte - Sur,512.34,Autopase_Facturado_Central_0020821947_28092026_075120.csv
Autopista Central,Facturado,0020821947,Tránsito Tag,LPPZ24,2026-09-05,22:38:59,PA5,Ruta 5 Sur - Norte,334.63,Autopase_Facturado_Central_0020821947_28092026_075120.csv
Autopista Central,Facturado,0020821947,Tránsito Tag,LKGZ52,2026-09-05,23:51:42,PA11,Ruta 5 Norte - Sur,285.79,Autopase_Facturado_Central_0020821947_28092026_075120.csv
Autopista Central,Facturado,0020821947,Tránsito Tag,LKGZ52,2026-09-05,23:52:23,PA9,Ruta 5 Norte - Sur,392.83,Autopase_Facturado_Central_0020821947_28092026_075120.csv
Autopista Central,Facturado,0020821947,Tránsito Tag,LPPZ31,2026-09-06,01:26:24,PA30,Ruta 5 Sur - Norte,392.83,Autopase_Facturado_Central_0020821947_28092026_075120.csv
Autopista Central,Facturado,0020821947,Tránsito Tag,LPPZ31,2026-09-06,01:27:16,PA10,Ruta 5 Sur - Norte,285.79,Autopase_Facturado_Central_0020821947_28092026_075120.csv
Autopista Central,Facturado,0020821947,Tránsito Tag,LPPZ31,2026-09-06,01:29:33,PA31,Ruta 5 Sur - Norte,368.93,Autopase_Facturado_Central_0020821947_28092026_075120.csv
Autopista Central,Facturado,0020821947,Tránsito Tag,HXJJ44,2026-09-06,03:45:23,PA24,General Velasquez Norte - Sur,287.86,Autopase_Facturado_Central_0020821947_28092026_075120.csv
Autopista Central,Facturado,0020821947,Tránsito Tag,KXZS95,2026-09-06,04:57:57,PA22,General Velasquez Norte - Sur,512.34,Autopase_Facturado_Central_0020821947_28092026_075120.csv
Autopista Central,Facturado,0020821947,Tránsito Tag,KXZS95,2026-09-06,05:17:11,PA21,General Velasquez Sur - Norte,512.34,Autopase_Facturado_Central_0020821947_28092026_075120.csv
Autopista Central,Facturado,0020821947,Tránsito Tag,HXJJ44,2026-09-06,05:18:55,PA21,General Velasquez Sur - Norte,512.34,Autopase_Facturado_Central_0020821947_28092026_075120.csv
Autopista Central,Facturado,0020821947,Tránsito Tag,KXZS95,2026-09-06,05:19:48,PA23,General Velasquez Sur - Norte,287.86,Autopase_Facturado_Central_0020821947_28092026_075120.csv
Autopista Central,Facturado,0020821947,Tránsito Tag,KXZS95,2026-09-06,05:21:14,PA25,General Velasquez Sur - Norte,421.93,Autopase_Facturado_Central_0020821947_28092026_075120.csv
Autopista Central,Facturado,0020821947,Tránsito Tag,HXJJ44,2026-09-06,05:22:03,PA23,General Velasquez Sur - Norte,287.86,Autopase_Facturado_Central_0020821947_28092026_075120.csv
Autopista Central,Facturado,0020821947,Tránsito Tag,KXZS95,2026-09-06,05:25:35,PA28,General Velasquez Sur - Norte,512.34,Autopase_Facturado_Central_0020821947_28092026_075120.csv
Autopista Central,Facturado,0020821947,Tránsito Tag,KXZS95,2026-09-06,05:26:43,PA17,Ruta 5 Sur - Norte,462.46,Autopase_Facturado_Central_0020821947_28092026_075120.csv
Autopista Central,Facturado,0020821947,Tránsito Tag,LPPZ24,2026-09-06,05:50:10,PA5,Ruta 5 Sur - Norte,334.63,Autopase_Facturado_Central_0020821947_28092026_075120.csv
Autopista Central,Facturado,0020821947,Tránsito Tag,LPPZ24,2026-09-06,05:52:26,PA7,Ruta 5 Sur - Norte,452.06,Autopase_Facturado_Central_0020821947_28092026_075120.csv
Autopista Central,Facturado,0020821947,Tránsito Tag,KXZS95,2026-09-06,06:22:08,PA18,Ruta 5 Norte - Sur,462.46,Autopase_Facturado_Central_0020821947_28092026_075120.csv
Autopista Central,Facturado,0020821947,Tránsito Tag,LJDV98,2026-09-06,06:24:56,PA8,Ruta 5 Norte - Sur,452.06,Autopase_Facturado_Central_0020821947_28092026_075120.csv
Autopista Central,Facturado,0020821947,Tránsito Tag,LJDV98,2026-09-06,06:25:56,PA32,Ruta 5 Norte - Sur,176.67,Autopase_Facturado_Central_0020821947_28092026_075120.csv
Autopista Central,Facturado,0020821947,Tránsito Tag,LJDV98,2026-09-06,06:27:34,PA6,Ruta 5 Norte - Sur,157.96,Autopase_Facturado_Central_0020821947_28092026_075120.csv
Autopista Central,Facturado,0020821947,Tránsito Tag,LJDV98,2026-09-06,06:28:36,PA37,Ruta 5 Norte - Sur,455.18,Autopase_Facturado_Central_0020821947_28092026_075120.csv
Autopista Central,Facturado,0020821947,Tránsito Tag,LJDV98,2026-09-06,06:30:23,PA4,Ruta 5 Norte - Sur,129.9,Autopase_Facturado_Central_0020821947_28092026_075120.csv
Autopista Central,Facturado,0020821947,Tránsito Tag,LPPZ24,2026-09-06,06:35:03,PA13,Ruta 5 Sur - Norte,181.86,Autopase_Facturado_Central_0020821947_28092026_075120.csv
Autopista Central,Facturado,0020821947,Tránsito Tag,LJDV98,2026-09-06,06:39:28,PA3,Ruta 5 Sur - Norte,585.09,Autopase_Facturado_Central_0020821947_28092026_075120.csv
Autopista Central,Facturado,0020821947,Tránsito Tag,KXZS95,2026-09-06,06:39:35,PA17,Ruta 5 Sur - Norte,462.46,Autopase_Facturado_Central_0020821947_28092026_075120.csv
Autopista Central,Facturado,0020821947,Tránsito Tag,LJDV98,2026-09-06,06:47:28,PA5,Ruta 5 Sur - Norte,334.63,Autopase_Facturado_Central_0020821947_28092026_075120.csv
Autopista Central,Facturado,0020821947,Tránsito Tag,LPPZ24,2026-09-06,06:48:18,PA16,Ruta 5 Sur - Norte,425.04,Autopase_Facturado_Central_0020821947_28092026_075120.csv
Autopista Central,Facturado,0020821947,Tránsito Tag,LJDV98,2026-09-06,06:49:52,PA7,Ruta 5 Sur - Norte,452.06,Autopase_Facturado_Central_0020821947_28092026_075120.csv
Autopista Central,Facturado,0020821947,Tránsito Tag,LPPZ24,2026-09-06,06:51:37,PA17,Ruta 5 Sur - Norte,462.46,Autopase_Facturado_Central_0020821947_28092026_075120.csv
Autopista Central,Facturado,0020821947,Tránsito Tag,LDWP36,2026-09-06,06:55:53,PA14,Ruta 5 Norte - Sur,181.86,Autopase_Facturado_Central_0020821947_28092026_075120.csv
Autopista Central,Facturado,0020821947,Tránsito Tag,LDWP36,2026-09-06,06:57:22,PA12,Ruta 5 Norte - Sur,368.93,Autopase_Facturado_Central_0020821947_28092026_075120.csv
Autopista Central,Facturado,0020821947,Tránsito Tag,LDWP36,2026-09-06,06:59:15,PA11,Ruta 5 Norte - Sur,285.79,Autopase_Facturado_Central_0020821947_28092026_075120.csv
Autopista Central,Facturado,0020821947,Tránsito Tag,LDWP36,2026-09-06,07:00:04,PA9,Ruta 5 Norte - Sur,392.83,Autopase_Facturado_Central_0020821947_28092026_075120.csv
Autopista Central,Facturado,0020821947,Tránsito Tag,LPPZ24,2026-09-06,07:01:14,PA18,Ruta 5 Norte - Sur,462.46,Autopase_Facturado_Central_0020821947_28092026_075120.csv
Autopista Central,Facturado,0020821947,Tránsito Tag,LPPZ24,2026-09-06,07:02:15,PA29,General Velasquez Norte - Sur,512.34,Autopase_Facturado_Central_0020821947_28092026_075120.csv
Autopista Central,Facturado,0020821947,Tránsito Tag,LJDV98,2026-09-06,07:26:22,PA10,Ruta 5 Sur - Norte,285.79,Autopase_Facturado_Central_0020821947_28092026_075120.csv
Autopista Central,Facturado,0020821947,Tránsito Tag,LJDV98,2026-09-06,07:28:14,PA31,Ruta 5 Sur - Norte,368.93,Autopase_Facturado_Central_0020821947_28092026_075120.csv
Autopista Central,Facturado,0020821947,Tránsito Tag,LJDV98,2026-09-06,07:29:36,PA13,Ruta 5 Sur - Norte,181.86,Autopase_Facturado_Central_0020821947_28092026_075120.csv
Autopista Central,Facturado,0020821947,Tránsito Tag,LJDV98,2026-09-06,07:32:09,PA16,Ruta 5 Sur - Norte,425.04,Autopase_Facturado_Central_0020821947_28092026_075120.csv
Autopista Central,Facturado,0020821947,Tránsito Tag,LJDV98,2026-09-06,07:35:13,PA17,Ruta 5 Sur - Norte,462.46,Autopase_Facturado_Central_0020821947_28092026_075120.csv
Autopista Central,Facturado,0020821947,Tránsito Tag,LPPZ31,2026-09-06,08:20:40,PA18,Ruta 5 Norte - Sur,462.46,Autopase_Facturado_Central_0020821947_28092026_075120.csv
Autopista Central,Facturado,0020821947,Tránsito Tag,LPPZ31,2026-09-06,08:25:04,PA15,Ruta 5 Norte - Sur,425.04,Autopase_Facturado_Central_0020821947_28092026_075120.csv
Autopista Central,Facturado,0020821947,Tránsito Tag,LJDV98,2026-09-06,08:26:51,PA18,Ruta 5 Norte - Sur,462.46,Autopase_Facturado_Central_0020821947_28092026_075120.csv
Autopista Central,Facturado,0020821947,Tránsito Tag,LPPZ31,2026-09-06,08:27:03,PA14,Ruta 5 Norte - Sur,181.86,Autopase_Facturado_Central_0020821947_28092026_075120.csv
Autopista Central,Facturado,0020821947,Tránsito Tag,LJDV98,2026-09-06,08:47:48,PA14,Ruta 5 Norte - Sur,181.86,Autopase_Facturado_Central_0020821947_28092026_075120.csv
Autopista Central,Facturado,0020821947,Tránsito Tag,LJDV98,2026-09-06,08:49:30,PA12,Ruta 5 Norte - Sur,368.93,Autopase_Facturado_Central_0020821947_28092026_075120.csv
Autopista Central,Facturado,0020821947,Tránsito Tag,LJDV98,2026-09-06,08:51:46,PA11,Ruta 5 Norte - Sur,285.79,Autopase_Facturado_Central_0020821947_28092026_075120.csv
Autopista Central,Facturado,0020821947,Tránsito Tag,LJDV98,2026-09-06,09:23:25,PA8,Ruta 5 Norte - Sur,452.06,Autopase_Facturado_Central_0020821947_28092026_075120.csv
Autopista Central,Facturado,0020821947,Tránsito Tag,LJDV98,2026-09-06,09:24:56,PA32,Ruta 5 Norte - Sur,176.67,Autopase_Facturado_Central_0020821947_28092026_075120.csv
Autopista Central,Facturado,0020821947,Tránsito Tag,LJDV98,2026-09-06,09:26:56,PA6,Ruta 5 Norte - Sur,157.96,Autopase_Facturado_Central_0020821947_28092026_075120.csv
Autopista Central,Facturado,0020821947,Tránsito Tag,LJDV98,2026-09-06,10:23:44,PA30,Ruta 5 Sur - Norte,392.83,Autopase_Facturado_Central_0020821947_28092026_075120.csv
Autopista Central,Facturado,0020821947,Tránsito Tag,LJDV98,2026-09-06,10:24:41,PA10,Ruta 5 Sur - Norte,285.79,Autopase_Facturado_Central_0020821947_28092026_075120.csv
Autopista Central,Facturado,0020821947,Tránsito Tag,LJDV98,2026-09-06,10:26:45,PA31,Ruta 5 Sur - Norte,368.93,Autopase_Facturado_Central_0020821947_28092026_075120.csv
Autopista Central,Facturado,0020821947,Tránsito Tag,LJDV98,2026-09-06,10:28:18,PA13,Ruta 5 Sur - Norte,181.86,Autopase_Facturado_Central_0020821947_28092026_075120.csv
Autopista Central,Facturado,0020821947,Tránsito Tag,LPPZ24,2026-09-06,11:13:42,PA26,General Velasquez Norte - Sur,421.93,Autopase_Facturado_Central_0020821947_28092026_075120.csv
Autopista Central,Facturado,0020821947,Tránsito Tag,LJDV98,2026-09-06,11:13:42,PA26,General Velasquez Norte - Sur,421.93,Autopase_Facturado_Central_0020821947_28092026_075120.csv
Autopista Central,Facturado,0020821947,Tránsito Tag,LJDV98,2026-09-06,11:17:05,PA24,General Velasquez Norte - Sur,287.86,Autopase_Facturado_Central_0020821947_28092026_075120.csv
Autopista Central,Facturado,0020821947,Tránsito Tag,LPPZ24,2026-09-06,11:17:06,PA24,General Velasquez Norte - Sur,287.86,Autopase_Facturado_Central_0020821947_28092026_075120.csv
Autopista Central,Facturado,0020821947,Tránsito Tag,LJDV98,2026-09-06,11:22:17,PA22,General Velasquez Norte - Sur,512.34,Autopase_Facturado_Central_0020821947_28092026_075120.csv
Autopista Central,Facturado,0020821947,Tránsito Tag,LPPZ24,2026-09-06,11:22:18,PA22,General Velasquez Norte - Sur,512.34,Autopase_Facturado_Central_0020821947_28092026_075120.csv
Autopista Central,Facturado,0020821947,Tránsito Tag,KXZS95,2026-09-06,13:54:01,PA26,General Velasquez Norte - Sur,421.93,Autopase_Facturado_Central_0020821947_28092026_075120.csv
Autopista Central,Facturado,0020821947,Tránsito Tag,KXZS95,2026-09-06,13:55:19,PA24,General Velasquez Norte - Sur,287.86,Autopase_Facturado_Central_0020821947_28092026_075120.csv
Autopista Central,Facturado,0020821947,Tránsito Tag,KXZS95,2026-09-06,13:57:41,PA22,General Velasquez Norte - Sur,512.34,Autopase_Facturado_Central_0020821947_28092026_075120.csv
Autopista Central,Facturado,0020821947,Tránsito Tag,KXZS95,2026-09-06,13:59:33,PA20,General Velasquez Norte - Sur,412.57,Autopase_Facturado_Central_0020821947_28092026_075120.csv
Autopista Central,Facturado,0020821947,Tránsito Tag,KXZS95,2026-09-06,14:01:00,PA32,Ruta 5 Norte - Sur,176.67,Autopase_Facturado_Central_0020821947_28092026_075120.csv
Autopista Central,Facturado,0020821947,Tránsito Tag,KXZS95,2026-09-06,14:03:06,PA6,Ruta 5 Norte - Sur,157.96,Autopase_Facturado_Central_0020821947_28092026_075120.csv
Autopista Central,Facturado,0020821947,Tránsito Tag,KXZS95,2026-09-06,17:18:44,PA5,Ruta 5 Sur - Norte,334.63,Autopase_Facturado_Central_0020821947_28092026_075120.csv
Autopista Central,Facturado,0020821947,Tránsito Tag,KXZS95,2026-09-06,17:20:39,PA19,General Velasquez Sur - Norte,412.57,Autopase_Facturado_Central_0020821947_28092026_075120.csv
Autopista Central,Facturado,0020821947,Tránsito Tag,LDWP36,2026-09-06,17:46:46,PA21,General Velasquez Sur - Norte,512.34,Autopase_Facturado_Central_0020821947_28092026_075120.csv
Autopista Central,Facturado,0020821947,Tránsito Tag,HXJJ44,2026-09-06,17:49:14,PA28,General Velasquez Sur - Norte,512.34,Autopase_Facturado_Central_0020821947_28092026_075120.csv
Autopista Central,Facturado,0020821947,Tránsito Tag,HXJJ44,2026-09-06,17:50:26,PA17,Ruta 5 Sur - Norte,462.46,Autopase_Facturado_Central_0020821947_28092026_075120.csv
Autopista Central,Facturado,0020821947,Tránsito Tag,LPPZ24,2026-09-06,19:03:03,PA10,Ruta 5 Sur - Norte,571.58,Autopase_Facturado_Central_0020821947_28092026_075120.csv
Autopista Central,Facturado,0020821947,Tránsito Tag,LPPZ24,2026-09-06,19:05:18,PA31,Ruta 5 Sur - Norte,737.86,Autopase_Facturado_Central_0020821947_28092026_075120.csv
Autopista Central,Facturado,0020821947,Tránsito Tag,LPPZ24,2026-09-06,19:06:55,PA13,Ruta 5 Sur - Norte,363.73,Autopase_Facturado_Central_0020821947_28092026_075120.csv
Autopista Central,Facturado,0020821947,Tránsito Tag,LJDV98,2026-09-06,19:07:03,PA13,Ruta 5 Sur - Norte,363.73,Autopase_Facturado_Central_0020821947_28092026_075120.csv
Autopista Central,Facturado,0020821947,Tránsito Tag,LPPZ24,2026-09-06,19:09:58,PA16,Ruta 5 Sur - Norte,425.04,Autopase_Facturado_Central_0020821947_28092026_075120.csv
Autopista Central,Facturado,0020821947,Tránsito Tag,LJDV98,2026-09-06,19:10:15,PA16,Ruta 5 Sur - Norte,425.04,Autopase_Facturado_Central_0020821947_28092026_075120.csv
Autopista Central,Facturado,0020821947,Tránsito Tag,LJDV98,2026-09-06,19:13:57,PA17,Ruta 5 Sur - Norte,462.46,Autopase_Facturado_Central_0020821947_28092026_075120.csv
Autopista Central,Facturado,0020821947,Tránsito Tag,LPPZ24,2026-09-06,20:18:07,PA18,Ruta 5 Norte - Sur,462.46,Autopase_Facturado_Central_0020821947_28092026_075120.csv
Autopista Central,Facturado,0020821947,Tránsito Tag,LPPZ24,2026-09-06,20:23:05,PA15,Ruta 5 Norte - Sur,425.04,Autopase_Facturado_Central_0020821947_28092026_075120.csv
Autopista Central,Facturado,0020821947,Tránsito Tag,LJDV98,2026-09-06,20:23:27,PA18,Ruta 5 Norte - Sur,462.46,Autopase_Facturado_Central_0020821947_28092026_075120.csv
Autopista Central,Facturado,0020821947,Tránsito Tag,LDWP36,2026-09-06,20:23:31,PA18,Ruta 5 Norte - Sur,462.46,Autopase_Facturado_Central_0020821947_28092026_075120.csv
Autopista Central,Facturado,0020821947,Tránsito Tag,LPPZ24,2026-09-06,20:25:01,PA14,Ruta 5 Norte - Sur,181.86,Autopase_Facturado_Central_0020821947_28092026_075120.csv
Autopista Central,Facturado,0020821947,Tránsito Tag,LPPZ24,2026-09-06,20:26:37,PA12,Ruta 5 Norte - Sur,368.93,Autopase_Facturado_Central_0020821947_28092026_075120.csv
Autopista Central,Facturado,0020821947,Tránsito Tag,LJDV98,2026-09-06,20:27:54,PA15,Ruta 5 Norte - Sur,425.04,Autopase_Facturado_Central_0020821947_28092026_075120.csv
Autopista Central,Facturado,0020821947,Tránsito Tag,LPPZ24,2026-09-06,20:29:00,PA11,Ruta 5 Norte - Sur,285.79,Autopase_Facturado_Central_0020821947_28092026_075120.csv
Autopista Central,Facturado,0020821947,Tránsito Tag,LJDV98,2026-09-06,20:30:02,PA14,Ruta 5 Norte - Sur,181.86,Autopase_Facturado_Central_0020821947_28092026_075120.csv
Autopista Central,Facturado,0020821947,Tránsito Tag,LJDV98,2026-09-06,20:31:42,PA12,Ruta 5 Norte - Sur,368.93,Autopase_Facturado_Central_0020821947_28092026_075120.csv
Autopista Central,Facturado,0020821947,Tránsito Tag,LJDV98,2026-09-06,20:33:53,PA11,Ruta 5 Norte - Sur,285.79,Autopase_Facturado_Central_0020821947_28092026_075120.csv
Autopista Central,Facturado,0020821947,Tránsito Tag,LJDV98,2026-09-06,20:34:46,PA9,Ruta 5 Norte - Sur,392.83,Autopase_Facturado_Central_0020821947_28092026_075120.csv
Autopista Central,Facturado,0020821947,Tránsito Tag,LDWP36,2026-09-06,21:03:58,PA13,Ruta 5 Sur - Norte,181.86,Autopase_Facturado_Central_0020821947_28092026_075120.csv
Autopista Central,Facturado,0020821947,Tránsito Tag,LPPZ24,2026-09-06,21:07:47,PA8,Ruta 5 Norte - Sur,452.06,Autopase_Facturado_Central_0020821947_28092026_075120.csv
Autopista Central,Facturado,0020821947,Tránsito Tag,LPPZ24,2026-09-06,21:09:10,PA32,Ruta 5 Norte - Sur,176.67,Autopase_Facturado_Central_0020821947_28092026_075120.csv
Autopista Central,Facturado,0020821947,Tránsito Tag,LPPZ24,2026-09-06,21:10:54,PA6,Ruta 5 Norte - Sur,157.96,Autopase_Facturado_Central_0020821947_28092026_075120.csv
Autopista Central,Facturado,0020821947,Tránsito Tag,LPPZ24,2026-09-06,21:12:02,PA37,Ruta 5 Norte - Sur,455.18,Autopase_Facturado_Central_0020821947_28092026_075120.csv
Autopista Central,Facturado,0020821947,Tránsito Tag,LPPZ24,2026-09-06,21:14:11,PA4,Ruta 5 Norte - Sur,129.9,Autopase_Facturado_Central_0020821947_28092026_075120.csv
Autopista Central,Facturado,0020821947,Tránsito Tag,LPPZ24,2026-09-06,21:22:42,PA3,Ruta 5 Sur - Norte,585.09,Autopase_Facturado_Central_0020821947_28092026_075120.csv
Autopista Central,Facturado,0020821947,Tránsito Tag,LDWP36,2026-09-06,21:49:06,PA22,General Velasquez Norte - Sur,512.34,Autopase_Facturado_Central_0020821947_28092026_075120.csv
Autopista Central,Facturado,0020821947,Tránsito Tag,HXJJ44,2026-09-06,22:16:00,PA18,Ruta 5 Norte - Sur,462.46,Autopase_Facturado_Central_0020821947_28092026_075120.csv
Autopista Central,Facturado,0020821947,Tránsito Tag,HXJJ44,2026-09-06,22:17:12,PA29,General Velasquez Norte - Sur,512.34,Autopase_Facturado_Central_0020821947_28092026_075120.csv
Autopista Central,Facturado,0020821947,Tránsito Tag,HXJJ44,2026-09-06,22:23:02,PA26,General Velasquez Norte - Sur,421.93,Autopase_Facturado_Central_0020821947_28092026_075120.csv
Autopista Central,Facturado,0020821947,Tránsito Tag,HXJJ44,2026-09-06,23:08:22,PA24,General Velasquez Norte - Sur,287.86,Autopase_Facturado_Central_0020821947_28092026_075120.csv
Autopista Central,Facturado,0020821947,Tránsito Tag,HXJJ44,2026-09-06,23:11:41,PA22,General Velasquez Norte - Sur,512.34,Autopase_Facturado_Central_0020821947_28092026_075120.csv
Autopista Central,Facturado,0020821947,Tránsito Tag,KXZS95,2026-09-06,23:35:55,PA26,General Velasquez Norte - Sur,421.93,Autopase_Facturado_Central_0020821947_28092026_075120.csv
Autopista Central,Facturado,0020821947,Tránsito Tag,KXZS95,2026-09-06,23:37:25,PA24,General Velasquez Norte - Sur,287.86,Autopase_Facturado_Central_0020821947_28092026_075120.csv
Autopista Central,Facturado,0020821947,Tránsito Tag,KXZS95,2026-09-06,23:39:46,PA22,General Velasquez Norte - Sur,512.34,Autopase_Facturado_Central_0020821947_28092026_075120.csv
Autopista Central,Facturado,0020821947,Tránsito Tag,CYPW26,2026-09-07,01:26:22,PA21,General Velasquez Sur - Norte,512.34,Autopase_Facturado_Central_0020821947_28092026_075120.csv
Autopista Central,Facturado,0020821947,Tránsito Tag,HXJJ44,2026-09-07,01:29:18,PA21,General Velasquez Sur - Norte,512.34,Autopase_Facturado_Central_0020821947_28092026_075120.csv
Autopista Central,Facturado,0020821947,Tránsito Tag,HXJJ44,2026-09-07,01:32:41,PA23,General Velasquez Sur - Norte,287.86,Autopase_Facturado_Central_0020821947_28092026_075120.csv
Autopista Central,Facturado,0020821947,Tránsito Tag,HXJJ44,2026-09-07,02:51:21,PA24,General Velasquez Norte - Sur,287.86,Autopase_Facturado_Central_0020821947_28092026_075120.csv
Autopista Central,Facturado,0020821947,Tránsito Tag,HXJJ44,2026-09-07,02:54:23,PA22,General Velasquez Norte - Sur,512.34,Autopase_Facturado_Central_0020821947_28092026_075120.csv
Autopista Central,Facturado,0020821947,Tránsito Tag,HXJJ44,2026-09-07,02:56:47,PA20,General Velasquez Norte - Sur,412.57,Autopase_Facturado_Central_0020821947_28092026_075120.csv
Autopista Central,Facturado,0020821947,Tránsito Tag,HXJJ44,2026-09-07,02:58:32,PA32,Ruta 5 Norte - Sur,176.67,Autopase_Facturado_Central_0020821947_28092026_075120.csv
Autopista Central,Facturado,0020821947,Tránsito Tag,HXJJ44,2026-09-07,03:00:13,PA6,Ruta 5 Norte - Sur,157.96,Autopase_Facturado_Central_0020821947_28092026_075120.csv
Autopista Central,Facturado,0020821947,Tránsito Tag,HXJJ44,2026-09-07,03:01:15,PA37,Ruta 5 Norte - Sur,455.18,Autopase_Facturado_Central_0020821947_28092026_075120.csv
Autopista Central,Facturado,0020821947,Tránsito Tag,HXJJ44,2026-09-07,03:03:14,PA4,Ruta 5 Norte - Sur,129.9,Autopase_Facturado_Central_0020821947_28092026_075120.csv
Autopista Central,Facturado,0020821947,Tránsito Tag,KXZS95,2026-09-07,04:10:23,PA18,Ruta 5 Norte - Sur,462.46,Autopase_Facturado_Central_0020821947_28092026_075120.csv
Autopista Central,Facturado,0020821947,Tránsito Tag,KXZS95,2026-09-07,04:57:33,PA22,General Velasquez Norte - Sur,512.34,Autopase_Facturado_Central_0020821947_28092026_075120.csv
Autopista Central,Facturado,0020821947,Tránsito Tag,CYPW26,2026-09-07,05:15:45,PA21,General Velasquez Sur - Norte,512.34,Autopase_Facturado_Central_0020821947_28092026_075120.csv
Autopista Central,Facturado,0020821947,Tránsito Tag,CYPW26,2026-09-07,05:26:01,PA22,General Velasquez Norte - Sur,512.34,Autopase_Facturado_Central_0020821947_28092026_075120.csv
Autopista Central,Facturado,0020821947,Tránsito Tag,KXZS95,2026-09-07,05:58:10,PA28,General Velasquez Sur - Norte,512.34,Autopase_Facturado_Central_0020821947_28092026_075120.csv
Autopista Central,Facturado,0020821947,Tránsito Tag,KXZS95,2026-09-07,05:59:19,PA17,Ruta 5 Sur - Norte,462.46,Autopase_Facturado_Central_0020821947_28092026_075120.csv
Autopista Central,Facturado,0020821947,Tránsito Tag,PJHJ69,2026-09-07,06:05:01,PA32,Ruta 5 Norte - Sur,176.67,Autopase_Facturado_Central_0020821947_28092026_075120.csv
Autopista Central,Facturado,0020821947,Tránsito Tag,PJHJ69,2026-09-07,06:06:30,PA6,Ruta 5 Norte - Sur,157.96,Autopase_Facturado_Central_0020821947_28092026_075120.csv
Autopista Central,Facturado,0020821947,Tránsito Tag,PJHJ69,2026-09-07,06:07:22,PA37,Ruta 5 Norte - Sur,455.18,Autopase_Facturado_Central_0020821947_28092026_075120.csv
Autopista Central,Facturado,0020821947,Tránsito Tag,PJHJ69,2026-09-07,06:08:54,PA4,Ruta 5 Norte - Sur,129.9,Autopase_Facturado_Central_0020821947_28092026_075120.csv
Autopista Central,Facturado,0020821947,Tránsito Tag,LPPZ31,2026-09-07,06:11:14,PA30,Ruta 5 Sur - Norte,392.83,Autopase_Facturado_Central_0020821947_28092026_075120.csv
Autopista Central,Facturado,0020821947,Tránsito Tag,LPPZ31,2026-09-07,06:12:11,PA10,Ruta 5 Sur - Norte,285.79,Autopase_Facturado_Central_0020821947_28092026_075120.csv
Autopista Central,Facturado,0020821947,Tránsito Tag,LPPZ31,2026-09-07,06:14:29,PA31,Ruta 5 Sur - Norte,368.93,Autopase_Facturado_Central_0020821947_28092026_075120.csv
Autopista Central,Facturado,0020821947,Tránsito Tag,LPPZ31,2026-09-07,06:16:17,PA13,Ruta 5 Sur - Norte,181.86,Autopase_Facturado_Central_0020821947_28092026_075120.csv
Autopista Central,Facturado,0020821947,Tránsito Tag,PJHJ69,2026-09-07,06:23:01,PA3,Ruta 5 Sur - Norte,585.09,Autopase_Facturado_Central_0020821947_28092026_075120.csv
Autopista Central,Facturado,0020821947,Tránsito Tag,CYPW26,2026-09-07,06:47:22,PA21,General Velasquez Sur - Norte,512.34,Autopase_Facturado_Central_0020821947_28092026_075120.csv
Autopista Central,Facturado,0020821947,Tránsito Tag,CYPW26,2026-09-07,06:50:41,PA23,General Velasquez Sur - Norte,287.86,Autopase_Facturado_Central_0020821947_28092026_075120.csv
Autopista Central,Facturado,0020821947,Tránsito Tag,PJHJ69,2026-09-07,06:54:33,PA5,Ruta 5 Sur - Norte,669.27,Autopase_Facturado_Central_0020821947_28092026_075120.csv
Autopista Central,Facturado,0020821947,Tránsito Tag,CYPW26,2026-09-07,06:58:35,PA25,General Velasquez Sur - Norte,421.93,Autopase_Facturado_Central_0020821947_28092026_075120.csv
Autopista Central,Facturado,0020821947,Tránsito Tag,PJHJ69,2026-09-07,06:58:56,PA19,General Velasquez Sur - Norte,412.57,Autopase_Facturado_Central_0020821947_28092026_075120.csv
Autopista Central,Facturado,0020821947,Tránsito Tag,CYPW26,2026-09-07,07:04:12,PA28,General Velasquez Sur - Norte,1024.69,Autopase_Facturado_Central_0020821947_28092026_075120.csv
Autopista Central,Facturado,0020821947,Tránsito Tag,CYPW26,2026-09-07,07:06:09,PA17,Ruta 5 Sur - Norte,924.92,Autopase_Facturado_Central_0020821947_28092026_075120.csv
Autopista Central,Facturado,0020821947,Tránsito Tag,LPPZ31,2026-09-07,07:28:24,PA14,Ruta 5 Norte - Sur,363.73,Autopase_Facturado_Central_0020821947_28092026_075120.csv
Autopista Central,Facturado,0020821947,Tránsito Tag,LPPZ31,2026-09-07,07:30:16,PA12,Ruta 5 Norte - Sur,737.86,Autopase_Facturado_Central_0020821947_28092026_075120.csv
Autopista Central,Facturado,0020821947,Tránsito Tag,LPPZ31,2026-09-07,07:32:24,PA11,Ruta 5 Norte - Sur,285.79,Autopase_Facturado_Central_0020821947_28092026_075120.csv
Autopista Central,Facturado,0020821947,Tránsito Tag,LPPZ31,2026-09-07,07:33:23,PA9,Ruta 5 Norte - Sur,392.83,Autopase_Facturado_Central_0020821947_28092026_075120.csv
Autopista Central,Facturado,0020821947,Tránsito Tag,PJHJ69,2026-09-07,07:53:51,PA31,Ruta 5 Sur - Norte,737.86,Autopase_Facturado_Central_0020821947_28092026_075120.csv
Autopista Central,Facturado,0020821947,Tránsito Tag,PJHJ69,2026-09-07,07:58:13,PA13,Ruta 5 Sur - Norte,363.73,Autopase_Facturado_Central_0020821947_28092026_075120.csv
Autopista Central,Facturado,0020821947,Tránsito Tag,PJHJ69,2026-09-07,08:01:56,PA16,Ruta 5 Sur - Norte,850.1,Autopase_Facturado_Central_0020821947_28092026_075120.csv
Autopista Central,Facturado,0020821947,Tránsito Tag,PJHJ69,2026-09-07,08:07:26,PA17,Ruta 5 Sur - Norte,924.92,Autopase_Facturado_Central_0020821947_28092026_075120.csv
Autopista Central,Facturado,0020821947,Tránsito Tag,PJHJ69,2026-09-07,08:27:39,PA18,Ruta 5 Norte - Sur,924.92,Autopase_Facturado_Central_0020821947_28092026_075120.csv
Autopista Central,Facturado,0020821947,Tránsito Tag,LJDV98,2026-09-07,08:43:54,PA21,General Velasquez Sur - Norte,512.34,Autopase_Facturado_Central_0020821947_28092026_075120.csv
Autopista Central,Facturado,0020821947,Tránsito Tag,LJDV98,2026-09-07,08:46:50,PA23,General Velasquez Sur - Norte,575.74,Autopase_Facturado_Central_0020821947_28092026_075120.csv
Autopista Central,Facturado,0020821947,Tránsito Tag,PJHJ69,2026-09-07,08:54:20,PA14,Ruta 5 Norte - Sur,181.86,Autopase_Facturado_Central_0020821947_28092026_075120.csv
Autopista Central,Facturado,0020821947,Tránsito Tag,PJHJ69,2026-09-07,08:55:50,PA12,Ruta 5 Norte - Sur,368.93,Autopase_Facturado_Central_0020821947_28092026_075120.csv
Autopista Central,Facturado,0020821947,Tránsito Tag,PJHJ69,2026-09-07,08:57:45,PA11,Ruta 5 Norte - Sur,285.79,Autopase_Facturado_Central_0020821947_28092026_075120.csv
Autopista Central,Facturado,0020821947,Tránsito Tag,HXJJ44,2026-09-07,18:00:53,PA28,General Velasquez Sur - Norte,1024.69,Autopase_Facturado_Central_0020821947_28092026_075120.csv
Autopista Central,Facturado,0020821947,Tránsito Tag,LJDV98,2026-09-07,19:35:24,PA13,Ruta 5 Sur - Norte,181.86,Autopase_Facturado_Central_0020821947_28092026_075120.csv
Autopista Central,Facturado,0020821947,Tránsito Tag,LJDV98,2026-09-07,19:38:35,PA16,Ruta 5 Sur - Norte,425.04,Autopase_Facturado_Central_0020821947_28092026_075120.csv
Autopista Central,Facturado,0020821947,Tránsito Tag,LPPZ31,2026-09-07,19:38:54,PA16,Ruta 5 Sur - Norte,425.04,Autopase_Facturado_Central_0020821947_28092026_075120.csv
Autopista Central,Facturado,0020821947,Tránsito Tag,LJDV98,2026-09-07,19:56:51,PA17,Ruta 5 Sur - Norte,462.46,Autopase_Facturado_Central_0020821947_28092026_075120.csv
Autopista Central,Facturado,0020821947,Tránsito Tag,LPPZ31,2026-09-07,19:57:39,PA17,Ruta 5 Sur - Norte,462.46,Autopase_Facturado_Central_0020821947_28092026_075120.csv
Autopista Central,Facturado,0020821947,Tránsito Tag,LJDV98,2026-09-07,20:25:39,PA18,Ruta 5 Norte - Sur,462.46,Autopase_Facturado_Central_0020821947_28092026_075120.csv
Autopista Central,Facturado,0020821947,Tránsito Tag,LJDV98,2026-09-07,20:30:34,PA15,Ruta 5 Norte - Sur,425.04,Autopase_Facturado_Central_0020821947_28092026_075120.csv
Autopista Central,Facturado,0020821947,Tránsito Tag,LPPZ31,2026-09-07,20:34:13,PA18,Ruta 5 Norte - Sur,462.46,Autopase_Facturado_Central_0020821947_28092026_075120.csv
Autopista Central,Facturado,0020821947,Tránsito Tag,LPPZ31,2026-09-07,20:35:43,PA29,General Velasquez Norte - Sur,512.34,Autopase_Facturado_Central_0020821947_28092026_075120.csv
Autopista Central,Facturado,0020821947,Tránsito Tag,LPPZ31,2026-09-07,20:41:08,PA26,General Velasquez Norte - Sur,421.93,Autopase_Facturado_Central_0020821947_28092026_075120.csv
Autopista Central,Facturado,0020821947,Tránsito Tag,HXJJ44,2026-09-07,20:45:14,PA16,Ruta 5 Sur - Norte,425.04,Autopase_Facturado_Central_0020821947_28092026_075120.csv
Autopista Central,Facturado,0020821947,Tránsito Tag,HXJJ44,2026-09-07,20:49:13,PA17,Ruta 5 Sur - Norte,462.46,Autopase_Facturado_Central_0020821947_28092026_075120.csv
Autopista Central,Facturado,0020821947,Tránsito Tag,LPPZ31,2026-09-07,21:55:37,PA7,Ruta 5 Sur - Norte,452.06,Autopase_Facturado_Central_0020821947_28092026_075120.csv
Autopista Central,Facturado,0020821947,Tránsito Tag,HXJJ44,2026-09-07,22:09:40,PA26,General Velasquez Norte - Sur,421.93,Autopase_Facturado_Central_0020821947_28092026_075120.csv
Autopista Central,Facturado,0020821947,Tránsito Tag,KXZS95,2026-09-07,23:07:38,PA14,Ruta 5 Norte - Sur,181.86,Autopase_Facturado_Central_0020821947_28092026_075120.csv
Autopista Central,Facturado,0020821947,Tránsito Tag,KXZS95,2026-09-07,23:09:09,PA12,Ruta 5 Norte - Sur,368.93,Autopase_Facturado_Central_0020821947_28092026_075120.csv
Autopista Central,Facturado,0020821947,Tránsito Tag,KXZS95,2026-09-07,23:11:09,PA11,Ruta 5 Norte - Sur,285.79,Autopase_Facturado_Central_0020821947_28092026_075120.csv
Autopista Central,Facturado,0020821947,Tránsito Tag,KXZS95,2026-09-07,23:11:56,PA9,Ruta 5 Norte - Sur,392.83,Autopase_Facturado_Central_0020821947_28092026_075120.csv
Autopista Central,Facturado,0020821947,Tránsito Tag,HXJJ44,2026-09-07,23:17:47,PA24,General Velasquez Norte - Sur,287.86,Autopase_Facturado_Central_0020821947_28092026_075120.csv
Autopista Central,Facturado,0020821947,Tránsito Tag,LKGZ52,2026-09-08,00:53:43,PA9,Ruta 5 Norte - Sur,392.83,Autopase_Facturado_Central_0020821947_28092026_075120.csv
Autopista Central,Facturado,0020821947,Tránsito Tag,KZGL59,2026-09-08,01:00:00,PA14,Ruta 5 Norte - Sur,181.86,Autopase_Facturado_Central_0020821947_28092026_075120.csv
Autopista Central,Facturado,0020821947,Tránsito Tag,KZGL59,2026-09-08,01:02:21,PA12,Ruta 5 Norte - Sur,368.93,Autopase_Facturado_Central_0020821947_28092026_075120.csv
Autopista Central,Facturado,0020821947,Tránsito Tag,KZGL59,2026-09-08,01:06:07,PA11,Ruta 5 Norte - Sur,285.79,Autopase_Facturado_Central_0020821947_28092026_075120.csv
Autopista Central,Facturado,0020821947,Tránsito Tag,KZGL59,2026-09-08,01:07:50,PA9,Ruta 5 Norte - Sur,392.83,Autopase_Facturado_Central_0020821947_28092026_075120.csv
Autopista Central,Facturado,0020821947,Tránsito Tag,LJDV98,2026-09-08,01:59:42,PA8,Ruta 5 Norte - Sur,452.06,Autopase_Facturado_Central_0020821947_28092026_075120.csv
Autopista Central,Facturado,0020821947,Tránsito Tag,LJDV98,2026-09-08,02:00:47,PA32,Ruta 5 Norte - Sur,176.67,Autopase_Facturado_Central_0020821947_28092026_075120.csv
Autopista Central,Facturado,0020821947,Tránsito Tag,LJDV98,2026-09-08,02:07:40,PA7,Ruta 5 Sur - Norte,452.06,Autopase_Facturado_Central_0020821947_28092026_075120.csv
Autopista Central,Facturado,0020821947,Tránsito Tag,LJDV98,2026-09-08,02:10:39,PA30,Ruta 5 Sur - Norte,392.83,Autopase_Facturado_Central_0020821947_28092026_075120.csv
Autopista Central,Facturado,0020821947,Tránsito Tag,LJDV98,2026-09-08,02:11:26,PA10,Ruta 5 Sur - Norte,285.79,Autopase_Facturado_Central_0020821947_28092026_075120.csv
Autopista Central,Facturado,0020821947,Tránsito Tag,LJDV98,2026-09-08,02:13:28,PA31,Ruta 5 Sur - Norte,368.93,Autopase_Facturado_Central_0020821947_28092026_075120.csv
Autopista Central,Facturado,0020821947,Tránsito Tag,LJDV98,2026-09-08,02:14:56,PA13,Ruta 5 Sur - Norte,181.86,Autopase_Facturado_Central_0020821947_28092026_075120.csv
Autopista Central,Facturado,0020821947,Tránsito Tag,LJDV98,2026-09-08,02:17:38,PA16,Ruta 5 Sur - Norte,425.04,Autopase_Facturado_Central_0020821947_28092026_075120.csv
Autopista Central,Facturado,0020821947,Tránsito Tag,LJDV98,2026-09-08,02:21:29,PA17,Ruta 5 Sur - Norte,462.46,Autopase_Facturado_Central_0020821947_28092026_075120.csv
Autopista Central,Facturado,0020821947,Tránsito Tag,HXJJ44,2026-09-08,03:23:40,PA22,General Velasquez Norte - Sur,512.34,Autopase_Facturado_Central_0020821947_28092026_075120.csv
Autopista Central,Facturado,0020821947,Tránsito Tag,HXJJ44,2026-09-08,03:26:23,PA20,General Velasquez Norte - Sur,412.57,Autopase_Facturado_Central_0020821947_28092026_075120.csv
Autopista Central,Facturado,0020821947,Tránsito Tag,HXJJ44,2026-09-08,03:28:12,PA32,Ruta 5 Norte - Sur,176.67,Autopase_Facturado_Central_0020821947_28092026_075120.csv
Autopista Central,Facturado,0020821947,Tránsito Tag,HXJJ44,2026-09-08,03:30:10,PA6,Ruta 5 Norte - Sur,157.96,Autopase_Facturado_Central_0020821947_28092026_075120.csv
Autopista Central,Facturado,0020821947,Tránsito Tag,HXJJ44,2026-09-08,03:31:22,PA37,Ruta 5 Norte - Sur,455.18,Autopase_Facturado_Central_0020821947_28092026_075120.csv
Autopista Central,Facturado,0020821947,Tránsito Tag,KXZS95,2026-09-08,03:31:25,PA10,Ruta 5 Sur - Norte,285.79,Autopase_Facturado_Central_0020821947_28092026_075120.csv
Autopista Central,Facturado,0020821947,Tránsito Tag,KXZS95,2026-09-08,03:33:36,PA31,Ruta 5 Sur - Norte,368.93,Autopase_Facturado_Central_0020821947_28092026_075120.csv
Autopista Central,Facturado,0020821947,Tránsito Tag,LPPZ31,2026-09-08,03:46:01,PA7,Ruta 5 Sur - Norte,452.06,Autopase_Facturado_Central_0020821947_28092026_075120.csv
Autopista Central,Facturado,0020821947,Tránsito Tag,KXZS95,2026-09-08,04:52:15,PA22,General Velasquez Norte - Sur,512.34,Autopase_Facturado_Central_0020821947_28092026_075120.csv
Autopista Central,Facturado,0020821947,Tránsito Tag,LPPZ24,2026-09-08,04:56:07,PA8,Ruta 5 Norte - Sur,452.06,Autopase_Facturado_Central_0020821947_28092026_075120.csv
Autopista Central,Facturado,0020821947,Tránsito Tag,LPPZ24,2026-09-08,05:26:14,PA9,Ruta 5 Norte - Sur,392.83,Autopase_Facturado_Central_0020821947_28092026_075120.csv
Autopista Central,Facturado,0020821947,Tránsito Tag,LPPZ24,2026-09-08,05:29:19,PA8,Ruta 5 Norte - Sur,452.06,Autopase_Facturado_Central_0020821947_28092026_075120.csv
Autopista Central,Facturado,0020821947,Tránsito Tag,LPPZ24,2026-09-08,05:30:26,PA32,Ruta 5 Norte - Sur,176.67,Autopase_Facturado_Central_0020821947_28092026_075120.csv
Autopista Central,Facturado,0020821947,Tránsito Tag,LPPZ31,2026-09-08,05:32:00,PA21,General Velasquez Sur - Norte,512.34,Autopase_Facturado_Central_0020821947_28092026_075120.csv
Autopista Central,Facturado,0020821947,Tránsito Tag,LPPZ31,2026-09-08,05:34:54,PA23,General Velasquez Sur - Norte,287.86,Autopase_Facturado_Central_0020821947_28092026_075120.csv
Autopista Central,Facturado,0020821947,Tránsito Tag,LPPZ31,2026-09-08,05:36:31,PA25,General Velasquez Sur - Norte,421.93,Autopase_Facturado_Central_0020821947_28092026_075120.csv
Autopista Central,Facturado,0020821947,Tránsito Tag,LPPZ24,2026-09-08,05:41:45,PA7,Ruta 5 Sur - Norte,452.06,Autopase_Facturado_Central_0020821947_28092026_075120.csv
Autopista Central,Facturado,0020821947,Tránsito Tag,LPPZ31,2026-09-08,05:47:17,PA28,General Velasquez Sur - Norte,512.34,Autopase_Facturado_Central_0020821947_28092026_075120.csv
Autopista Central,Facturado,0020821947,Tránsito Tag,LPPZ31,2026-09-08,05:48:31,PA17,Ruta 5 Sur - Norte,462.46,Autopase_Facturado_Central_0020821947_28092026_075120.csv
Autopista Central,Facturado,0020821947,Tránsito Tag,LDWP36,2026-09-08,06:00:37,PA31,Ruta 5 Sur - Norte,368.93,Autopase_Facturado_Central_0020821947_28092026_075120.csv
Autopista Central,Facturado,0020821947,Tránsito Tag,LDWP36,2026-09-08,06:02:43,PA13,Ruta 5 Sur - Norte,181.86,Autopase_Facturado_Central_0020821947_28092026_075120.csv
Autopista Central,Facturado,0020821947,Tránsito Tag,PJHJ69,2026-09-08,06:25:15,PA8,Ruta 5 Norte - Sur,452.06,Autopase_Facturado_Central_0020821947_28092026_075120.csv
Autopista Central,Facturado,0020821947,Tránsito Tag,PJHJ69,2026-09-08,06:26:18,PA32,Ruta 5 Norte - Sur,176.67,Autopase_Facturado_Central_0020821947_28092026_075120.csv
Autopista Central,Facturado,0020821947,Tránsito Tag,PJHJ69,2026-09-08,06:27:47,PA6,Ruta 5 Norte - Sur,157.96,Autopase_Facturado_Central_0020821947_28092026_075120.csv
Autopista Central,Facturado,0020821947,Tránsito Tag,LPPZ24,2026-09-08,06:43:12,PA13,Ruta 5 Sur - Norte,363.73,Autopase_Facturado_Central_0020821947_28092026_075120.csv
Autopista Central,Facturado,0020821947,Tránsito Tag,PJHJ69,2026-09-08,07:00:02,PA5,Ruta 5 Sur - Norte,1003.9,Autopase_Facturado_Central_0020821947_28092026_075120.csv
Autopista Central,Facturado,0020821947,Tránsito Tag,PJHJ69,2026-09-08,07:04:08,PA19,General Velasquez Sur - Norte,412.57,Autopase_Facturado_Central_0020821947_28092026_075120.csv
Autopista Central,Facturado,0020821947,Tránsito Tag,PJHJ69,2026-09-08,07:07:44,PA21,General Velasquez Sur - Norte,512.34,Autopase_Facturado_Central_0020821947_28092026_075120.csv
Autopista Central,Facturado,0020821947,Tránsito Tag,KXZS95,2026-09-08,07:17:24,PA25,General Velasquez Sur - Norte,843.86,Autopase_Facturado_Central_0020821947_28092026_075120.csv
Autopista Central,Facturado,0020821947,Tránsito Tag,KXZS95,2026-09-08,07:24:10,PA28,General Velasquez Sur - Norte,1024.69,Autopase_Facturado_Central_0020821947_28092026_075120.csv
Autopista Central,Facturado,0020821947,Tránsito Tag,KXZS95,2026-09-08,07:27:34,PA17,Ruta 5 Sur - Norte,924.92,Autopase_Facturado_Central_0020821947_28092026_075120.csv
Autopista Central,Facturado,0020821947,Tránsito Tag,LDWP36,2026-09-08,07:32:01,PA14,Ruta 5 Norte - Sur,363.73,Autopase_Facturado_Central_0020821947_28092026_075120.csv
Autopista Central,Facturado,0020821947,Tránsito Tag,LDWP36,2026-09-08,07:33:34,PA12,Ruta 5 Norte - Sur,737.86,Autopase_Facturado_Central_0020821947_28092026_075120.csv
Autopista Central,Facturado,0020821947,Tránsito Tag,LDWP36,2026-09-08,07:35:34,PA11,Ruta 5 Norte - Sur,285.79,Autopase_Facturado_Central_0020821947_28092026_075120.csv
Autopista Central,Facturado,0020821947,Tránsito Tag,LDWP36,2026-09-08,07:36:24,PA9,Ruta 5 Norte - Sur,392.83,Autopase_Facturado_Central_0020821947_28092026_075120.csv
Autopista Central,Facturado,0020821947,Tránsito Tag,PJHJ69,2026-09-08,07:45:25,PA31,Ruta 5 Sur - Norte,737.86,Autopase_Facturado_Central_0020821947_28092026_075120.csv
Autopista Central,Facturado,0020821947,Tránsito Tag,PJHJ69,2026-09-08,07:49:13,PA13,Ruta 5 Sur - Norte,363.73,Autopase_Facturado_Central_0020821947_28092026_075120.csv
Autopista Central,Facturado,0020821947,Tránsito Tag,PJHJ69,2026-09-08,07:55:04,PA16,Ruta 5 Sur - Norte,850.1,Autopase_Facturado_Central_0020821947_28092026_075120.csv
Autopista Central,Facturado,0020821947,Tránsito Tag,PJHJ69,2026-09-08,08:00:14,PA17,Ruta 5 Sur - Norte,924.92,Autopase_Facturado_Central_0020821947_28092026_075120.csv
Autopista Central,Facturado,0020821947,Tránsito Tag,KXZS95,2026-09-08,08:22:56,PA18,Ruta 5 Norte - Sur,924.92,Autopase_Facturado_Central_0020821947_28092026_075120.csv
Autopista Central,Facturado,0020821947,Tránsito Tag,KXZS95,2026-09-08,08:28:26,PA15,Ruta 5 Norte - Sur,425.04,Autopase_Facturado_Central_0020821947_28092026_075120.csv
Autopista Central,Facturado,0020821947,Tránsito Tag,PJHJ69,2026-09-08,08:31:22,PA18,Ruta 5 Norte - Sur,462.46,Autopase_Facturado_Central_0020821947_28092026_075120.csv
Autopista Central,Facturado,0020821947,Tránsito Tag,PJHJ69,2026-09-08,08:36:42,PA15,Ruta 5 Norte - Sur,850.1,Autopase_Facturado_Central_0020821947_28092026_075120.csv
Autopista Central,Facturado,0020821947,Tránsito Tag,PJHJ69,2026-09-08,08:43:21,PA14,Ruta 5 Norte - Sur,181.86,Autopase_Facturado_Central_0020821947_28092026_075120.csv
Autopista Central,Facturado,0020821947,Tránsito Tag,PJHJ69,2026-09-08,08:44:55,PA12,Ruta 5 Norte - Sur,368.93,Autopase_Facturado_Central_0020821947_28092026_075120.csv
Autopista Central,Facturado,0020821947,Tránsito Tag,PJHJ69,2026-09-08,08:46:55,PA11,Ruta 5 Norte - Sur,285.79,Autopase_Facturado_Central_0020821947_28092026_075120.csv
Autopista Central,Facturado,0020821947,Tránsito Tag,LPPZ24,2026-09-08,08:58:56,PA18,Ruta 5 Norte - Sur,462.46,Autopase_Facturado_Central_0020821947_28092026_075120.csv
Autopista Central,Facturado,0020821947,Tránsito Tag,LPPZ24,2026-09-08,09:04:44,PA15,Ruta 5 Norte - Sur,425.04,Autopase_Facturado_Central_0020821947_28092026_075120.csv
Autopista Central,Facturado,0020821947,Tránsito Tag,LPPZ24,2026-09-08,09:10:20,PA14,Ruta 5 Norte - Sur,363.73,Autopase_Facturado_Central_0020821947_28092026_075120.csv
Autopista Central,Facturado,0020821947,Tránsito Tag,LPPZ24,2026-09-08,09:12:10,PA12,Ruta 5 Norte - Sur,737.86,Autopase_Facturado_Central_0020821947_28092026_075120.csv
Autopista Central,Facturado,0020821947,Tránsito Tag,LPPZ24,2026-09-08,09:14:33,PA11,Ruta 5 Norte - Sur,285.79,Autopase_Facturado_Central_0020821947_28092026_075120.csv
Autopista Central,Facturado,0020821947,Tránsito Tag,LPPZ24,2026-09-08,09:15:25,PA9,Ruta 5 Norte - Sur,392.83,Autopase_Facturado_Central_0020821947_28092026_075120.csv
Autopista Central,Facturado,0020821947,Tránsito Tag,LPPZ24,2026-09-08,09:18:30,PA8,Ruta 5 Norte - Sur,452.06,Autopase_Facturado_Central_0020821947_28092026_075120.csv
Autopista Central,Facturado,0020821947,Tránsito Tag,LPPZ24,2026-09-08,09:19:33,PA32,Ruta 5 Norte - Sur,176.67,Autopase_Facturado_Central_0020821947_28092026_075120.csv
Autopista Central,Facturado,0020821947,Tránsito Tag,LPPZ24,2026-09-08,09:25:00,PA6,Ruta 5 Norte - Sur,157.96,Autopase_Facturado_Central_0020821947_28092026_075120.csv
Autopista Central,Facturado,0020821947,Tránsito Tag,KZGL59,2026-09-08,16:21:44,PA8,Ruta 5 Norte - Sur,452.06,Autopase_Facturado_Central_0020821947_28092026_075120.csv
Autopista Central,Facturado,0020821947,Tránsito Tag,KZGL59,2026-09-08,16:23:01,PA32,Ruta 5 Norte - Sur,176.67,Autopase_Facturado_Central_0020821947_28092026_075120.csv
Autopista Central,Facturado,0020821947,Tránsito Tag,KZGL59,2026-09-08,16:24:40,PA6,Ruta 5 Norte - Sur,157.96,Autopase_Facturado_Central_0020821947_28092026_075120.csv
Autopista Central,Facturado,0020821947,Tránsito Tag,KZGL59,2026-09-08,16:25:42,PA37,Ruta 5 Norte - Sur,455.18,Autopase_Facturado_Central_0020821947_28092026_075120.csv
Autopista Central,Facturado,0020821947,Tránsito Tag,KZGL59,2026-09-08,16:27:41,PA4,Ruta 5 Norte - Sur,129.9,Autopase_Facturado_Central_0020821947_28092026_075120.csv
Autopista Central,Facturado,0020821947,Tránsito Tag,KZGL59,2026-09-08,16:33:28,PA1,Ruta 5 Norte - Sur,868.37,Autopase_Facturado_Central_0020821947_28092026_075120.csv
Autopista Central,Facturado,0020821947,Tránsito Tag,KZGL59,2026-09-08,17:13:17,PA2,Ruta 5 Sur - Norte,868.37,Autopase_Facturado_Central_0020821947_28092026_075120.csv
Autopista Central,Facturado,0020821947,Tránsito Tag,KZGL59,2026-09-08,17:14:53,PA3,Ruta 5 Sur - Norte,585.09,Autopase_Facturado_Central_0020821947_28092026_075120.csv
Autopista Central,Facturado,0020821947,Tránsito Tag,KZGL59,2026-09-08,17:18:09,PA5,Ruta 5 Sur - Norte,334.63,Autopase_Facturado_Central_0020821947_28092026_075120.csv
Autopista Central,Facturado,0020821947,Tránsito Tag,KZGL59,2026-09-08,17:21:20,PA7,Ruta 5 Sur - Norte,452.06,Autopase_Facturado_Central_0020821947_28092026_075120.csv
Autopista Central,Facturado,0020821947,Tránsito Tag,HXJJ44,2026-09-08,17:52:29,PA28,General Velasquez Sur - Norte,512.34,Autopase_Facturado_Central_0020821947_28092026_075120.csv
Autopista Central,Facturado,0020821947,Tránsito Tag,HXJJ44,2026-09-08,17:57:24,PA17,Ruta 5 Sur - Norte,924.92,Autopase_Facturado_Central_0020821947_28092026_075120.csv
Autopista Central,Facturado,0020821947,Tránsito Tag,LPPZ24,2026-09-08,18:13:47,PA5,Ruta 5 Sur - Norte,334.63,Autopase_Facturado_Central_0020821947_28092026_075120.csv
Autopista Central,Facturado,0020821947,Tránsito Tag,LPPZ24,2026-09-08,18:18:25,PA19,General Velasquez Sur - Norte,412.57,Autopase_Facturado_Central_0020821947_28092026_075120.csv
Autopista Central,Facturado,0020821947,Tránsito Tag,LPPZ24,2026-09-08,19:27:40,PA10,Ruta 5 Sur - Norte,285.79,Autopase_Facturado_Central_0020821947_28092026_075120.csv
Autopista Central,Facturado,0020821947,Tránsito Tag,LPPZ24,2026-09-08,19:29:57,PA31,Ruta 5 Sur - Norte,368.93,Autopase_Facturado_Central_0020821947_28092026_075120.csv
Autopista Central,Facturado,0020821947,Tránsito Tag,LDWP36,2026-09-08,19:30:18,PA16,Ruta 5 Sur - Norte,425.04,Autopase_Facturado_Central_0020821947_28092026_075120.csv
Autopista Central,Facturado,0020821947,Tránsito Tag,LPPZ24,2026-09-08,19:31:25,PA13,Ruta 5 Sur - Norte,181.86,Autopase_Facturado_Central_0020821947_28092026_075120.csv
Autopista Central,Facturado,0020821947,Tránsito Tag,LDWP36,2026-09-08,19:33:49,PA17,Ruta 5 Sur - Norte,462.46,Autopase_Facturado_Central_0020821947_28092026_075120.csv
Autopista Central,Facturado,0020821947,Tránsito Tag,LPPZ24,2026-09-08,19:34:16,PA16,Ruta 5 Sur - Norte,425.04,Autopase_Facturado_Central_0020821947_28092026_075120.csv
Autopista Central,Facturado,0020821947,Tránsito Tag,LPPZ24,2026-09-08,19:38:08,PA17,Ruta 5 Sur - Norte,462.46,Autopase_Facturado_Central_0020821947_28092026_075120.csv
Autopista Central,Facturado,0020821947,Tránsito Tag,LJDV98,2026-09-08,19:39:02,PA13,Ruta 5 Sur - Norte,181.86,Autopase_Facturado_Central_0020821947_28092026_075120.csv
Autopista Central,Facturado,0020821947,Tránsito Tag,LJDV98,2026-09-08,19:41:59,PA16,Ruta 5 Sur - Norte,425.04,Autopase_Facturado_Central_0020821947_28092026_075120.csv
Autopista Central,Facturado,0020821947,Tránsito Tag,LJDV98,2026-09-08,19:45:41,PA17,Ruta 5 Sur - Norte,462.46,Autopase_Facturado_Central_0020821947_28092026_075120.csv
Autopista Central,Facturado,0020821947,Tránsito Tag,LPPZ24,2026-09-08,20:19:19,PA18,Ruta 5 Norte - Sur,462.46,Autopase_Facturado_Central_0020821947_28092026_075120.csv
Autopista Central,Facturado,0020821947,Tránsito Tag,LPPZ24,2026-09-08,20:23:57,PA15,Ruta 5 Norte - Sur,850.1,Autopase_Facturado_Central_0020821947_28092026_075120.csv
Autopista Central,Facturado,0020821947,Tránsito Tag,LPPZ24,2026-09-08,20:26:46,PA14,Ruta 5 Norte - Sur,363.73,Autopase_Facturado_Central_0020821947_28092026_075120.csv
Autopista Central,Facturado,0020821947,Tránsito Tag,LDWP36,2026-09-08,20:33:50,PA18,Ruta 5 Norte - Sur,462.46,Autopase_Facturado_Central_0020821947_28092026_075120.csv
Autopista Central,Facturado,0020821947,Tránsito Tag,LDWP36,2026-09-08,20:38:05,PA15,Ruta 5 Norte - Sur,425.04,Autopase_Facturado_Central_0020821947_28092026_075120.csv
Autopista Central,Facturado,0020821947,Tránsito Tag,HXJJ44,2026-09-08,20:49:06,PA16,Ruta 5 Sur - Norte,425.04,Autopase_Facturado_Central_0020821947_28092026_075120.csv
Autopista Central,Facturado,0020821947,Tránsito Tag,LDWP36,2026-09-08,20:58:19,PA24,General Velasquez Norte - Sur,287.86,Autopase_Facturado_Central_0020821947_28092026_075120.csv
Autopista Central,Facturado,0020821947,Tránsito Tag,LDWP36,2026-09-08,21:00:58,PA22,General Velasquez Norte - Sur,512.34,Autopase_Facturado_Central_0020821947_28092026_075120.csv
Autopista Central,Facturado,0020821947,Tránsito Tag,LPPZ24,2026-09-08,21:12:55,PA9,Ruta 5 Norte - Sur,392.83,Autopase_Facturado_Central_0020821947_28092026_075120.csv
Autopista Central,Facturado,0020821947,Tránsito Tag,LPPZ24,2026-09-08,21:16:18,PA8,Ruta 5 Norte - Sur,452.06,Autopase_Facturado_Central_0020821947_28092026_075120.csv
Autopista Central,Facturado,0020821947,Tránsito Tag,LPPZ24,2026-09-08,21:17:32,PA32,Ruta 5 Norte - Sur,176.67,Autopase_Facturado_Central_0020821947_28092026_075120.csv
Autopista Central,Facturado,0020821947,Tránsito Tag,LPPZ24,2026-09-08,21:19:14,PA6,Ruta 5 Norte - Sur,157.96,Autopase_Facturado_Central_0020821947_28092026_075120.csv
Autopista Central,Facturado,0020821947,Tránsito Tag,LPPZ24,2026-09-08,21:20:17,PA37,Ruta 5 Norte - Sur,455.18,Autopase_Facturado_Central_0020821947_28092026_075120.csv
Autopista Central,Facturado,0020821947,Tránsito Tag,HXJJ44,2026-09-08,22:09:09,PA18,Ruta 5 Norte - Sur,462.46,Autopase_Facturado_Central_0020821947_28092026_075120.csv
Autopista Central,Facturado,0020821947,Tránsito Tag,HXJJ44,2026-09-08,22:10:34,PA29,General Velasquez Norte - Sur,512.34,Autopase_Facturado_Central_0020821947_28092026_075120.csv
Autopista Central,Facturado,0020821947,Tránsito Tag,HXJJ44,2026-09-08,22:16:06,PA26,General Velasquez Norte - Sur,421.93,Autopase_Facturado_Central_0020821947_28092026_075120.csv
Autopista Central,Facturado,0020821947,Tránsito Tag,HXJJ44,2026-09-08,22:17:42,PA24,General Velasquez Norte - Sur,287.86,Autopase_Facturado_Central_0020821947_28092026_075120.csv
Autopista Central,Facturado,0020821947,Tránsito Tag,KZGL59,2026-09-08,22:20:07,PA12,Ruta 5 Norte - Sur,368.93,Autopase_Facturado_Central_0020821947_28092026_075120.csv
Autopista Central,Facturado,0020821947,Tránsito Tag,HXJJ44,2026-09-08,22:20:25,PA22,General Velasquez Norte - Sur,512.34,Autopase_Facturado_Central_0020821947_28092026_075120.csv
Autopista Central,Facturado,0020821947,Tránsito Tag,KZGL59,2026-09-08,22:22:31,PA11,Ruta 5 Norte - Sur,285.79,Autopase_Facturado_Central_0020821947_28092026_075120.csv
Autopista Central,Facturado,0020821947,Tránsito Tag,KZGL59,2026-09-08,22:23:33,PA9,Ruta 5 Norte - Sur,392.83,Autopase_Facturado_Central_0020821947_28092026_075120.csv
Autopista Central,Facturado,0020821947,Tránsito Tag,LPPZ31,2026-09-08,22:30:22,PA26,General Velasquez Norte - Sur,421.93,Autopase_Facturado_Central_0020821947_28092026_075120.csv
Autopista Central,Facturado,0020821947,Tránsito Tag,LPPZ31,2026-09-08,22:31:45,PA24,General Velasquez Norte - Sur,287.86,Autopase_Facturado_Central_0020821947_28092026_075120.csv
Autopista Central,Facturado,0020821947,Tránsito Tag,LPPZ31,2026-09-08,22:34:21,PA22,General Velasquez Norte - Sur,512.34,Autopase_Facturado_Central_0020821947_28092026_075120.csv
Autopista Central,Facturado,0020821947,Tránsito Tag,KXZS95,2026-09-08,23:17:25,PA21,General Velasquez Sur - Norte,512.34,Autopase_Facturado_Central_0020821947_28092026_075120.csv
Autopista Central,Facturado,0020821947,Tránsito Tag,KXZS95,2026-09-08,23:19:56,PA23,General Velasquez Sur - Norte,287.86,Autopase_Facturado_Central_0020821947_28092026_075120.csv
Autopista Central,Facturado,0020821947,Tránsito Tag,HXJJ44,2026-09-08,23:20:23,PA30,Ruta 5 Sur - Norte,392.83,Autopase_Facturado_Central_0020821947_28092026_075120.csv
Autopista Central,Facturado,0020821947,Tránsito Tag,HXJJ44,2026-09-08,23:21:18,PA10,Ruta 5 Sur - Norte,285.79,Autopase_Facturado_Central_0020821947_28092026_075120.csv
Autopista Central,Facturado,0020821947,Tránsito Tag,HXJJ44,2026-09-08,23:23:38,PA31,Ruta 5 Sur - Norte,368.93,Autopase_Facturado_Central_0020821947_28092026_075120.csv
Autopista Central,Facturado,0020821947,Tránsito Tag,KXZS95,2026-09-08,23:42:44,PA24,General Velasquez Norte - Sur,287.86,Autopase_Facturado_Central_0020821947_28092026_075120.csv
Autopista Central,Facturado,0020821947,Tránsito Tag,KXZS95,2026-09-08,23:44:57,PA22,General Velasquez Norte - Sur,512.34,Autopase_Facturado_Central_0020821947_28092026_075120.csv
Autopista Central,Facturado,0020821947,Tránsito Tag,HXJJ44,2026-09-08,23:48:34,PA11,Ruta 5 Norte - Sur,285.79,Autopase_Facturado_Central_0020821947_28092026_075120.csv
Autopista Central,Facturado,0020821947,Tránsito Tag,HXJJ44,2026-09-08,23:49:37,PA9,Ruta 5 Norte - Sur,392.83,Autopase_Facturado_Central_0020821947_28092026_075120.csv
Autopista Central,Facturado,0020821947,Tránsito Tag,KXZS95,2026-09-09,00:21:57,PA30,Ruta 5 Sur - Norte,392.83,Autopase_Facturado_Central_0020821947_28092026_075120.csv
Autopista Central,Facturado,0020821947,Tránsito Tag,KXZS95,2026-09-09,00:26:05,PA10,Ruta 5 Sur - Norte,285.79,Autopase_Facturado_Central_0020821947_28092026_075120.csv
Autopista Central,Facturado,0020821947,Tránsito Tag,LPPZ31,2026-09-09,00:26:37,PA8,Ruta 5 Norte - Sur,452.06,Autopase_Facturado_Central_0020821947_28092026_075120.csv
Autopista Central,Facturado,0020821947,Tránsito Tag,LPPZ31,2026-09-09,00:27:46,PA32,Ruta 5 Norte - Sur,176.67,Autopase_Facturado_Central_0020821947_28092026_075120.csv
Autopista Central,Facturado,0020821947,Tránsito Tag,KXZS95,2026-09-09,00:27:55,PA31,Ruta 5 Sur - Norte,368.93,Autopase_Facturado_Central_0020821947_28092026_075120.csv
Autopista Central,Facturado,0020821947,Tránsito Tag,PJHJ69,2026-09-09,00:50:42,PA19,General Velasquez Sur - Norte,412.57,Autopase_Facturado_Central_0020821947_28092026_075120.csv
Autopista Central,Facturado,0020821947,Tránsito Tag,LPPZ31,2026-09-09,01:15:19,PA5,Ruta 5 Sur - Norte,334.63,Autopase_Facturado_Central_0020821947_28092026_075120.csv
Autopista Central,Facturado,0020821947,Tránsito Tag,LPPZ31,2026-09-09,01:17:36,PA19,General Velasquez Sur - Norte,412.57,Autopase_Facturado_Central_0020821947_28092026_075120.csv
Autopista Central,Facturado,0020821947,Tránsito Tag,LPPZ31,2026-09-09,01:32:08,PA32,Ruta 5 Norte - Sur,176.67,Autopase_Facturado_Central_0020821947_28092026_075120.csv
Autopista Central,Facturado,0020821947,Tránsito Tag,LPPZ31,2026-09-09,01:54:55,PA7,Ruta 5 Sur - Norte,452.06,Autopase_Facturado_Central_0020821947_28092026_075120.csv
Autopista Central,Facturado,0020821947,Tránsito Tag,PJHJ69,2026-09-09,03:33:08,PA5,Ruta 5 Sur - Norte,334.63,Autopase_Facturado_Central_0020821947_28092026_075120.csv
Autopista Central,Facturado,0020821947,Tránsito Tag,HXJJ44,2026-09-09,03:46:02,PA8,Ruta 5 Norte - Sur,452.06,Autopase_Facturado_Central_0020821947_28092026_075120.csv
Autopista Central,Facturado,0020821947,Tránsito Tag,HXJJ44,2026-09-09,03:47:11,PA32,Ruta 5 Norte - Sur,176.67,Autopase_Facturado_Central_0020821947_28092026_075120.csv
Autopista Central,Facturado,0020821947,Tránsito Tag,KXZS95,2026-09-09,03:47:49,PA18,Ruta 5 Norte - Sur,462.46,Autopase_Facturado_Central_0020821947_28092026_075120.csv
Autopista Central,Facturado,0020821947,Tránsito Tag,HXJJ44,2026-09-09,03:48:35,PA6,Ruta 5 Norte - Sur,157.96,Autopase_Facturado_Central_0020821947_28092026_075120.csv
Autopista Central,Facturado,0020821947,Tránsito Tag,HXJJ44,2026-09-09,03:49:25,PA37,Ruta 5 Norte - Sur,455.18,Autopase_Facturado_Central_0020821947_28092026_075120.csv
Autopista Central,Facturado,0020821947,Tránsito Tag,LPPZ31,2026-09-09,04:00:14,PA30,Ruta 5 Sur - Norte,392.83,Autopase_Facturado_Central_0020821947_28092026_075120.csv
Autopista Central,Facturado,0020821947,Tránsito Tag,LPPZ31,2026-09-09,04:01:04,PA10,Ruta 5 Sur - Norte,285.79,Autopase_Facturado_Central_0020821947_28092026_075120.csv
Autopista Central,Facturado,0020821947,Tránsito Tag,HXJJ44,2026-09-09,04:45:54,PA19,General Velasquez Sur - Norte,412.57,Autopase_Facturado_Central_0020821947_28092026_075120.csv
Autopista Central,Facturado,0020821947,Tránsito Tag,KXZS95,2026-09-09,04:47:38,PA22,General Velasquez Norte - Sur,512.34,Autopase_Facturado_Central_0020821947_28092026_075120.csv
Autopista Central,Facturado,0020821947,Tránsito Tag,KXZS95,2026-09-09,05:13:14,PA21,General Velasquez Sur - Norte,512.34,Autopase_Facturado_Central_0020821947_28092026_075120.csv
Autopista Central,Facturado,0020821947,Tránsito Tag,KXZS95,2026-09-09,05:27:54,PA23,General Velasquez Sur - Norte,287.86,Autopase_Facturado_Central_0020821947_28092026_075120.csv
Autopista Central,Facturado,0020821947,Tránsito Tag,KXZS95,2026-09-09,05:29:40,PA25,General Velasquez Sur - Norte,421.93,Autopase_Facturado_Central_0020821947_28092026_075120.csv
Autopista Central,Facturado,0020821947,Tránsito Tag,KXZS95,2026-09-09,05:34:26,PA28,General Velasquez Sur - Norte,512.34,Autopase_Facturado_Central_0020821947_28092026_075120.csv
Autopista Central,Facturado,0020821947,Tránsito Tag,KXZS95,2026-09-09,05:35:39,PA17,Ruta 5 Sur - Norte,462.46,Autopase_Facturado_Central_0020821947_28092026_075120.csv
Autopista Central,Facturado,0020821947,Tránsito Tag,LPPZ24,2026-09-09,05:40:04,PA7,Ruta 5 Sur - Norte,452.06,Autopase_Facturado_Central_0020821947_28092026_075120.csv
Autopista Central,Facturado,0020821947,Tránsito Tag,LDWP36,2026-09-09,06:13:45,PA31,Ruta 5 Sur - Norte,368.93,Autopase_Facturado_Central_0020821947_28092026_075120.csv
Autopista Central,Facturado,0020821947,Tránsito Tag,LDWP36,2026-09-09,06:15:12,PA13,Ruta 5 Sur - Norte,181.86,Autopase_Facturado_Central_0020821947_28092026_075120.csv
Autopista Central,Facturado,0020821947,Tránsito Tag,PJHJ69,2026-09-09,06:17:57,PA8,Ruta 5 Norte - Sur,452.06,Autopase_Facturado_Central_0020821947_28092026_075120.csv
Autopista Central,Facturado,0020821947,Tránsito Tag,PJHJ69,2026-09-09,06:18:58,PA32,Ruta 5 Norte - Sur,176.67,Autopase_Facturado_Central_0020821947_28092026_075120.csv
Autopista Central,Facturado,0020821947,Tránsito Tag,PJHJ69,2026-09-09,06:20:44,PA6,Ruta 5 Norte - Sur,157.96,Autopase_Facturado_Central_0020821947_28092026_075120.csv
Autopista Central,Facturado,0020821947,Tránsito Tag,LPPZ31,2026-09-09,06:28:16,PA21,General Velasquez Sur - Norte,512.34,Autopase_Facturado_Central_0020821947_28092026_075120.csv
Autopista Central,Facturado,0020821947,Tránsito Tag,LPPZ31,2026-09-09,06:31:29,PA23,General Velasquez Sur - Norte,287.86,Autopase_Facturado_Central_0020821947_28092026_075120.csv
Autopista Central,Facturado,0020821947,Tránsito Tag,LPPZ31,2026-09-09,06:33:03,PA25,General Velasquez Sur - Norte,421.93,Autopase_Facturado_Central_0020821947_28092026_075120.csv
Autopista Central,Facturado,0020821947,Tránsito Tag,LPPZ24,2026-09-09,06:43:58,PA13,Ruta 5 Sur - Norte,363.73,Autopase_Facturado_Central_0020821947_28092026_075120.csv
Autopista Central,Facturado,0020821947,Tránsito Tag,PJHJ69,2026-09-09,06:49:10,PA5,Ruta 5 Sur - Norte,669.27,Autopase_Facturado_Central_0020821947_28092026_075120.csv
Autopista Central,Facturado,0020821947,Tránsito Tag,PJHJ69,2026-09-09,06:52:31,PA19,General Velasquez Sur - Norte,412.57,Autopase_Facturado_Central_0020821947_28092026_075120.csv
Autopista Central,Facturado,0020821947,Tránsito Tag,PJHJ69,2026-09-09,06:55:54,PA21,General Velasquez Sur - Norte,512.34,Autopase_Facturado_Central_0020821947_28092026_075120.csv
Autopista Central,Facturado,0020821947,Tránsito Tag,LDWP36,2026-09-09,07:14:42,PA14,Ruta 5 Norte - Sur,363.73,Autopase_Facturado_Central_0020821947_28092026_075120.csv
Autopista Central,Facturado,0020821947,Tránsito Tag,LDWP36,2026-09-09,07:16:01,PA12,Ruta 5 Norte - Sur,737.86,Autopase_Facturado_Central_0020821947_28092026_075120.csv
Autopista Central,Facturado,0020821947,Tránsito Tag,HXJJ44,2026-09-09,07:16:56,PA25,General Velasquez Sur - Norte,843.86,Autopase_Facturado_Central_0020821947_28092026_075120.csv
Autopista Central,Facturado,0020821947,Tránsito Tag,LDWP36,2026-09-09,07:17:59,PA11,Ruta 5 Norte - Sur,285.79,Autopase_Facturado_Central_0020821947_28092026_075120.csv
Autopista Central,Facturado,0020821947,Tránsito Tag,LDWP36,2026-09-09,07:18:47,PA9,Ruta 5 Norte - Sur,392.83,Autopase_Facturado_Central_0020821947_28092026_075120.csv
Autopista Central,Facturado,0020821947,Tránsito Tag,LPPZ24,2026-09-09,07:21:42,PA18,Ruta 5 Norte - Sur,924.92,Autopase_Facturado_Central_0020821947_28092026_075120.csv
Autopista Central,Facturado,0020821947,Tránsito Tag,LPPZ24,2026-09-09,07:23:09,PA29,General Velasquez Norte - Sur,512.34,Autopase_Facturado_Central_0020821947_28092026_075120.csv
Autopista Central,Facturado,0020821947,Tránsito Tag,LPPZ24,2026-09-09,07:28:18,PA26,General Velasquez Norte - Sur,421.93,Autopase_Facturado_Central_0020821947_28092026_075120.csv
Autopista Central,Facturado,0020821947,Tránsito Tag,HXJJ44,2026-09-09,07:29:09,PA28,General Velasquez Sur - Norte,1024.69,Autopase_Facturado_Central_0020821947_28092026_075120.csv
Autopista Central,Facturado,0020821947,Tránsito Tag,LPPZ24,2026-09-09,07:29:55,PA24,General Velasquez Norte - Sur,287.86,Autopase_Facturado_Central_0020821947_28092026_075120.csv
Autopista Central,Facturado,0020821947,Tránsito Tag,HXJJ44,2026-09-09,07:31:36,PA17,Ruta 5 Sur - Norte,924.92,Autopase_Facturado_Central_0020821947_28092026_075120.csv
Autopista Central,Facturado,0020821947,Tránsito Tag,LPPZ24,2026-09-09,07:32:34,PA22,General Velasquez Norte - Sur,512.34,Autopase_Facturado_Central_0020821947_28092026_075120.csv
Autopista Central,Facturado,0020821947,Tránsito Tag,PJHJ69,2026-09-09,07:32:54,PA31,Ruta 5 Sur - Norte,737.86,Autopase_Facturado_Central_0020821947_28092026_075120.csv
Autopista Central,Facturado,0020821947,Tránsito Tag,LPPZ24,2026-09-09,07:34:53,PA20,General Velasquez Norte - Sur,412.57,Autopase_Facturado_Central_0020821947_28092026_075120.csv
Autopista Central,Facturado,0020821947,Tránsito Tag,LPPZ24,2026-09-09,07:36:28,PA32,Ruta 5 Norte - Sur,176.67,Autopase_Facturado_Central_0020821947_28092026_075120.csv
Autopista Central,Facturado,0020821947,Tránsito Tag,PJHJ69,2026-09-09,07:36:36,PA13,Ruta 5 Sur - Norte,363.73,Autopase_Facturado_Central_0020821947_28092026_075120.csv
Autopista Central,Facturado,0020821947,Tránsito Tag,LPPZ24,2026-09-09,07:38:13,PA6,Ruta 5 Norte - Sur,157.96,Autopase_Facturado_Central_0020821947_28092026_075120.csv
Autopista Central,Facturado,0020821947,Tránsito Tag,PJHJ69,2026-09-09,07:40:20,PA16,Ruta 5 Sur - Norte,850.1,Autopase_Facturado_Central_0020821947_28092026_075120.csv
Autopista Central,Facturado,0020821947,Tránsito Tag,PJHJ69,2026-09-09,07:46:12,PA17,Ruta 5 Sur - Norte,924.92,Autopase_Facturado_Central_0020821947_28092026_075120.csv
Autopista Central,Facturado,0020821947,Tránsito Tag,PJHJ69,2026-09-09,08:26:04,PA18,Ruta 5 Norte - Sur,924.92,Autopase_Facturado_Central_0020821947_28092026_075120.csv
Autopista Central,Facturado,0020821947,Tránsito Tag,PJHJ69,2026-09-09,08:31:10,PA15,Ruta 5 Norte - Sur,850.1,Autopase_Facturado_Central_0020821947_28092026_075120.csv
Autopista Central,Facturado,0020821947,Tránsito Tag,HXJJ44,2026-09-09,08:31:24,PA18,Ruta 5 Norte - Sur,462.46,Autopase_Facturado_Central_0020821947_28092026_075120.csv
Autopista Central,Facturado,0020821947,Tránsito Tag,PJHJ69,2026-09-09,08:35:24,PA14,Ruta 5 Norte - Sur,181.86,Autopase_Facturado_Central_0020821947_28092026_075120.csv
Autopista Central,Facturado,0020821947,Tránsito Tag,HXJJ44,2026-09-09,08:36:17,PA15,Ruta 5 Norte - Sur,850.1,Autopase_Facturado_Central_0020821947_28092026_075120.csv
Autopista Central,Facturado,0020821947,Tránsito Tag,PJHJ69,2026-09-09,08:37:09,PA12,Ruta 5 Norte - Sur,368.93,Autopase_Facturado_Central_0020821947_28092026_075120.csv
Autopista Central,Facturado,0020821947,Tránsito Tag,LPPZ31,2026-09-09,08:52:50,PA30,Ruta 5 Sur - Norte,785.66,Autopase_Facturado_Central_0020821947_28092026_075120.csv
Autopista Central,Facturado,0020821947,Tránsito Tag,LPPZ31,2026-09-09,08:55:38,PA10,Ruta 5 Sur - Norte,571.58,Autopase_Facturado_Central_0020821947_28092026_075120.csv
Autopista Central,Facturado,0020821947,Tránsito Tag,HXJJ44,2026-09-09,09:02:47,PA26,General Velasquez Norte - Sur,421.93,Autopase_Facturado_Central_0020821947_28092026_075120.csv
Autopista Central,Facturado,0020821947,Tránsito Tag,PJHJ69,2026-09-09,09:26:38,PA8,Ruta 5 Norte - Sur,452.06,Autopase_Facturado_Central_0020821947_28092026_075120.csv
Autopista Central,Facturado,0020821947,Tránsito Tag,PJHJ69,2026-09-09,09:27:47,PA32,Ruta 5 Norte - Sur,176.67,Autopase_Facturado_Central_0020821947_28092026_075120.csv
Autopista Central,Facturado,0020821947,Tránsito Tag,PJHJ69,2026-09-09,09:29:32,PA6,Ruta 5 Norte - Sur,157.96,Autopase_Facturado_Central_0020821947_28092026_075120.csv
Autopista Central,Facturado,0020821947,Tránsito Tag,PJHJ69,2026-09-09,10:04:08,PA5,Ruta 5 Sur - Norte,334.63,Autopase_Facturado_Central_0020821947_28092026_075120.csv
Autopista Central,Facturado,0020821947,Tránsito Tag,PJHJ69,2026-09-09,10:07:38,PA19,General Velasquez Sur - Norte,412.57,Autopase_Facturado_Central_0020821947_28092026_075120.csv
Autopista Central,Facturado,0020821947,Tránsito Tag,LJDV98,2026-09-09,12:26:12,PA30,Ruta 5 Sur - Norte,392.83,Autopase_Facturado_Central_0020821947_28092026_075120.csv
Autopista Central,Facturado,0020821947,Tránsito Tag,LJDV98,2026-09-09,12:27:14,PA10,Ruta 5 Sur - Norte,285.79,Autopase_Facturado_Central_0020821947_28092026_075120.csv
Autopista Central,Facturado,0020821947,Tránsito Tag,LJDV98,2026-09-09,12:30:13,PA31,Ruta 5 Sur - Norte,737.86,Autopase_Facturado_Central_0020821947_28092026_075120.csv
Autopista Central,Facturado,0020821947,Tránsito Tag,HXJJ44,2026-09-09,13:00:12,PA13,Ruta 5 Sur - Norte,363.73,Autopase_Facturado_Central_0020821947_28092026_075120.csv
Autopista Central,Facturado,0020821947,Tránsito Tag,LJDV98,2026-09-09,15:20:20,PA12,Ruta 5 Norte - Sur,737.86,Autopase_Facturado_Central_0020821947_28092026_075120.csv
Autopista Central,Facturado,0020821947,Tránsito Tag,LJDV98,2026-09-09,15:22:59,PA11,Ruta 5 Norte - Sur,285.79,Autopase_Facturado_Central_0020821947_28092026_075120.csv
Autopista Central,Facturado,0020821947,Tránsito Tag,LJDV98,2026-09-09,15:24:04,PA9,Ruta 5 Norte - Sur,392.83,Autopase_Facturado_Central_0020821947_28092026_075120.csv
Autopista Central,Facturado,0020821947,Tránsito Tag,LPPZ24,2026-09-09,18:00:41,PA5,Ruta 5 Sur - Norte,334.63,Autopase_Facturado_Central_0020821947_28092026_075120.csv
Autopista Central,Facturado,0020821947,Tránsito Tag,LPPZ24,2026-09-09,18:04:32,PA19,General Velasquez Sur - Norte,412.57,Autopase_Facturado_Central_0020821947_28092026_075120.csv
Autopista Central,Facturado,0020821947,Tránsito Tag,LPPZ24,2026-09-09,19:00:45,PA10,Ruta 5 Sur - Norte,285.79,Autopase_Facturado_Central_0020821947_28092026_075120.csv
Autopista Central,Facturado,0020821947,Tránsito Tag,LPPZ24,2026-09-09,19:02:53,PA31,Ruta 5 Sur - Norte,368.93,Autopase_Facturado_Central_0020821947_28092026_075120.csv
Autopista Central,Facturado,0020821947,Tránsito Tag,LPPZ24,2026-09-09,19:04:21,PA13,Ruta 5 Sur - Norte,181.86,Autopase_Facturado_Central_0020821947_28092026_075120.csv
Autopista Central,Facturado,0020821947,Tránsito Tag,LPPZ24,2026-09-09,19:16:35,PA16,Ruta 5 Sur - Norte,425.04,Autopase_Facturado_Central_0020821947_28092026_075120.csv
Autopista Central,Facturado,0020821947,Tránsito Tag,LPPZ24,2026-09-09,19:20:24,PA17,Ruta 5 Sur - Norte,924.92,Autopase_Facturado_Central_0020821947_28092026_075120.csv
Autopista Central,Facturado,0020821947,Tránsito Tag,LDWP36,2026-09-09,19:33:03,PA16,Ruta 5 Sur - Norte,425.04,Autopase_Facturado_Central_0020821947_28092026_075120.csv
Autopista Central,Facturado,0020821947,Tránsito Tag,LDWP36,2026-09-09,19:36:29,PA17,Ruta 5 Sur - Norte,462.46,Autopase_Facturado_Central_0020821947_28092026_075120.csv
Autopista Central,Facturado,0020821947,Tránsito Tag,LPPZ24,2026-09-09,20:20:36,PA18,Ruta 5 Norte - Sur,462.46,Autopase_Facturado_Central_0020821947_28092026_075120.csv
Autopista Central,Facturado,0020821947,Tránsito Tag,LDWP36,2026-09-09,20:22:45,PA18,Ruta 5 Norte - Sur,462.46,Autopase_Facturado_Central_0020821947_28092026_075120.csv
Autopista Central,Facturado,0020821947,Tránsito Tag,LDWP36,2026-09-09,20:24:32,PA29,General Velasquez Norte - Sur,1024.69,Autopase_Facturado_Central_0020821947_28092026_075120.csv
Autopista Central,Facturado,0020821947,Tránsito Tag,LPPZ24,2026-09-09,20:25:10,PA15,Ruta 5 Norte - Sur,850.1,Autopase_Facturado_Central_0020821947_28092026_075120.csv
Autopista Central,Facturado,0020821947,Tránsito Tag,LPPZ24,2026-09-09,20:29:04,PA14,Ruta 5 Norte - Sur,363.73,Autopase_Facturado_Central_0020821947_28092026_075120.csv
Autopista Central,Facturado,0020821947,Tránsito Tag,LDWP36,2026-09-09,20:29:33,PA26,General Velasquez Norte - Sur,843.86,Autopase_Facturado_Central_0020821947_28092026_075120.csv
Autopista Central,Facturado,0020821947,Tránsito Tag,LPPZ24,2026-09-09,21:12:45,PA9,Ruta 5 Norte - Sur,392.83,Autopase_Facturado_Central_0020821947_28092026_075120.csv
Autopista Central,Facturado,0020821947,Tránsito Tag,KZGL59,2026-09-09,22:06:56,PA12,Ruta 5 Norte - Sur,368.93,Autopase_Facturado_Central_0020821947_28092026_075120.csv
Autopista Central,Facturado,0020821947,Tránsito Tag,KZGL59,2026-09-09,22:09:11,PA11,Ruta 5 Norte - Sur,285.79,Autopase_Facturado_Central_0020821947_28092026_075120.csv
Autopista Central,Facturado,0020821947,Tránsito Tag,KZGL59,2026-09-09,22:10:14,PA9,Ruta 5 Norte - Sur,392.83,Autopase_Facturado_Central_0020821947_28092026_075120.csv
Autopista Central,Facturado,0020821947,Tránsito Tag,HXJJ44,2026-09-09,22:26:06,PA11,Ruta 5 Norte - Sur,285.79,Autopase_Facturado_Central_0020821947_28092026_075120.csv
Autopista Central,Facturado,0020821947,Tránsito Tag,HXJJ44,2026-09-09,22:27:15,PA9,Ruta 5 Norte - Sur,392.83,Autopase_Facturado_Central_0020821947_28092026_075120.csv
Autopista Central,Facturado,0020821947,Tránsito Tag,LPPZ24,2026-09-09,22:34:23,PA3,Ruta 5 Sur - Norte,585.09,Autopase_Facturado_Central_0020821947_28092026_075120.csv
Autopista Central,Facturado,0020821947,Tránsito Tag,LPPZ24,2026-09-09,22:36:58,PA5,Ruta 5 Sur - Norte,334.63,Autopase_Facturado_Central_0020821947_28092026_075120.csv
Autopista Central,Facturado,0020821947,Tránsito Tag,LPPZ24,2026-09-09,22:39:02,PA19,General Velasquez Sur - Norte,412.57,Autopase_Facturado_Central_0020821947_28092026_075120.csv
Autopista Central,Facturado,0020821947,Tránsito Tag,KXZS95,2026-09-09,22:52:27,PA24,General Velasquez Norte - Sur,287.86,Autopase_Facturado_Central_0020821947_28092026_075120.csv
Autopista Central,Facturado,0020821947,Tránsito Tag,KXZS95,2026-09-09,22:55:05,PA22,General Velasquez Norte - Sur,512.34,Autopase_Facturado_Central_0020821947_28092026_075120.csv
Autopista Central,Facturado,0020821947,Tránsito Tag,LPPZ24,2026-09-09,23:00:59,PA8,Ruta 5 Norte - Sur,452.06,Autopase_Facturado_Central_0020821947_28092026_075120.csv
Autopista Central,Facturado,0020821947,Tránsito Tag,LPPZ24,2026-09-09,23:02:19,PA32,Ruta 5 Norte - Sur,176.67,Autopase_Facturado_Central_0020821947_28092026_075120.csv
Autopista Central,Facturado,0020821947,Tránsito Tag,LPPZ24,2026-09-09,23:08:27,PA6,Ruta 5 Norte - Sur,157.96,Autopase_Facturado_Central_0020821947_28092026_075120.csv
Autopista Central,Facturado,0020821947,Tránsito Tag,LPPZ24,2026-09-09,23:09:42,PA37,Ruta 5 Norte - Sur,455.18,Autopase_Facturado_Central_0020821947_28092026_075120.csv
Autopista Central,Facturado,0020821947,Tránsito Tag,LPPZ24,2026-09-09,23:34:31,PA5,Ruta 5 Sur - Norte,334.63,Autopase_Facturado_Central_0020821947_28092026_075120.csv
Autopista Central,Facturado,0020821947,Tránsito Tag,LPPZ24,2026-09-09,23:53:39,PA19,General Velasquez Sur - Norte,412.57,Autopase_Facturado_Central_0020821947_28092026_075120.csv
Autopista Central,Facturado,0020821947,Tránsito Tag,LPPZ24,2026-09-09,23:57:24,PA21,General Velasquez Sur - Norte,512.34,Autopase_Facturado_Central_0020821947_28092026_075120.csv
Autopista Central,Facturado,0020821947,Tránsito Tag,KXZS95,2026-09-10,00:52:21,PA22,General Velasquez Norte - Sur,512.34,Autopase_Facturado_Central_0020821947_28092026_075120.csv
Autopista Central,Facturado,0020821947,Tránsito Tag,HXJJ44,2026-09-10,01:13:35,PA17,Ruta 5 Sur - Norte,462.46,Autopase_Facturado_Central_0020821947_28092026_075120.csv
Autopista Central,Facturado,0020821947,Tránsito Tag,LPPZ31,2026-09-10,01:32:14,PA32,Ruta 5 Norte - Sur,176.67,Autopase_Facturado_Central_0020821947_28092026_075120.csv
Autopista Central,Facturado,0020821947,Tránsito Tag,LPPZ31,2026-09-10,01:33:44,PA6,Ruta 5 Norte - Sur,157.96,Autopase_Facturado_Central_0020821947_28092026_075120.csv
Autopista Central,Facturado,0020821947,Tránsito Tag,KXZS95,2026-09-10,01:49:17,PA21,General Velasquez Sur - Norte,512.34,Autopase_Facturado_Central_0020821947_28092026_075120.csv
Autopista Central,Facturado,0020821947,Tránsito Tag,KZGL59,2026-09-10,01:49:41,PA7,Ruta 5 Sur - Norte,452.06,Autopase_Facturado_Central_0020821947_28092026_075120.csv
Autopista Central,Facturado,0020821947,Tránsito Tag,KXZS95,2026-09-10,01:51:59,PA23,General Velasquez Sur - Norte,287.86,Autopase_Facturado_Central_0020821947_28092026_075120.csv
Autopista Central,Facturado,0020821947,Tránsito Tag,HXJJ44,2026-09-10,01:52:34,PA15,Ruta 5 Norte - Sur,425.04,Autopase_Facturado_Central_0020821947_28092026_075120.csv
Autopista Central,Facturado,0020821947,Tránsito Tag,KXZS95,2026-09-10,01:53:31,PA25,General Velasquez Sur - Norte,421.93,Autopase_Facturado_Central_0020821947_28092026_075120.csv
Autopista Central,Facturado,0020821947,Tránsito Tag,LPPZ31,2026-09-10,01:53:36,PA7,Ruta 5 Sur - Norte,452.06,Autopase_Facturado_Central_0020821947_28092026_075120.csv
Autopista Central,Facturado,0020821947,Tránsito Tag,HXJJ44,2026-09-10,01:57:03,PA14,Ruta 5 Norte - Sur,181.86,Autopase_Facturado_Central_0020821947_28092026_075120.csv
Autopista Central,Facturado,0020821947,Tránsito Tag,HXJJ44,2026-09-10,01:58:37,PA12,Ruta 5 Norte - Sur,368.93,Autopase_Facturado_Central_0020821947_28092026_075120.csv
Autopista Central,Facturado,0020821947,Tránsito Tag,HXJJ44,2026-09-10,02:00:47,PA11,Ruta 5 Norte - Sur,285.79,Autopase_Facturado_Central_0020821947_28092026_075120.csv
Autopista Central,Facturado,0020821947,Tránsito Tag,HXJJ44,2026-09-10,02:01:44,PA9,Ruta 5 Norte - Sur,392.83,Autopase_Facturado_Central_0020821947_28092026_075120.csv
Autopista Central,Facturado,0020821947,Tránsito Tag,KZGL59,2026-09-10,02:04:44,PA13,Ruta 5 Sur - Norte,181.86,Autopase_Facturado_Central_0020821947_28092026_075120.csv
Autopista Central,Facturado,0020821947,Tránsito Tag,KZGL59,2026-09-10,02:08:00,PA16,Ruta 5 Sur - Norte,425.04,Autopase_Facturado_Central_0020821947_28092026_075120.csv
Autopista Central,Facturado,0020821947,Tránsito Tag,KZGL59,2026-09-10,03:20:43,PA22,General Velasquez Norte - Sur,512.34,Autopase_Facturado_Central_0020821947_28092026_075120.csv
Autopista Central,Facturado,0020821947,Tránsito Tag,KZGL59,2026-09-10,03:23:05,PA20,General Velasquez Norte - Sur,412.57,Autopase_Facturado_Central_0020821947_28092026_075120.csv
Autopista Central,Facturado,0020821947,Tránsito Tag,KZGL59,2026-09-10,03:24:43,PA32,Ruta 5 Norte - Sur,176.67,Autopase_Facturado_Central_0020821947_28092026_075120.csv
Autopista Central,Facturado,0020821947,Tránsito Tag,LDWP36,2026-09-10,03:42:11,PA9,Ruta 5 Norte - Sur,392.83,Autopase_Facturado_Central_0020821947_28092026_075120.csv
Autopista Central,Facturado,0020821947,Tránsito Tag,LPPZ24,2026-09-10,03:44:37,PA13,Ruta 5 Sur - Norte,181.86,Autopase_Facturado_Central_0020821947_28092026_075120.csv
Autopista Central,Facturado,0020821947,Tránsito Tag,LDWP36,2026-09-10,03:45:32,PA8,Ruta 5 Norte - Sur,452.06,Autopase_Facturado_Central_0020821947_28092026_075120.csv
Autopista Central,Facturado,0020821947,Tránsito Tag,LDWP36,2026-09-10,03:46:48,PA32,Ruta 5 Norte - Sur,176.67,Autopase_Facturado_Central_0020821947_28092026_075120.csv
Autopista Central,Facturado,0020821947,Tránsito Tag,LPPZ31,2026-09-10,04:02:11,PA30,Ruta 5 Sur - Norte,392.83,Autopase_Facturado_Central_0020821947_28092026_075120.csv
Autopista Central,Facturado,0020821947,Tránsito Tag,LPPZ31,2026-09-10,04:03:03,PA10,Ruta 5 Sur - Norte,285.79,Autopase_Facturado_Central_0020821947_28092026_075120.csv
Autopista Central,Facturado,0020821947,Tránsito Tag,LPPZ24,2026-09-10,04:51:52,PA22,General Velasquez Norte - Sur,512.34,Autopase_Facturado_Central_0020821947_28092026_075120.csv
Autopista Central,Facturado,0020821947,Tránsito Tag,KXZS95,2026-09-10,04:53:56,PA22,General Velasquez Norte - Sur,512.34,Autopase_Facturado_Central_0020821947_28092026_075120.csv
Autopista Central,Facturado,0020821947,Tránsito Tag,LPPZ24,2026-09-10,04:54:11,PA20,General Velasquez Norte - Sur,412.57,Autopase_Facturado_Central_0020821947_28092026_075120.csv
Autopista Central,Facturado,0020821947,Tránsito Tag,LPPZ24,2026-09-10,04:55:54,PA32,Ruta 5 Norte - Sur,176.67,Autopase_Facturado_Central_0020821947_28092026_075120.csv
Autopista Central,Facturado,0020821947,Tránsito Tag,LPPZ24,2026-09-10,05:11:21,PA19,General Velasquez Sur - Norte,412.57,Autopase_Facturado_Central_0020821947_28092026_075120.csv
Autopista Central,Facturado,0020821947,Tránsito Tag,KXZS95,2026-09-10,05:27:53,PA21,General Velasquez Sur - Norte,512.34,Autopase_Facturado_Central_0020821947_28092026_075120.csv
Autopista Central,Facturado,0020821947,Tránsito Tag,KXZS95,2026-09-10,05:30:26,PA23,General Velasquez Sur - Norte,287.86,Autopase_Facturado_Central_0020821947_28092026_075120.csv
Autopista Central,Facturado,0020821947,Tránsito Tag,KXZS95,2026-09-10,05:31:58,PA25,General Velasquez Sur - Norte,421.93,Autopase_Facturado_Central_0020821947_28092026_075120.csv
Autopista Central,Facturado,0020821947,Tránsito Tag,HXJJ44,2026-09-10,05:40:53,PA21,General Velasquez Sur - Norte,512.34,Autopase_Facturado_Central_0020821947_28092026_075120.csv
Autopista Central,Facturado,0020821947,Tránsito Tag,KXZS95,2026-09-10,05:41:40,PA28,General Velasquez Sur - Norte,512.34,Autopase_Facturado_Central_0020821947_28092026_075120.csv
Autopista Central,Facturado,0020821947,Tránsito Tag,KXZS95,2026-09-10,05:43:01,PA17,Ruta 5 Sur - Norte,462.46,Autopase_Facturado_Central_0020821947_28092026_075120.csv
Autopista Central,Facturado,0020821947,Tránsito Tag,HXJJ44,2026-09-10,05:49:03,PA23,General Velasquez Sur - Norte,287.86,Autopase_Facturado_Central_0020821947_28092026_075120.csv
Autopista Central,Facturado,0020821947,Tránsito Tag,LDWP36,2026-09-10,05:52:01,PA31,Ruta 5 Sur - Norte,368.93,Autopase_Facturado_Central_0020821947_28092026_075120.csv
Autopista Central,Facturado,0020821947,Tránsito Tag,LDWP36,2026-09-10,05:53:38,PA13,Ruta 5 Sur - Norte,181.86,Autopase_Facturado_Central_0020821947_28092026_075120.csv
Autopista Central,Facturado,0020821947,Tránsito Tag,LPPZ31,2026-09-10,05:53:48,PA30,Ruta 5 Sur - Norte,392.83,Autopase_Facturado_Central_0020821947_28092026_075120.csv
Autopista Central,Facturado,0020821947,Tránsito Tag,LPPZ31,2026-09-10,05:54:36,PA10,Ruta 5 Sur - Norte,285.79,Autopase_Facturado_Central_0020821947_28092026_075120.csv
Autopista Central,Facturado,0020821947,Tránsito Tag,PJHJ69,2026-09-10,06:19:17,PA32,Ruta 5 Norte - Sur,176.67,Autopase_Facturado_Central_0020821947_28092026_075120.csv
Autopista Central,Facturado,0020821947,Tránsito Tag,PJHJ69,2026-09-10,06:21:23,PA6,Ruta 5 Norte - Sur,157.96,Autopase_Facturado_Central_0020821947_28092026_075120.csv
Autopista Central,Facturado,0020821947,Tránsito Tag,LPPZ31,2026-09-10,06:37:38,PA13,Ruta 5 Sur - Norte,363.73,Autopase_Facturado_Central_0020821947_28092026_075120.csv
Autopista Central,Facturado,0020821947,Tránsito Tag,PJHJ69,2026-09-10,06:52:31,PA5,Ruta 5 Sur - Norte,669.27,Autopase_Facturado_Central_0020821947_28092026_075120.csv
Autopista Central,Facturado,0020821947,Tránsito Tag,PJHJ69,2026-09-10,06:56:37,PA19,General Velasquez Sur - Norte,412.57,Autopase_Facturado_Central_0020821947_28092026_075120.csv
Autopista Central,Facturado,0020821947,Tránsito Tag,LPPZ31,2026-09-10,06:58:21,PA16,Ruta 5 Sur - Norte,425.04,Autopase_Facturado_Central_0020821947_28092026_075120.csv
Autopista Central,Facturado,0020821947,Tránsito Tag,PJHJ69,2026-09-10,06:59:54,PA21,General Velasquez Sur - Norte,512.34,Autopase_Facturado_Central_0020821947_28092026_075120.csv
Autopista Central,Facturado,0020821947,Tránsito Tag,LPPZ24,2026-09-10,07:09:03,PA23,General Velasquez Sur - Norte,575.74,Autopase_Facturado_Central_0020821947_28092026_075120.csv
Autopista Central,Facturado,0020821947,Tránsito Tag,LDWP36,2026-09-10,07:20:42,PA14,Ruta 5 Norte - Sur,363.73,Autopase_Facturado_Central_0020821947_28092026_075120.csv
Autopista Central,Facturado,0020821947,Tránsito Tag,LDWP36,2026-09-10,07:22:07,PA12,Ruta 5 Norte - Sur,737.86,Autopase_Facturado_Central_0020821947_28092026_075120.csv
Autopista Central,Facturado,0020821947,Tránsito Tag,PJHJ69,2026-09-10,07:23:48,PA31,Ruta 5 Sur - Norte,737.86,Autopase_Facturado_Central_0020821947_28092026_075120.csv
Autopista Central,Facturado,0020821947,Tránsito Tag,LDWP36,2026-09-10,07:24:16,PA11,Ruta 5 Norte - Sur,285.79,Autopase_Facturado_Central_0020821947_28092026_075120.csv
Autopista Central,Facturado,0020821947,Tránsito Tag,LDWP36,2026-09-10,07:25:10,PA9,Ruta 5 Norte - Sur,392.83,Autopase_Facturado_Central_0020821947_28092026_075120.csv
Autopista Central,Facturado,0020821947,Tránsito Tag,PJHJ69,2026-09-10,07:26:03,PA13,Ruta 5 Sur - Norte,363.73,Autopase_Facturado_Central_0020821947_28092026_075120.csv
Autopista Central,Facturado,0020821947,Tránsito Tag,PJHJ69,2026-09-10,07:30:01,PA16,Ruta 5 Sur - Norte,850.1,Autopase_Facturado_Central_0020821947_28092026_075120.csv
Autopista Central,Facturado,0020821947,Tránsito Tag,PJHJ69,2026-09-10,07:35:11,PA17,Ruta 5 Sur - Norte,924.92,Autopase_Facturado_Central_0020821947_28092026_075120.csv
Autopista Central,Facturado,0020821947,Tránsito Tag,LPPZ24,2026-09-10,07:37:44,PA16,Ruta 5 Sur - Norte,850.1,Autopase_Facturado_Central_0020821947_28092026_075120.csv
Autopista Central,Facturado,0020821947,Tránsito Tag,LPPZ24,2026-09-10,07:43:10,PA17,Ruta 5 Sur - Norte,924.92,Autopase_Facturado_Central_0020821947_28092026_075120.csv
Autopista Central,Facturado,0020821947,Tránsito Tag,LPPZ24,2026-09-10,08:19:41,PA18,Ruta 5 Norte - Sur,924.92,Autopase_Facturado_Central_0020821947_28092026_075120.csv
Autopista Central,Facturado,0020821947,Tránsito Tag,LPPZ24,2026-09-10,08:25:05,PA15,Ruta 5 Norte - Sur,425.04,Autopase_Facturado_Central_0020821947_28092026_075120.csv
Autopista Central,Facturado,0020821947,Tránsito Tag,PJHJ69,2026-09-10,08:25:35,PA18,Ruta 5 Norte - Sur,924.92,Autopase_Facturado_Central_0020821947_28092026_075120.csv
Autopista Central,Facturado,0020821947,Tránsito Tag,PJHJ69,2026-09-10,08:31:07,PA15,Ruta 5 Norte - Sur,850.1,Autopase_Facturado_Central_0020821947_28092026_075120.csv
Autopista Central,Facturado,0020821947,Tránsito Tag,PJHJ69,2026-09-10,08:47:30,PA14,Ruta 5 Norte - Sur,181.86,Autopase_Facturado_Central_0020821947_28092026_075120.csv
Autopista Central,Facturado,0020821947,Tránsito Tag,PJHJ69,2026-09-10,08:49:08,PA12,Ruta 5 Norte - Sur,368.93,Autopase_Facturado_Central_0020821947_28092026_075120.csv
Autopista Central,Facturado,0020821947,Tránsito Tag,PJHJ69,2026-09-10,08:51:17,PA11,Ruta 5 Norte - Sur,285.79,Autopase_Facturado_Central_0020821947_28092026_075120.csv
Autopista Central,Facturado,0020821947,Tránsito Tag,LPPZ24,2026-09-10,08:52:19,PA26,General Velasquez Norte - Sur,421.93,Autopase_Facturado_Central_0020821947_28092026_075120.csv
Autopista Central,Facturado,0020821947,Tránsito Tag,KXZS95,2026-09-10,09:31:09,PA26,General Velasquez Norte - Sur,421.93,Autopase_Facturado_Central_0020821947_28092026_075120.csv
Autopista Central,Facturado,0020821947,Tránsito Tag,KXZS95,2026-09-10,09:33:03,PA24,General Velasquez Norte - Sur,287.86,Autopase_Facturado_Central_0020821947_28092026_075120.csv
Autopista Central,Facturado,0020821947,Tránsito Tag,KXZS95,2026-09-10,10:49:40,PA9,Ruta 5 Norte - Sur,392.83,Autopase_Facturado_Central_0020821947_28092026_075120.csv
Autopista Central,Facturado,0020821947,Tránsito Tag,KXZS95,2026-09-10,10:52:23,PA8,Ruta 5 Norte - Sur,452.06,Autopase_Facturado_Central_0020821947_28092026_075120.csv
Autopista Central,Facturado,0020821947,Tránsito Tag,KXZS95,2026-09-10,10:53:17,PA32,Ruta 5 Norte - Sur,176.67,Autopase_Facturado_Central_0020821947_28092026_075120.csv
Autopista Central,Facturado,0020821947,Tránsito Tag,KXZS95,2026-09-10,10:55:03,PA6,Ruta 5 Norte - Sur,157.96,Autopase_Facturado_Central_0020821947_28092026_075120.csv
Autopista Central,Facturado,0020821947,Tránsito Tag,KXZS95,2026-09-10,11:37:50,PA5,Ruta 5 Sur - Norte,334.63,Autopase_Facturado_Central_0020821947_28092026_075120.csv
Autopista Central,Facturado,0020821947,Tránsito Tag,KXZS95,2026-09-10,11:40:05,PA19,General Velasquez Sur - Norte,412.57,Autopase_Facturado_Central_0020821947_28092026_075120.csv
Autopista Central,Facturado,0020821947,Tránsito Tag,KXZS95,2026-09-10,11:42:45,PA21,General Velasquez Sur - Norte,512.34,Autopase_Facturado_Central_0020821947_28092026_075120.csv
Autopista Central,Facturado,0020821947,Tránsito Tag,KXZS95,2026-09-10,11:45:34,PA23,General Velasquez Sur - Norte,287.86,Autopase_Facturado_Central_0020821947_28092026_075120.csv
Autopista Central,Facturado,0020821947,Tránsito Tag,KXZS95,2026-09-10,11:47:22,PA25,General Velasquez Sur - Norte,421.93,Autopase_Facturado_Central_0020821947_28092026_075120.csv
Autopista Central,Facturado,0020821947,Tránsito Tag,LDWP36,2026-09-10,19:00:02,PA23,General Velasquez Sur - Norte,287.86,Autopase_Facturado_Central_0020821947_28092026_075120.csv
Autopista Central,Facturado,0020821947,Tránsito Tag,LDWP36,2026-09-10,19:01:50,PA25,General Velasquez Sur - Norte,843.86,Autopase_Facturado_Central_0020821947_28092026_075120.csv
Autopista Central,Facturado,0020821947,Tránsito Tag,LPPZ31,2026-09-10,19:11:20,PA10,Ruta 5 Sur - Norte,285.79,Autopase_Facturado_Central_0020821947_28092026_075120.csv
Autopista Central,Facturado,0020821947,Tránsito Tag,LPPZ31,2026-09-10,19:13:19,PA31,Ruta 5 Sur - Norte,368.93,Autopase_Facturado_Central_0020821947_28092026_075120.csv
Autopista Central,Facturado,0020821947,Tránsito Tag,LPPZ31,2026-09-10,19:14:46,PA13,Ruta 5 Sur - Norte,181.86,Autopase_Facturado_Central_0020821947_28092026_075120.csv
Autopista Central,Facturado,0020821947,Tránsito Tag,LPPZ31,2026-09-10,19:17:43,PA16,Ruta 5 Sur - Norte,425.04,Autopase_Facturado_Central_0020821947_28092026_075120.csv
Autopista Central,Facturado,0020821947,Tránsito Tag,LPPZ31,2026-09-10,19:21:55,PA17,Ruta 5 Sur - Norte,924.92,Autopase_Facturado_Central_0020821947_28092026_075120.csv
Autopista Central,Facturado,0020821947,Tránsito Tag,LDWP36,2026-09-10,19:28:43,PA16,Ruta 5 Sur - Norte,425.04,Autopase_Facturado_Central_0020821947_28092026_075120.csv
Autopista Central,Facturado,0020821947,Tránsito Tag,LDWP36,2026-09-10,19:32:35,PA17,Ruta 5 Sur - Norte,462.46,Autopase_Facturado_Central_0020821947_28092026_075120.csv
Autopista Central,Facturado,0020821947,Tránsito Tag,LPPZ31,2026-09-10,20:22:25,PA18,Ruta 5 Norte - Sur,462.46,Autopase_Facturado_Central_0020821947_28092026_075120.csv
Autopista Central,Facturado,0020821947,Tránsito Tag,LDWP36,2026-09-10,20:23:47,PA18,Ruta 5 Norte - Sur,462.46,Autopase_Facturado_Central_0020821947_28092026_075120.csv
Autopista Central,Facturado,0020821947,Tránsito Tag,LPPZ31,2026-09-10,20:27:06,PA15,Ruta 5 Norte - Sur,850.1,Autopase_Facturado_Central_0020821947_28092026_075120.csv
Autopista Central,Facturado,0020821947,Tránsito Tag,LPPZ31,2026-09-10,20:33:42,PA14,Ruta 5 Norte - Sur,181.86,Autopase_Facturado_Central_0020821947_28092026_075120.csv
Autopista Central,Facturado,0020821947,Tránsito Tag,LJDV98,2026-09-10,20:47:58,PA18,Ruta 5 Norte - Sur,462.46,Autopase_Facturado_Central_0020821947_28092026_075120.csv
Autopista Central,Facturado,0020821947,Tránsito Tag,HXJJ44,2026-09-10,20:50:46,PA16,Ruta 5 Sur - Norte,425.04,Autopase_Facturado_Central_0020821947_28092026_075120.csv
Autopista Central,Facturado,0020821947,Tránsito Tag,LJDV98,2026-09-10,20:52:36,PA15,Ruta 5 Norte - Sur,425.04,Autopase_Facturado_Central_0020821947_28092026_075120.csv
Autopista Central,Facturado,0020821947,Tránsito Tag,LDWP36,2026-09-10,20:53:31,PA24,General Velasquez Norte - Sur,287.86,Autopase_Facturado_Central_0020821947_28092026_075120.csv
Autopista Central,Facturado,0020821947,Tránsito Tag,HXJJ44,2026-09-10,20:54:31,PA17,Ruta 5 Sur - Norte,462.46,Autopase_Facturado_Central_0020821947_28092026_075120.csv
Autopista Central,Facturado,0020821947,Tránsito Tag,LJDV98,2026-09-10,20:54:33,PA14,Ruta 5 Norte - Sur,181.86,Autopase_Facturado_Central_0020821947_28092026_075120.csv
Autopista Central,Facturado,0020821947,Tránsito Tag,LDWP36,2026-09-10,20:56:00,PA22,General Velasquez Norte - Sur,512.34,Autopase_Facturado_Central_0020821947_28092026_075120.csv
Autopista Central,Facturado,0020821947,Tránsito Tag,LJDV98,2026-09-10,20:56:06,PA12,Ruta 5 Norte - Sur,368.93,Autopase_Facturado_Central_0020821947_28092026_075120.csv
Autopista Central,Facturado,0020821947,Tránsito Tag,LJDV98,2026-09-10,20:58:11,PA11,Ruta 5 Norte - Sur,285.79,Autopase_Facturado_Central_0020821947_28092026_075120.csv
Autopista Central,Facturado,0020821947,Tránsito Tag,LJDV98,2026-09-10,20:59:03,PA9,Ruta 5 Norte - Sur,392.83,Autopase_Facturado_Central_0020821947_28092026_075120.csv
Autopista Central,Facturado,0020821947,Tránsito Tag,LPPZ31,2026-09-10,21:12:38,PA9,Ruta 5 Norte - Sur,392.83,Autopase_Facturado_Central_0020821947_28092026_075120.csv
Autopista Central,Facturado,0020821947,Tránsito Tag,LPPZ31,2026-09-10,21:16:07,PA8,Ruta 5 Norte - Sur,452.06,Autopase_Facturado_Central_0020821947_28092026_075120.csv
Autopista Central,Facturado,0020821947,Tránsito Tag,LPPZ31,2026-09-10,21:17:11,PA32,Ruta 5 Norte - Sur,176.67,Autopase_Facturado_Central_0020821947_28092026_075120.csv
Autopista Central,Facturado,0020821947,Tránsito Tag,LPPZ31,2026-09-10,21:18:52,PA6,Ruta 5 Norte - Sur,157.96,Autopase_Facturado_Central_0020821947_28092026_075120.csv
Autopista Central,Facturado,0020821947,Tránsito Tag,LPPZ31,2026-09-10,21:20:00,PA37,Ruta 5 Norte - Sur,455.18,Autopase_Facturado_Central_0020821947_28092026_075120.csv
Autopista Central,Facturado,0020821947,Tránsito Tag,LPPZ31,2026-09-10,21:55:51,PA5,Ruta 5 Sur - Norte,334.63,Autopase_Facturado_Central_0020821947_28092026_075120.csv
Autopista Central,Facturado,0020821947,Tránsito Tag,LPPZ31,2026-09-10,21:58:50,PA7,Ruta 5 Sur - Norte,452.06,Autopase_Facturado_Central_0020821947_28092026_075120.csv
Autopista Central,Facturado,0020821947,Tránsito Tag,LPPZ24,2026-09-10,22:05:05,PA11,Ruta 5 Norte - Sur,285.79,Autopase_Facturado_Central_0020821947_28092026_075120.csv
Autopista Central,Facturado,0020821947,Tránsito Tag,LPPZ24,2026-09-10,22:06:10,PA9,Ruta 5 Norte - Sur,392.83,Autopase_Facturado_Central_0020821947_28092026_075120.csv
Autopista Central,Facturado,0020821947,Tránsito Tag,HXJJ44,2026-09-10,22:09:37,PA18,Ruta 5 Norte - Sur,462.46,Autopase_Facturado_Central_0020821947_28092026_075120.csv
Autopista Central,Facturado,0020821947,Tránsito Tag,HXJJ44,2026-09-10,22:10:55,PA29,General Velasquez Norte - Sur,512.34,Autopase_Facturado_Central_0020821947_28092026_075120.csv
Autopista Central,Facturado,0020821947,Tránsito Tag,HXJJ44,2026-09-10,22:16:56,PA26,General Velasquez Norte - Sur,421.93,Autopase_Facturado_Central_0020821947_28092026_075120.csv
Autopista Central,Facturado,0020821947,Tránsito Tag,HXJJ44,2026-09-10,23:32:02,PA24,General Velasquez Norte - Sur,287.86,Autopase_Facturado_Central_0020821947_28092026_075120.csv
Autopista Central,Facturado,0020821947,Tránsito Tag,HXJJ44,2026-09-10,23:34:46,PA22,General Velasquez Norte - Sur,512.34,Autopase_Facturado_Central_0020821947_28092026_075120.csv
Autopista Central,Facturado,0020821947,Tránsito Tag,LKGZ52,2026-09-10,23:49:06,PA12,Ruta 5 Norte - Sur,368.93,Autopase_Facturado_Central_0020821947_28092026_075120.csv
Autopista Central,Facturado,0020821947,Tránsito Tag,LKGZ52,2026-09-10,23:50:49,PA11,Ruta 5 Norte - Sur,285.79,Autopase_Facturado_Central_0020821947_28092026_075120.csv
Autopista Central,Facturado,0020821947,Tránsito Tag,LKGZ52,2026-09-10,23:51:34,PA9,Ruta 5 Norte - Sur,392.83,Autopase_Facturado_Central_0020821947_28092026_075120.csv
Autopista Central,Facturado,0020821947,Tránsito Tag,KXZS95,2026-09-10,23:53:36,PA26,General Velasquez Norte - Sur,421.93,Autopase_Facturado_Central_0020821947_28092026_075120.csv
Autopista Central,Facturado,0020821947,Tránsito Tag,KXZS95,2026-09-10,23:55:00,PA24,General Velasquez Norte - Sur,287.86,Autopase_Facturado_Central_0020821947_28092026_075120.csv
Autopista Central,Facturado,0020821947,Tránsito Tag,KXZS95,2026-09-10,23:57:37,PA22,General Velasquez Norte - Sur,512.34,Autopase_Facturado_Central_0020821947_28092026_075120.csv
Autopista Central,Facturado,0020821947,Tránsito Tag,KXZS95,2026-09-11,00:25:02,PA30,Ruta 5 Sur - Norte,392.83,Autopase_Facturado_Central_0020821947_28092026_075120.csv
Autopista Central,Facturado,0020821947,Tránsito Tag,KXZS95,2026-09-11,00:29:12,PA10,Ruta 5 Sur - Norte,285.79,Autopase_Facturado_Central_0020821947_28092026_075120.csv
Autopista Central,Facturado,0020821947,Tránsito Tag,LJDV98,2026-09-11,00:32:57,PA8,Ruta 5 Norte - Sur,452.06,Autopase_Facturado_Central_0020821947_28092026_075120.csv
Autopista Central,Facturado,0020821947,Tránsito Tag,LJDV98,2026-09-11,00:34:06,PA32,Ruta 5 Norte - Sur,176.67,Autopase_Facturado_Central_0020821947_28092026_075120.csv
Autopista Central,Facturado,0020821947,Tránsito Tag,KXZS95,2026-09-11,00:35:01,PA31,Ruta 5 Sur - Norte,368.93,Autopase_Facturado_Central_0020821947_28092026_075120.csv
Autopista Central,Facturado,0020821947,Tránsito Tag,KXZS95,2026-09-11,00:36:31,PA13,Ruta 5 Sur - Norte,181.86,Autopase_Facturado_Central_0020821947_28092026_075120.csv
Autopista Central,Facturado,0020821947,Tránsito Tag,LJDV98,2026-09-11,00:51:11,PA7,Ruta 5 Sur - Norte,452.06,Autopase_Facturado_Central_0020821947_28092026_075120.csv
Autopista Central,Facturado,0020821947,Tránsito Tag,LPPZ31,2026-09-11,00:59:53,PA22,General Velasquez Norte - Sur,512.34,Autopase_Facturado_Central_0020821947_28092026_075120.csv
Autopista Central,Facturado,0020821947,Tránsito Tag,LJDV98,2026-09-11,01:23:11,PA9,Ruta 5 Norte - Sur,392.83,Autopase_Facturado_Central_0020821947_28092026_075120.csv
Autopista Central,Facturado,0020821947,Tránsito Tag,HXJJ44,2026-09-11,01:41:08,PA21,General Velasquez Sur - Norte,512.34,Autopase_Facturado_Central_0020821947_28092026_075120.csv
Autopista Central,Facturado,0020821947,Tránsito Tag,HXJJ44,2026-09-11,01:44:18,PA23,General Velasquez Sur - Norte,287.86,Autopase_Facturado_Central_0020821947_28092026_075120.csv
Autopista Central,Facturado,0020821947,Tránsito Tag,HXJJ44,2026-09-11,02:31:13,PA24,General Velasquez Norte - Sur,287.86,Autopase_Facturado_Central_0020821947_28092026_075120.csv
Autopista Central,Facturado,0020821947,Tránsito Tag,HXJJ44,2026-09-11,02:34:28,PA22,General Velasquez Norte - Sur,512.34,Autopase_Facturado_Central_0020821947_28092026_075120.csv
Autopista Central,Facturado,0020821947,Tránsito Tag,HXJJ44,2026-09-11,02:37:11,PA20,General Velasquez Norte - Sur,412.57,Autopase_Facturado_Central_0020821947_28092026_075120.csv
Autopista Central,Facturado,0020821947,Tránsito Tag,HXJJ44,2026-09-11,02:38:50,PA32,Ruta 5 Norte - Sur,176.67,Autopase_Facturado_Central_0020821947_28092026_075120.csv
Autopista Central,Facturado,0020821947,Tránsito Tag,HXJJ44,2026-09-11,02:40:36,PA6,Ruta 5 Norte - Sur,157.96,Autopase_Facturado_Central_0020821947_28092026_075120.csv
Autopista Central,Facturado,0020821947,Tránsito Tag,HXJJ44,2026-09-11,02:41:44,PA37,Ruta 5 Norte - Sur,455.18,Autopase_Facturado_Central_0020821947_28092026_075120.csv
Autopista Central,Facturado,0020821947,Tránsito Tag,HXJJ44,2026-09-11,03:12:00,PA5,Ruta 5 Sur - Norte,334.63,Autopase_Facturado_Central_0020821947_28092026_075120.csv
Autopista Central,Facturado,0020821947,Tránsito Tag,HXJJ44,2026-09-11,03:14:21,PA19,General Velasquez Sur - Norte,412.57,Autopase_Facturado_Central_0020821947_28092026_075120.csv
Autopista Central,Facturado,0020821947,Tránsito Tag,LPPZ31,2026-09-11,03:18:21,PA8,Ruta 5 Norte - Sur,452.06,Autopase_Facturado_Central_0020821947_28092026_075120.csv
Autopista Central,Facturado,0020821947,Tránsito Tag,LPPZ31,2026-09-11,03:19:26,PA32,Ruta 5 Norte - Sur,176.67,Autopase_Facturado_Central_0020821947_28092026_075120.csv
Autopista Central,Facturado,0020821947,Tránsito Tag,KXZS95,2026-09-11,04:12:37,PA18,Ruta 5 Norte - Sur,462.46,Autopase_Facturado_Central_0020821947_28092026_075120.csv
Autopista Central,Facturado,0020821947,Tránsito Tag,LJDV98,2026-09-11,04:37:11,PA32,Ruta 5 Norte - Sur,176.67,Autopase_Facturado_Central_0020821947_28092026_075120.csv
Autopista Central,Facturado,0020821947,Tránsito Tag,KXZS95,2026-09-11,04:58:01,PA22,General Velasquez Norte - Sur,512.34,Autopase_Facturado_Central_0020821947_28092026_075120.csv
Autopista Central,Facturado,0020821947,Tránsito Tag,HXJJ44,2026-09-11,05:25:35,PA21,General Velasquez Sur - Norte,512.34,Autopase_Facturado_Central_0020821947_28092026_075120.csv
Autopista Central,Facturado,0020821947,Tránsito Tag,HXJJ44,2026-09-11,05:28:42,PA23,General Velasquez Sur - Norte,287.86,Autopase_Facturado_Central_0020821947_28092026_075120.csv
Autopista Central,Facturado,0020821947,Tránsito Tag,LPPZ24,2026-09-11,05:34:49,PA7,Ruta 5 Sur - Norte,452.06,Autopase_Facturado_Central_0020821947_28092026_075120.csv
Autopista Central,Facturado,0020821947,Tránsito Tag,KZGL59,2026-09-11,06:17:31,PA21,General Velasquez Sur - Norte,512.34,Autopase_Facturado_Central_0020821947_28092026_075120.csv
Autopista Central,Facturado,0020821947,Tránsito Tag,KZGL59,2026-09-11,06:20:21,PA23,General Velasquez Sur - Norte,287.86,Autopase_Facturado_Central_0020821947_28092026_075120.csv
Autopista Central,Facturado,0020821947,Tránsito Tag,KZGL59,2026-09-11,06:21:48,PA25,General Velasquez Sur - Norte,421.93,Autopase_Facturado_Central_0020821947_28092026_075120.csv
Autopista Central,Facturado,0020821947,Tránsito Tag,KZGL59,2026-09-11,06:34:36,PA28,General Velasquez Sur - Norte,512.34,Autopase_Facturado_Central_0020821947_28092026_075120.csv
Autopista Central,Facturado,0020821947,Tránsito Tag,KZGL59,2026-09-11,06:36:00,PA17,Ruta 5 Sur - Norte,462.46,Autopase_Facturado_Central_0020821947_28092026_075120.csv
Autopista Central,Facturado,0020821947,Tránsito Tag,PJHJ69,2026-09-11,06:45:19,PA8,Ruta 5 Norte - Sur,452.06,Autopase_Facturado_Central_0020821947_28092026_075120.csv
Autopista Central,Facturado,0020821947,Tránsito Tag,PJHJ69,2026-09-11,06:46:20,PA32,Ruta 5 Norte - Sur,176.67,Autopase_Facturado_Central_0020821947_28092026_075120.csv
Autopista Central,Facturado,0020821947,Tránsito Tag,PJHJ69,2026-09-11,06:47:45,PA6,Ruta 5 Norte - Sur,157.96,Autopase_Facturado_Central_0020821947_28092026_075120.csv
Autopista Central,Facturado,0020821947,Tránsito Tag,PJHJ69,2026-09-11,06:48:36,PA37,Ruta 5 Norte - Sur,455.18,Autopase_Facturado_Central_0020821947_28092026_075120.csv
Autopista Central,Facturado,0020821947,Tránsito Tag,PJHJ69,2026-09-11,06:50:10,PA4,Ruta 5 Norte - Sur,129.9,Autopase_Facturado_Central_0020821947_28092026_075120.csv
Autopista Central,Facturado,0020821947,Tránsito Tag,PJHJ69,2026-09-11,07:00:52,PA3,Ruta 5 Sur - Norte,1755.28,Autopase_Facturado_Central_0020821947_28092026_075120.csv
Autopista Central,Facturado,0020821947,Tránsito Tag,LPPZ24,2026-09-11,07:03:27,PA13,Ruta 5 Sur - Norte,363.73,Autopase_Facturado_Central_0020821947_28092026_075120.csv
Autopista Central,Facturado,0020821947,Tránsito Tag,LPPZ31,2026-09-11,07:09:22,PA25,General Velasquez Sur - Norte,843.86,Autopase_Facturado_Central_0020821947_28092026_075120.csv
Autopista Central,Facturado,0020821947,Tránsito Tag,PJHJ69,2026-09-11,07:09:31,PA5,Ruta 5 Sur - Norte,1003.9,Autopase_Facturado_Central_0020821947_28092026_075120.csv
Autopista Central,Facturado,0020821947,Tránsito Tag,PJHJ69,2026-09-11,07:13:53,PA7,Ruta 5 Sur - Norte,452.06,Autopase_Facturado_Central_0020821947_28092026_075120.csv
Autopista Central,Facturado,0020821947,Tránsito Tag,LDWP36,2026-09-11,07:22:49,PA12,Ruta 5 Norte - Sur,737.86,Autopase_Facturado_Central_0020821947_28092026_075120.csv
Autopista Central,Facturado,0020821947,Tránsito Tag,LDWP36,2026-09-11,07:25:43,PA9,Ruta 5 Norte - Sur,392.83,Autopase_Facturado_Central_0020821947_28092026_075120.csv
Autopista Central,Facturado,0020821947,Tránsito Tag,LPPZ24,2026-09-11,07:30:49,PA17,Ruta 5 Sur - Norte,924.92,Autopase_Facturado_Central_0020821947_28092026_075120.csv
Autopista Central,Facturado,0020821947,Tránsito Tag,PJHJ69,2026-09-11,07:33:21,PA10,Ruta 5 Sur - Norte,571.58,Autopase_Facturado_Central_0020821947_28092026_075120.csv
Autopista Central,Facturado,0020821947,Tránsito Tag,LPPZ31,2026-09-11,07:44:10,PA16,Ruta 5 Sur - Norte,850.1,Autopase_Facturado_Central_0020821947_28092026_075120.csv
Autopista Central,Facturado,0020821947,Tránsito Tag,PJHJ69,2026-09-11,07:44:23,PA31,Ruta 5 Sur - Norte,737.86,Autopase_Facturado_Central_0020821947_28092026_075120.csv
Autopista Central,Facturado,0020821947,Tránsito Tag,LPPZ24,2026-09-11,07:46:23,PA18,Ruta 5 Norte - Sur,924.92,Autopase_Facturado_Central_0020821947_28092026_075120.csv
Autopista Central,Facturado,0020821947,Tránsito Tag,PJHJ69,2026-09-11,07:47:38,PA13,Ruta 5 Sur - Norte,363.73,Autopase_Facturado_Central_0020821947_28092026_075120.csv
Autopista Central,Facturado,0020821947,Tránsito Tag,LPPZ24,2026-09-11,07:47:43,PA29,General Velasquez Norte - Sur,512.34,Autopase_Facturado_Central_0020821947_28092026_075120.csv
Autopista Central,Facturado,0020821947,Tránsito Tag,LPPZ31,2026-09-11,07:50:00,PA17,Ruta 5 Sur - Norte,924.92,Autopase_Facturado_Central_0020821947_28092026_075120.csv
Autopista Central,Facturado,0020821947,Tránsito Tag,PJHJ69,2026-09-11,07:51:27,PA16,Ruta 5 Sur - Norte,850.1,Autopase_Facturado_Central_0020821947_28092026_075120.csv
Autopista Central,Facturado,0020821947,Tránsito Tag,LPPZ24,2026-09-11,07:53:00,PA26,General Velasquez Norte - Sur,421.93,Autopase_Facturado_Central_0020821947_28092026_075120.csv
Autopista Central,Facturado,0020821947,Tránsito Tag,LPPZ24,2026-09-11,07:54:45,PA24,General Velasquez Norte - Sur,287.86,Autopase_Facturado_Central_0020821947_28092026_075120.csv
Autopista Central,Facturado,0020821947,Tránsito Tag,PJHJ69,2026-09-11,07:57:07,PA17,Ruta 5 Sur - Norte,924.92,Autopase_Facturado_Central_0020821947_28092026_075120.csv
Autopista Central,Facturado,0020821947,Tránsito Tag,LPPZ24,2026-09-11,07:57:26,PA22,General Velasquez Norte - Sur,512.34,Autopase_Facturado_Central_0020821947_28092026_075120.csv
Autopista Central,Facturado,0020821947,Tránsito Tag,LPPZ24,2026-09-11,07:59:33,PA20,General Velasquez Norte - Sur,412.57,Autopase_Facturado_Central_0020821947_28092026_075120.csv
Autopista Central,Facturado,0020821947,Tránsito Tag,LPPZ24,2026-09-11,08:01:05,PA32,Ruta 5 Norte - Sur,176.67,Autopase_Facturado_Central_0020821947_28092026_075120.csv
Autopista Central,Facturado,0020821947,Tránsito Tag,LPPZ24,2026-09-11,08:02:47,PA6,Ruta 5 Norte - Sur,157.96,Autopase_Facturado_Central_0020821947_28092026_075120.csv
Autopista Central,Facturado,0020821947,Tránsito Tag,LPPZ31,2026-09-11,08:27:17,PA18,Ruta 5 Norte - Sur,924.92,Autopase_Facturado_Central_0020821947_28092026_075120.csv
Autopista Central,Facturado,0020821947,Tránsito Tag,PJHJ69,2026-09-11,08:31:45,PA18,Ruta 5 Norte - Sur,462.46,Autopase_Facturado_Central_0020821947_28092026_075120.csv
Autopista Central,Facturado,0020821947,Tránsito Tag,LPPZ31,2026-09-11,08:33:11,PA15,Ruta 5 Norte - Sur,850.1,Autopase_Facturado_Central_0020821947_28092026_075120.csv
Autopista Central,Facturado,0020821947,Tránsito Tag,PJHJ69,2026-09-11,08:37:01,PA15,Ruta 5 Norte - Sur,850.1,Autopase_Facturado_Central_0020821947_28092026_075120.csv
Autopista Central,Facturado,0020821947,Tránsito Tag,PJHJ69,2026-09-11,08:41:12,PA14,Ruta 5 Norte - Sur,181.86,Autopase_Facturado_Central_0020821947_28092026_075120.csv
Autopista Central,Facturado,0020821947,Tránsito Tag,PJHJ69,2026-09-11,08:42:49,PA12,Ruta 5 Norte - Sur,368.93,Autopase_Facturado_Central_0020821947_28092026_075120.csv
Autopista Central,Facturado,0020821947,Tránsito Tag,PJHJ69,2026-09-11,08:44:40,PA11,Ruta 5 Norte - Sur,285.79,Autopase_Facturado_Central_0020821947_28092026_075120.csv
Autopista Central,Facturado,0020821947,Tránsito Tag,LPPZ31,2026-09-11,08:56:01,PA26,General Velasquez Norte - Sur,421.93,Autopase_Facturado_Central_0020821947_28092026_075120.csv
Autopista Central,Facturado,0020821947,Tránsito Tag,LJDV98,2026-09-11,11:18:39,PA30,Ruta 5 Sur - Norte,392.83,Autopase_Facturado_Central_0020821947_28092026_075120.csv
Autopista Central,Facturado,0020821947,Tránsito Tag,LJDV98,2026-09-11,11:19:33,PA10,Ruta 5 Sur - Norte,285.79,Autopase_Facturado_Central_0020821947_28092026_075120.csv
Autopista Central,Facturado,0020821947,Tránsito Tag,LJDV98,2026-09-11,11:27:06,PA31,Ruta 5 Sur - Norte,737.86,Autopase_Facturado_Central_0020821947_28092026_075120.csv
Autopista Central,Facturado,0020821947,Tránsito Tag,LPPZ24,2026-09-11,16:48:15,PA20,General Velasquez Norte - Sur,412.57,Autopase_Facturado_Central_0020821947_28092026_075120.csv
Autopista Central,Facturado,0020821947,Tránsito Tag,LPPZ24,2026-09-11,17:00:46,PA32,Ruta 5 Norte - Sur,176.67,Autopase_Facturado_Central_0020821947_28092026_075120.csv
Autopista Central,Facturado,0020821947,Tránsito Tag,LPPZ31,2026-09-11,17:42:33,PA7,Ruta 5 Sur - Norte,452.06,Autopase_Facturado_Central_0020821947_28092026_075120.csv
Autopista Central,Facturado,0020821947,Tránsito Tag,HXJJ44,2026-09-11,18:05:21,PA28,General Velasquez Sur - Norte,1024.69,Autopase_Facturado_Central_0020821947_28092026_075120.csv
Autopista Central,Facturado,0020821947,Tránsito Tag,HXJJ44,2026-09-11,18:06:39,PA17,Ruta 5 Sur - Norte,924.92,Autopase_Facturado_Central_0020821947_28092026_075120.csv
Autopista Central,Facturado,0020821947,Tránsito Tag,LPPZ31,2026-09-11,18:50:49,PA22,General Velasquez Norte - Sur,512.34,Autopase_Facturado_Central_0020821947_28092026_075120.csv
Autopista Central,Facturado,0020821947,Tránsito Tag,HXJJ44,2026-09-11,18:56:06,PA16,Ruta 5 Sur - Norte,425.04,Autopase_Facturado_Central_0020821947_28092026_075120.csv
Autopista Central,Facturado,0020821947,Tránsito Tag,LJDV98,2026-09-11,19:03:28,PA24,General Velasquez Norte - Sur,575.74,Autopase_Facturado_Central_0020821947_28092026_075120.csv
Autopista Central,Facturado,0020821947,Tránsito Tag,KZGL59,2026-09-11,19:03:29,PA24,General Velasquez Norte - Sur,575.74,Autopase_Facturado_Central_0020821947_28092026_075120.csv
Autopista Central,Facturado,0020821947,Tránsito Tag,LJDV98,2026-09-11,19:09:09,PA22,General Velasquez Norte - Sur,512.34,Autopase_Facturado_Central_0020821947_28092026_075120.csv
Autopista Central,Facturado,0020821947,Tránsito Tag,KZGL59,2026-09-11,19:09:10,PA22,General Velasquez Norte - Sur,512.34,Autopase_Facturado_Central_0020821947_28092026_075120.csv
Autopista Central,Facturado,0020821947,Tránsito Tag,LPPZ24,2026-09-11,19:09:55,PA10,Ruta 5 Sur - Norte,285.79,Autopase_Facturado_Central_0020821947_28092026_075120.csv
Autopista Central,Facturado,0020821947,Tránsito Tag,LPPZ24,2026-09-11,19:11:51,PA31,Ruta 5 Sur - Norte,368.93,Autopase_Facturado_Central_0020821947_28092026_075120.csv
Autopista Central,Facturado,0020821947,Tránsito Tag,LPPZ24,2026-09-11,19:13:16,PA13,Ruta 5 Sur - Norte,181.86,Autopase_Facturado_Central_0020821947_28092026_075120.csv
Autopista Central,Facturado,0020821947,Tránsito Tag,LPPZ24,2026-09-11,19:16:00,PA16,Ruta 5 Sur - Norte,425.04,Autopase_Facturado_Central_0020821947_28092026_075120.csv
Autopista Central,Facturado,0020821947,Tránsito Tag,LPPZ24,2026-09-11,19:19:26,PA17,Ruta 5 Sur - Norte,924.92,Autopase_Facturado_Central_0020821947_28092026_075120.csv
Autopista Central,Facturado,0020821947,Tránsito Tag,LDWP36,2026-09-11,19:21:34,PA16,Ruta 5 Sur - Norte,425.04,Autopase_Facturado_Central_0020821947_28092026_075120.csv
Autopista Central,Facturado,0020821947,Tránsito Tag,LPPZ24,2026-09-11,20:18:41,PA18,Ruta 5 Norte - Sur,462.46,Autopase_Facturado_Central_0020821947_28092026_075120.csv
Autopista Central,Facturado,0020821947,Tránsito Tag,LPPZ24,2026-09-11,20:22:59,PA15,Ruta 5 Norte - Sur,850.1,Autopase_Facturado_Central_0020821947_28092026_075120.csv
Autopista Central,Facturado,0020821947,Tránsito Tag,LPPZ24,2026-09-11,20:24:50,PA14,Ruta 5 Norte - Sur,363.73,Autopase_Facturado_Central_0020821947_28092026_075120.csv
Autopista Central,Facturado,0020821947,Tránsito Tag,LDWP36,2026-09-11,20:30:04,PA18,Ruta 5 Norte - Sur,462.46,Autopase_Facturado_Central_0020821947_28092026_075120.csv
Autopista Central,Facturado,0020821947,Tránsito Tag,LDWP36,2026-09-11,20:34:14,PA15,Ruta 5 Norte - Sur,425.04,Autopase_Facturado_Central_0020821947_28092026_075120.csv
Autopista Central,Facturado,0020821947,Tránsito Tag,HXJJ44,2026-09-11,20:36:36,PA16,Ruta 5 Sur - Norte,425.04,Autopase_Facturado_Central_0020821947_28092026_075120.csv
Autopista Central,Facturado,0020821947,Tránsito Tag,HXJJ44,2026-09-11,20:40:17,PA17,Ruta 5 Sur - Norte,462.46,Autopase_Facturado_Central_0020821947_28092026_075120.csv
Autopista Central,Facturado,0020821947,Tránsito Tag,LPPZ24,2026-09-11,21:03:41,PA8,Ruta 5 Norte - Sur,452.06,Autopase_Facturado_Central_0020821947_28092026_075120.csv
Autopista Central,Facturado,0020821947,Tránsito Tag,LPPZ24,2026-09-11,21:04:50,PA32,Ruta 5 Norte - Sur,176.67,Autopase_Facturado_Central_0020821947_28092026_075120.csv
Autopista Central,Facturado,0020821947,Tránsito Tag,LPPZ24,2026-09-11,21:06:23,PA6,Ruta 5 Norte - Sur,157.96,Autopase_Facturado_Central_0020821947_28092026_075120.csv
Autopista Central,Facturado,0020821947,Tránsito Tag,LPPZ24,2026-09-11,21:07:19,PA37,Ruta 5 Norte - Sur,455.18,Autopase_Facturado_Central_0020821947_28092026_075120.csv
Autopista Central,Facturado,0020821947,Tránsito Tag,LPPZ24,2026-09-11,21:09:00,PA4,Ruta 5 Norte - Sur,129.9,Autopase_Facturado_Central_0020821947_28092026_075120.csv
Autopista Central,Facturado,0020821947,Tránsito Tag,HXJJ44,2026-09-11,22:28:15,PA18,Ruta 5 Norte - Sur,462.46,Autopase_Facturado_Central_0020821947_28092026_075120.csv
Autopista Central,Facturado,0020821947,Tránsito Tag,HXJJ44,2026-09-11,22:29:32,PA29,General Velasquez Norte - Sur,512.34,Autopase_Facturado_Central_0020821947_28092026_075120.csv
Autopista Central,Facturado,0020821947,Tránsito Tag,HXJJ44,2026-09-11,22:35:12,PA26,General Velasquez Norte - Sur,421.93,Autopase_Facturado_Central_0020821947_28092026_075120.csv
Autopista Central,Facturado,0020821947,Tránsito Tag,KXZS95,2026-09-11,22:41:24,PA26,General Velasquez Norte - Sur,421.93,Autopase_Facturado_Central_0020821947_28092026_075120.csv
Autopista Central,Facturado,0020821947,Tránsito Tag,KXZS95,2026-09-11,22:42:48,PA24,General Velasquez Norte - Sur,287.86,Autopase_Facturado_Central_0020821947_28092026_075120.csv
Autopista Central,Facturado,0020821947,Tránsito Tag,KXZS95,2026-09-11,22:45:06,PA22,General Velasquez Norte - Sur,512.34,Autopase_Facturado_Central_0020821947_28092026_075120.csv
Autopista Central,Facturado,0020821947,Tránsito Tag,HXJJ44,2026-09-11,22:55:06,PA24,General Velasquez Norte - Sur,287.86,Autopase_Facturado_Central_0020821947_28092026_075120.csv
Autopista Central,Facturado,0020821947,Tránsito Tag,HXJJ44,2026-09-11,22:57:45,PA22,General Velasquez Norte - Sur,512.34,Autopase_Facturado_Central_0020821947_28092026_075120.csv
Autopista Central,Facturado,0020821947,Tránsito Tag,LJDV98,2026-09-11,23:03:34,PA8,Ruta 5 Norte - Sur,452.06,Autopase_Facturado_Central_0020821947_28092026_075120.csv
Autopista Central,Facturado,0020821947,Tránsito Tag,LJDV98,2026-09-11,23:04:32,PA32,Ruta 5 Norte - Sur,176.67,Autopase_Facturado_Central_0020821947_28092026_075120.csv
Autopista Central,Facturado,0020821947,Tránsito Tag,LJDV98,2026-09-11,23:47:17,PA8,Ruta 5 Norte - Sur,452.06,Autopase_Facturado_Central_0020821947_28092026_075120.csv
Autopista Central,Facturado,0020821947,Tránsito Tag,LJDV98,2026-09-11,23:48:20,PA32,Ruta 5 Norte - Sur,176.67,Autopase_Facturado_Central_0020821947_28092026_075120.csv
Autopista Central,Facturado,0020821947,Tránsito Tag,KXZS95,2026-09-12,00:27:36,PA30,Ruta 5 Sur - Norte,392.83,Autopase_Facturado_Central_0020821947_28092026_075120.csv
Autopista Central,Facturado,0020821947,Tránsito Tag,LPPZ31,2026-09-12,00:29:16,PA30,Ruta 5 Sur - Norte,392.83,Autopase_Facturado_Central_0020821947_28092026_075120.csv
Autopista Central,Facturado,0020821947,Tránsito Tag,KXZS95,2026-09-12,00:30:35,PA10,Ruta 5 Sur - Norte,285.79,Autopase_Facturado_Central_0020821947_28092026_075120.csv
Autopista Central,Facturado,0020821947,Tránsito Tag,KXZS95,2026-09-12,00:32:35,PA31,Ruta 5 Sur - Norte,368.93,Autopase_Facturado_Central_0020821947_28092026_075120.csv
Autopista Central,Facturado,0020821947,Tránsito Tag,LPPZ31,2026-09-12,00:35:44,PA9,Ruta 5 Norte - Sur,392.83,Autopase_Facturado_Central_0020821947_28092026_075120.csv
Autopista Central,Facturado,0020821947,Tránsito Tag,LJDV98,2026-09-12,00:40:05,PA9,Ruta 5 Norte - Sur,392.83,Autopase_Facturado_Central_0020821947_28092026_075120.csv
Autopista Central,Facturado,0020821947,Tránsito Tag,LPPZ31,2026-09-12,00:40:26,PA21,General Velasquez Sur - Norte,512.34,Autopase_Facturado_Central_0020821947_28092026_075120.csv
Autopista Central,Facturado,0020821947,Tránsito Tag,KXZS95,2026-09-12,00:41:33,PA13,Ruta 5 Sur - Norte,181.86,Autopase_Facturado_Central_0020821947_28092026_075120.csv
Autopista Central,Facturado,0020821947,Tránsito Tag,LJDV98,2026-09-12,00:42:52,PA8,Ruta 5 Norte - Sur,452.06,Autopase_Facturado_Central_0020821947_28092026_075120.csv
Autopista Central,Facturado,0020821947,Tránsito Tag,LPPZ31,2026-09-12,00:43:09,PA23,General Velasquez Sur - Norte,287.86,Autopase_Facturado_Central_0020821947_28092026_075120.csv
Autopista Central,Facturado,0020821947,Tránsito Tag,LJDV98,2026-09-12,00:43:54,PA32,Ruta 5 Norte - Sur,176.67,Autopase_Facturado_Central_0020821947_28092026_075120.csv
Autopista Central,Facturado,0020821947,Tránsito Tag,KXZS95,2026-09-12,00:44:17,PA16,Ruta 5 Sur - Norte,425.04,Autopase_Facturado_Central_0020821947_28092026_075120.csv
Autopista Central,Facturado,0020821947,Tránsito Tag,KXZS95,2026-09-12,00:47:45,PA17,Ruta 5 Sur - Norte,462.46,Autopase_Facturado_Central_0020821947_28092026_075120.csv
Autopista Central,Facturado,0020821947,Tránsito Tag,PJHJ69,2026-09-12,00:51:07,PA10,Ruta 5 Sur - Norte,285.79,Autopase_Facturado_Central_0020821947_28092026_075120.csv
Autopista Central,Facturado,0020821947,Tránsito Tag,PJHJ69,2026-09-12,00:52:53,PA31,Ruta 5 Sur - Norte,368.93,Autopase_Facturado_Central_0020821947_28092026_075120.csv
Autopista Central,Facturado,0020821947,Tránsito Tag,PJHJ69,2026-09-12,00:54:17,PA13,Ruta 5 Sur - Norte,181.86,Autopase_Facturado_Central_0020821947_28092026_075120.csv
Autopista Central,Facturado,0020821947,Tránsito Tag,HXJJ44,2026-09-12,01:06:26,PA5,Ruta 5 Sur - Norte,334.63,Autopase_Facturado_Central_0020821947_28092026_075120.csv
Autopista Central,Facturado,0020821947,Tránsito Tag,HXJJ44,2026-09-12,01:09:00,PA19,General Velasquez Sur - Norte,412.57,Autopase_Facturado_Central_0020821947_28092026_075120.csv
Autopista Central,Facturado,0020821947,Tránsito Tag,HXJJ44,2026-09-12,01:12:40,PA21,General Velasquez Sur - Norte,512.34,Autopase_Facturado_Central_0020821947_28092026_075120.csv
Autopista Central,Facturado,0020821947,Tránsito Tag,LPPZ31,2026-09-12,01:13:02,PA14,Ruta 5 Norte - Sur,181.86,Autopase_Facturado_Central_0020821947_28092026_075120.csv
Autopista Central,Facturado,0020821947,Tránsito Tag,LPPZ31,2026-09-12,01:14:34,PA12,Ruta 5 Norte - Sur,368.93,Autopase_Facturado_Central_0020821947_28092026_075120.csv
Autopista Central,Facturado,0020821947,Tránsito Tag,LPPZ31,2026-09-12,01:16:31,PA11,Ruta 5 Norte - Sur,285.79,Autopase_Facturado_Central_0020821947_28092026_075120.csv
Autopista Central,Facturado,0020821947,Tránsito Tag,LPPZ31,2026-09-12,01:17:15,PA9,Ruta 5 Norte - Sur,392.83,Autopase_Facturado_Central_0020821947_28092026_075120.csv
Autopista Central,Facturado,0020821947,Tránsito Tag,HXJJ44,2026-09-12,01:25:00,PA23,General Velasquez Sur - Norte,287.86,Autopase_Facturado_Central_0020821947_28092026_075120.csv
Autopista Central,Facturado,0020821947,Tránsito Tag,LPPZ31,2026-09-12,01:56:05,PA7,Ruta 5 Sur - Norte,452.06,Autopase_Facturado_Central_0020821947_28092026_075120.csv
Autopista Central,Facturado,0020821947,Tránsito Tag,HXJJ44,2026-09-12,03:53:47,PA24,General Velasquez Norte - Sur,287.86,Autopase_Facturado_Central_0020821947_28092026_075120.csv
Autopista Central,Facturado,0020821947,Tránsito Tag,HXJJ44,2026-09-12,03:56:37,PA22,General Velasquez Norte - Sur,512.34,Autopase_Facturado_Central_0020821947_28092026_075120.csv
Autopista Central,Facturado,0020821947,Tránsito Tag,PJHJ69,2026-09-12,05:01:27,PA11,Ruta 5 Norte - Sur,285.79,Autopase_Facturado_Central_0020821947_28092026_075120.csv
Autopista Central,Facturado,0020821947,Tránsito Tag,PJHJ69,2026-09-12,05:02:27,PA9,Ruta 5 Norte - Sur,392.83,Autopase_Facturado_Central_0020821947_28092026_075120.csv
Autopista Central,Facturado,0020821947,Tránsito Tag,LPPZ31,2026-09-12,05:09:29,PA7,Ruta 5 Sur - Norte,452.06,Autopase_Facturado_Central_0020821947_28092026_075120.csv
Autopista Central,Facturado,0020821947,Tránsito Tag,KXZS95,2026-09-12,05:31:51,PA21,General Velasquez Sur - Norte,512.34,Autopase_Facturado_Central_0020821947_28092026_075120.csv
Autopista Central,Facturado,0020821947,Tránsito Tag,KXZS95,2026-09-12,05:34:28,PA23,General Velasquez Sur - Norte,287.86,Autopase_Facturado_Central_0020821947_28092026_075120.csv
Autopista Central,Facturado,0020821947,Tránsito Tag,HXJJ44,2026-09-12,05:34:50,PA21,General Velasquez Sur - Norte,512.34,Autopase_Facturado_Central_0020821947_28092026_075120.csv
Autopista Central,Facturado,0020821947,Tránsito Tag,KXZS95,2026-09-12,05:35:56,PA25,General Velasquez Sur - Norte,421.93,Autopase_Facturado_Central_0020821947_28092026_075120.csv
Autopista Central,Facturado,0020821947,Tránsito Tag,HXJJ44,2026-09-12,05:37:44,PA23,General Velasquez Sur - Norte,287.86,Autopase_Facturado_Central_0020821947_28092026_075120.csv
Autopista Central,Facturado,0020821947,Tránsito Tag,LPPZ24,2026-09-12,05:39:42,PA7,Ruta 5 Sur - Norte,452.06,Autopase_Facturado_Central_0020821947_28092026_075120.csv
Autopista Central,Facturado,0020821947,Tránsito Tag,KXZS95,2026-09-12,05:40:26,PA28,General Velasquez Sur - Norte,512.34,Autopase_Facturado_Central_0020821947_28092026_075120.csv
Autopista Central,Facturado,0020821947,Tránsito Tag,KXZS95,2026-09-12,05:41:39,PA17,Ruta 5 Sur - Norte,462.46,Autopase_Facturado_Central_0020821947_28092026_075120.csv
Autopista Central,Facturado,0020821947,Tránsito Tag,LDWP36,2026-09-12,05:55:41,PA31,Ruta 5 Sur - Norte,368.93,Autopase_Facturado_Central_0020821947_28092026_075120.csv
Autopista Central,Facturado,0020821947,Tránsito Tag,LDWP36,2026-09-12,05:57:26,PA13,Ruta 5 Sur - Norte,181.86,Autopase_Facturado_Central_0020821947_28092026_075120.csv
Autopista Central,Facturado,0020821947,Tránsito Tag,PJHJ69,2026-09-12,06:25:46,PA8,Ruta 5 Norte - Sur,452.06,Autopase_Facturado_Central_0020821947_28092026_075120.csv
Autopista Central,Facturado,0020821947,Tránsito Tag,PJHJ69,2026-09-12,06:26:45,PA32,Ruta 5 Norte - Sur,176.67,Autopase_Facturado_Central_0020821947_28092026_075120.csv
Autopista Central,Facturado,0020821947,Tránsito Tag,PJHJ69,2026-09-12,06:28:15,PA6,Ruta 5 Norte - Sur,157.96,Autopase_Facturado_Central_0020821947_28092026_075120.csv
Autopista Central,Facturado,0020821947,Tránsito Tag,PJHJ69,2026-09-12,06:29:13,PA37,Ruta 5 Norte - Sur,455.18,Autopase_Facturado_Central_0020821947_28092026_075120.csv
Autopista Central,Facturado,0020821947,Tránsito Tag,PJHJ69,2026-09-12,06:31:05,PA4,Ruta 5 Norte - Sur,129.9,Autopase_Facturado_Central_0020821947_28092026_075120.csv
Autopista Central,Facturado,0020821947,Tránsito Tag,LPPZ24,2026-09-12,06:33:47,PA13,Ruta 5 Sur - Norte,181.86,Autopase_Facturado_Central_0020821947_28092026_075120.csv
Autopista Central,Facturado,0020821947,Tránsito Tag,PJHJ69,2026-09-12,06:40:57,PA3,Ruta 5 Sur - Norte,585.09,Autopase_Facturado_Central_0020821947_28092026_075120.csv
Autopista Central,Facturado,0020821947,Tránsito Tag,PJHJ69,2026-09-12,06:52:29,PA5,Ruta 5 Sur - Norte,334.63,Autopase_Facturado_Central_0020821947_28092026_075120.csv
Autopista Central,Facturado,0020821947,Tránsito Tag,PJHJ69,2026-09-12,06:55:09,PA7,Ruta 5 Sur - Norte,452.06,Autopase_Facturado_Central_0020821947_28092026_075120.csv
Autopista Central,Facturado,0020821947,Tránsito Tag,LPPZ24,2026-09-12,07:07:20,PA17,Ruta 5 Sur - Norte,462.46,Autopase_Facturado_Central_0020821947_28092026_075120.csv
Autopista Central,Facturado,0020821947,Tránsito Tag,PJHJ69,2026-09-12,07:23:29,PA10,Ruta 5 Sur - Norte,285.79,Autopase_Facturado_Central_0020821947_28092026_075120.csv
Autopista Central,Facturado,0020821947,Tránsito Tag,LPPZ24,2026-09-12,07:23:33,PA18,Ruta 5 Norte - Sur,462.46,Autopase_Facturado_Central_0020821947_28092026_075120.csv
Autopista Central,Facturado,0020821947,Tránsito Tag,LPPZ24,2026-09-12,07:24:45,PA29,General Velasquez Norte - Sur,512.34,Autopase_Facturado_Central_0020821947_28092026_075120.csv
Autopista Central,Facturado,0020821947,Tránsito Tag,PJHJ69,2026-09-12,07:25:32,PA31,Ruta 5 Sur - Norte,368.93,Autopase_Facturado_Central_0020821947_28092026_075120.csv
Autopista Central,Facturado,0020821947,Tránsito Tag,PJHJ69,2026-09-12,07:26:58,PA13,Ruta 5 Sur - Norte,181.86,Autopase_Facturado_Central_0020821947_28092026_075120.csv
Autopista Central,Facturado,0020821947,Tránsito Tag,LPPZ24,2026-09-12,07:29:20,PA26,General Velasquez Norte - Sur,421.93,Autopase_Facturado_Central_0020821947_28092026_075120.csv
Autopista Central,Facturado,0020821947,Tránsito Tag,PJHJ69,2026-09-12,07:29:30,PA16,Ruta 5 Sur - Norte,425.04,Autopase_Facturado_Central_0020821947_28092026_075120.csv
Autopista Central,Facturado,0020821947,Tránsito Tag,LPPZ24,2026-09-12,07:30:45,PA24,General Velasquez Norte - Sur,287.86,Autopase_Facturado_Central_0020821947_28092026_075120.csv
Autopista Central,Facturado,0020821947,Tránsito Tag,PJHJ69,2026-09-12,07:32:44,PA17,Ruta 5 Sur - Norte,462.46,Autopase_Facturado_Central_0020821947_28092026_075120.csv
Autopista Central,Facturado,0020821947,Tránsito Tag,LPPZ24,2026-09-12,07:33:17,PA22,General Velasquez Norte - Sur,512.34,Autopase_Facturado_Central_0020821947_28092026_075120.csv
Autopista Central,Facturado,0020821947,Tránsito Tag,LPPZ24,2026-09-12,07:35:23,PA20,General Velasquez Norte - Sur,412.57,Autopase_Facturado_Central_0020821947_28092026_075120.csv
Autopista Central,Facturado,0020821947,Tránsito Tag,LPPZ24,2026-09-12,07:36:51,PA32,Ruta 5 Norte - Sur,176.67,Autopase_Facturado_Central_0020821947_28092026_075120.csv
Autopista Central,Facturado,0020821947,Tránsito Tag,LPPZ24,2026-09-12,07:38:18,PA6,Ruta 5 Norte - Sur,157.96,Autopase_Facturado_Central_0020821947_28092026_075120.csv
Autopista Central,Facturado,0020821947,Tránsito Tag,LPPZ24,2026-09-12,07:39:16,PA37,Ruta 5 Norte - Sur,455.18,Autopase_Facturado_Central_0020821947_28092026_075120.csv
Autopista Central,Facturado,0020821947,Tránsito Tag,PJHJ69,2026-09-12,08:20:32,PA18,Ruta 5 Norte - Sur,462.46,Autopase_Facturado_Central_0020821947_28092026_075120.csv
Autopista Central,Facturado,0020821947,Tránsito Tag,PJHJ69,2026-09-12,08:24:39,PA15,Ruta 5 Norte - Sur,425.04,Autopase_Facturado_Central_0020821947_28092026_075120.csv
Autopista Central,Facturado,0020821947,Tránsito Tag,PJHJ69,2026-09-12,08:26:29,PA14,Ruta 5 Norte - Sur,181.86,Autopase_Facturado_Central_0020821947_28092026_075120.csv
Autopista Central,Facturado,0020821947,Tránsito Tag,PJHJ69,2026-09-12,08:27:52,PA12,Ruta 5 Norte - Sur,368.93,Autopase_Facturado_Central_0020821947_28092026_075120.csv
Autopista Central,Facturado,0020821947,Tránsito Tag,PJHJ69,2026-09-12,08:29:45,PA11,Ruta 5 Norte - Sur,285.79,Autopase_Facturado_Central_0020821947_28092026_075120.csv
Autopista Central,Facturado,0020821947,Tránsito Tag,PJHJ69,2026-09-12,08:56:38,PA8,Ruta 5 Norte - Sur,452.06,Autopase_Facturado_Central_0020821947_28092026_075120.csv
Autopista Central,Facturado,0020821947,Tránsito Tag,PJHJ69,2026-09-12,08:57:39,PA32,Ruta 5 Norte - Sur,176.67,Autopase_Facturado_Central_0020821947_28092026_075120.csv
Autopista Central,Facturado,0020821947,Tránsito Tag,PJHJ69,2026-09-12,08:59:15,PA6,Ruta 5 Norte - Sur,157.96,Autopase_Facturado_Central_0020821947_28092026_075120.csv
Autopista Central,Facturado,0020821947,Tránsito Tag,PJHJ69,2026-09-12,09:26:37,PA19,General Velasquez Sur - Norte,412.57,Autopase_Facturado_Central_0020821947_28092026_075120.csv
Autopista Central,Facturado,0020821947,Tránsito Tag,HXJJ44,2026-09-12,17:47:23,PA25,General Velasquez Sur - Norte,421.93,Autopase_Facturado_Central_0020821947_28092026_075120.csv
Autopista Central,Facturado,0020821947,Tránsito Tag,HXJJ44,2026-09-12,17:52:02,PA28,General Velasquez Sur - Norte,512.34,Autopase_Facturado_Central_0020821947_28092026_075120.csv
Autopista Central,Facturado,0020821947,Tránsito Tag,HXJJ44,2026-09-12,17:53:07,PA17,Ruta 5 Sur - Norte,462.46,Autopase_Facturado_Central_0020821947_28092026_075120.csv
Autopista Central,Facturado,0020821947,Tránsito Tag,LPPZ24,2026-09-12,19:01:03,PA10,Ruta 5 Sur - Norte,285.79,Autopase_Facturado_Central_0020821947_28092026_075120.csv
Autopista Central,Facturado,0020821947,Tránsito Tag,LDWP36,2026-09-12,19:02:49,PA13,Ruta 5 Sur - Norte,181.86,Autopase_Facturado_Central_0020821947_28092026_075120.csv
Autopista Central,Facturado,0020821947,Tránsito Tag,LPPZ24,2026-09-12,19:03:05,PA31,Ruta 5 Sur - Norte,368.93,Autopase_Facturado_Central_0020821947_28092026_075120.csv
Autopista Central,Facturado,0020821947,Tránsito Tag,LPPZ24,2026-09-12,19:04:40,PA13,Ruta 5 Sur - Norte,181.86,Autopase_Facturado_Central_0020821947_28092026_075120.csv
Autopista Central,Facturado,0020821947,Tránsito Tag,LPPZ24,2026-09-12,19:07:29,PA16,Ruta 5 Sur - Norte,425.04,Autopase_Facturado_Central_0020821947_28092026_075120.csv
Autopista Central,Facturado,0020821947,Tránsito Tag,LPPZ24,2026-09-12,19:10:59,PA17,Ruta 5 Sur - Norte,462.46,Autopase_Facturado_Central_0020821947_28092026_075120.csv
Autopista Central,Facturado,0020821947,Tránsito Tag,LDWP36,2026-09-12,19:28:00,PA16,Ruta 5 Sur - Norte,425.04,Autopase_Facturado_Central_0020821947_28092026_075120.csv
Autopista Central,Facturado,0020821947,Tránsito Tag,LPPZ24,2026-09-12,20:15:21,PA18,Ruta 5 Norte - Sur,462.46,Autopase_Facturado_Central_0020821947_28092026_075120.csv
Autopista Central,Facturado,0020821947,Tránsito Tag,LPPZ24,2026-09-12,20:19:31,PA15,Ruta 5 Norte - Sur,425.04,Autopase_Facturado_Central_0020821947_28092026_075120.csv
Autopista Central,Facturado,0020821947,Tránsito Tag,LPPZ24,2026-09-12,20:21:25,PA14,Ruta 5 Norte - Sur,181.86,Autopase_Facturado_Central_0020821947_28092026_075120.csv
Autopista Central,Facturado,0020821947,Tránsito Tag,LDWP36,2026-09-12,20:27:43,PA18,Ruta 5 Norte - Sur,462.46,Autopase_Facturado_Central_0020821947_28092026_075120.csv
Autopista Central,Facturado,0020821947,Tránsito Tag,LDWP36,2026-09-12,20:32:55,PA15,Ruta 5 Norte - Sur,425.04,Autopase_Facturado_Central_0020821947_28092026_075120.csv
Autopista Central,Facturado,0020821947,Tránsito Tag,LPPZ24,2026-09-12,20:36:01,PA11,Ruta 5 Norte - Sur,285.79,Autopase_Facturado_Central_0020821947_28092026_075120.csv
Autopista Central,Facturado,0020821947,Tránsito Tag,LPPZ24,2026-09-12,20:36:53,PA9,Ruta 5 Norte - Sur,392.83,Autopase_Facturado_Central_0020821947_28092026_075120.csv
Autopista Central,Facturado,0020821947,Tránsito Tag,HXJJ44,2026-09-12,20:41:49,PA16,Ruta 5 Sur - Norte,425.04,Autopase_Facturado_Central_0020821947_28092026_075120.csv
Autopista Central,Facturado,0020821947,Tránsito Tag,HXJJ44,2026-09-12,20:45:38,PA17,Ruta 5 Sur - Norte,462.46,Autopase_Facturado_Central_0020821947_28092026_075120.csv
Autopista Central,Facturado,0020821947,Tránsito Tag,LPPZ24,2026-09-12,20:49:48,PA8,Ruta 5 Norte - Sur,452.06,Autopase_Facturado_Central_0020821947_28092026_075120.csv
Autopista Central,Facturado,0020821947,Tránsito Tag,LPPZ24,2026-09-12,20:50:51,PA32,Ruta 5 Norte - Sur,176.67,Autopase_Facturado_Central_0020821947_28092026_075120.csv
Autopista Central,Facturado,0020821947,Tránsito Tag,LPPZ24,2026-09-12,20:52:22,PA6,Ruta 5 Norte - Sur,157.96,Autopase_Facturado_Central_0020821947_28092026_075120.csv
Autopista Central,Facturado,0020821947,Tránsito Tag,LPPZ24,2026-09-12,20:53:17,PA37,Ruta 5 Norte - Sur,455.18,Autopase_Facturado_Central_0020821947_28092026_075120.csv
Autopista Central,Facturado,0020821947,Tránsito Tag,LPPZ24,2026-09-12,20:54:57,PA4,Ruta 5 Norte - Sur,129.9,Autopase_Facturado_Central_0020821947_28092026_075120.csv
Autopista Central,Facturado,0020821947,Tránsito Tag,LPPZ24,2026-09-12,21:02:47,PA3,Ruta 5 Sur - Norte,585.09,Autopase_Facturado_Central_0020821947_28092026_075120.csv
Autopista Central,Facturado,0020821947,Tránsito Tag,CYPW26,2026-09-12,22:22:24,PA12,Ruta 5 Norte - Sur,368.93,Autopase_Facturado_Central_0020821947_28092026_075120.csv
Autopista Central,Facturado,0020821947,Tránsito Tag,CYPW26,2026-09-12,22:25:04,PA11,Ruta 5 Norte - Sur,285.79,Autopase_Facturado_Central_0020821947_28092026_075120.csv
Autopista Central,Facturado,0020821947,Tránsito Tag,CYPW26,2026-09-12,22:26:10,PA9,Ruta 5 Norte - Sur,392.83,Autopase_Facturado_Central_0020821947_28092026_075120.csv
Autopista Central,Facturado,0020821947,Tránsito Tag,HXJJ44,2026-09-12,22:46:03,PA18,Ruta 5 Norte - Sur,462.46,Autopase_Facturado_Central_0020821947_28092026_075120.csv
Autopista Central,Facturado,0020821947,Tránsito Tag,HXJJ44,2026-09-12,22:47:10,PA29,General Velasquez Norte - Sur,512.34,Autopase_Facturado_Central_0020821947_28092026_075120.csv
Autopista Central,Facturado,0020821947,Tránsito Tag,HXJJ44,2026-09-12,22:52:27,PA26,General Velasquez Norte - Sur,421.93,Autopase_Facturado_Central_0020821947_28092026_075120.csv
Autopista Central,Facturado,0020821947,Tránsito Tag,KXZS95,2026-09-12,23:06:29,PA26,General Velasquez Norte - Sur,421.93,Autopase_Facturado_Central_0020821947_28092026_075120.csv
Autopista Central,Facturado,0020821947,Tránsito Tag,KXZS95,2026-09-12,23:08:00,PA24,General Velasquez Norte - Sur,287.86,Autopase_Facturado_Central_0020821947_28092026_075120.csv
Autopista Central,Facturado,0020821947,Tránsito Tag,KXZS95,2026-09-12,23:10:44,PA22,General Velasquez Norte - Sur,512.34,Autopase_Facturado_Central_0020821947_28092026_075120.csv
Autopista Central,Facturado,0020821947,Tránsito Tag,HXJJ44,2026-09-12,23:32:05,PA24,General Velasquez Norte - Sur,287.86,Autopase_Facturado_Central_0020821947_28092026_075120.csv
Autopista Central,Facturado,0020821947,Tránsito Tag,HXJJ44,2026-09-12,23:34:48,PA22,General Velasquez Norte - Sur,512.34,Autopase_Facturado_Central_0020821947_28092026_075120.csv
Autopista Central,Facturado,0020821947,Tránsito Tag,CYPW26,2026-09-13,00:45:40,PA19,General Velasquez Sur - Norte,412.57,Autopase_Facturado_Central_0020821947_28092026_075120.csv
Autopista Central,Facturado,0020821947,Tránsito Tag,PJHJ69,2026-09-13,01:36:49,PA21,General Velasquez Sur - Norte,512.34,Autopase_Facturado_Central_0020821947_28092026_075120.csv
Autopista Central,Facturado,0020821947,Tránsito Tag,PJHJ69,2026-09-13,01:41:18,PA23,General Velasquez Sur - Norte,287.86,Autopase_Facturado_Central_0020821947_28092026_075120.csv
Autopista Central,Facturado,0020821947,Tránsito Tag,PJHJ69,2026-09-13,01:42:58,PA25,General Velasquez Sur - Norte,421.93,Autopase_Facturado_Central_0020821947_28092026_075120.csv
Autopista Central,Facturado,0020821947,Tránsito Tag,CYPW26,2026-09-13,04:26:36,PA12,Ruta 5 Norte - Sur,368.93,Autopase_Facturado_Central_0020821947_28092026_075120.csv
Autopista Central,Facturado,0020821947,Tránsito Tag,CYPW26,2026-09-13,04:28:33,PA11,Ruta 5 Norte - Sur,285.79,Autopase_Facturado_Central_0020821947_28092026_075120.csv
Autopista Central,Facturado,0020821947,Tránsito Tag,CYPW26,2026-09-13,04:29:23,PA9,Ruta 5 Norte - Sur,392.83,Autopase_Facturado_Central_0020821947_28092026_075120.csv
Autopista Central,Facturado,0020821947,Tránsito Tag,LPPZ31,2026-09-13,04:44:51,PA9,Ruta 5 Norte - Sur,392.83,Autopase_Facturado_Central_0020821947_28092026_075120.csv
Autopista Central,Facturado,0020821947,Tránsito Tag,KXZS95,2026-09-13,05:06:18,PA26,General Velasquez Norte - Sur,421.93,Autopase_Facturado_Central_0020821947_28092026_075120.csv
Autopista Central,Facturado,0020821947,Tránsito Tag,KXZS95,2026-09-13,05:07:36,PA24,General Velasquez Norte - Sur,287.86,Autopase_Facturado_Central_0020821947_28092026_075120.csv
Autopista Central,Facturado,0020821947,Tránsito Tag,KXZS95,2026-09-13,05:16:34,PA22,General Velasquez Norte - Sur,512.34,Autopase_Facturado_Central_0020821947_28092026_075120.csv
Autopista Central,Facturado,0020821947,Tránsito Tag,HXJJ44,2026-09-13,05:22:08,PA21,General Velasquez Sur - Norte,512.34,Autopase_Facturado_Central_0020821947_28092026_075120.csv
Autopista Central,Facturado,0020821947,Tránsito Tag,HXJJ44,2026-09-13,05:24:57,PA23,General Velasquez Sur - Norte,287.86,Autopase_Facturado_Central_0020821947_28092026_075120.csv
Autopista Central,Facturado,0020821947,Tránsito Tag,KXZS95,2026-09-13,05:27:27,PA21,General Velasquez Sur - Norte,512.34,Autopase_Facturado_Central_0020821947_28092026_075120.csv
Autopista Central,Facturado,0020821947,Tránsito Tag,KXZS95,2026-09-13,05:29:50,PA23,General Velasquez Sur - Norte,287.86,Autopase_Facturado_Central_0020821947_28092026_075120.csv
Autopista Central,Facturado,0020821947,Tránsito Tag,KXZS95,2026-09-13,05:31:09,PA25,General Velasquez Sur - Norte,421.93,Autopase_Facturado_Central_0020821947_28092026_075120.csv
Autopista Central,Facturado,0020821947,Tránsito Tag,KXZS95,2026-09-13,05:35:04,PA28,General Velasquez Sur - Norte,512.34,Autopase_Facturado_Central_0020821947_28092026_075120.csv
Autopista Central,Facturado,0020821947,Tránsito Tag,KXZS95,2026-09-13,05:36:11,PA17,Ruta 5 Sur - Norte,462.46,Autopase_Facturado_Central_0020821947_28092026_075120.csv
Autopista Central,Facturado,0020821947,Tránsito Tag,LPPZ24,2026-09-13,06:11:24,PA30,Ruta 5 Sur - Norte,392.83,Autopase_Facturado_Central_0020821947_28092026_075120.csv
Autopista Central,Facturado,0020821947,Tránsito Tag,LPPZ24,2026-09-13,06:12:07,PA10,Ruta 5 Sur - Norte,285.79,Autopase_Facturado_Central_0020821947_28092026_075120.csv
Autopista Central,Facturado,0020821947,Tránsito Tag,PJHJ69,2026-09-13,06:12:14,PA8,Ruta 5 Norte - Sur,452.06,Autopase_Facturado_Central_0020821947_28092026_075120.csv
Autopista Central,Facturado,0020821947,Tránsito Tag,PJHJ69,2026-09-13,06:13:10,PA32,Ruta 5 Norte - Sur,176.67,Autopase_Facturado_Central_0020821947_28092026_075120.csv
Autopista Central,Facturado,0020821947,Tránsito Tag,PJHJ69,2026-09-13,06:14:53,PA6,Ruta 5 Norte - Sur,157.96,Autopase_Facturado_Central_0020821947_28092026_075120.csv
Autopista Central,Facturado,0020821947,Tránsito Tag,PJHJ69,2026-09-13,06:16:05,PA37,Ruta 5 Norte - Sur,455.18,Autopase_Facturado_Central_0020821947_28092026_075120.csv
Autopista Central,Facturado,0020821947,Tránsito Tag,PJHJ69,2026-09-13,06:20:19,PA4,Ruta 5 Norte - Sur,129.9,Autopase_Facturado_Central_0020821947_28092026_075120.csv
Autopista Central,Facturado,0020821947,Tránsito Tag,LPPZ24,2026-09-13,06:27:41,PA13,Ruta 5 Sur - Norte,181.86,Autopase_Facturado_Central_0020821947_28092026_075120.csv
Autopista Central,Facturado,0020821947,Tránsito Tag,PJHJ69,2026-09-13,06:32:50,PA3,Ruta 5 Sur - Norte,585.09,Autopase_Facturado_Central_0020821947_28092026_075120.csv
Autopista Central,Facturado,0020821947,Tránsito Tag,PJHJ69,2026-09-13,06:35:56,PA5,Ruta 5 Sur - Norte,334.63,Autopase_Facturado_Central_0020821947_28092026_075120.csv
Autopista Central,Facturado,0020821947,Tránsito Tag,PJHJ69,2026-09-13,06:38:57,PA7,Ruta 5 Sur - Norte,452.06,Autopase_Facturado_Central_0020821947_28092026_075120.csv
Autopista Central,Facturado,0020821947,Tránsito Tag,CYPW26,2026-09-13,06:41:16,PA23,General Velasquez Sur - Norte,287.86,Autopase_Facturado_Central_0020821947_28092026_075120.csv
Autopista Central,Facturado,0020821947,Tránsito Tag,CYPW26,2026-09-13,07:00:17,PA16,Ruta 5 Sur - Norte,425.04,Autopase_Facturado_Central_0020821947_28092026_075120.csv
Autopista Central,Facturado,0020821947,Tránsito Tag,LPPZ24,2026-09-13,07:00:53,PA17,Ruta 5 Sur - Norte,462.46,Autopase_Facturado_Central_0020821947_28092026_075120.csv
Autopista Central,Facturado,0020821947,Tránsito Tag,CYPW26,2026-09-13,07:03:27,PA17,Ruta 5 Sur - Norte,462.46,Autopase_Facturado_Central_0020821947_28092026_075120.csv
Autopista Central,Facturado,0020821947,Tránsito Tag,PJHJ69,2026-09-13,07:08:24,PA10,Ruta 5 Sur - Norte,285.79,Autopase_Facturado_Central_0020821947_28092026_075120.csv
Autopista Central,Facturado,0020821947,Tránsito Tag,LPPZ31,2026-09-13,07:08:56,PA30,Ruta 5 Sur - Norte,392.83,Autopase_Facturado_Central_0020821947_28092026_075120.csv
Autopista Central,Facturado,0020821947,Tránsito Tag,LPPZ31,2026-09-13,07:09:46,PA10,Ruta 5 Sur - Norte,285.79,Autopase_Facturado_Central_0020821947_28092026_075120.csv
Autopista Central,Facturado,0020821947,Tránsito Tag,PJHJ69,2026-09-13,07:10:11,PA31,Ruta 5 Sur - Norte,368.93,Autopase_Facturado_Central_0020821947_28092026_075120.csv
Autopista Central,Facturado,0020821947,Tránsito Tag,PJHJ69,2026-09-13,07:11:31,PA13,Ruta 5 Sur - Norte,181.86,Autopase_Facturado_Central_0020821947_28092026_075120.csv
Autopista Central,Facturado,0020821947,Tránsito Tag,LPPZ31,2026-09-13,07:11:51,PA31,Ruta 5 Sur - Norte,368.93,Autopase_Facturado_Central_0020821947_28092026_075120.csv
Autopista Central,Facturado,0020821947,Tránsito Tag,LPPZ31,2026-09-13,07:13:24,PA13,Ruta 5 Sur - Norte,181.86,Autopase_Facturado_Central_0020821947_28092026_075120.csv
Autopista Central,Facturado,0020821947,Tránsito Tag,PJHJ69,2026-09-13,07:14:05,PA16,Ruta 5 Sur - Norte,425.04,Autopase_Facturado_Central_0020821947_28092026_075120.csv
Autopista Central,Facturado,0020821947,Tránsito Tag,LPPZ31,2026-09-13,07:16:29,PA16,Ruta 5 Sur - Norte,425.04,Autopase_Facturado_Central_0020821947_28092026_075120.csv
Autopista Central,Facturado,0020821947,Tránsito Tag,PJHJ69,2026-09-13,07:16:58,PA17,Ruta 5 Sur - Norte,462.46,Autopase_Facturado_Central_0020821947_28092026_075120.csv
Autopista Central,Facturado,0020821947,Tránsito Tag,LPPZ31,2026-09-13,07:20:10,PA17,Ruta 5 Sur - Norte,462.46,Autopase_Facturado_Central_0020821947_28092026_075120.csv
Autopista Central,Facturado,0020821947,Tránsito Tag,CYPW26,2026-09-13,08:17:48,PA18,Ruta 5 Norte - Sur,462.46,Autopase_Facturado_Central_0020821947_28092026_075120.csv
Autopista Central,Facturado,0020821947,Tránsito Tag,LPPZ24,2026-09-13,08:19:25,PA18,Ruta 5 Norte - Sur,462.46,Autopase_Facturado_Central_0020821947_28092026_075120.csv
Autopista Central,Facturado,0020821947,Tránsito Tag,PJHJ69,2026-09-13,08:20:22,PA18,Ruta 5 Norte - Sur,462.46,Autopase_Facturado_Central_0020821947_28092026_075120.csv
Autopista Central,Facturado,0020821947,Tránsito Tag,LPPZ24,2026-09-13,08:20:32,PA29,General Velasquez Norte - Sur,512.34,Autopase_Facturado_Central_0020821947_28092026_075120.csv
Autopista Central,Facturado,0020821947,Tránsito Tag,PJHJ69,2026-09-13,08:24:33,PA15,Ruta 5 Norte - Sur,425.04,Autopase_Facturado_Central_0020821947_28092026_075120.csv
Autopista Central,Facturado,0020821947,Tránsito Tag,LPPZ24,2026-09-13,08:25:04,PA26,General Velasquez Norte - Sur,421.93,Autopase_Facturado_Central_0020821947_28092026_075120.csv
Autopista Central,Facturado,0020821947,Tránsito Tag,PJHJ69,2026-09-13,08:26:10,PA14,Ruta 5 Norte - Sur,181.86,Autopase_Facturado_Central_0020821947_28092026_075120.csv
Autopista Central,Facturado,0020821947,Tránsito Tag,LPPZ24,2026-09-13,08:26:38,PA24,General Velasquez Norte - Sur,287.86,Autopase_Facturado_Central_0020821947_28092026_075120.csv
Autopista Central,Facturado,0020821947,Tránsito Tag,PJHJ69,2026-09-13,08:27:30,PA12,Ruta 5 Norte - Sur,368.93,Autopase_Facturado_Central_0020821947_28092026_075120.csv
Autopista Central,Facturado,0020821947,Tránsito Tag,LPPZ24,2026-09-13,08:29:01,PA22,General Velasquez Norte - Sur,512.34,Autopase_Facturado_Central_0020821947_28092026_075120.csv
Autopista Central,Facturado,0020821947,Tránsito Tag,PJHJ69,2026-09-13,08:29:22,PA11,Ruta 5 Norte - Sur,285.79,Autopase_Facturado_Central_0020821947_28092026_075120.csv
Autopista Central,Facturado,0020821947,Tránsito Tag,LPPZ24,2026-09-13,08:30:59,PA20,General Velasquez Norte - Sur,412.57,Autopase_Facturado_Central_0020821947_28092026_075120.csv
Autopista Central,Facturado,0020821947,Tránsito Tag,LPPZ24,2026-09-13,08:32:25,PA32,Ruta 5 Norte - Sur,176.67,Autopase_Facturado_Central_0020821947_28092026_075120.csv
Autopista Central,Facturado,0020821947,Tránsito Tag,LPPZ24,2026-09-13,08:33:59,PA6,Ruta 5 Norte - Sur,157.96,Autopase_Facturado_Central_0020821947_28092026_075120.csv
Autopista Central,Facturado,0020821947,Tránsito Tag,LPPZ24,2026-09-13,08:34:55,PA37,Ruta 5 Norte - Sur,455.18,Autopase_Facturado_Central_0020821947_28092026_075120.csv
Autopista Central,Facturado,0020821947,Tránsito Tag,CYPW26,2026-09-13,08:39:29,PA14,Ruta 5 Norte - Sur,181.86,Autopase_Facturado_Central_0020821947_28092026_075120.csv
Autopista Central,Facturado,0020821947,Tránsito Tag,PJHJ69,2026-09-13,08:57:40,PA8,Ruta 5 Norte - Sur,452.06,Autopase_Facturado_Central_0020821947_28092026_075120.csv
Autopista Central,Facturado,0020821947,Tránsito Tag,PJHJ69,2026-09-13,08:58:37,PA32,Ruta 5 Norte - Sur,176.67,Autopase_Facturado_Central_0020821947_28092026_075120.csv
Autopista Central,Facturado,0020821947,Tránsito Tag,CYPW26,2026-09-13,08:58:53,PA26,General Velasquez Norte - Sur,421.93,Autopase_Facturado_Central_0020821947_28092026_075120.csv
Autopista Central,Facturado,0020821947,Tránsito Tag,PJHJ69,2026-09-13,09:00:02,PA6,Ruta 5 Norte - Sur,157.96,Autopase_Facturado_Central_0020821947_28092026_075120.csv
Autopista Central,Facturado,0020821947,Tránsito Tag,CYPW26,2026-09-13,09:00:24,PA24,General Velasquez Norte - Sur,287.86,Autopase_Facturado_Central_0020821947_28092026_075120.csv
Autopista Central,Facturado,0020821947,Tránsito Tag,KXZS95,2026-09-13,09:39:37,PA26,General Velasquez Norte - Sur,421.93,Autopase_Facturado_Central_0020821947_28092026_075120.csv
Autopista Central,Facturado,0020821947,Tránsito Tag,KXZS95,2026-09-13,09:40:58,PA24,General Velasquez Norte - Sur,287.86,Autopase_Facturado_Central_0020821947_28092026_075120.csv
Autopista Central,Facturado,0020821947,Tránsito Tag,KXZS95,2026-09-13,09:43:07,PA22,General Velasquez Norte - Sur,512.34,Autopase_Facturado_Central_0020821947_28092026_075120.csv
Autopista Central,Facturado,0020821947,Tránsito Tag,KXZS95,2026-09-13,09:44:54,PA20,General Velasquez Norte - Sur,412.57,Autopase_Facturado_Central_0020821947_28092026_075120.csv
Autopista Central,Facturado,0020821947,Tránsito Tag,KXZS95,2026-09-13,09:46:07,PA32,Ruta 5 Norte - Sur,176.67,Autopase_Facturado_Central_0020821947_28092026_075120.csv
Autopista Central,Facturado,0020821947,Tránsito Tag,KXZS95,2026-09-13,09:53:18,PA6,Ruta 5 Norte - Sur,157.96,Autopase_Facturado_Central_0020821947_28092026_075120.csv
Autopista Central,Facturado,0020821947,Tránsito Tag,KXZS95,2026-09-13,12:41:37,PA5,Ruta 5 Sur - Norte,334.63,Autopase_Facturado_Central_0020821947_28092026_075120.csv
Autopista Central,Facturado,0020821947,Tránsito Tag,KXZS95,2026-09-13,12:43:41,PA19,General Velasquez Sur - Norte,412.57,Autopase_Facturado_Central_0020821947_28092026_075120.csv
Autopista Central,Facturado,0020821947,Tránsito Tag,LPPZ24,2026-09-13,17:50:48,PA5,Ruta 5 Sur - Norte,334.63,Autopase_Facturado_Central_0020821947_28092026_075120.csv
Autopista Central,Facturado,0020821947,Tránsito Tag,HXJJ44,2026-09-13,17:52:55,PA28,General Velasquez Sur - Norte,512.34,Autopase_Facturado_Central_0020821947_28092026_075120.csv
Autopista Central,Facturado,0020821947,Tránsito Tag,LPPZ24,2026-09-13,17:53:11,PA7,Ruta 5 Sur - Norte,452.06,Autopase_Facturado_Central_0020821947_28092026_075120.csv
Autopista Central,Facturado,0020821947,Tránsito Tag,HXJJ44,2026-09-13,17:54:04,PA17,Ruta 5 Sur - Norte,462.46,Autopase_Facturado_Central_0020821947_28092026_075120.csv
Autopista Central,Facturado,0020821947,Tránsito Tag,LPPZ31,2026-09-13,18:03:34,PA30,Ruta 5 Sur - Norte,392.83,Autopase_Facturado_Central_0020821947_28092026_075120.csv
Autopista Central,Facturado,0020821947,Tránsito Tag,LPPZ31,2026-09-13,18:04:16,PA10,Ruta 5 Sur - Norte,285.79,Autopase_Facturado_Central_0020821947_28092026_075120.csv
Autopista Central,Facturado,0020821947,Tránsito Tag,LPPZ31,2026-09-13,18:06:03,PA31,Ruta 5 Sur - Norte,368.93,Autopase_Facturado_Central_0020821947_28092026_075120.csv
Autopista Central,Facturado,0020821947,Tránsito Tag,LPPZ31,2026-09-13,18:30:46,PA13,Ruta 5 Sur - Norte,363.73,Autopase_Facturado_Central_0020821947_28092026_075120.csv
Autopista Central,Facturado,0020821947,Tránsito Tag,LPPZ24,2026-09-13,18:59:44,PA10,Ruta 5 Sur - Norte,571.58,Autopase_Facturado_Central_0020821947_28092026_075120.csv
Autopista Central,Facturado,0020821947,Tránsito Tag,LPPZ24,2026-09-13,19:01:47,PA31,Ruta 5 Sur - Norte,737.86,Autopase_Facturado_Central_0020821947_28092026_075120.csv
Autopista Central,Facturado,0020821947,Tránsito Tag,LPPZ24,2026-09-13,19:03:22,PA13,Ruta 5 Sur - Norte,363.73,Autopase_Facturado_Central_0020821947_28092026_075120.csv
Autopista Central,Facturado,0020821947,Tránsito Tag,LPPZ24,2026-09-13,19:06:10,PA16,Ruta 5 Sur - Norte,425.04,Autopase_Facturado_Central_0020821947_28092026_075120.csv
Autopista Central,Facturado,0020821947,Tránsito Tag,LPPZ24,2026-09-13,19:09:22,PA17,Ruta 5 Sur - Norte,462.46,Autopase_Facturado_Central_0020821947_28092026_075120.csv
Autopista Central,Facturado,0020821947,Tránsito Tag,LPPZ24,2026-09-13,20:17:43,PA18,Ruta 5 Norte - Sur,462.46,Autopase_Facturado_Central_0020821947_28092026_075120.csv
Autopista Central,Facturado,0020821947,Tránsito Tag,LPPZ24,2026-09-13,20:21:57,PA15,Ruta 5 Norte - Sur,425.04,Autopase_Facturado_Central_0020821947_28092026_075120.csv
Autopista Central,Facturado,0020821947,Tránsito Tag,LPPZ24,2026-09-13,20:23:46,PA14,Ruta 5 Norte - Sur,181.86,Autopase_Facturado_Central_0020821947_28092026_075120.csv
Autopista Central,Facturado,0020821947,Tránsito Tag,LPPZ31,2026-09-13,20:26:07,PA18,Ruta 5 Norte - Sur,462.46,Autopase_Facturado_Central_0020821947_28092026_075120.csv
Autopista Central,Facturado,0020821947,Tránsito Tag,LPPZ24,2026-09-13,20:38:00,PA11,Ruta 5 Norte - Sur,285.79,Autopase_Facturado_Central_0020821947_28092026_075120.csv
Autopista Central,Facturado,0020821947,Tránsito Tag,LPPZ24,2026-09-13,20:38:50,PA9,Ruta 5 Norte - Sur,392.83,Autopase_Facturado_Central_0020821947_28092026_075120.csv
Autopista Central,Facturado,0020821947,Tránsito Tag,HXJJ44,2026-09-13,20:48:25,PA17,Ruta 5 Sur - Norte,462.46,Autopase_Facturado_Central_0020821947_28092026_075120.csv
Autopista Central,Facturado,0020821947,Tránsito Tag,LPPZ24,2026-09-13,21:08:48,PA8,Ruta 5 Norte - Sur,452.06,Autopase_Facturado_Central_0020821947_28092026_075120.csv
Autopista Central,Facturado,0020821947,Tránsito Tag,LPPZ24,2026-09-13,21:09:52,PA32,Ruta 5 Norte - Sur,176.67,Autopase_Facturado_Central_0020821947_28092026_075120.csv
Autopista Central,Facturado,0020821947,Tránsito Tag,LPPZ24,2026-09-13,21:11:19,PA6,Ruta 5 Norte - Sur,157.96,Autopase_Facturado_Central_0020821947_28092026_075120.csv
Autopista Central,Facturado,0020821947,Tránsito Tag,LPPZ24,2026-09-13,21:12:12,PA37,Ruta 5 Norte - Sur,455.18,Autopase_Facturado_Central_0020821947_28092026_075120.csv
Autopista Central,Facturado,0020821947,Tránsito Tag,LPPZ24,2026-09-13,21:13:47,PA4,Ruta 5 Norte - Sur,129.9,Autopase_Facturado_Central_0020821947_28092026_075120.csv
Autopista Central,Facturado,0020821947,Tránsito Tag,LPPZ24,2026-09-13,21:19:52,PA3,Ruta 5 Sur - Norte,585.09,Autopase_Facturado_Central_0020821947_28092026_075120.csv
Autopista Central,Facturado,0020821947,Tránsito Tag,HXJJ44,2026-09-13,22:33:08,PA18,Ruta 5 Norte - Sur,462.46,Autopase_Facturado_Central_0020821947_28092026_075120.csv
Autopista Central,Facturado,0020821947,Tránsito Tag,HXJJ44,2026-09-13,22:34:18,PA29,General Velasquez Norte - Sur,512.34,Autopase_Facturado_Central_0020821947_28092026_075120.csv
Autopista Central,Facturado,0020821947,Tránsito Tag,HXJJ44,2026-09-13,22:39:44,PA26,General Velasquez Norte - Sur,421.93,Autopase_Facturado_Central_0020821947_28092026_075120.csv
Autopista Central,Facturado,0020821947,Tránsito Tag,KXZS95,2026-09-13,22:46:32,PA14,Ruta 5 Norte - Sur,181.86,Autopase_Facturado_Central_0020821947_28092026_075120.csv
Autopista Central,Facturado,0020821947,Tránsito Tag,KXZS95,2026-09-13,22:48:13,PA12,Ruta 5 Norte - Sur,368.93,Autopase_Facturado_Central_0020821947_28092026_075120.csv
Autopista Central,Facturado,0020821947,Tránsito Tag,KXZS95,2026-09-13,22:50:25,PA11,Ruta 5 Norte - Sur,285.79,Autopase_Facturado_Central_0020821947_28092026_075120.csv
Autopista Central,Facturado,0020821947,Tránsito Tag,HXJJ44,2026-09-13,23:27:32,PA24,General Velasquez Norte - Sur,287.86,Autopase_Facturado_Central_0020821947_28092026_075120.csv
Autopista Central,Facturado,0020821947,Tránsito Tag,HXJJ44,2026-09-13,23:30:32,PA22,General Velasquez Norte - Sur,512.34,Autopase_Facturado_Central_0020821947_28092026_075120.csv
Autopista Central,Facturado,0020821947,Tránsito Tag,LKGZ52,2026-09-13,23:49:03,PA12,Ruta 5 Norte - Sur,368.93,Autopase_Facturado_Central_0020821947_28092026_075120.csv
Autopista Central,Facturado,0020821947,Tránsito Tag,LKGZ52,2026-09-13,23:50:48,PA11,Ruta 5 Norte - Sur,285.79,Autopase_Facturado_Central_0020821947_28092026_075120.csv
Autopista Central,Facturado,0020821947,Tránsito Tag,LKGZ52,2026-09-13,23:51:29,PA9,Ruta 5 Norte - Sur,392.83,Autopase_Facturado_Central_0020821947_28092026_075120.csv
Autopista Central,Facturado,0020821947,Tránsito Tag,LPPZ31,2026-09-14,00:25:55,PA21,General Velasquez Sur - Norte,512.34,Autopase_Facturado_Central_0020821947_28092026_075120.csv
Autopista Central,Facturado,0020821947,Tránsito Tag,LPPZ31,2026-09-14,01:08:38,PA14,Ruta 5 Norte - Sur,181.86,Autopase_Facturado_Central_0020821947_28092026_075120.csv
Autopista Central,Facturado,0020821947,Tránsito Tag,LPPZ31,2026-09-14,01:09:57,PA12,Ruta 5 Norte - Sur,368.93,Autopase_Facturado_Central_0020821947_28092026_075120.csv
Autopista Central,Facturado,0020821947,Tránsito Tag,LPPZ31,2026-09-14,01:11:39,PA11,Ruta 5 Norte - Sur,285.79,Autopase_Facturado_Central_0020821947_28092026_075120.csv
Autopista Central,Facturado,0020821947,Tránsito Tag,LPPZ31,2026-09-14,01:12:29,PA9,Ruta 5 Norte - Sur,392.83,Autopase_Facturado_Central_0020821947_28092026_075120.csv
Autopista Central,Facturado,0020821947,Tránsito Tag,KXZS95,2026-09-14,01:38:25,PA32,Ruta 5 Norte - Sur,176.67,Autopase_Facturado_Central_0020821947_28092026_075120.csv
Autopista Central,Facturado,0020821947,Tránsito Tag,KXZS95,2026-09-14,01:40:03,PA6,Ruta 5 Norte - Sur,157.96,Autopase_Facturado_Central_0020821947_28092026_075120.csv
Autopista Central,Facturado,0020821947,Tránsito Tag,KXZS95,2026-09-14,03:57:39,PA19,General Velasquez Sur - Norte,412.57,Autopase_Facturado_Central_0020821947_28092026_075120.csv
Autopista Central,Facturado,0020821947,Tránsito Tag,KXZS95,2026-09-14,04:55:49,PA21,General Velasquez Sur - Norte,512.34,Autopase_Facturado_Central_0020821947_28092026_075120.csv
Autopista Central,Facturado,0020821947,Tránsito Tag,KXZS95,2026-09-14,05:08:04,PA22,General Velasquez Norte - Sur,512.34,Autopase_Facturado_Central_0020821947_28092026_075120.csv
Autopista Central,Facturado,0020821947,Tránsito Tag,HXJJ44,2026-09-14,05:25:45,PA21,General Velasquez Sur - Norte,512.34,Autopase_Facturado_Central_0020821947_28092026_075120.csv
Autopista Central,Facturado,0020821947,Tránsito Tag,HXJJ44,2026-09-14,05:28:25,PA23,General Velasquez Sur - Norte,287.86,Autopase_Facturado_Central_0020821947_28092026_075120.csv
Autopista Central,Facturado,0020821947,Tránsito Tag,LPPZ31,2026-09-14,05:36:51,PA21,General Velasquez Sur - Norte,512.34,Autopase_Facturado_Central_0020821947_28092026_075120.csv
Autopista Central,Facturado,0020821947,Tránsito Tag,LPPZ31,2026-09-14,05:39:06,PA23,General Velasquez Sur - Norte,287.86,Autopase_Facturado_Central_0020821947_28092026_075120.csv
Autopista Central,Facturado,0020821947,Tránsito Tag,LPPZ31,2026-09-14,05:40:20,PA25,General Velasquez Sur - Norte,421.93,Autopase_Facturado_Central_0020821947_28092026_075120.csv
Autopista Central,Facturado,0020821947,Tránsito Tag,LPPZ24,2026-09-14,05:40:36,PA7,Ruta 5 Sur - Norte,452.06,Autopase_Facturado_Central_0020821947_28092026_075120.csv
Autopista Central,Facturado,0020821947,Tránsito Tag,LPPZ24,2026-09-14,05:43:35,PA30,Ruta 5 Sur - Norte,392.83,Autopase_Facturado_Central_0020821947_28092026_075120.csv
Autopista Central,Facturado,0020821947,Tránsito Tag,LPPZ24,2026-09-14,05:44:21,PA10,Ruta 5 Sur - Norte,285.79,Autopase_Facturado_Central_0020821947_28092026_075120.csv
Autopista Central,Facturado,0020821947,Tránsito Tag,LPPZ31,2026-09-14,05:49:27,PA28,General Velasquez Sur - Norte,512.34,Autopase_Facturado_Central_0020821947_28092026_075120.csv
Autopista Central,Facturado,0020821947,Tránsito Tag,LPPZ31,2026-09-14,05:50:35,PA17,Ruta 5 Sur - Norte,462.46,Autopase_Facturado_Central_0020821947_28092026_075120.csv
Autopista Central,Facturado,0020821947,Tránsito Tag,LDWP36,2026-09-14,06:10:42,PA31,Ruta 5 Sur - Norte,368.93,Autopase_Facturado_Central_0020821947_28092026_075120.csv
Autopista Central,Facturado,0020821947,Tránsito Tag,LDWP36,2026-09-14,06:12:24,PA13,Ruta 5 Sur - Norte,181.86,Autopase_Facturado_Central_0020821947_28092026_075120.csv
Autopista Central,Facturado,0020821947,Tránsito Tag,LPPZ24,2026-09-14,06:12:48,PA13,Ruta 5 Sur - Norte,181.86,Autopase_Facturado_Central_0020821947_28092026_075120.csv
Autopista Central,Facturado,0020821947,Tránsito Tag,PJHJ69,2026-09-14,06:21:46,PA32,Ruta 5 Norte - Sur,176.67,Autopase_Facturado_Central_0020821947_28092026_075120.csv
Autopista Central,Facturado,0020821947,Tránsito Tag,PJHJ69,2026-09-14,06:23:10,PA6,Ruta 5 Norte - Sur,157.96,Autopase_Facturado_Central_0020821947_28092026_075120.csv
Autopista Central,Facturado,0020821947,Tránsito Tag,PJHJ69,2026-09-14,06:23:58,PA37,Ruta 5 Norte - Sur,455.18,Autopase_Facturado_Central_0020821947_28092026_075120.csv
Autopista Central,Facturado,0020821947,Tránsito Tag,PJHJ69,2026-09-14,06:25:39,PA4,Ruta 5 Norte - Sur,129.9,Autopase_Facturado_Central_0020821947_28092026_075120.csv
Autopista Central,Facturado,0020821947,Tránsito Tag,PJHJ69,2026-09-14,06:35:08,PA3,Ruta 5 Sur - Norte,1170.18,Autopase_Facturado_Central_0020821947_28092026_075120.csv
Autopista Central,Facturado,0020821947,Tránsito Tag,PJHJ69,2026-09-14,06:38:33,PA5,Ruta 5 Sur - Norte,669.27,Autopase_Facturado_Central_0020821947_28092026_075120.csv
Autopista Central,Facturado,0020821947,Tránsito Tag,PJHJ69,2026-09-14,06:42:13,PA7,Ruta 5 Sur - Norte,452.06,Autopase_Facturado_Central_0020821947_28092026_075120.csv
Autopista Central,Facturado,0020821947,Tránsito Tag,KXZS95,2026-09-14,06:44:21,PA23,General Velasquez Sur - Norte,287.86,Autopase_Facturado_Central_0020821947_28092026_075120.csv
Autopista Central,Facturado,0020821947,Tránsito Tag,LPPZ24,2026-09-14,06:50:58,PA17,Ruta 5 Sur - Norte,462.46,Autopase_Facturado_Central_0020821947_28092026_075120.csv
Autopista Central,Facturado,0020821947,Tránsito Tag,KXZS95,2026-09-14,07:02:36,PA16,Ruta 5 Sur - Norte,425.04,Autopase_Facturado_Central_0020821947_28092026_075120.csv
Autopista Central,Facturado,0020821947,Tránsito Tag,LPPZ24,2026-09-14,07:04:15,PA18,Ruta 5 Norte - Sur,924.92,Autopase_Facturado_Central_0020821947_28092026_075120.csv
Autopista Central,Facturado,0020821947,Tránsito Tag,LPPZ24,2026-09-14,07:05:33,PA29,General Velasquez Norte - Sur,512.34,Autopase_Facturado_Central_0020821947_28092026_075120.csv
Autopista Central,Facturado,0020821947,Tránsito Tag,KXZS95,2026-09-14,07:06:28,PA17,Ruta 5 Sur - Norte,924.92,Autopase_Facturado_Central_0020821947_28092026_075120.csv
Autopista Central,Facturado,0020821947,Tránsito Tag,LPPZ24,2026-09-14,07:10:05,PA26,General Velasquez Norte - Sur,421.93,Autopase_Facturado_Central_0020821947_28092026_075120.csv
Autopista Central,Facturado,0020821947,Tránsito Tag,LPPZ24,2026-09-14,07:11:34,PA24,General Velasquez Norte - Sur,287.86,Autopase_Facturado_Central_0020821947_28092026_075120.csv
Autopista Central,Facturado,0020821947,Tránsito Tag,LPPZ24,2026-09-14,07:14:10,PA22,General Velasquez Norte - Sur,512.34,Autopase_Facturado_Central_0020821947_28092026_075120.csv
Autopista Central,Facturado,0020821947,Tránsito Tag,LPPZ24,2026-09-14,07:16:09,PA20,General Velasquez Norte - Sur,412.57,Autopase_Facturado_Central_0020821947_28092026_075120.csv
Autopista Central,Facturado,0020821947,Tránsito Tag,LPPZ24,2026-09-14,07:17:33,PA32,Ruta 5 Norte - Sur,176.67,Autopase_Facturado_Central_0020821947_28092026_075120.csv
Autopista Central,Facturado,0020821947,Tránsito Tag,LPPZ24,2026-09-14,07:19:03,PA6,Ruta 5 Norte - Sur,157.96,Autopase_Facturado_Central_0020821947_28092026_075120.csv
Autopista Central,Facturado,0020821947,Tránsito Tag,LDWP36,2026-09-14,07:19:18,PA14,Ruta 5 Norte - Sur,363.73,Autopase_Facturado_Central_0020821947_28092026_075120.csv
Autopista Central,Facturado,0020821947,Tránsito Tag,LDWP36,2026-09-14,07:20:56,PA12,Ruta 5 Norte - Sur,737.86,Autopase_Facturado_Central_0020821947_28092026_075120.csv
Autopista Central,Facturado,0020821947,Tránsito Tag,LDWP36,2026-09-14,07:22:57,PA11,Ruta 5 Norte - Sur,285.79,Autopase_Facturado_Central_0020821947_28092026_075120.csv
Autopista Central,Facturado,0020821947,Tránsito Tag,LDWP36,2026-09-14,07:23:50,PA9,Ruta 5 Norte - Sur,392.83,Autopase_Facturado_Central_0020821947_28092026_075120.csv
Autopista Central,Facturado,0020821947,Tránsito Tag,PJHJ69,2026-09-14,07:39:16,PA31,Ruta 5 Sur - Norte,737.86,Autopase_Facturado_Central_0020821947_28092026_075120.csv
Autopista Central,Facturado,0020821947,Tránsito Tag,PJHJ69,2026-09-14,07:44:09,PA13,Ruta 5 Sur - Norte,363.73,Autopase_Facturado_Central_0020821947_28092026_075120.csv
Autopista Central,Facturado,0020821947,Tránsito Tag,PJHJ69,2026-09-14,07:47:44,PA16,Ruta 5 Sur - Norte,850.1,Autopase_Facturado_Central_0020821947_28092026_075120.csv
Autopista Central,Facturado,0020821947,Tránsito Tag,PJHJ69,2026-09-14,07:54:07,PA17,Ruta 5 Sur - Norte,924.92,Autopase_Facturado_Central_0020821947_28092026_075120.csv
Autopista Central,Facturado,0020821947,Tránsito Tag,LJDV98,2026-09-14,08:22:12,PA21,General Velasquez Sur - Norte,512.34,Autopase_Facturado_Central_0020821947_28092026_075120.csv
Autopista Central,Facturado,0020821947,Tránsito Tag,KXZS95,2026-09-14,08:24:48,PA18,Ruta 5 Norte - Sur,924.92,Autopase_Facturado_Central_0020821947_28092026_075120.csv
Autopista Central,Facturado,0020821947,Tránsito Tag,LJDV98,2026-09-14,08:27:10,PA23,General Velasquez Sur - Norte,575.74,Autopase_Facturado_Central_0020821947_28092026_075120.csv
Autopista Central,Facturado,0020821947,Tránsito Tag,PJHJ69,2026-09-14,08:30:40,PA18,Ruta 5 Norte - Sur,462.46,Autopase_Facturado_Central_0020821947_28092026_075120.csv
Autopista Central,Facturado,0020821947,Tránsito Tag,PJHJ69,2026-09-14,08:35:18,PA15,Ruta 5 Norte - Sur,850.1,Autopase_Facturado_Central_0020821947_28092026_075120.csv
Autopista Central,Facturado,0020821947,Tránsito Tag,PJHJ69,2026-09-14,08:37:13,PA14,Ruta 5 Norte - Sur,181.86,Autopase_Facturado_Central_0020821947_28092026_075120.csv
Autopista Central,Facturado,0020821947,Tránsito Tag,PJHJ69,2026-09-14,08:38:59,PA12,Ruta 5 Norte - Sur,368.93,Autopase_Facturado_Central_0020821947_28092026_075120.csv
Autopista Central,Facturado,0020821947,Tránsito Tag,PJHJ69,2026-09-14,08:41:06,PA11,Ruta 5 Norte - Sur,285.79,Autopase_Facturado_Central_0020821947_28092026_075120.csv
Autopista Central,Facturado,0020821947,Tránsito Tag,KXZS95,2026-09-14,08:46:23,PA14,Ruta 5 Norte - Sur,181.86,Autopase_Facturado_Central_0020821947_28092026_075120.csv
Autopista Central,Facturado,0020821947,Tránsito Tag,KXZS95,2026-09-14,08:53:01,PA13,Ruta 5 Sur - Norte,545.6,Autopase_Facturado_Central_0020821947_28092026_075120.csv
Autopista Central,Facturado,0020821947,Tránsito Tag,HXJJ44,2026-09-14,18:02:53,PA28,General Velasquez Sur - Norte,1024.69,Autopase_Facturado_Central_0020821947_28092026_075120.csv
Autopista Central,Facturado,0020821947,Tránsito Tag,HXJJ44,2026-09-14,18:09:26,PA17,Ruta 5 Sur - Norte,924.92,Autopase_Facturado_Central_0020821947_28092026_075120.csv
Autopista Central,Facturado,0020821947,Tránsito Tag,LPPZ31,2026-09-14,18:23:21,PA22,General Velasquez Norte - Sur,512.34,Autopase_Facturado_Central_0020821947_28092026_075120.csv
Autopista Central,Facturado,0020821947,Tránsito Tag,LDWP36,2026-09-14,18:42:16,PA21,General Velasquez Sur - Norte,512.34,Autopase_Facturado_Central_0020821947_28092026_075120.csv
Autopista Central,Facturado,0020821947,Tránsito Tag,LDWP36,2026-09-14,18:52:37,PA31,Ruta 5 Sur - Norte,737.86,Autopase_Facturado_Central_0020821947_28092026_075120.csv
Autopista Central,Facturado,0020821947,Tránsito Tag,LPPZ24,2026-09-14,19:07:29,PA10,Ruta 5 Sur - Norte,285.79,Autopase_Facturado_Central_0020821947_28092026_075120.csv
Autopista Central,Facturado,0020821947,Tránsito Tag,LPPZ24,2026-09-14,19:14:33,PA31,Ruta 5 Sur - Norte,368.93,Autopase_Facturado_Central_0020821947_28092026_075120.csv
Autopista Central,Facturado,0020821947,Tránsito Tag,LPPZ24,2026-09-14,19:15:59,PA13,Ruta 5 Sur - Norte,181.86,Autopase_Facturado_Central_0020821947_28092026_075120.csv
Autopista Central,Facturado,0020821947,Tránsito Tag,LPPZ24,2026-09-14,19:18:36,PA16,Ruta 5 Sur - Norte,425.04,Autopase_Facturado_Central_0020821947_28092026_075120.csv
Autopista Central,Facturado,0020821947,Tránsito Tag,LDWP36,2026-09-14,19:19:01,PA13,Ruta 5 Sur - Norte,181.86,Autopase_Facturado_Central_0020821947_28092026_075120.csv
Autopista Central,Facturado,0020821947,Tránsito Tag,LPPZ24,2026-09-14,19:22:03,PA17,Ruta 5 Sur - Norte,924.92,Autopase_Facturado_Central_0020821947_28092026_075120.csv
Autopista Central,Facturado,0020821947,Tránsito Tag,LPPZ24,2026-09-14,20:22:29,PA18,Ruta 5 Norte - Sur,462.46,Autopase_Facturado_Central_0020821947_28092026_075120.csv
Autopista Central,Facturado,0020821947,Tránsito Tag,LPPZ24,2026-09-14,20:26:40,PA15,Ruta 5 Norte - Sur,850.1,Autopase_Facturado_Central_0020821947_28092026_075120.csv
Autopista Central,Facturado,0020821947,Tránsito Tag,LPPZ24,2026-09-14,20:28:47,PA14,Ruta 5 Norte - Sur,363.73,Autopase_Facturado_Central_0020821947_28092026_075120.csv
Autopista Central,Facturado,0020821947,Tránsito Tag,LDWP36,2026-09-14,20:32:34,PA18,Ruta 5 Norte - Sur,462.46,Autopase_Facturado_Central_0020821947_28092026_075120.csv
Autopista Central,Facturado,0020821947,Tránsito Tag,HXJJ44,2026-09-14,20:38:46,PA16,Ruta 5 Sur - Norte,425.04,Autopase_Facturado_Central_0020821947_28092026_075120.csv
Autopista Central,Facturado,0020821947,Tránsito Tag,HXJJ44,2026-09-14,20:42:52,PA17,Ruta 5 Sur - Norte,462.46,Autopase_Facturado_Central_0020821947_28092026_075120.csv
Autopista Central,Facturado,0020821947,Tránsito Tag,LPPZ24,2026-09-14,21:21:22,PA8,Ruta 5 Norte - Sur,452.06,Autopase_Facturado_Central_0020821947_28092026_075120.csv
Autopista Central,Facturado,0020821947,Tránsito Tag,LPPZ24,2026-09-14,21:22:28,PA32,Ruta 5 Norte - Sur,176.67,Autopase_Facturado_Central_0020821947_28092026_075120.csv
Autopista Central,Facturado,0020821947,Tránsito Tag,LPPZ31,2026-09-14,21:22:37,PA7,Ruta 5 Sur - Norte,452.06,Autopase_Facturado_Central_0020821947_28092026_075120.csv
Autopista Central,Facturado,0020821947,Tránsito Tag,LPPZ24,2026-09-14,21:24:10,PA6,Ruta 5 Norte - Sur,157.96,Autopase_Facturado_Central_0020821947_28092026_075120.csv
Autopista Central,Facturado,0020821947,Tránsito Tag,LPPZ24,2026-09-14,21:25:06,PA37,Ruta 5 Norte - Sur,455.18,Autopase_Facturado_Central_0020821947_28092026_075120.csv
Autopista Central,Facturado,0020821947,Tránsito Tag,LPPZ24,2026-09-14,21:26:46,PA4,Ruta 5 Norte - Sur,129.9,Autopase_Facturado_Central_0020821947_28092026_075120.csv
Autopista Central,Facturado,0020821947,Tránsito Tag,HXJJ44,2026-09-14,22:21:21,PA18,Ruta 5 Norte - Sur,462.46,Autopase_Facturado_Central_0020821947_28092026_075120.csv
Autopista Central,Facturado,0020821947,Tránsito Tag,HXJJ44,2026-09-14,22:22:41,PA29,General Velasquez Norte - Sur,512.34,Autopase_Facturado_Central_0020821947_28092026_075120.csv
Autopista Central,Facturado,0020821947,Tránsito Tag,LPPZ31,2026-09-14,22:30:20,PA22,General Velasquez Norte - Sur,512.34,Autopase_Facturado_Central_0020821947_28092026_075120.csv
Autopista Central,Facturado,0020821947,Tránsito Tag,HXJJ44,2026-09-14,22:44:23,PA22,General Velasquez Norte - Sur,512.34,Autopase_Facturado_Central_0020821947_28092026_075120.csv
Autopista Central,Facturado,0020821947,Tránsito Tag,CYPW26,2026-09-14,23:57:51,PA21,General Velasquez Sur - Norte,512.34,Autopase_Facturado_Central_0020821947_28092026_075120.csv
Autopista Central,Facturado,0020821947,Tránsito Tag,KXZS95,2026-09-15,00:31:23,PA21,General Velasquez Sur - Norte,512.34,Autopase_Facturado_Central_0020821947_28092026_075120.csv
Autopista Central,Facturado,0020821947,Tránsito Tag,KXZS95,2026-09-15,00:35:27,PA23,General Velasquez Sur - Norte,287.86,Autopase_Facturado_Central_0020821947_28092026_075120.csv
Autopista Central,Facturado,0020821947,Tránsito Tag,KXZS95,2026-09-15,00:36:39,PA25,General Velasquez Sur - Norte,421.93,Autopase_Facturado_Central_0020821947_28092026_075120.csv
Autopista Central,Facturado,0020821947,Tránsito Tag,LPPZ31,2026-09-15,00:43:12,PA9,Ruta 5 Norte - Sur,392.83,Autopase_Facturado_Central_0020821947_28092026_075120.csv
Autopista Central,Facturado,0020821947,Tránsito Tag,KXZS95,2026-09-15,00:45:54,PA26,General Velasquez Norte - Sur,421.93,Autopase_Facturado_Central_0020821947_28092026_075120.csv
Autopista Central,Facturado,0020821947,Tránsito Tag,KXZS95,2026-09-15,00:47:33,PA24,General Velasquez Norte - Sur,287.86,Autopase_Facturado_Central_0020821947_28092026_075120.csv
Autopista Central,Facturado,0020821947,Tránsito Tag,KXZS95,2026-09-15,00:49:45,PA22,General Velasquez Norte - Sur,512.34,Autopase_Facturado_Central_0020821947_28092026_075120.csv
Autopista Central,Facturado,0020821947,Tránsito Tag,LPPZ31,2026-09-15,01:24:28,PA21,General Velasquez Sur - Norte,512.34,Autopase_Facturado_Central_0020821947_28092026_075120.csv
Autopista Central,Facturado,0020821947,Tránsito Tag,KXZS95,2026-09-15,01:24:54,PA8,Ruta 5 Norte - Sur,452.06,Autopase_Facturado_Central_0020821947_28092026_075120.csv
Autopista Central,Facturado,0020821947,Tránsito Tag,KXZS95,2026-09-15,01:25:54,PA32,Ruta 5 Norte - Sur,176.67,Autopase_Facturado_Central_0020821947_28092026_075120.csv
Autopista Central,Facturado,0020821947,Tránsito Tag,LPPZ31,2026-09-15,01:31:14,PA23,General Velasquez Sur - Norte,287.86,Autopase_Facturado_Central_0020821947_28092026_075120.csv
Autopista Central,Facturado,0020821947,Tránsito Tag,LJDV98,2026-09-15,01:43:57,PA7,Ruta 5 Sur - Norte,452.06,Autopase_Facturado_Central_0020821947_28092026_075120.csv
Autopista Central,Facturado,0020821947,Tránsito Tag,LPPZ31,2026-09-15,01:52:07,PA26,General Velasquez Norte - Sur,421.93,Autopase_Facturado_Central_0020821947_28092026_075120.csv
Autopista Central,Facturado,0020821947,Tránsito Tag,LPPZ31,2026-09-15,01:53:39,PA24,General Velasquez Norte - Sur,287.86,Autopase_Facturado_Central_0020821947_28092026_075120.csv
Autopista Central,Facturado,0020821947,Tránsito Tag,LPPZ31,2026-09-15,01:56:15,PA22,General Velasquez Norte - Sur,512.34,Autopase_Facturado_Central_0020821947_28092026_075120.csv
Autopista Central,Facturado,0020821947,Tránsito Tag,HXJJ44,2026-09-15,04:22:41,PA21,General Velasquez Sur - Norte,512.34,Autopase_Facturado_Central_0020821947_28092026_075120.csv
Autopista Central,Facturado,0020821947,Tránsito Tag,KXZS95,2026-09-15,04:24:39,PA12,Ruta 5 Norte - Sur,368.93,Autopase_Facturado_Central_0020821947_28092026_075120.csv
Autopista Central,Facturado,0020821947,Tránsito Tag,LDWP36,2026-09-15,04:33:25,PA7,Ruta 5 Sur - Norte,452.06,Autopase_Facturado_Central_0020821947_28092026_075120.csv
Autopista Central,Facturado,0020821947,Tránsito Tag,HXJJ44,2026-09-15,04:51:37,PA22,General Velasquez Norte - Sur,512.34,Autopase_Facturado_Central_0020821947_28092026_075120.csv
Autopista Central,Facturado,0020821947,Tránsito Tag,LJDV98,2026-09-15,04:53:52,PA11,Ruta 5 Norte - Sur,285.79,Autopase_Facturado_Central_0020821947_28092026_075120.csv
Autopista Central,Facturado,0020821947,Tránsito Tag,LJDV98,2026-09-15,04:54:42,PA9,Ruta 5 Norte - Sur,392.83,Autopase_Facturado_Central_0020821947_28092026_075120.csv
Autopista Central,Facturado,0020821947,Tránsito Tag,LJDV98,2026-09-15,04:57:50,PA8,Ruta 5 Norte - Sur,452.06,Autopase_Facturado_Central_0020821947_28092026_075120.csv
Autopista Central,Facturado,0020821947,Tránsito Tag,LJDV98,2026-09-15,04:58:58,PA32,Ruta 5 Norte - Sur,176.67,Autopase_Facturado_Central_0020821947_28092026_075120.csv
Autopista Central,Facturado,0020821947,Tránsito Tag,LPPZ24,2026-09-15,05:44:19,PA7,Ruta 5 Sur - Norte,452.06,Autopase_Facturado_Central_0020821947_28092026_075120.csv
Autopista Central,Facturado,0020821947,Tránsito Tag,LPPZ24,2026-09-15,05:47:35,PA30,Ruta 5 Sur - Norte,392.83,Autopase_Facturado_Central_0020821947_28092026_075120.csv
Autopista Central,Facturado,0020821947,Tránsito Tag,LPPZ24,2026-09-15,05:48:24,PA10,Ruta 5 Sur - Norte,285.79,Autopase_Facturado_Central_0020821947_28092026_075120.csv
Autopista Central,Facturado,0020821947,Tránsito Tag,KXZS95,2026-09-15,05:51:49,PA28,General Velasquez Sur - Norte,512.34,Autopase_Facturado_Central_0020821947_28092026_075120.csv
Autopista Central,Facturado,0020821947,Tránsito Tag,KXZS95,2026-09-15,05:52:56,PA17,Ruta 5 Sur - Norte,462.46,Autopase_Facturado_Central_0020821947_28092026_075120.csv
Autopista Central,Facturado,0020821947,Tránsito Tag,LDWP36,2026-09-15,06:06:54,PA31,Ruta 5 Sur - Norte,368.93,Autopase_Facturado_Central_0020821947_28092026_075120.csv
Autopista Central,Facturado,0020821947,Tránsito Tag,LDWP36,2026-09-15,06:08:31,PA13,Ruta 5 Sur - Norte,181.86,Autopase_Facturado_Central_0020821947_28092026_075120.csv
Autopista Central,Facturado,0020821947,Tránsito Tag,PJHJ69,2026-09-15,06:26:26,PA32,Ruta 5 Norte - Sur,176.67,Autopase_Facturado_Central_0020821947_28092026_075120.csv
Autopista Central,Facturado,0020821947,Tránsito Tag,PJHJ69,2026-09-15,06:27:53,PA6,Ruta 5 Norte - Sur,157.96,Autopase_Facturado_Central_0020821947_28092026_075120.csv
Autopista Central,Facturado,0020821947,Tránsito Tag,PJHJ69,2026-09-15,06:28:47,PA37,Ruta 5 Norte - Sur,455.18,Autopase_Facturado_Central_0020821947_28092026_075120.csv
Autopista Central,Facturado,0020821947,Tránsito Tag,PJHJ69,2026-09-15,06:30:29,PA4,Ruta 5 Norte - Sur,129.9,Autopase_Facturado_Central_0020821947_28092026_075120.csv
Autopista Central,Facturado,0020821947,Tránsito Tag,LPPZ31,2026-09-15,06:30:31,PA21,General Velasquez Sur - Norte,512.34,Autopase_Facturado_Central_0020821947_28092026_075120.csv
Autopista Central,Facturado,0020821947,Tránsito Tag,LPPZ24,2026-09-15,06:33:04,PA13,Ruta 5 Sur - Norte,363.73,Autopase_Facturado_Central_0020821947_28092026_075120.csv
Autopista Central,Facturado,0020821947,Tránsito Tag,LPPZ31,2026-09-15,06:33:44,PA23,General Velasquez Sur - Norte,287.86,Autopase_Facturado_Central_0020821947_28092026_075120.csv
Autopista Central,Facturado,0020821947,Tránsito Tag,LPPZ31,2026-09-15,06:35:28,PA25,General Velasquez Sur - Norte,421.93,Autopase_Facturado_Central_0020821947_28092026_075120.csv
Autopista Central,Facturado,0020821947,Tránsito Tag,LPPZ24,2026-09-15,06:35:55,PA16,Ruta 5 Sur - Norte,425.04,Autopase_Facturado_Central_0020821947_28092026_075120.csv
Autopista Central,Facturado,0020821947,Tránsito Tag,KXZS95,2026-09-15,06:38:03,PA18,Ruta 5 Norte - Sur,462.46,Autopase_Facturado_Central_0020821947_28092026_075120.csv
Autopista Central,Facturado,0020821947,Tránsito Tag,LPPZ24,2026-09-15,06:39:38,PA17,Ruta 5 Sur - Norte,462.46,Autopase_Facturado_Central_0020821947_28092026_075120.csv
Autopista Central,Facturado,0020821947,Tránsito Tag,PJHJ69,2026-09-15,06:42:03,PA3,Ruta 5 Sur - Norte,1170.18,Autopase_Facturado_Central_0020821947_28092026_075120.csv
Autopista Central,Facturado,0020821947,Tránsito Tag,KXZS95,2026-09-15,06:43:12,PA15,Ruta 5 Norte - Sur,425.04,Autopase_Facturado_Central_0020821947_28092026_075120.csv
Autopista Central,Facturado,0020821947,Tránsito Tag,LPPZ24,2026-09-15,07:02:13,PA18,Ruta 5 Norte - Sur,924.92,Autopase_Facturado_Central_0020821947_28092026_075120.csv
Autopista Central,Facturado,0020821947,Tránsito Tag,LPPZ24,2026-09-15,07:03:42,PA29,General Velasquez Norte - Sur,512.34,Autopase_Facturado_Central_0020821947_28092026_075120.csv
Autopista Central,Facturado,0020821947,Tránsito Tag,LPPZ24,2026-09-15,07:08:43,PA26,General Velasquez Norte - Sur,421.93,Autopase_Facturado_Central_0020821947_28092026_075120.csv
Autopista Central,Facturado,0020821947,Tránsito Tag,LPPZ24,2026-09-15,07:10:08,PA24,General Velasquez Norte - Sur,287.86,Autopase_Facturado_Central_0020821947_28092026_075120.csv
Autopista Central,Facturado,0020821947,Tránsito Tag,PJHJ69,2026-09-15,07:10:29,PA5,Ruta 5 Sur - Norte,1003.9,Autopase_Facturado_Central_0020821947_28092026_075120.csv
Autopista Central,Facturado,0020821947,Tránsito Tag,HXJJ44,2026-09-15,07:11:07,PA25,General Velasquez Sur - Norte,843.86,Autopase_Facturado_Central_0020821947_28092026_075120.csv
Autopista Central,Facturado,0020821947,Tránsito Tag,LPPZ24,2026-09-15,07:12:45,PA22,General Velasquez Norte - Sur,512.34,Autopase_Facturado_Central_0020821947_28092026_075120.csv
Autopista Central,Facturado,0020821947,Tránsito Tag,PJHJ69,2026-09-15,07:14:14,PA7,Ruta 5 Sur - Norte,452.06,Autopase_Facturado_Central_0020821947_28092026_075120.csv
Autopista Central,Facturado,0020821947,Tránsito Tag,LPPZ24,2026-09-15,07:14:46,PA20,General Velasquez Norte - Sur,412.57,Autopase_Facturado_Central_0020821947_28092026_075120.csv
Autopista Central,Facturado,0020821947,Tránsito Tag,LPPZ24,2026-09-15,07:16:18,PA32,Ruta 5 Norte - Sur,176.67,Autopase_Facturado_Central_0020821947_28092026_075120.csv
Autopista Central,Facturado,0020821947,Tránsito Tag,HXJJ44,2026-09-15,07:16:49,PA28,General Velasquez Sur - Norte,1024.69,Autopase_Facturado_Central_0020821947_28092026_075120.csv
Autopista Central,Facturado,0020821947,Tránsito Tag,LPPZ24,2026-09-15,07:18:01,PA6,Ruta 5 Norte - Sur,157.96,Autopase_Facturado_Central_0020821947_28092026_075120.csv
Autopista Central,Facturado,0020821947,Tránsito Tag,HXJJ44,2026-09-15,07:21:30,PA17,Ruta 5 Sur - Norte,924.92,Autopase_Facturado_Central_0020821947_28092026_075120.csv
Autopista Central,Facturado,0020821947,Tránsito Tag,LDWP36,2026-09-15,07:26:06,PA14,Ruta 5 Norte - Sur,363.73,Autopase_Facturado_Central_0020821947_28092026_075120.csv
Autopista Central,Facturado,0020821947,Tránsito Tag,LDWP36,2026-09-15,07:27:53,PA12,Ruta 5 Norte - Sur,737.86,Autopase_Facturado_Central_0020821947_28092026_075120.csv
Autopista Central,Facturado,0020821947,Tránsito Tag,LDWP36,2026-09-15,07:30:08,PA11,Ruta 5 Norte - Sur,285.79,Autopase_Facturado_Central_0020821947_28092026_075120.csv
Autopista Central,Facturado,0020821947,Tránsito Tag,LDWP36,2026-09-15,07:31:09,PA9,Ruta 5 Norte - Sur,392.83,Autopase_Facturado_Central_0020821947_28092026_075120.csv
Autopista Central,Facturado,0020821947,Tránsito Tag,PJHJ69,2026-09-15,07:54:04,PA31,Ruta 5 Sur - Norte,737.86,Autopase_Facturado_Central_0020821947_28092026_075120.csv
Autopista Central,Facturado,0020821947,Tránsito Tag,PJHJ69,2026-09-15,07:58:43,PA13,Ruta 5 Sur - Norte,363.73,Autopase_Facturado_Central_0020821947_28092026_075120.csv
Autopista Central,Facturado,0020821947,Tránsito Tag,PJHJ69,2026-09-15,08:02:15,PA16,Ruta 5 Sur - Norte,850.1,Autopase_Facturado_Central_0020821947_28092026_075120.csv
Autopista Central,Facturado,0020821947,Tránsito Tag,PJHJ69,2026-09-15,08:08:05,PA17,Ruta 5 Sur - Norte,924.92,Autopase_Facturado_Central_0020821947_28092026_075120.csv
Autopista Central,Facturado,0020821947,Tránsito Tag,PJHJ69,2026-09-15,08:34:23,PA18,Ruta 5 Norte - Sur,462.46,Autopase_Facturado_Central_0020821947_28092026_075120.csv
Autopista Central,Facturado,0020821947,Tránsito Tag,PJHJ69,2026-09-15,08:39:11,PA15,Ruta 5 Norte - Sur,850.1,Autopase_Facturado_Central_0020821947_28092026_075120.csv
Autopista Central,Facturado,0020821947,Tránsito Tag,PJHJ69,2026-09-15,08:47:46,PA12,Ruta 5 Norte - Sur,368.93,Autopase_Facturado_Central_0020821947_28092026_075120.csv
Autopista Central,Facturado,0020821947,Tránsito Tag,PJHJ69,2026-09-15,08:49:42,PA11,Ruta 5 Norte - Sur,285.79,Autopase_Facturado_Central_0020821947_28092026_075120.csv
Autopista Central,Facturado,0020821947,Tránsito Tag,PJHJ69,2026-09-15,08:50:37,PA9,Ruta 5 Norte - Sur,392.83,Autopase_Facturado_Central_0020821947_28092026_075120.csv
Autopista Central,Facturado,0020821947,Tránsito Tag,HXJJ44,2026-09-15,09:03:09,PA14,Ruta 5 Norte - Sur,363.73,Autopase_Facturado_Central_0020821947_28092026_075120.csv
Autopista Central,Facturado,0020821947,Tránsito Tag,HXJJ44,2026-09-15,09:13:07,PA13,Ruta 5 Sur - Norte,363.73,Autopase_Facturado_Central_0020821947_28092026_075120.csv
Autopista Central,Facturado,0020821947,Tránsito Tag,PJHJ69,2026-09-15,09:18:49,PA8,Ruta 5 Norte - Sur,452.06,Autopase_Facturado_Central_0020821947_28092026_075120.csv
Autopista Central,Facturado,0020821947,Tránsito Tag,PJHJ69,2026-09-15,09:19:48,PA32,Ruta 5 Norte - Sur,176.67,Autopase_Facturado_Central_0020821947_28092026_075120.csv
Autopista Central,Facturado,0020821947,Tránsito Tag,PJHJ69,2026-09-15,09:21:26,PA6,Ruta 5 Norte - Sur,157.96,Autopase_Facturado_Central_0020821947_28092026_075120.csv
Autopista Central,Facturado,0020821947,Tránsito Tag,HXJJ44,2026-09-15,09:27:05,PA26,General Velasquez Norte - Sur,421.93,Autopase_Facturado_Central_0020821947_28092026_075120.csv
Autopista Central,Facturado,0020821947,Tránsito Tag,HXJJ44,2026-09-15,09:28:33,PA24,General Velasquez Norte - Sur,287.86,Autopase_Facturado_Central_0020821947_28092026_075120.csv
Autopista Central,Facturado,0020821947,Tránsito Tag,HXJJ44,2026-09-15,09:30:50,PA22,General Velasquez Norte - Sur,512.34,Autopase_Facturado_Central_0020821947_28092026_075120.csv
Autopista Central,Facturado,0020821947,Tránsito Tag,HXJJ44,2026-09-15,13:50:22,PA14,Ruta 5 Norte - Sur,181.86,Autopase_Facturado_Central_0020821947_28092026_075120.csv
Autopista Central,Facturado,0020821947,Tránsito Tag,HXJJ44,2026-09-15,13:52:07,PA12,Ruta 5 Norte - Sur,368.93,Autopase_Facturado_Central_0020821947_28092026_075120.csv
Autopista Central,Facturado,0020821947,Tránsito Tag,LPPZ31,2026-09-15,18:08:07,PA30,Ruta 5 Sur - Norte,392.83,Autopase_Facturado_Central_0020821947_28092026_075120.csv
Autopista Central,Facturado,0020821947,Tránsito Tag,LPPZ31,2026-09-15,18:08:57,PA10,Ruta 5 Sur - Norte,285.79,Autopase_Facturado_Central_0020821947_28092026_075120.csv
Autopista Central,Facturado,0020821947,Tránsito Tag,LPPZ31,2026-09-15,18:10:57,PA31,Ruta 5 Sur - Norte,737.86,Autopase_Facturado_Central_0020821947_28092026_075120.csv
Autopista Central,Facturado,0020821947,Tránsito Tag,LPPZ31,2026-09-15,18:12:30,PA13,Ruta 5 Sur - Norte,363.73,Autopase_Facturado_Central_0020821947_28092026_075120.csv
Autopista Central,Facturado,0020821947,Tránsito Tag,LPPZ24,2026-09-15,18:55:42,PA10,Ruta 5 Sur - Norte,285.79,Autopase_Facturado_Central_0020821947_28092026_075120.csv
Autopista Central,Facturado,0020821947,Tránsito Tag,LPPZ24,2026-09-15,18:57:45,PA31,Ruta 5 Sur - Norte,737.86,Autopase_Facturado_Central_0020821947_28092026_075120.csv
Autopista Central,Facturado,0020821947,Tránsito Tag,LPPZ24,2026-09-15,19:02:12,PA13,Ruta 5 Sur - Norte,181.86,Autopase_Facturado_Central_0020821947_28092026_075120.csv
Autopista Central,Facturado,0020821947,Tránsito Tag,LPPZ24,2026-09-15,19:20:58,PA16,Ruta 5 Sur - Norte,425.04,Autopase_Facturado_Central_0020821947_28092026_075120.csv
Autopista Central,Facturado,0020821947,Tránsito Tag,LPPZ24,2026-09-15,19:24:38,PA17,Ruta 5 Sur - Norte,924.92,Autopase_Facturado_Central_0020821947_28092026_075120.csv
Autopista Central,Facturado,0020821947,Tránsito Tag,LDWP36,2026-09-15,19:30:57,PA28,General Velasquez Sur - Norte,512.34,Autopase_Facturado_Central_0020821947_28092026_075120.csv
Autopista Central,Facturado,0020821947,Tránsito Tag,LDWP36,2026-09-15,19:32:45,PA17,Ruta 5 Sur - Norte,462.46,Autopase_Facturado_Central_0020821947_28092026_075120.csv
Autopista Central,Facturado,0020821947,Tránsito Tag,LDWP36,2026-09-15,20:18:19,PA18,Ruta 5 Norte - Sur,462.46,Autopase_Facturado_Central_0020821947_28092026_075120.csv
Autopista Central,Facturado,0020821947,Tránsito Tag,LJDV98,2026-09-15,20:20:42,PA18,Ruta 5 Norte - Sur,462.46,Autopase_Facturado_Central_0020821947_28092026_075120.csv
Autopista Central,Facturado,0020821947,Tránsito Tag,LDWP36,2026-09-15,20:23:27,PA15,Ruta 5 Norte - Sur,850.1,Autopase_Facturado_Central_0020821947_28092026_075120.csv
Autopista Central,Facturado,0020821947,Tránsito Tag,LPPZ24,2026-09-15,20:24:17,PA18,Ruta 5 Norte - Sur,462.46,Autopase_Facturado_Central_0020821947_28092026_075120.csv
Autopista Central,Facturado,0020821947,Tránsito Tag,LPPZ24,2026-09-15,20:25:30,PA29,General Velasquez Norte - Sur,1024.69,Autopase_Facturado_Central_0020821947_28092026_075120.csv
Autopista Central,Facturado,0020821947,Tránsito Tag,LJDV98,2026-09-15,20:25:47,PA15,Ruta 5 Norte - Sur,850.1,Autopase_Facturado_Central_0020821947_28092026_075120.csv
Autopista Central,Facturado,0020821947,Tránsito Tag,LJDV98,2026-09-15,20:29:45,PA14,Ruta 5 Norte - Sur,363.73,Autopase_Facturado_Central_0020821947_28092026_075120.csv
Autopista Central,Facturado,0020821947,Tránsito Tag,LPPZ24,2026-09-15,20:30:17,PA26,General Velasquez Norte - Sur,421.93,Autopase_Facturado_Central_0020821947_28092026_075120.csv
Autopista Central,Facturado,0020821947,Tránsito Tag,LPPZ24,2026-09-15,20:32:01,PA24,General Velasquez Norte - Sur,287.86,Autopase_Facturado_Central_0020821947_28092026_075120.csv
Autopista Central,Facturado,0020821947,Tránsito Tag,LPPZ24,2026-09-15,20:56:02,PA9,Ruta 5 Norte - Sur,392.83,Autopase_Facturado_Central_0020821947_28092026_075120.csv
Autopista Central,Facturado,0020821947,Tránsito Tag,LPPZ24,2026-09-15,20:59:01,PA8,Ruta 5 Norte - Sur,452.06,Autopase_Facturado_Central_0020821947_28092026_075120.csv
Autopista Central,Facturado,0020821947,Tránsito Tag,LPPZ31,2026-09-15,20:59:24,PA28,General Velasquez Sur - Norte,512.34,Autopase_Facturado_Central_0020821947_28092026_075120.csv
Autopista Central,Facturado,0020821947,Tránsito Tag,LPPZ24,2026-09-15,21:00:00,PA32,Ruta 5 Norte - Sur,176.67,Autopase_Facturado_Central_0020821947_28092026_075120.csv
Autopista Central,Facturado,0020821947,Tránsito Tag,LPPZ31,2026-09-15,21:00:49,PA17,Ruta 5 Sur - Norte,462.46,Autopase_Facturado_Central_0020821947_28092026_075120.csv
Autopista Central,Facturado,0020821947,Tránsito Tag,LPPZ24,2026-09-15,21:01:28,PA6,Ruta 5 Norte - Sur,157.96,Autopase_Facturado_Central_0020821947_28092026_075120.csv
Autopista Central,Facturado,0020821947,Tránsito Tag,LPPZ24,2026-09-15,21:02:25,PA37,Ruta 5 Norte - Sur,455.18,Autopase_Facturado_Central_0020821947_28092026_075120.csv
Autopista Central,Facturado,0020821947,Tránsito Tag,LPPZ24,2026-09-15,21:04:10,PA4,Ruta 5 Norte - Sur,129.9,Autopase_Facturado_Central_0020821947_28092026_075120.csv
Autopista Central,Facturado,0020821947,Tránsito Tag,LPPZ24,2026-09-15,21:11:55,PA3,Ruta 5 Sur - Norte,585.09,Autopase_Facturado_Central_0020821947_28092026_075120.csv
Autopista Central,Facturado,0020821947,Tránsito Tag,LPPZ31,2026-09-15,21:51:43,PA18,Ruta 5 Norte - Sur,462.46,Autopase_Facturado_Central_0020821947_28092026_075120.csv
Autopista Central,Facturado,0020821947,Tránsito Tag,LPPZ31,2026-09-15,21:53:21,PA29,General Velasquez Norte - Sur,512.34,Autopase_Facturado_Central_0020821947_28092026_075120.csv
Autopista Central,Facturado,0020821947,Tránsito Tag,LPPZ31,2026-09-15,21:58:25,PA26,General Velasquez Norte - Sur,421.93,Autopase_Facturado_Central_0020821947_28092026_075120.csv
Autopista Central,Facturado,0020821947,Tránsito Tag,LPPZ31,2026-09-15,21:59:45,PA24,General Velasquez Norte - Sur,287.86,Autopase_Facturado_Central_0020821947_28092026_075120.csv
Autopista Central,Facturado,0020821947,Tránsito Tag,LPPZ31,2026-09-15,22:02:41,PA22,General Velasquez Norte - Sur,512.34,Autopase_Facturado_Central_0020821947_28092026_075120.csv
Autopista Central,Facturado,0020821947,Tránsito Tag,LKGZ52,2026-09-15,22:23:47,PA14,Ruta 5 Norte - Sur,181.86,Autopase_Facturado_Central_0020821947_28092026_075120.csv
Autopista Central,Facturado,0020821947,Tránsito Tag,LKGZ52,2026-09-15,22:26:41,PA12,Ruta 5 Norte - Sur,368.93,Autopase_Facturado_Central_0020821947_28092026_075120.csv
Autopista Central,Facturado,0020821947,Tránsito Tag,HXJJ44,2026-09-15,22:41:04,PA11,Ruta 5 Norte - Sur,285.79,Autopase_Facturado_Central_0020821947_28092026_075120.csv
Autopista Central,Facturado,0020821947,Tránsito Tag,HXJJ44,2026-09-15,22:42:11,PA9,Ruta 5 Norte - Sur,392.83,Autopase_Facturado_Central_0020821947_28092026_075120.csv
Autopista Central,Facturado,0020821947,Tránsito Tag,LKGZ52,2026-09-15,22:48:25,PA11,Ruta 5 Norte - Sur,285.79,Autopase_Facturado_Central_0020821947_28092026_075120.csv
Autopista Central,Facturado,0020821947,Tránsito Tag,LKGZ52,2026-09-15,22:49:10,PA9,Ruta 5 Norte - Sur,392.83,Autopase_Facturado_Central_0020821947_28092026_075120.csv
Autopista Central,Facturado,0020821947,Tránsito Tag,KXZS95,2026-09-15,22:52:49,PA26,General Velasquez Norte - Sur,421.93,Autopase_Facturado_Central_0020821947_28092026_075120.csv
Autopista Central,Facturado,0020821947,Tránsito Tag,LPPZ31,2026-09-15,23:00:30,PA30,Ruta 5 Sur - Norte,392.83,Autopase_Facturado_Central_0020821947_28092026_075120.csv
Autopista Central,Facturado,0020821947,Tránsito Tag,LPPZ31,2026-09-15,23:01:32,PA10,Ruta 5 Sur - Norte,285.79,Autopase_Facturado_Central_0020821947_28092026_075120.csv
Autopista Central,Facturado,0020821947,Tránsito Tag,LPPZ31,2026-09-15,23:03:46,PA31,Ruta 5 Sur - Norte,368.93,Autopase_Facturado_Central_0020821947_28092026_075120.csv
Autopista Central,Facturado,0020821947,Tránsito Tag,KXZS95,2026-09-15,23:16:42,PA22,General Velasquez Norte - Sur,512.34,Autopase_Facturado_Central_0020821947_28092026_075120.csv
Autopista Central,Facturado,0020821947,Tránsito Tag,LPPZ31,2026-09-15,23:34:15,PA9,Ruta 5 Norte - Sur,392.83,Autopase_Facturado_Central_0020821947_28092026_075120.csv
Autopista Central,Facturado,0020821947,Tránsito Tag,LJDV98,2026-09-16,00:51:12,PA6,Ruta 5 Norte - Sur,157.96,Autopase_Facturado_Central_0020821947_28092026_075120.csv
Autopista Central,Facturado,0020821947,Tránsito Tag,LJDV98,2026-09-16,00:52:16,PA37,Ruta 5 Norte - Sur,455.18,Autopase_Facturado_Central_0020821947_28092026_075120.csv
Autopista Central,Facturado,0020821947,Tránsito Tag,LPPZ24,2026-09-16,00:52:53,PA7,Ruta 5 Sur - Norte,452.06,Autopase_Facturado_Central_0020821947_28092026_075120.csv
Autopista Central,Facturado,0020821947,Tránsito Tag,LPPZ24,2026-09-16,01:05:37,PA8,Ruta 5 Norte - Sur,452.06,Autopase_Facturado_Central_0020821947_28092026_075120.csv
Autopista Central,Facturado,0020821947,Tránsito Tag,LPPZ24,2026-09-16,01:06:38,PA32,Ruta 5 Norte - Sur,176.67,Autopase_Facturado_Central_0020821947_28092026_075120.csv
Autopista Central,Facturado,0020821947,Tránsito Tag,LPPZ31,2026-09-16,01:13:34,PA19,General Velasquez Sur - Norte,412.57,Autopase_Facturado_Central_0020821947_28092026_075120.csv
Autopista Central,Facturado,0020821947,Tránsito Tag,LJDV98,2026-09-16,03:32:08,PA5,Ruta 5 Sur - Norte,334.63,Autopase_Facturado_Central_0020821947_28092026_075120.csv
Autopista Central,Facturado,0020821947,Tránsito Tag,KXZS95,2026-09-16,03:55:31,PA22,General Velasquez Norte - Sur,512.34,Autopase_Facturado_Central_0020821947_28092026_075120.csv
Autopista Central,Facturado,0020821947,Tránsito Tag,LJDV98,2026-09-16,04:45:06,PA22,General Velasquez Norte - Sur,512.34,Autopase_Facturado_Central_0020821947_28092026_075120.csv
Autopista Central,Facturado,0020821947,Tránsito Tag,LJDV98,2026-09-16,04:57:29,PA32,Ruta 5 Norte - Sur,176.67,Autopase_Facturado_Central_0020821947_28092026_075120.csv
Autopista Central,Facturado,0020821947,Tránsito Tag,LDWP36,2026-09-16,04:58:35,PA32,Ruta 5 Norte - Sur,176.67,Autopase_Facturado_Central_0020821947_28092026_075120.csv
Autopista Central,Facturado,0020821947,Tránsito Tag,KXZS95,2026-09-16,05:06:42,PA21,General Velasquez Sur - Norte,512.34,Autopase_Facturado_Central_0020821947_28092026_075120.csv
Autopista Central,Facturado,0020821947,Tránsito Tag,KXZS95,2026-09-16,05:09:01,PA23,General Velasquez Sur - Norte,287.86,Autopase_Facturado_Central_0020821947_28092026_075120.csv
Autopista Central,Facturado,0020821947,Tránsito Tag,KXZS95,2026-09-16,05:10:17,PA25,General Velasquez Sur - Norte,421.93,Autopase_Facturado_Central_0020821947_28092026_075120.csv
Autopista Central,Facturado,0020821947,Tránsito Tag,LPPZ31,2026-09-16,05:14:48,PA19,General Velasquez Sur - Norte,412.57,Autopase_Facturado_Central_0020821947_28092026_075120.csv
Autopista Central,Facturado,0020821947,Tránsito Tag,HXJJ44,2026-09-16,05:16:08,PA21,General Velasquez Sur - Norte,512.34,Autopase_Facturado_Central_0020821947_28092026_075120.csv
Autopista Central,Facturado,0020821947,Tránsito Tag,HXJJ44,2026-09-16,05:19:09,PA23,General Velasquez Sur - Norte,287.86,Autopase_Facturado_Central_0020821947_28092026_075120.csv
Autopista Central,Facturado,0020821947,Tránsito Tag,LPPZ24,2026-09-16,05:22:11,PA7,Ruta 5 Sur - Norte,452.06,Autopase_Facturado_Central_0020821947_28092026_075120.csv
Autopista Central,Facturado,0020821947,Tránsito Tag,KXZS95,2026-09-16,05:22:25,PA28,General Velasquez Sur - Norte,512.34,Autopase_Facturado_Central_0020821947_28092026_075120.csv
Autopista Central,Facturado,0020821947,Tránsito Tag,KXZS95,2026-09-16,05:23:26,PA17,Ruta 5 Sur - Norte,462.46,Autopase_Facturado_Central_0020821947_28092026_075120.csv
Autopista Central,Facturado,0020821947,Tránsito Tag,PJHJ69,2026-09-16,06:13:50,PA8,Ruta 5 Norte - Sur,452.06,Autopase_Facturado_Central_0020821947_28092026_075120.csv
Autopista Central,Facturado,0020821947,Tránsito Tag,PJHJ69,2026-09-16,06:14:57,PA32,Ruta 5 Norte - Sur,176.67,Autopase_Facturado_Central_0020821947_28092026_075120.csv
Autopista Central,Facturado,0020821947,Tránsito Tag,PJHJ69,2026-09-16,06:16:31,PA6,Ruta 5 Norte - Sur,157.96,Autopase_Facturado_Central_0020821947_28092026_075120.csv
Autopista Central,Facturado,0020821947,Tránsito Tag,LPPZ24,2026-09-16,06:45:58,PA13,Ruta 5 Sur - Norte,363.73,Autopase_Facturado_Central_0020821947_28092026_075120.csv
Autopista Central,Facturado,0020821947,Tránsito Tag,PJHJ69,2026-09-16,06:46:29,PA5,Ruta 5 Sur - Norte,669.27,Autopase_Facturado_Central_0020821947_28092026_075120.csv
Autopista Central,Facturado,0020821947,Tránsito Tag,LPPZ24,2026-09-16,06:48:57,PA16,Ruta 5 Sur - Norte,425.04,Autopase_Facturado_Central_0020821947_28092026_075120.csv
Autopista Central,Facturado,0020821947,Tránsito Tag,PJHJ69,2026-09-16,06:49:45,PA7,Ruta 5 Sur - Norte,452.06,Autopase_Facturado_Central_0020821947_28092026_075120.csv
Autopista Central,Facturado,0020821947,Tránsito Tag,LPPZ24,2026-09-16,06:53:17,PA17,Ruta 5 Sur - Norte,462.46,Autopase_Facturado_Central_0020821947_28092026_075120.csv
Autopista Central,Facturado,0020821947,Tránsito Tag,LPPZ31,2026-09-16,07:12:16,PA25,General Velasquez Sur - Norte,843.86,Autopase_Facturado_Central_0020821947_28092026_075120.csv
Autopista Central,Facturado,0020821947,Tránsito Tag,LPPZ24,2026-09-16,07:16:02,PA18,Ruta 5 Norte - Sur,924.92,Autopase_Facturado_Central_0020821947_28092026_075120.csv
Autopista Central,Facturado,0020821947,Tránsito Tag,LPPZ24,2026-09-16,07:17:32,PA29,General Velasquez Norte - Sur,512.34,Autopase_Facturado_Central_0020821947_28092026_075120.csv
Autopista Central,Facturado,0020821947,Tránsito Tag,LPPZ31,2026-09-16,07:17:48,PA28,General Velasquez Sur - Norte,1024.69,Autopase_Facturado_Central_0020821947_28092026_075120.csv
Autopista Central,Facturado,0020821947,Tránsito Tag,LPPZ31,2026-09-16,07:21:37,PA17,Ruta 5 Sur - Norte,924.92,Autopase_Facturado_Central_0020821947_28092026_075120.csv
Autopista Central,Facturado,0020821947,Tránsito Tag,LPPZ24,2026-09-16,07:22:42,PA26,General Velasquez Norte - Sur,421.93,Autopase_Facturado_Central_0020821947_28092026_075120.csv
Autopista Central,Facturado,0020821947,Tránsito Tag,LPPZ24,2026-09-16,07:24:09,PA24,General Velasquez Norte - Sur,287.86,Autopase_Facturado_Central_0020821947_28092026_075120.csv
Autopista Central,Facturado,0020821947,Tránsito Tag,PJHJ69,2026-09-16,07:24:34,PA23,General Velasquez Sur - Norte,575.74,Autopase_Facturado_Central_0020821947_28092026_075120.csv
Autopista Central,Facturado,0020821947,Tránsito Tag,LDWP36,2026-09-16,07:24:56,PA11,Ruta 5 Norte - Sur,285.79,Autopase_Facturado_Central_0020821947_28092026_075120.csv
Autopista Central,Facturado,0020821947,Tránsito Tag,LDWP36,2026-09-16,07:25:44,PA9,Ruta 5 Norte - Sur,392.83,Autopase_Facturado_Central_0020821947_28092026_075120.csv
Autopista Central,Facturado,0020821947,Tránsito Tag,PJHJ69,2026-09-16,07:26:33,PA25,General Velasquez Sur - Norte,843.86,Autopase_Facturado_Central_0020821947_28092026_075120.csv
Autopista Central,Facturado,0020821947,Tránsito Tag,LPPZ24,2026-09-16,07:26:36,PA22,General Velasquez Norte - Sur,512.34,Autopase_Facturado_Central_0020821947_28092026_075120.csv
Autopista Central,Facturado,0020821947,Tránsito Tag,LPPZ24,2026-09-16,07:28:34,PA20,General Velasquez Norte - Sur,412.57,Autopase_Facturado_Central_0020821947_28092026_075120.csv
Autopista Central,Facturado,0020821947,Tránsito Tag,LPPZ24,2026-09-16,07:30:18,PA32,Ruta 5 Norte - Sur,176.67,Autopase_Facturado_Central_0020821947_28092026_075120.csv
Autopista Central,Facturado,0020821947,Tránsito Tag,LPPZ24,2026-09-16,07:31:48,PA6,Ruta 5 Norte - Sur,157.96,Autopase_Facturado_Central_0020821947_28092026_075120.csv
Autopista Central,Facturado,0020821947,Tránsito Tag,PJHJ69,2026-09-16,07:35:46,PA28,General Velasquez Sur - Norte,1537.04,Autopase_Facturado_Central_0020821947_28092026_075120.csv
Autopista Central,Facturado,0020821947,Tránsito Tag,PJHJ69,2026-09-16,07:39:28,PA17,Ruta 5 Sur - Norte,924.92,Autopase_Facturado_Central_0020821947_28092026_075120.csv
Autopista Central,Facturado,0020821947,Tránsito Tag,PJHJ69,2026-09-16,08:28:49,PA18,Ruta 5 Norte - Sur,924.92,Autopase_Facturado_Central_0020821947_28092026_075120.csv
Autopista Central,Facturado,0020821947,Tránsito Tag,LPPZ31,2026-09-16,08:31:33,PA18,Ruta 5 Norte - Sur,462.46,Autopase_Facturado_Central_0020821947_28092026_075120.csv
Autopista Central,Facturado,0020821947,Tránsito Tag,PJHJ69,2026-09-16,08:33:36,PA15,Ruta 5 Norte - Sur,850.1,Autopase_Facturado_Central_0020821947_28092026_075120.csv
Autopista Central,Facturado,0020821947,Tránsito Tag,LPPZ31,2026-09-16,08:46:20,PA26,General Velasquez Norte - Sur,421.93,Autopase_Facturado_Central_0020821947_28092026_075120.csv
Autopista Central,Facturado,0020821947,Tránsito Tag,PJHJ69,2026-09-16,08:50:37,PA14,Ruta 5 Norte - Sur,181.86,Autopase_Facturado_Central_0020821947_28092026_075120.csv
Autopista Central,Facturado,0020821947,Tránsito Tag,PJHJ69,2026-09-16,08:52:20,PA12,Ruta 5 Norte - Sur,368.93,Autopase_Facturado_Central_0020821947_28092026_075120.csv
Autopista Central,Facturado,0020821947,Tránsito Tag,PJHJ69,2026-09-16,08:54:27,PA11,Ruta 5 Norte - Sur,285.79,Autopase_Facturado_Central_0020821947_28092026_075120.csv
Autopista Central,Facturado,0020821947,Tránsito Tag,LPPZ31,2026-09-16,09:05:24,PA22,General Velasquez Norte - Sur,512.34,Autopase_Facturado_Central_0020821947_28092026_075120.csv
Autopista Central,Facturado,0020821947,Tránsito Tag,KXZS95,2026-09-16,10:07:41,PA26,General Velasquez Norte - Sur,421.93,Autopase_Facturado_Central_0020821947_28092026_075120.csv
Autopista Central,Facturado,0020821947,Tránsito Tag,KXZS95,2026-09-16,10:09:16,PA24,General Velasquez Norte - Sur,287.86,Autopase_Facturado_Central_0020821947_28092026_075120.csv
Autopista Central,Facturado,0020821947,Tránsito Tag,KXZS95,2026-09-16,10:12:12,PA22,General Velasquez Norte - Sur,512.34,Autopase_Facturado_Central_0020821947_28092026_075120.csv
Autopista Central,Facturado,0020821947,Tránsito Tag,KXZS95,2026-09-16,10:14:28,PA20,General Velasquez Norte - Sur,412.57,Autopase_Facturado_Central_0020821947_28092026_075120.csv
Autopista Central,Facturado,0020821947,Tránsito Tag,KXZS95,2026-09-16,10:16:08,PA32,Ruta 5 Norte - Sur,353.34,Autopase_Facturado_Central_0020821947_28092026_075120.csv
Autopista Central,Facturado,0020821947,Tránsito Tag,KXZS95,2026-09-16,10:17:58,PA6,Ruta 5 Norte - Sur,315.93,Autopase_Facturado_Central_0020821947_28092026_075120.csv
Autopista Central,Facturado,0020821947,Tránsito Tag,LJDV98,2026-09-16,17:06:57,PA30,Ruta 5 Sur - Norte,392.83,Autopase_Facturado_Central_0020821947_28092026_075120.csv
Autopista Central,Facturado,0020821947,Tránsito Tag,LJDV98,2026-09-16,17:07:48,PA10,Ruta 5 Sur - Norte,285.79,Autopase_Facturado_Central_0020821947_28092026_075120.csv
Autopista Central,Facturado,0020821947,Tránsito Tag,LJDV98,2026-09-16,17:09:50,PA31,Ruta 5 Sur - Norte,737.86,Autopase_Facturado_Central_0020821947_28092026_075120.csv
Autopista Central,Facturado,0020821947,Tránsito Tag,HXJJ44,2026-09-16,17:53:11,PA25,General Velasquez Sur - Norte,421.93,Autopase_Facturado_Central_0020821947_28092026_075120.csv
Autopista Central,Facturado,0020821947,Tránsito Tag,HXJJ44,2026-09-16,17:58:17,PA28,General Velasquez Sur - Norte,512.34,Autopase_Facturado_Central_0020821947_28092026_075120.csv
Autopista Central,Facturado,0020821947,Tránsito Tag,LJDV98,2026-09-16,18:00:49,PA12,Ruta 5 Norte - Sur,368.93,Autopase_Facturado_Central_0020821947_28092026_075120.csv
Autopista Central,Facturado,0020821947,Tránsito Tag,HXJJ44,2026-09-16,18:02:41,PA17,Ruta 5 Sur - Norte,924.92,Autopase_Facturado_Central_0020821947_28092026_075120.csv
Autopista Central,Facturado,0020821947,Tránsito Tag,LJDV98,2026-09-16,18:05:22,PA11,Ruta 5 Norte - Sur,571.58,Autopase_Facturado_Central_0020821947_28092026_075120.csv
Autopista Central,Facturado,0020821947,Tránsito Tag,LJDV98,2026-09-16,18:06:42,PA9,Ruta 5 Norte - Sur,785.66,Autopase_Facturado_Central_0020821947_28092026_075120.csv
Autopista Central,Facturado,0020821947,Tránsito Tag,LPPZ24,2026-09-16,18:38:19,PA10,Ruta 5 Sur - Norte,285.79,Autopase_Facturado_Central_0020821947_28092026_075120.csv
Autopista Central,Facturado,0020821947,Tránsito Tag,LPPZ24,2026-09-16,18:40:25,PA31,Ruta 5 Sur - Norte,737.86,Autopase_Facturado_Central_0020821947_28092026_075120.csv
Autopista Central,Facturado,0020821947,Tránsito Tag,LPPZ24,2026-09-16,18:41:59,PA13,Ruta 5 Sur - Norte,363.73,Autopase_Facturado_Central_0020821947_28092026_075120.csv
Autopista Central,Facturado,0020821947,Tránsito Tag,LPPZ24,2026-09-16,19:12:21,PA16,Ruta 5 Sur - Norte,425.04,Autopase_Facturado_Central_0020821947_28092026_075120.csv
Autopista Central,Facturado,0020821947,Tránsito Tag,LPPZ24,2026-09-16,19:16:04,PA17,Ruta 5 Sur - Norte,924.92,Autopase_Facturado_Central_0020821947_28092026_075120.csv
Autopista Central,Facturado,0020821947,Tránsito Tag,LDWP36,2026-09-16,19:38:46,PA28,General Velasquez Sur - Norte,512.34,Autopase_Facturado_Central_0020821947_28092026_075120.csv
Autopista Central,Facturado,0020821947,Tránsito Tag,LDWP36,2026-09-16,19:40:23,PA17,Ruta 5 Sur - Norte,462.46,Autopase_Facturado_Central_0020821947_28092026_075120.csv
Autopista Central,Facturado,0020821947,Tránsito Tag,LDWP36,2026-09-16,20:22:52,PA18,Ruta 5 Norte - Sur,462.46,Autopase_Facturado_Central_0020821947_28092026_075120.csv
Autopista Central,Facturado,0020821947,Tránsito Tag,LDWP36,2026-09-16,20:27:32,PA15,Ruta 5 Norte - Sur,850.1,Autopase_Facturado_Central_0020821947_28092026_075120.csv
Autopista Central,Facturado,0020821947,Tránsito Tag,LPPZ24,2026-09-16,20:32:17,PA18,Ruta 5 Norte - Sur,462.46,Autopase_Facturado_Central_0020821947_28092026_075120.csv
Autopista Central,Facturado,0020821947,Tránsito Tag,LPPZ24,2026-09-16,20:33:44,PA29,General Velasquez Norte - Sur,512.34,Autopase_Facturado_Central_0020821947_28092026_075120.csv
Autopista Central,Facturado,0020821947,Tránsito Tag,LPPZ24,2026-09-16,20:43:20,PA26,General Velasquez Norte - Sur,421.93,Autopase_Facturado_Central_0020821947_28092026_075120.csv
Autopista Central,Facturado,0020821947,Tránsito Tag,LPPZ24,2026-09-16,20:45:23,PA24,General Velasquez Norte - Sur,287.86,Autopase_Facturado_Central_0020821947_28092026_075120.csv
Autopista Central,Facturado,0020821947,Tránsito Tag,HXJJ44,2026-09-16,21:04:21,PA16,Ruta 5 Sur - Norte,425.04,Autopase_Facturado_Central_0020821947_28092026_075120.csv
Autopista Central,Facturado,0020821947,Tránsito Tag,HXJJ44,2026-09-16,21:08:21,PA17,Ruta 5 Sur - Norte,462.46,Autopase_Facturado_Central_0020821947_28092026_075120.csv
Autopista Central,Facturado,0020821947,Tránsito Tag,LPPZ24,2026-09-16,21:14:15,PA8,Ruta 5 Norte - Sur,452.06,Autopase_Facturado_Central_0020821947_28092026_075120.csv
Autopista Central,Facturado,0020821947,Tránsito Tag,LPPZ24,2026-09-16,21:15:19,PA32,Ruta 5 Norte - Sur,176.67,Autopase_Facturado_Central_0020821947_28092026_075120.csv
Autopista Central,Facturado,0020821947,Tránsito Tag,LPPZ24,2026-09-16,21:16:53,PA6,Ruta 5 Norte - Sur,157.96,Autopase_Facturado_Central_0020821947_28092026_075120.csv
Autopista Central,Facturado,0020821947,Tránsito Tag,LPPZ24,2026-09-16,21:18:01,PA37,Ruta 5 Norte - Sur,455.18,Autopase_Facturado_Central_0020821947_28092026_075120.csv
Autopista Central,Facturado,0020821947,Tránsito Tag,HXJJ44,2026-09-16,22:04:41,PA18,Ruta 5 Norte - Sur,462.46,Autopase_Facturado_Central_0020821947_28092026_075120.csv
Autopista Central,Facturado,0020821947,Tránsito Tag,HXJJ44,2026-09-16,22:05:53,PA29,General Velasquez Norte - Sur,512.34,Autopase_Facturado_Central_0020821947_28092026_075120.csv
Autopista Central,Facturado,0020821947,Tránsito Tag,HXJJ44,2026-09-16,22:11:33,PA26,General Velasquez Norte - Sur,421.93,Autopase_Facturado_Central_0020821947_28092026_075120.csv
Autopista Central,Facturado,0020821947,Tránsito Tag,LPPZ31,2026-09-16,23:11:16,PA30,Ruta 5 Sur - Norte,392.83,Autopase_Facturado_Central_0020821947_28092026_075120.csv
Autopista Central,Facturado,0020821947,Tránsito Tag,LPPZ31,2026-09-16,23:12:11,PA10,Ruta 5 Sur - Norte,285.79,Autopase_Facturado_Central_0020821947_28092026_075120.csv
Autopista Central,Facturado,0020821947,Tránsito Tag,KXZS95,2026-09-16,23:25:45,PA26,General Velasquez Norte - Sur,421.93,Autopase_Facturado_Central_0020821947_28092026_075120.csv
Autopista Central,Facturado,0020821947,Tránsito Tag,KXZS95,2026-09-16,23:27:12,PA24,General Velasquez Norte - Sur,287.86,Autopase_Facturado_Central_0020821947_28092026_075120.csv
Autopista Central,Facturado,0020821947,Tránsito Tag,KXZS95,2026-09-16,23:29:49,PA22,General Velasquez Norte - Sur,512.34,Autopase_Facturado_Central_0020821947_28092026_075120.csv
Autopista Central,Facturado,0020821947,Tránsito Tag,LPPZ31,2026-09-16,23:36:48,PA11,Ruta 5 Norte - Sur,285.79,Autopase_Facturado_Central_0020821947_28092026_075120.csv
Autopista Central,Facturado,0020821947,Tránsito Tag,LPPZ31,2026-09-16,23:37:40,PA9,Ruta 5 Norte - Sur,392.83,Autopase_Facturado_Central_0020821947_28092026_075120.csv
Autopista Central,Facturado,0020821947,Tránsito Tag,LJDV98,2026-09-16,23:45:34,PA20,General Velasquez Norte - Sur,412.57,Autopase_Facturado_Central_0020821947_28092026_075120.csv
Autopista Central,Facturado,0020821947,Tránsito Tag,LJDV98,2026-09-16,23:47:08,PA32,Ruta 5 Norte - Sur,176.67,Autopase_Facturado_Central_0020821947_28092026_075120.csv
Autopista Central,Facturado,0020821947,Infracción,KZGL59,2026-07-30,17:59:37,PA30,Ruta 5 Sur-Norte,0.0,Autopase_Facturado_Infracciones_Autopista_Central_0020821947_28092026_075217.csv
Autopista Central,Facturado,0020821947,Infracción,LJDV98,2026-07-30,19:27:25,PA30,Ruta 5 Sur-Norte,0.0,Autopase_Facturado_Infracciones_Autopista_Central_0020821947_28092026_075217.csv
Autopista Central,Facturado,0020821947,Infracción,LKGZ52,2026-07-30,21:23:59,PA30,Ruta 5 Sur-Norte,0.0,Autopase_Facturado_Infracciones_Autopista_Central_0020821947_28092026_075217.csv
Autopista Central,Facturado,0020821947,Infracción,KZGL59,2026-07-31,03:45:25,PA8,Ruta 5 Norte-Sur,0.0,Autopase_Facturado_Infracciones_Autopista_Central_0020821947_28092026_075217.csv
Autopista Central,Facturado,0020821947,Infracción,LKGZ52,2026-07-31,05:05:45,PA21,General Velasquez Sur-Norte,0.0,Autopase_Facturado_Infracciones_Autopista_Central_0020821947_28092026_075217.csv
Autopista Central,Facturado,0020821947,Infracción,LJDV98,2026-07-31,07:05:07,PA21,General Velasquez Sur-Norte,0.0,Autopase_Facturado_Infracciones_Autopista_Central_0020821947_28092026_075217.csv
Autopista Central,Facturado,0020821947,Infracción,LKGZ52,2026-08-01,00:20:34,PA21,General Velasquez Sur-Norte,0.0,Autopase_Facturado_Infracciones_Autopista_Central_0020821947_28092026_075217.csv
Autopista Central,Facturado,0020821947,Infracción,LJDV98,2026-08-01,00:41:26,PA6,Ruta 5 Norte-Sur,0.0,Autopase_Facturado_Infracciones_Autopista_Central_0020821947_28092026_075217.csv
Autopista Central,Facturado,0020821947,Infracción,KZGL59,2026-08-01,01:38:12,PA8,Ruta 5 Norte-Sur,0.0,Autopase_Facturado_Infracciones_Autopista_Central_0020821947_28092026_075217.csv
Autopista Central,Facturado,0020821947,Infracción,KZGL59,2026-08-02,01:55:38,PA8,Ruta 5 Norte-Sur,0.0,Autopase_Facturado_Infracciones_Autopista_Central_0020821947_28092026_075217.csv
Autopista Central,Facturado,0020821947,Infracción,LJDV98,2026-08-02,01:59:25,PA9,Ruta 5 Norte-Sur,0.0,Autopase_Facturado_Infracciones_Autopista_Central_0020821947_28092026_075217.csv
Autopista Central,Facturado,0020821947,Infracción,LKGZ52,2026-08-02,02:18:23,PA11,Ruta 5 Norte-Sur,0.0,Autopase_Facturado_Infracciones_Autopista_Central_0020821947_28092026_075217.csv
Autopista Central,Facturado,0020821947,Infracción,LKGZ52,2026-08-03,00:58:31,PA11,Ruta 5 Norte-Sur,0.0,Autopase_Facturado_Infracciones_Autopista_Central_0020821947_28092026_075217.csv
Autopista Central,Facturado,0020821947,Infracción,KZGL59,2026-08-03,01:38:22,PA32,Ruta 5 Norte-Sur,0.0,Autopase_Facturado_Infracciones_Autopista_Central_0020821947_28092026_075217.csv
Autopista Central,Facturado,0020821947,Infracción,LJDV98,2026-08-03,01:44:41,PA21,General Velasquez Sur-Norte,0.0,Autopase_Facturado_Infracciones_Autopista_Central_0020821947_28092026_075217.csv
Autopista Central,Facturado,0020821947,Infracción,CYPW26,2026-08-03,05:42:00,PA21,General Velasquez Sur-Norte,0.0,Autopase_Facturado_Infracciones_Autopista_Central_0020821947_28092026_075217.csv
Autopista Central,Facturado,0020821947,Infracción,KDRJ20,2026-08-04,00:27:37,PA32,Ruta 5 Norte-Sur,0.0,Autopase_Facturado_Infracciones_Autopista_Central_0020821947_28092026_075217.csv
Autopista Central,Facturado,0020821947,Infracción,LJDV98,2026-08-04,00:42:17,PA10,Ruta 5 Sur-Norte,0.0,Autopase_Facturado_Infracciones_Autopista_Central_0020821947_28092026_075217.csv
Autopista Central,Facturado,0020821947,Infracción,KZGL59,2026-08-04,00:49:23,PA26,General Velasquez Norte-Sur,0.0,Autopase_Facturado_Infracciones_Autopista_Central_0020821947_28092026_075217.csv
Autopista Central,Facturado,0020821947,Infracción,LDWP36,2026-08-04,06:14:57,PA31,Ruta 5 Sur-Norte,0.0,Autopase_Facturado_Infracciones_Autopista_Central_0020821947_28092026_075217.csv
Autopista Central,Facturado,0020821947,Infracción,LKGZ52,2026-08-04,21:27:05,PA30,Ruta 5 Sur-Norte,0.0,Autopase_Facturado_Infracciones_Autopista_Central_0020821947_28092026_075217.csv
Autopista Central,Facturado,0020821947,Infracción,KZGL59,2026-08-05,00:28:12,PA21,General Velasquez Sur-Norte,0.0,Autopase_Facturado_Infracciones_Autopista_Central_0020821947_28092026_075217.csv
Autopista Central,Facturado,0020821947,Infracción,KDRJ20,2026-08-05,00:28:36,PA8,Ruta 5 Norte-Sur,0.0,Autopase_Facturado_Infracciones_Autopista_Central_0020821947_28092026_075217.csv
Autopista Central,Facturado,0020821947,Infracción,LJDV98,2026-08-05,01:07:08,PA30,Ruta 5 Sur-Norte,0.0,Autopase_Facturado_Infracciones_Autopista_Central_0020821947_28092026_075217.csv
Autopista Central,Facturado,0020821947,Infracción,LDWP36,2026-08-05,06:09:29,PA31,Ruta 5 Sur-Norte,0.0,Autopase_Facturado_Infracciones_Autopista_Central_0020821947_28092026_075217.csv
Autopista Central,Facturado,0020821947,Infracción,LKGZ52,2026-08-05,21:26:19,PA30,Ruta 5 Sur-Norte,0.0,Autopase_Facturado_Infracciones_Autopista_Central_0020821947_28092026_075217.csv
Autopista Central,Facturado,0020821947,Infracción,HXJJ44,2026-08-05,23:55:10,PA8,Ruta 5 Norte-Sur,0.0,Autopase_Facturado_Infracciones_Autopista_Central_0020821947_28092026_075217.csv
Autopista Central,Facturado,0020821947,Infracción,LKGZ52,2026-08-06,00:07:53,PA30,Ruta 5 Sur-Norte,0.0,Autopase_Facturado_Infracciones_Autopista_Central_0020821947_28092026_075217.csv
Autopista Central,Facturado,0020821947,Infracción,KDRJ20,2026-08-06,00:23:04,PA8,Ruta 5 Norte-Sur,0.0,Autopase_Facturado_Infracciones_Autopista_Central_0020821947_28092026_075217.csv
Autopista Central,Facturado,0020821947,Infracción,LJDV98,2026-08-06,00:27:27,PA30,Ruta 5 Sur-Norte,0.0,Autopase_Facturado_Infracciones_Autopista_Central_0020821947_28092026_075217.csv
Autopista Central,Facturado,0020821947,Infracción,KZGL59,2026-08-06,01:28:06,PA21,General Velasquez Sur-Norte,0.0,Autopase_Facturado_Infracciones_Autopista_Central_0020821947_28092026_075217.csv
Autopista Central,Facturado,0020821947,Infracción,HXJJ44,2026-08-06,01:47:41,PA19,General Velasquez Sur-Norte,0.0,Autopase_Facturado_Infracciones_Autopista_Central_0020821947_28092026_075217.csv
Autopista Central,Facturado,0020821947,Infracción,LDWP36,2026-08-06,05:24:16,PA3,Ruta 5 Sur-Norte,0.0,Autopase_Facturado_Infracciones_Autopista_Central_0020821947_28092026_075217.csv
Autopista Central,Facturado,0020821947,Infracción,KZGL59,2026-08-07,00:22:19,PA21,General Velasquez Sur-Norte,0.0,Autopase_Facturado_Infracciones_Autopista_Central_0020821947_28092026_075217.csv
Autopista Central,Facturado,0020821947,Infracción,KDRJ20,2026-08-07,00:22:45,PA32,Ruta 5 Norte-Sur,0.0,Autopase_Facturado_Infracciones_Autopista_Central_0020821947_28092026_075217.csv
Autopista Central,Facturado,0020821947,Infracción,LKGZ52,2026-08-07,04:38:31,PA9,Ruta 5 Norte-Sur,0.0,Autopase_Facturado_Infracciones_Autopista_Central_0020821947_28092026_075217.csv
Autopista Central,Facturado,0020821947,Infracción,LDWP36,2026-08-07,06:04:27,PA31,Ruta 5 Sur-Norte,0.0,Autopase_Facturado_Infracciones_Autopista_Central_0020821947_28092026_075217.csv
Autopista Central,Facturado,0020821947,Infracción,LJDV98,2026-08-07,20:07:17,PA16,Ruta 5 Sur-Norte,0.0,Autopase_Facturado_Infracciones_Autopista_Central_0020821947_28092026_075217.csv
Autopista Central,Facturado,0020821947,Infracción,KDRJ20,2026-08-08,00:01:56,PA20,General Velasquez Norte-Sur,0.0,Autopase_Facturado_Infracciones_Autopista_Central_0020821947_28092026_075217.csv
Autopista Central,Facturado,0020821947,Infracción,LDWP36,2026-08-08,00:28:46,PA32,Ruta 5 Norte-Sur,0.0,Autopase_Facturado_Infracciones_Autopista_Central_0020821947_28092026_075217.csv
Autopista Central,Facturado,0020821947,Infracción,KZGL59,2026-08-08,00:30:41,PA30,Ruta 5 Sur-Norte,0.0,Autopase_Facturado_Infracciones_Autopista_Central_0020821947_28092026_075217.csv
Autopista Central,Facturado,0020821947,Infracción,HXJJ44,2026-08-08,00:50:33,PA21,General Velasquez Sur-Norte,0.0,Autopase_Facturado_Infracciones_Autopista_Central_0020821947_28092026_075217.csv
Autopista Central,Facturado,0020821947,Infracción,LJDV98,2026-08-08,06:21:53,PA8,Ruta 5 Norte-Sur,0.0,Autopase_Facturado_Infracciones_Autopista_Central_0020821947_28092026_075217.csv
Autopista Central,Facturado,0020821947,Infracción,LKGZ52,2026-08-08,20:27:05,PA30,Ruta 5 Sur-Norte,0.0,Autopase_Facturado_Infracciones_Autopista_Central_0020821947_28092026_075217.csv
Autopista Nueva Aconcagua,Facturado,0020625365,Tránsito Tag,KXZS95,2026-08-13,20:01:43,7201,21,181.0,Autopase_Facturado_Interurbana_Autopista_Nueva_Aconcagua_0020625365_28092026_075325.csv
Autopista Nueva Aconcagua,Facturado,0020625365,Tránsito Tag,KXZS95,2026-08-13,20:03:05,7203,21,218.0,Autopase_Facturado_Interurbana_Autopista_Nueva_Aconcagua_0020625365_28092026_075325.csv
Autopista Nueva Aconcagua,Facturado,0020625365,Tránsito Tag,KXZS95,2026-08-13,20:04:52,7205,21,397.0,Autopase_Facturado_Interurbana_Autopista_Nueva_Aconcagua_0020625365_28092026_075325.csv
Autopista Nueva Aconcagua,Facturado,0020821947,Tránsito Tag,KXZS95,2026-08-18,05:35:12,7201,21,181.0,Autopase_Facturado_Interurbana_Autopista_Nueva_Aconcagua_0020821947_28092026_075144.csv
Autopista Nueva Aconcagua,Facturado,0020821947,Tránsito Tag,KXZS95,2026-08-18,05:36:12,7203,21,218.0,Autopase_Facturado_Interurbana_Autopista_Nueva_Aconcagua_0020821947_28092026_075144.csv
Autopista Nueva Aconcagua,Facturado,0020821947,Tránsito Tag,KXZS95,2026-08-18,05:37:23,7205,21,397.0,Autopase_Facturado_Interurbana_Autopista_Nueva_Aconcagua_0020821947_28092026_075144.csv
Autopista Nueva Aconcagua,Facturado,0020821947,Tránsito Tag,KXZS95,2026-08-18,05:39:40,7207,21,486.0,Autopase_Facturado_Interurbana_Autopista_Nueva_Aconcagua_0020821947_28092026_075144.csv
Autopista Nueva Aconcagua,Facturado,0020821947,Tránsito Tag,KXZS95,2026-08-18,06:20:12,7208,22,486.0,Autopase_Facturado_Interurbana_Autopista_Nueva_Aconcagua_0020821947_28092026_075144.csv
Autopista Nueva Aconcagua,Facturado,0020821947,Tránsito Tag,KXZS95,2026-08-18,06:22:35,7206,22,397.0,Autopase_Facturado_Interurbana_Autopista_Nueva_Aconcagua_0020821947_28092026_075144.csv
Autopista Nueva Aconcagua,Facturado,0020821947,Tránsito Tag,KXZS95,2026-08-18,06:24:01,7204,22,218.0,Autopase_Facturado_Interurbana_Autopista_Nueva_Aconcagua_0020821947_28092026_075144.csv
Autopista Nueva Aconcagua,Facturado,0020821947,Tránsito Tag,KXZS95,2026-08-18,06:25:23,7202,22,181.0,Autopase_Facturado_Interurbana_Autopista_Nueva_Aconcagua_0020821947_28092026_075144.csv
Autopista Nueva Aconcagua,Facturado,0020821947,Tránsito Tag,LPPZ31,2026-08-18,21:14:53,7201,21,181.0,Autopase_Facturado_Interurbana_Autopista_Nueva_Aconcagua_0020821947_28092026_075144.csv
Autopista Nueva Aconcagua,Facturado,0020821947,Tránsito Tag,LPPZ31,2026-08-18,21:16:17,7203,21,218.0,Autopase_Facturado_Interurbana_Autopista_Nueva_Aconcagua_0020821947_28092026_075144.csv
Autopista Nueva Aconcagua,Facturado,0020821947,Tránsito Tag,LPPZ31,2026-08-18,21:18:03,7205,21,397.0,Autopase_Facturado_Interurbana_Autopista_Nueva_Aconcagua_0020821947_28092026_075144.csv
Autopista Nueva Aconcagua,Facturado,0020821947,Tránsito Tag,LPPZ31,2026-08-18,21:21:01,7207,21,486.0,Autopase_Facturado_Interurbana_Autopista_Nueva_Aconcagua_0020821947_28092026_075144.csv
Autopista Nueva Aconcagua,Facturado,0020821947,Tránsito Tag,LPPZ31,2026-08-18,21:50:55,7208,22,486.0,Autopase_Facturado_Interurbana_Autopista_Nueva_Aconcagua_0020821947_28092026_075144.csv
Autopista Nueva Aconcagua,Facturado,0020821947,Tránsito Tag,LPPZ31,2026-08-18,21:53:48,7206,22,397.0,Autopase_Facturado_Interurbana_Autopista_Nueva_Aconcagua_0020821947_28092026_075144.csv
Autopista Nueva Aconcagua,Facturado,0020821947,Tránsito Tag,LPPZ31,2026-08-18,21:55:42,7204,22,218.0,Autopase_Facturado_Interurbana_Autopista_Nueva_Aconcagua_0020821947_28092026_075144.csv
Autopista Nueva Aconcagua,Facturado,0020821947,Tránsito Tag,LPPZ31,2026-08-18,21:57:14,7202,22,181.0,Autopase_Facturado_Interurbana_Autopista_Nueva_Aconcagua_0020821947_28092026_075144.csv
Autopista Nueva Aconcagua,Facturado,0020821947,Tránsito Tag,KXZS95,2026-08-19,06:09:34,7201,21,181.0,Autopase_Facturado_Interurbana_Autopista_Nueva_Aconcagua_0020821947_28092026_075144.csv
Autopista Nueva Aconcagua,Facturado,0020821947,Tránsito Tag,KXZS95,2026-08-19,06:10:36,7203,21,218.0,Autopase_Facturado_Interurbana_Autopista_Nueva_Aconcagua_0020821947_28092026_075144.csv
Autopista Nueva Aconcagua,Facturado,0020821947,Tránsito Tag,KXZS95,2026-08-19,06:11:47,7205,21,397.0,Autopase_Facturado_Interurbana_Autopista_Nueva_Aconcagua_0020821947_28092026_075144.csv
Autopista Nueva Aconcagua,Facturado,0020821947,Tránsito Tag,KXZS95,2026-08-19,06:13:48,7207,21,486.0,Autopase_Facturado_Interurbana_Autopista_Nueva_Aconcagua_0020821947_28092026_075144.csv
Autopista Nueva Aconcagua,Facturado,0020821947,Tránsito Tag,KXZS95,2026-08-19,06:47:04,7220,22,900.0,Autopase_Facturado_Interurbana_Autopista_Nueva_Aconcagua_0020821947_28092026_075144.csv
Autopista Nueva Aconcagua,Facturado,0020821947,Tránsito Tag,KXZS95,2026-08-19,06:49:43,7208,22,486.0,Autopase_Facturado_Interurbana_Autopista_Nueva_Aconcagua_0020821947_28092026_075144.csv
Autopista Nueva Aconcagua,Facturado,0020821947,Tránsito Tag,KXZS95,2026-08-19,06:52:10,7206,22,397.0,Autopase_Facturado_Interurbana_Autopista_Nueva_Aconcagua_0020821947_28092026_075144.csv
Autopista Nueva Aconcagua,Facturado,0020821947,Tránsito Tag,KXZS95,2026-08-19,06:53:48,7204,22,218.0,Autopase_Facturado_Interurbana_Autopista_Nueva_Aconcagua_0020821947_28092026_075144.csv
Autopista Nueva Aconcagua,Facturado,0020821947,Tránsito Tag,KXZS95,2026-08-19,06:55:03,7202,22,181.0,Autopase_Facturado_Interurbana_Autopista_Nueva_Aconcagua_0020821947_28092026_075144.csv
Autopista Nueva Aconcagua,Facturado,0020821947,Tránsito Tag,CYPW26,2026-08-19,18:01:13,7201,21,362.0,Autopase_Facturado_Interurbana_Autopista_Nueva_Aconcagua_0020821947_28092026_075144.csv
Autopista Nueva Aconcagua,Facturado,0020821947,Tránsito Tag,CYPW26,2026-08-19,18:02:39,7203,21,436.0,Autopase_Facturado_Interurbana_Autopista_Nueva_Aconcagua_0020821947_28092026_075144.csv
Autopista Nueva Aconcagua,Facturado,0020821947,Tránsito Tag,CYPW26,2026-08-19,20:41:59,7201,21,181.0,Autopase_Facturado_Interurbana_Autopista_Nueva_Aconcagua_0020821947_28092026_075144.csv
Autopista Nueva Aconcagua,Facturado,0020821947,Tránsito Tag,CYPW26,2026-08-19,20:43:29,7203,21,218.0,Autopase_Facturado_Interurbana_Autopista_Nueva_Aconcagua_0020821947_28092026_075144.csv
Autopista Nueva Aconcagua,Facturado,0020821947,Tránsito Tag,CYPW26,2026-08-19,20:45:17,7205,21,397.0,Autopase_Facturado_Interurbana_Autopista_Nueva_Aconcagua_0020821947_28092026_075144.csv
Autopista Nueva Aconcagua,Facturado,0020821947,Tránsito Tag,CYPW26,2026-08-19,20:48:17,7207,21,486.0,Autopase_Facturado_Interurbana_Autopista_Nueva_Aconcagua_0020821947_28092026_075144.csv
Autopista Nueva Aconcagua,Facturado,0020821947,Tránsito Tag,KXZS95,2026-08-20,07:06:57,7220,22,900.0,Autopase_Facturado_Interurbana_Autopista_Nueva_Aconcagua_0020821947_28092026_075144.csv
Autopista Nueva Aconcagua,Facturado,0020821947,Tránsito Tag,KXZS95,2026-08-20,07:09:42,7208,22,486.0,Autopase_Facturado_Interurbana_Autopista_Nueva_Aconcagua_0020821947_28092026_075144.csv
Autopista Nueva Aconcagua,Facturado,0020821947,Tránsito Tag,KXZS95,2026-08-20,07:12:08,7206,22,397.0,Autopase_Facturado_Interurbana_Autopista_Nueva_Aconcagua_0020821947_28092026_075144.csv
Autopista Nueva Aconcagua,Facturado,0020821947,Tránsito Tag,KXZS95,2026-08-20,07:13:48,7204,22,218.0,Autopase_Facturado_Interurbana_Autopista_Nueva_Aconcagua_0020821947_28092026_075144.csv
Autopista Nueva Aconcagua,Facturado,0020821947,Tránsito Tag,KXZS95,2026-08-20,07:15:05,7202,22,362.0,Autopase_Facturado_Interurbana_Autopista_Nueva_Aconcagua_0020821947_28092026_075144.csv
Autopista Nueva Aconcagua,Facturado,0020821947,Tránsito Tag,CYPW26,2026-08-20,20:47:02,7201,21,181.0,Autopase_Facturado_Interurbana_Autopista_Nueva_Aconcagua_0020821947_28092026_075144.csv
Autopista Nueva Aconcagua,Facturado,0020821947,Tránsito Tag,CYPW26,2026-08-20,20:48:26,7203,21,218.0,Autopase_Facturado_Interurbana_Autopista_Nueva_Aconcagua_0020821947_28092026_075144.csv
Autopista Nueva Aconcagua,Facturado,0020821947,Tránsito Tag,CYPW26,2026-08-20,20:50:12,7205,21,397.0,Autopase_Facturado_Interurbana_Autopista_Nueva_Aconcagua_0020821947_28092026_075144.csv
Autopista Nueva Aconcagua,Facturado,0020821947,Tránsito Tag,CYPW26,2026-08-20,20:53:06,7207,21,486.0,Autopase_Facturado_Interurbana_Autopista_Nueva_Aconcagua_0020821947_28092026_075144.csv
Autopista Nueva Aconcagua,Facturado,0020821947,Tránsito Tag,LPPZ31,2026-08-21,07:27:48,7220,22,900.0,Autopase_Facturado_Interurbana_Autopista_Nueva_Aconcagua_0020821947_28092026_075144.csv
Autopista Nueva Aconcagua,Facturado,0020821947,Tránsito Tag,LPPZ31,2026-08-21,07:30:47,7208,22,972.0,Autopase_Facturado_Interurbana_Autopista_Nueva_Aconcagua_0020821947_28092026_075144.csv
Autopista Nueva Aconcagua,Facturado,0020821947,Tránsito Tag,LPPZ31,2026-08-21,07:33:16,7206,22,794.0,Autopase_Facturado_Interurbana_Autopista_Nueva_Aconcagua_0020821947_28092026_075144.csv
Autopista Nueva Aconcagua,Facturado,0020821947,Tránsito Tag,LPPZ31,2026-08-21,07:34:52,7204,22,436.0,Autopase_Facturado_Interurbana_Autopista_Nueva_Aconcagua_0020821947_28092026_075144.csv
Autopista Nueva Aconcagua,Facturado,0020821947,Tránsito Tag,LPPZ31,2026-08-21,07:36:23,7202,22,362.0,Autopase_Facturado_Interurbana_Autopista_Nueva_Aconcagua_0020821947_28092026_075144.csv
Autopista Nueva Aconcagua,Facturado,0020821947,Tránsito Tag,HXJJ44,2026-08-21,20:39:47,7201,21,362.0,Autopase_Facturado_Interurbana_Autopista_Nueva_Aconcagua_0020821947_28092026_075144.csv
Autopista Nueva Aconcagua,Facturado,0020821947,Tránsito Tag,HXJJ44,2026-08-21,20:41:18,7203,21,436.0,Autopase_Facturado_Interurbana_Autopista_Nueva_Aconcagua_0020821947_28092026_075144.csv
Autopista Nueva Aconcagua,Facturado,0020821947,Tránsito Tag,HXJJ44,2026-08-21,20:43:10,7205,21,794.0,Autopase_Facturado_Interurbana_Autopista_Nueva_Aconcagua_0020821947_28092026_075144.csv
Autopista Nueva Aconcagua,Facturado,0020821947,Tránsito Tag,HXJJ44,2026-08-21,20:46:23,7207,21,486.0,Autopase_Facturado_Interurbana_Autopista_Nueva_Aconcagua_0020821947_28092026_075144.csv
Autopista Nueva Aconcagua,Facturado,0020821947,Tránsito Tag,KXZS95,2026-08-26,07:20:44,7220,22,900.0,Autopase_Facturado_Interurbana_Autopista_Nueva_Aconcagua_0020821947_28092026_075144.csv
Autopista Nueva Aconcagua,Facturado,0020821947,Tránsito Tag,KXZS95,2026-08-26,07:23:42,7208,22,972.0,Autopase_Facturado_Interurbana_Autopista_Nueva_Aconcagua_0020821947_28092026_075144.csv
Autopista Nueva Aconcagua,Facturado,0020821947,Tránsito Tag,KXZS95,2026-08-26,07:26:16,7206,22,794.0,Autopase_Facturado_Interurbana_Autopista_Nueva_Aconcagua_0020821947_28092026_075144.csv
Autopista Nueva Aconcagua,Facturado,0020821947,Tránsito Tag,HXJJ44,2026-08-26,21:15:43,7207,21,486.0,Autopase_Facturado_Interurbana_Autopista_Nueva_Aconcagua_0020821947_28092026_075144.csv
Autopista Nueva Aconcagua,Facturado,0020821947,Tránsito Tag,KXZS95,2026-08-27,06:03:36,7201,21,181.0,Autopase_Facturado_Interurbana_Autopista_Nueva_Aconcagua_0020821947_28092026_075144.csv
Autopista Nueva Aconcagua,Facturado,0020821947,Tránsito Tag,KXZS95,2026-08-27,06:04:40,7203,21,218.0,Autopase_Facturado_Interurbana_Autopista_Nueva_Aconcagua_0020821947_28092026_075144.csv
Autopista Nueva Aconcagua,Facturado,0020821947,Tránsito Tag,KXZS95,2026-08-27,06:06:01,7205,21,397.0,Autopase_Facturado_Interurbana_Autopista_Nueva_Aconcagua_0020821947_28092026_075144.csv
Autopista Nueva Aconcagua,Facturado,0020821947,Tránsito Tag,KXZS95,2026-08-27,06:08:06,7207,21,486.0,Autopase_Facturado_Interurbana_Autopista_Nueva_Aconcagua_0020821947_28092026_075144.csv
Autopista Nueva Aconcagua,Facturado,0020821947,Tránsito Tag,HXJJ44,2026-08-27,20:49:54,7203,21,218.0,Autopase_Facturado_Interurbana_Autopista_Nueva_Aconcagua_0020821947_28092026_075144.csv
Autopista Nueva Aconcagua,Facturado,0020821947,Tránsito Tag,HXJJ44,2026-08-27,20:51:41,7205,21,397.0,Autopase_Facturado_Interurbana_Autopista_Nueva_Aconcagua_0020821947_28092026_075144.csv
Autopista Nueva Aconcagua,Facturado,0020821947,Tránsito Tag,HXJJ44,2026-08-27,20:54:37,7207,21,486.0,Autopase_Facturado_Interurbana_Autopista_Nueva_Aconcagua_0020821947_28092026_075144.csv
Autopista Nueva Aconcagua,Facturado,0020821947,Tránsito Tag,LPPZ31,2026-08-28,20:45:09,7201,21,181.0,Autopase_Facturado_Interurbana_Autopista_Nueva_Aconcagua_0020821947_28092026_075144.csv
Autopista Nueva Aconcagua,Facturado,0020821947,Tránsito Tag,LPPZ31,2026-08-28,20:46:16,7203,21,218.0,Autopase_Facturado_Interurbana_Autopista_Nueva_Aconcagua_0020821947_28092026_075144.csv
Autopista Nueva Aconcagua,Facturado,0020821947,Tránsito Tag,LPPZ31,2026-08-28,20:47:46,7205,21,397.0,Autopase_Facturado_Interurbana_Autopista_Nueva_Aconcagua_0020821947_28092026_075144.csv
Autopista Nueva Aconcagua,Facturado,0020821947,Tránsito Tag,LPPZ31,2026-08-28,20:50:04,7207,21,486.0,Autopase_Facturado_Interurbana_Autopista_Nueva_Aconcagua_0020821947_28092026_075144.csv
Autopista Nueva Aconcagua,Facturado,0020821947,Tránsito Tag,LPPZ31,2026-08-28,21:20:09,7208,22,486.0,Autopase_Facturado_Interurbana_Autopista_Nueva_Aconcagua_0020821947_28092026_075144.csv
Autopista Nueva Aconcagua,Facturado,0020821947,Tránsito Tag,LPPZ31,2026-08-28,21:22:24,7206,22,397.0,Autopase_Facturado_Interurbana_Autopista_Nueva_Aconcagua_0020821947_28092026_075144.csv
Autopista Nueva Aconcagua,Facturado,0020821947,Tránsito Tag,LPPZ31,2026-08-28,21:23:56,7204,22,218.0,Autopase_Facturado_Interurbana_Autopista_Nueva_Aconcagua_0020821947_28092026_075144.csv
Autopista Nueva Aconcagua,Facturado,0020821947,Tránsito Tag,LPPZ31,2026-08-28,21:25:08,7202,22,181.0,Autopase_Facturado_Interurbana_Autopista_Nueva_Aconcagua_0020821947_28092026_075144.csv
Autopista Nueva Aconcagua,Facturado,0020821947,Tránsito Tag,KXZS95,2026-08-29,05:40:32,7201,21,181.0,Autopase_Facturado_Interurbana_Autopista_Nueva_Aconcagua_0020821947_28092026_075144.csv
Autopista Nueva Aconcagua,Facturado,0020821947,Tránsito Tag,KXZS95,2026-08-29,05:41:35,7203,21,218.0,Autopase_Facturado_Interurbana_Autopista_Nueva_Aconcagua_0020821947_28092026_075144.csv
Autopista Nueva Aconcagua,Facturado,0020821947,Tránsito Tag,KXZS95,2026-08-29,05:42:46,7205,21,397.0,Autopase_Facturado_Interurbana_Autopista_Nueva_Aconcagua_0020821947_28092026_075144.csv
Autopista Nueva Aconcagua,Facturado,0020821947,Tránsito Tag,KXZS95,2026-08-29,05:44:52,7207,21,486.0,Autopase_Facturado_Interurbana_Autopista_Nueva_Aconcagua_0020821947_28092026_075144.csv
Autopista Nueva Aconcagua,Facturado,0020821947,Tránsito Tag,KXZS95,2026-08-29,06:13:48,7208,22,486.0,Autopase_Facturado_Interurbana_Autopista_Nueva_Aconcagua_0020821947_28092026_075144.csv
Autopista Nueva Aconcagua,Facturado,0020821947,Tránsito Tag,KXZS95,2026-08-29,06:15:57,7206,22,397.0,Autopase_Facturado_Interurbana_Autopista_Nueva_Aconcagua_0020821947_28092026_075144.csv
Autopista Nueva Aconcagua,Facturado,0020821947,Tránsito Tag,KDRJ20,2026-08-29,20:23:37,7201,21,181.0,Autopase_Facturado_Interurbana_Autopista_Nueva_Aconcagua_0020821947_28092026_075144.csv
Autopista Nueva Aconcagua,Facturado,0020821947,Tránsito Tag,KDRJ20,2026-08-29,20:24:44,7203,21,218.0,Autopase_Facturado_Interurbana_Autopista_Nueva_Aconcagua_0020821947_28092026_075144.csv
Autopista Nueva Aconcagua,Facturado,0020821947,Tránsito Tag,KDRJ20,2026-08-29,20:26:06,7205,21,397.0,Autopase_Facturado_Interurbana_Autopista_Nueva_Aconcagua_0020821947_28092026_075144.csv
Autopista Nueva Aconcagua,Facturado,0020821947,Tránsito Tag,KDRJ20,2026-08-29,20:28:23,7207,21,486.0,Autopase_Facturado_Interurbana_Autopista_Nueva_Aconcagua_0020821947_28092026_075144.csv
Autopista Nueva Aconcagua,Facturado,0020821947,Tránsito Tag,KDRJ20,2026-08-29,21:09:30,7208,22,486.0,Autopase_Facturado_Interurbana_Autopista_Nueva_Aconcagua_0020821947_28092026_075144.csv
Autopista Nueva Aconcagua,Facturado,0020821947,Tránsito Tag,KDRJ20,2026-08-29,21:11:56,7206,22,397.0,Autopase_Facturado_Interurbana_Autopista_Nueva_Aconcagua_0020821947_28092026_075144.csv
Autopista Nueva Aconcagua,Facturado,0020821947,Tránsito Tag,KDRJ20,2026-08-29,21:13:19,7204,22,218.0,Autopase_Facturado_Interurbana_Autopista_Nueva_Aconcagua_0020821947_28092026_075144.csv
Autopista Nueva Aconcagua,Facturado,0020821947,Tránsito Tag,KDRJ20,2026-08-29,21:14:24,7202,22,181.0,Autopase_Facturado_Interurbana_Autopista_Nueva_Aconcagua_0020821947_28092026_075144.csv
Autopista Nueva Aconcagua,Facturado,0020821947,Tránsito Tag,KXZS95,2026-08-31,06:57:16,7220,22,900.0,Autopase_Facturado_Interurbana_Autopista_Nueva_Aconcagua_0020821947_28092026_075144.csv
Autopista Nueva Aconcagua,Facturado,0020821947,Tránsito Tag,KXZS95,2026-08-31,07:00:13,7208,22,486.0,Autopase_Facturado_Interurbana_Autopista_Nueva_Aconcagua_0020821947_28092026_075144.csv
Autopista Nueva Aconcagua,Facturado,0020821947,Tránsito Tag,KXZS95,2026-08-31,07:02:49,7206,22,397.0,Autopase_Facturado_Interurbana_Autopista_Nueva_Aconcagua_0020821947_28092026_075144.csv
Autopista Nueva Aconcagua,Facturado,0020821947,Tránsito Tag,KXZS95,2026-08-31,07:04:28,7204,22,218.0,Autopase_Facturado_Interurbana_Autopista_Nueva_Aconcagua_0020821947_28092026_075144.csv
Autopista Nueva Aconcagua,Facturado,0020821947,Tránsito Tag,KXZS95,2026-08-31,07:05:49,7202,22,181.0,Autopase_Facturado_Interurbana_Autopista_Nueva_Aconcagua_0020821947_28092026_075144.csv
Autopista Nueva Aconcagua,Facturado,0020821947,Tránsito Tag,HXJJ44,2026-08-31,20:51:58,7203,21,218.0,Autopase_Facturado_Interurbana_Autopista_Nueva_Aconcagua_0020821947_28092026_075144.csv
Autopista Nueva Aconcagua,Facturado,0020821947,Tránsito Tag,HXJJ44,2026-08-31,20:53:53,7205,21,397.0,Autopase_Facturado_Interurbana_Autopista_Nueva_Aconcagua_0020821947_28092026_075144.csv
Autopista Nueva Aconcagua,Facturado,0020821947,Tránsito Tag,HXJJ44,2026-08-31,20:56:57,7207,21,486.0,Autopase_Facturado_Interurbana_Autopista_Nueva_Aconcagua_0020821947_28092026_075144.csv
Autopista Nueva Aconcagua,Facturado,0020821947,Tránsito Tag,KXZS95,2026-09-01,07:02:26,7220,22,900.0,Autopase_Facturado_Interurbana_Autopista_Nueva_Aconcagua_0020821947_28092026_075144.csv
Autopista Nueva Aconcagua,Facturado,0020821947,Tránsito Tag,KXZS95,2026-09-01,07:04:59,7208,22,486.0,Autopase_Facturado_Interurbana_Autopista_Nueva_Aconcagua_0020821947_28092026_075144.csv
Autopista Nueva Aconcagua,Facturado,0020821947,Tránsito Tag,KXZS95,2026-09-01,07:07:21,7206,22,397.0,Autopase_Facturado_Interurbana_Autopista_Nueva_Aconcagua_0020821947_28092026_075144.csv
Autopista Nueva Aconcagua,Facturado,0020821947,Tránsito Tag,KXZS95,2026-09-01,07:08:56,7204,22,218.0,Autopase_Facturado_Interurbana_Autopista_Nueva_Aconcagua_0020821947_28092026_075144.csv
Autopista Nueva Aconcagua,Facturado,0020821947,Tránsito Tag,KXZS95,2026-09-01,07:10:26,7202,22,181.0,Autopase_Facturado_Interurbana_Autopista_Nueva_Aconcagua_0020821947_28092026_075144.csv
Autopista Nueva Aconcagua,Facturado,0020821947,Tránsito Tag,HXJJ44,2026-09-01,20:47:34,7203,21,218.0,Autopase_Facturado_Interurbana_Autopista_Nueva_Aconcagua_0020821947_28092026_075144.csv
Autopista Nueva Aconcagua,Facturado,0020821947,Tránsito Tag,HXJJ44,2026-09-01,20:49:32,7205,21,397.0,Autopase_Facturado_Interurbana_Autopista_Nueva_Aconcagua_0020821947_28092026_075144.csv
Autopista Nueva Aconcagua,Facturado,0020821947,Tránsito Tag,HXJJ44,2026-09-01,20:52:45,7207,21,486.0,Autopase_Facturado_Interurbana_Autopista_Nueva_Aconcagua_0020821947_28092026_075144.csv
Autopista Nueva Aconcagua,Facturado,0020821947,Tránsito Tag,HXJJ44,2026-09-03,20:50:11,7201,21,181.0,Autopase_Facturado_Interurbana_Autopista_Nueva_Aconcagua_0020821947_28092026_075144.csv
Autopista Nueva Aconcagua,Facturado,0020821947,Tránsito Tag,HXJJ44,2026-09-03,20:51:36,7203,21,218.0,Autopase_Facturado_Interurbana_Autopista_Nueva_Aconcagua_0020821947_28092026_075144.csv
Autopista Nueva Aconcagua,Facturado,0020821947,Tránsito Tag,HXJJ44,2026-09-03,20:53:21,7205,21,397.0,Autopase_Facturado_Interurbana_Autopista_Nueva_Aconcagua_0020821947_28092026_075144.csv
Autopista Nueva Aconcagua,Facturado,0020821947,Tránsito Tag,HXJJ44,2026-09-03,20:56:13,7207,21,486.0,Autopase_Facturado_Interurbana_Autopista_Nueva_Aconcagua_0020821947_28092026_075144.csv
Autopista Nueva Aconcagua,Facturado,0020821947,Tránsito Tag,KXZS95,2026-09-04,05:55:20,7201,21,181.0,Autopase_Facturado_Interurbana_Autopista_Nueva_Aconcagua_0020821947_28092026_075144.csv
Autopista Nueva Aconcagua,Facturado,0020821947,Tránsito Tag,KXZS95,2026-09-04,05:56:17,7203,21,218.0,Autopase_Facturado_Interurbana_Autopista_Nueva_Aconcagua_0020821947_28092026_075144.csv
Autopista Nueva Aconcagua,Facturado,0020821947,Tránsito Tag,KXZS95,2026-09-04,05:57:34,7205,21,397.0,Autopase_Facturado_Interurbana_Autopista_Nueva_Aconcagua_0020821947_28092026_075144.csv
Autopista Nueva Aconcagua,Facturado,0020821947,Tránsito Tag,KXZS95,2026-09-04,05:59:28,7207,21,486.0,Autopase_Facturado_Interurbana_Autopista_Nueva_Aconcagua_0020821947_28092026_075144.csv
Autopista Nueva Aconcagua,Facturado,0020821947,Tránsito Tag,KXZS95,2026-09-04,06:28:32,7220,22,900.0,Autopase_Facturado_Interurbana_Autopista_Nueva_Aconcagua_0020821947_28092026_075144.csv
Autopista Nueva Aconcagua,Facturado,0020821947,Tránsito Tag,KXZS95,2026-09-04,06:31:01,7208,22,486.0,Autopase_Facturado_Interurbana_Autopista_Nueva_Aconcagua_0020821947_28092026_075144.csv
Autopista Nueva Aconcagua,Facturado,0020821947,Tránsito Tag,KXZS95,2026-09-04,06:33:24,7206,22,397.0,Autopase_Facturado_Interurbana_Autopista_Nueva_Aconcagua_0020821947_28092026_075144.csv
Autopista Nueva Aconcagua,Facturado,0020821947,Tránsito Tag,KXZS95,2026-09-04,06:34:43,7204,22,218.0,Autopase_Facturado_Interurbana_Autopista_Nueva_Aconcagua_0020821947_28092026_075144.csv
Autopista Nueva Aconcagua,Facturado,0020821947,Tránsito Tag,KXZS95,2026-09-04,06:35:53,7202,22,181.0,Autopase_Facturado_Interurbana_Autopista_Nueva_Aconcagua_0020821947_28092026_075144.csv
Autopista Nueva Aconcagua,Facturado,0020821947,Tránsito Tag,KXZS95,2026-09-05,05:40:10,7201,21,181.0,Autopase_Facturado_Interurbana_Autopista_Nueva_Aconcagua_0020821947_28092026_075144.csv
Autopista Nueva Aconcagua,Facturado,0020821947,Tránsito Tag,KXZS95,2026-09-05,05:41:08,7203,21,218.0,Autopase_Facturado_Interurbana_Autopista_Nueva_Aconcagua_0020821947_28092026_075144.csv
Autopista Nueva Aconcagua,Facturado,0020821947,Tránsito Tag,KXZS95,2026-09-05,05:42:23,7205,21,397.0,Autopase_Facturado_Interurbana_Autopista_Nueva_Aconcagua_0020821947_28092026_075144.csv
Autopista Nueva Aconcagua,Facturado,0020821947,Tránsito Tag,KXZS95,2026-09-05,05:44:35,7207,21,486.0,Autopase_Facturado_Interurbana_Autopista_Nueva_Aconcagua_0020821947_28092026_075144.csv
Autopista Nueva Aconcagua,Facturado,0020821947,Tránsito Tag,KXZS95,2026-09-05,06:16:45,7208,22,486.0,Autopase_Facturado_Interurbana_Autopista_Nueva_Aconcagua_0020821947_28092026_075144.csv
Autopista Nueva Aconcagua,Facturado,0020821947,Tránsito Tag,KXZS95,2026-09-05,06:19:03,7206,22,397.0,Autopase_Facturado_Interurbana_Autopista_Nueva_Aconcagua_0020821947_28092026_075144.csv
Autopista Nueva Aconcagua,Facturado,0020821947,Tránsito Tag,KXZS95,2026-09-05,06:20:22,7204,22,218.0,Autopase_Facturado_Interurbana_Autopista_Nueva_Aconcagua_0020821947_28092026_075144.csv
Autopista Nueva Aconcagua,Facturado,0020821947,Tránsito Tag,KXZS95,2026-09-05,06:21:29,7202,22,181.0,Autopase_Facturado_Interurbana_Autopista_Nueva_Aconcagua_0020821947_28092026_075144.csv
Autopista Nueva Aconcagua,Facturado,0020821947,Tránsito Tag,HXJJ44,2026-09-05,20:48:59,7201,21,181.0,Autopase_Facturado_Interurbana_Autopista_Nueva_Aconcagua_0020821947_28092026_075144.csv
Autopista Nueva Aconcagua,Facturado,0020821947,Tránsito Tag,HXJJ44,2026-09-05,20:50:26,7203,21,218.0,Autopase_Facturado_Interurbana_Autopista_Nueva_Aconcagua_0020821947_28092026_075144.csv
Autopista Nueva Aconcagua,Facturado,0020821947,Tránsito Tag,HXJJ44,2026-09-05,20:52:21,7205,21,397.0,Autopase_Facturado_Interurbana_Autopista_Nueva_Aconcagua_0020821947_28092026_075144.csv
Autopista Nueva Aconcagua,Facturado,0020821947,Tránsito Tag,HXJJ44,2026-09-05,20:55:23,7207,21,486.0,Autopase_Facturado_Interurbana_Autopista_Nueva_Aconcagua_0020821947_28092026_075144.csv
Autopista Nueva Aconcagua,Facturado,0020821947,Tránsito Tag,KXZS95,2026-09-06,05:27:22,7201,21,181.0,Autopase_Facturado_Interurbana_Autopista_Nueva_Aconcagua_0020821947_28092026_075144.csv
Autopista Nueva Aconcagua,Facturado,0020821947,Tránsito Tag,KXZS95,2026-09-06,05:28:27,7203,21,218.0,Autopase_Facturado_Interurbana_Autopista_Nueva_Aconcagua_0020821947_28092026_075144.csv
Autopista Nueva Aconcagua,Facturado,0020821947,Tránsito Tag,KXZS95,2026-09-06,05:29:44,7205,21,397.0,Autopase_Facturado_Interurbana_Autopista_Nueva_Aconcagua_0020821947_28092026_075144.csv
Autopista Nueva Aconcagua,Facturado,0020821947,Tránsito Tag,KXZS95,2026-09-06,05:31:58,7207,21,486.0,Autopase_Facturado_Interurbana_Autopista_Nueva_Aconcagua_0020821947_28092026_075144.csv
Autopista Nueva Aconcagua,Facturado,0020821947,Tránsito Tag,KXZS95,2026-09-06,06:17:09,7208,22,486.0,Autopase_Facturado_Interurbana_Autopista_Nueva_Aconcagua_0020821947_28092026_075144.csv
Autopista Nueva Aconcagua,Facturado,0020821947,Tránsito Tag,KXZS95,2026-09-06,06:19:13,7206,22,397.0,Autopase_Facturado_Interurbana_Autopista_Nueva_Aconcagua_0020821947_28092026_075144.csv
Autopista Nueva Aconcagua,Facturado,0020821947,Tránsito Tag,KXZS95,2026-09-06,06:20:29,7204,22,218.0,Autopase_Facturado_Interurbana_Autopista_Nueva_Aconcagua_0020821947_28092026_075144.csv
Autopista Nueva Aconcagua,Facturado,0020821947,Tránsito Tag,KXZS95,2026-09-06,06:21:31,7202,22,181.0,Autopase_Facturado_Interurbana_Autopista_Nueva_Aconcagua_0020821947_28092026_075144.csv
Autopista Nueva Aconcagua,Facturado,0020821947,Tránsito Tag,HXJJ44,2026-09-06,20:52:41,7201,21,362.0,Autopase_Facturado_Interurbana_Autopista_Nueva_Aconcagua_0020821947_28092026_075144.csv
Autopista Nueva Aconcagua,Facturado,0020821947,Tránsito Tag,HXJJ44,2026-09-06,20:54:08,7203,21,436.0,Autopase_Facturado_Interurbana_Autopista_Nueva_Aconcagua_0020821947_28092026_075144.csv
Autopista Nueva Aconcagua,Facturado,0020821947,Tránsito Tag,HXJJ44,2026-09-06,20:55:56,7205,21,794.0,Autopase_Facturado_Interurbana_Autopista_Nueva_Aconcagua_0020821947_28092026_075144.csv
Autopista Nueva Aconcagua,Facturado,0020821947,Tránsito Tag,HXJJ44,2026-09-06,20:58:49,7207,21,972.0,Autopase_Facturado_Interurbana_Autopista_Nueva_Aconcagua_0020821947_28092026_075144.csv
Autopista Nueva Aconcagua,Facturado,0020821947,Tránsito Tag,KXZS95,2026-09-09,06:54:14,7220,22,900.0,Autopase_Facturado_Interurbana_Autopista_Nueva_Aconcagua_0020821947_28092026_075144.csv
Autopista Nueva Aconcagua,Facturado,0020821947,Tránsito Tag,KXZS95,2026-09-09,06:56:57,7208,22,486.0,Autopase_Facturado_Interurbana_Autopista_Nueva_Aconcagua_0020821947_28092026_075144.csv
Autopista Nueva Aconcagua,Facturado,0020821947,Tránsito Tag,KXZS95,2026-09-09,06:59:36,7206,22,397.0,Autopase_Facturado_Interurbana_Autopista_Nueva_Aconcagua_0020821947_28092026_075144.csv
Autopista Nueva Aconcagua,Facturado,0020821947,Tránsito Tag,KXZS95,2026-09-09,07:01:17,7204,22,218.0,Autopase_Facturado_Interurbana_Autopista_Nueva_Aconcagua_0020821947_28092026_075144.csv
Autopista Nueva Aconcagua,Facturado,0020821947,Tránsito Tag,KXZS95,2026-09-09,07:02:35,7202,22,181.0,Autopase_Facturado_Interurbana_Autopista_Nueva_Aconcagua_0020821947_28092026_075144.csv
Autopista Nueva Aconcagua,Facturado,0020821947,Tránsito Tag,LPPZ31,2026-09-09,22:24:25,7208,22,486.0,Autopase_Facturado_Interurbana_Autopista_Nueva_Aconcagua_0020821947_28092026_075144.csv
Autopista Nueva Aconcagua,Facturado,0020821947,Tránsito Tag,LPPZ31,2026-09-09,22:26:31,7206,22,397.0,Autopase_Facturado_Interurbana_Autopista_Nueva_Aconcagua_0020821947_28092026_075144.csv
Autopista Nueva Aconcagua,Facturado,0020821947,Tránsito Tag,LPPZ31,2026-09-09,22:27:51,7204,22,218.0,Autopase_Facturado_Interurbana_Autopista_Nueva_Aconcagua_0020821947_28092026_075144.csv
Autopista Nueva Aconcagua,Facturado,0020821947,Tránsito Tag,LPPZ31,2026-09-09,22:29:14,7202,22,181.0,Autopase_Facturado_Interurbana_Autopista_Nueva_Aconcagua_0020821947_28092026_075144.csv
Autopista Nueva Aconcagua,Facturado,0020821947,Tránsito Tag,KXZS95,2026-09-10,07:00:06,7220,22,900.0,Autopase_Facturado_Interurbana_Autopista_Nueva_Aconcagua_0020821947_28092026_075144.csv
Autopista Nueva Aconcagua,Facturado,0020821947,Tránsito Tag,KXZS95,2026-09-10,07:02:59,7208,22,486.0,Autopase_Facturado_Interurbana_Autopista_Nueva_Aconcagua_0020821947_28092026_075144.csv
Autopista Nueva Aconcagua,Facturado,0020821947,Tránsito Tag,KXZS95,2026-09-10,07:05:23,7206,22,397.0,Autopase_Facturado_Interurbana_Autopista_Nueva_Aconcagua_0020821947_28092026_075144.csv
Autopista Nueva Aconcagua,Facturado,0020821947,Tránsito Tag,KXZS95,2026-09-10,07:07:07,7204,22,218.0,Autopase_Facturado_Interurbana_Autopista_Nueva_Aconcagua_0020821947_28092026_075144.csv
Autopista Nueva Aconcagua,Facturado,0020821947,Tránsito Tag,KXZS95,2026-09-10,07:08:25,7202,22,181.0,Autopase_Facturado_Interurbana_Autopista_Nueva_Aconcagua_0020821947_28092026_075144.csv
Autopista Nueva Aconcagua,Facturado,0020821947,Tránsito Tag,HXJJ44,2026-09-10,20:55:19,7201,21,181.0,Autopase_Facturado_Interurbana_Autopista_Nueva_Aconcagua_0020821947_28092026_075144.csv
Autopista Nueva Aconcagua,Facturado,0020821947,Tránsito Tag,HXJJ44,2026-09-10,20:56:40,7203,21,218.0,Autopase_Facturado_Interurbana_Autopista_Nueva_Aconcagua_0020821947_28092026_075144.csv
Autopista Nueva Aconcagua,Facturado,0020821947,Tránsito Tag,HXJJ44,2026-09-10,20:58:25,7205,21,397.0,Autopase_Facturado_Interurbana_Autopista_Nueva_Aconcagua_0020821947_28092026_075144.csv
Autopista Nueva Aconcagua,Facturado,0020821947,Tránsito Tag,HXJJ44,2026-09-10,21:01:11,7207,21,486.0,Autopase_Facturado_Interurbana_Autopista_Nueva_Aconcagua_0020821947_28092026_075144.csv
Autopista Nueva Aconcagua,Facturado,0020821947,Tránsito Tag,KZGL59,2026-09-11,06:36:42,7201,21,181.0,Autopase_Facturado_Interurbana_Autopista_Nueva_Aconcagua_0020821947_28092026_075144.csv
Autopista Nueva Aconcagua,Facturado,0020821947,Tránsito Tag,KZGL59,2026-09-11,06:37:53,7203,21,218.0,Autopase_Facturado_Interurbana_Autopista_Nueva_Aconcagua_0020821947_28092026_075144.csv
Autopista Nueva Aconcagua,Facturado,0020821947,Tránsito Tag,KZGL59,2026-09-11,06:39:24,7205,21,397.0,Autopase_Facturado_Interurbana_Autopista_Nueva_Aconcagua_0020821947_28092026_075144.csv
Autopista Nueva Aconcagua,Facturado,0020821947,Tránsito Tag,KZGL59,2026-09-11,06:42:04,7207,21,486.0,Autopase_Facturado_Interurbana_Autopista_Nueva_Aconcagua_0020821947_28092026_075144.csv
Autopista Nueva Aconcagua,Facturado,0020821947,Tránsito Tag,KZGL59,2026-09-11,07:14:10,7220,22,900.0,Autopase_Facturado_Interurbana_Autopista_Nueva_Aconcagua_0020821947_28092026_075144.csv
Autopista Nueva Aconcagua,Facturado,0020821947,Tránsito Tag,KZGL59,2026-09-11,07:17:04,7208,22,972.0,Autopase_Facturado_Interurbana_Autopista_Nueva_Aconcagua_0020821947_28092026_075144.csv
Autopista Nueva Aconcagua,Facturado,0020821947,Tránsito Tag,KZGL59,2026-09-11,07:19:43,7206,22,794.0,Autopase_Facturado_Interurbana_Autopista_Nueva_Aconcagua_0020821947_28092026_075144.csv
Autopista Nueva Aconcagua,Facturado,0020821947,Tránsito Tag,HXJJ44,2026-09-11,21:04:10,7203,21,218.0,Autopase_Facturado_Interurbana_Autopista_Nueva_Aconcagua_0020821947_28092026_075144.csv
Autopista Nueva Aconcagua,Facturado,0020821947,Tránsito Tag,HXJJ44,2026-09-11,21:05:57,7205,21,397.0,Autopase_Facturado_Interurbana_Autopista_Nueva_Aconcagua_0020821947_28092026_075144.csv
Autopista Nueva Aconcagua,Facturado,0020821947,Tránsito Tag,HXJJ44,2026-09-11,21:08:44,7207,21,486.0,Autopase_Facturado_Interurbana_Autopista_Nueva_Aconcagua_0020821947_28092026_075144.csv
Autopista Nueva Aconcagua,Facturado,0020821947,Tránsito Tag,KXZS95,2026-09-12,05:42:16,7201,21,181.0,Autopase_Facturado_Interurbana_Autopista_Nueva_Aconcagua_0020821947_28092026_075144.csv
Autopista Nueva Aconcagua,Facturado,0020821947,Tránsito Tag,KXZS95,2026-09-12,05:43:19,7203,21,218.0,Autopase_Facturado_Interurbana_Autopista_Nueva_Aconcagua_0020821947_28092026_075144.csv
Autopista Nueva Aconcagua,Facturado,0020821947,Tránsito Tag,KXZS95,2026-09-12,05:44:46,7205,21,397.0,Autopase_Facturado_Interurbana_Autopista_Nueva_Aconcagua_0020821947_28092026_075144.csv
Autopista Nueva Aconcagua,Facturado,0020821947,Tránsito Tag,KXZS95,2026-09-12,05:47:00,7207,21,486.0,Autopase_Facturado_Interurbana_Autopista_Nueva_Aconcagua_0020821947_28092026_075144.csv
Autopista Nueva Aconcagua,Facturado,0020821947,Tránsito Tag,KXZS95,2026-09-12,06:39:48,7220,22,900.0,Autopase_Facturado_Interurbana_Autopista_Nueva_Aconcagua_0020821947_28092026_075144.csv
Autopista Nueva Aconcagua,Facturado,0020821947,Tránsito Tag,KXZS95,2026-09-12,06:43:12,7208,22,486.0,Autopase_Facturado_Interurbana_Autopista_Nueva_Aconcagua_0020821947_28092026_075144.csv
Autopista Nueva Aconcagua,Facturado,0020821947,Tránsito Tag,KXZS95,2026-09-12,06:45:57,7206,22,397.0,Autopase_Facturado_Interurbana_Autopista_Nueva_Aconcagua_0020821947_28092026_075144.csv
Autopista Nueva Aconcagua,Facturado,0020821947,Tránsito Tag,HXJJ44,2026-09-12,21:14:05,7201,21,181.0,Autopase_Facturado_Interurbana_Autopista_Nueva_Aconcagua_0020821947_28092026_075144.csv
Autopista Nueva Aconcagua,Facturado,0020821947,Tránsito Tag,HXJJ44,2026-09-12,21:15:41,7203,21,218.0,Autopase_Facturado_Interurbana_Autopista_Nueva_Aconcagua_0020821947_28092026_075144.csv
Autopista Nueva Aconcagua,Facturado,0020821947,Tránsito Tag,HXJJ44,2026-09-12,21:17:40,7205,21,397.0,Autopase_Facturado_Interurbana_Autopista_Nueva_Aconcagua_0020821947_28092026_075144.csv
Autopista Nueva Aconcagua,Facturado,0020821947,Tránsito Tag,HXJJ44,2026-09-12,21:21:00,7207,21,486.0,Autopase_Facturado_Interurbana_Autopista_Nueva_Aconcagua_0020821947_28092026_075144.csv
Autopista Nueva Aconcagua,Facturado,0020821947,Tránsito Tag,KXZS95,2026-09-13,06:40:00,7220,22,900.0,Autopase_Facturado_Interurbana_Autopista_Nueva_Aconcagua_0020821947_28092026_075144.csv
Autopista Nueva Aconcagua,Facturado,0020821947,Tránsito Tag,KXZS95,2026-09-13,06:42:19,7208,22,486.0,Autopase_Facturado_Interurbana_Autopista_Nueva_Aconcagua_0020821947_28092026_075144.csv
Autopista Nueva Aconcagua,Facturado,0020821947,Tránsito Tag,KXZS95,2026-09-13,06:44:21,7206,22,397.0,Autopase_Facturado_Interurbana_Autopista_Nueva_Aconcagua_0020821947_28092026_075144.csv
Autopista Nueva Aconcagua,Facturado,0020821947,Tránsito Tag,HXJJ44,2026-09-13,21:14:53,7205,21,794.0,Autopase_Facturado_Interurbana_Autopista_Nueva_Aconcagua_0020821947_28092026_075144.csv
Autopista Nueva Aconcagua,Facturado,0020821947,Tránsito Tag,HXJJ44,2026-09-13,21:17:58,7207,21,972.0,Autopase_Facturado_Interurbana_Autopista_Nueva_Aconcagua_0020821947_28092026_075144.csv
Autopista Nueva Aconcagua,Facturado,0020821947,Tránsito Tag,LPPZ31,2026-09-14,05:51:13,7201,21,181.0,Autopase_Facturado_Interurbana_Autopista_Nueva_Aconcagua_0020821947_28092026_075144.csv
Autopista Nueva Aconcagua,Facturado,0020821947,Tránsito Tag,LPPZ31,2026-09-14,05:52:12,7203,21,218.0,Autopase_Facturado_Interurbana_Autopista_Nueva_Aconcagua_0020821947_28092026_075144.csv
Autopista Nueva Aconcagua,Facturado,0020821947,Tránsito Tag,LPPZ31,2026-09-14,05:53:21,7205,21,397.0,Autopase_Facturado_Interurbana_Autopista_Nueva_Aconcagua_0020821947_28092026_075144.csv
Autopista Nueva Aconcagua,Facturado,0020821947,Tránsito Tag,LPPZ31,2026-09-14,05:55:19,7207,21,486.0,Autopase_Facturado_Interurbana_Autopista_Nueva_Aconcagua_0020821947_28092026_075144.csv
Autopista Nueva Aconcagua,Facturado,0020821947,Tránsito Tag,LPPZ31,2026-09-14,06:30:41,7220,22,900.0,Autopase_Facturado_Interurbana_Autopista_Nueva_Aconcagua_0020821947_28092026_075144.csv
Autopista Nueva Aconcagua,Facturado,0020821947,Tránsito Tag,LPPZ31,2026-09-14,06:33:47,7208,22,486.0,Autopase_Facturado_Interurbana_Autopista_Nueva_Aconcagua_0020821947_28092026_075144.csv
Autopista Nueva Aconcagua,Facturado,0020821947,Tránsito Tag,LPPZ31,2026-09-14,06:36:16,7206,22,397.0,Autopase_Facturado_Interurbana_Autopista_Nueva_Aconcagua_0020821947_28092026_075144.csv
Autopista Nueva Aconcagua,Facturado,0020821947,Tránsito Tag,HXJJ44,2026-09-14,21:07:14,7203,21,218.0,Autopase_Facturado_Interurbana_Autopista_Nueva_Aconcagua_0020821947_28092026_075144.csv
Autopista Nueva Aconcagua,Facturado,0020821947,Tránsito Tag,HXJJ44,2026-09-14,21:09:02,7205,21,397.0,Autopase_Facturado_Interurbana_Autopista_Nueva_Aconcagua_0020821947_28092026_075144.csv
Autopista Nueva Aconcagua,Facturado,0020821947,Tránsito Tag,HXJJ44,2026-09-14,21:12:04,7207,21,486.0,Autopase_Facturado_Interurbana_Autopista_Nueva_Aconcagua_0020821947_28092026_075144.csv
Ruta Los Libertadores,Facturado,0020821947,Tránsito Tag,KZGL59,2026-08-15,06:02:01,1001,18,1400.0,Autopase_Facturado_Interurbana_Ruta_Los_Libertadores_0020821947_28092026_075200.csv
Ruta Los Libertadores,Facturado,0020821947,Tránsito Tag,KZGL59,2026-08-15,06:45:02,1002,17,1400.0,Autopase_Facturado_Interurbana_Ruta_Los_Libertadores_0020821947_28092026_075200.csv
Ruta Los Libertadores,Facturado,0020821947,Tránsito Tag,LPPZ24,2026-08-17,05:59:19,1001,18,1400.0,Autopase_Facturado_Interurbana_Ruta_Los_Libertadores_0020821947_28092026_075200.csv
Ruta Los Libertadores,Facturado,0020821947,Tránsito Tag,LPPZ24,2026-08-17,06:41:32,1002,17,1400.0,Autopase_Facturado_Interurbana_Ruta_Los_Libertadores_0020821947_28092026_075200.csv
Ruta Los Libertadores,Facturado,0020821947,Tránsito Tag,KXZS95,2026-08-20,05:48:33,1001,18,1400.0,Autopase_Facturado_Interurbana_Ruta_Los_Libertadores_0020821947_28092026_075200.csv
Ruta Los Libertadores,Facturado,0020821947,Tránsito Tag,CYPW26,2026-08-20,22:09:25,1002,17,1400.0,Autopase_Facturado_Interurbana_Ruta_Los_Libertadores_0020821947_28092026_075200.csv
Ruta Los Libertadores,Facturado,0020821947,Tránsito Tag,LPPZ31,2026-08-21,06:03:47,1001,18,1400.0,Autopase_Facturado_Interurbana_Ruta_Los_Libertadores_0020821947_28092026_075200.csv
Ruta Los Libertadores,Facturado,0020821947,Tránsito Tag,HXJJ44,2026-08-21,22:01:51,1002,17,1400.0,Autopase_Facturado_Interurbana_Ruta_Los_Libertadores_0020821947_28092026_075200.csv
Ruta Los Libertadores,Facturado,0020821947,Tránsito Tag,KXZS95,2026-08-22,05:51:00,1001,18,1400.0,Autopase_Facturado_Interurbana_Ruta_Los_Libertadores_0020821947_28092026_075200.csv
Ruta Los Libertadores,Facturado,0020821947,Tránsito Tag,KXZS95,2026-08-22,06:32:13,1002,17,1400.0,Autopase_Facturado_Interurbana_Ruta_Los_Libertadores_0020821947_28092026_075200.csv
Ruta Los Libertadores,Facturado,0020821947,Tránsito Tag,KXZS95,2026-08-23,06:15:58,1001,18,1400.0,Autopase_Facturado_Interurbana_Ruta_Los_Libertadores_0020821947_28092026_075200.csv
Ruta Los Libertadores,Facturado,0020821947,Tránsito Tag,KXZS95,2026-08-23,06:55:06,1002,17,1400.0,Autopase_Facturado_Interurbana_Ruta_Los_Libertadores_0020821947_28092026_075200.csv
Ruta Los Libertadores,Facturado,0020821947,Tránsito Tag,KXZS95,2026-08-25,05:59:59,1001,18,1400.0,Autopase_Facturado_Interurbana_Ruta_Los_Libertadores_0020821947_28092026_075200.csv
Ruta Los Libertadores,Facturado,0020821947,Tránsito Tag,KXZS95,2026-08-25,06:35:00,1002,17,1400.0,Autopase_Facturado_Interurbana_Ruta_Los_Libertadores_0020821947_28092026_075200.csv
Ruta Los Libertadores,Facturado,0020821947,Tránsito Tag,HXJJ44,2026-08-25,21:14:20,1001,18,1400.0,Autopase_Facturado_Interurbana_Ruta_Los_Libertadores_0020821947_28092026_075200.csv
Ruta Los Libertadores,Facturado,0020821947,Tránsito Tag,HXJJ44,2026-08-25,21:57:57,1002,17,1400.0,Autopase_Facturado_Interurbana_Ruta_Los_Libertadores_0020821947_28092026_075200.csv
Ruta Los Libertadores,Facturado,0020821947,Tránsito Tag,KXZS95,2026-08-26,06:09:12,1001,18,1400.0,Autopase_Facturado_Interurbana_Ruta_Los_Libertadores_0020821947_28092026_075200.csv
Ruta Los Libertadores,Facturado,0020821947,Tránsito Tag,HXJJ44,2026-08-26,22:24:59,1002,17,1400.0,Autopase_Facturado_Interurbana_Ruta_Los_Libertadores_0020821947_28092026_075200.csv
Ruta Los Libertadores,Facturado,0020821947,Tránsito Tag,KXZS95,2026-08-27,07:34:23,1002,17,1400.0,Autopase_Facturado_Interurbana_Ruta_Los_Libertadores_0020821947_28092026_075200.csv
Ruta Los Libertadores,Facturado,0020821947,Tránsito Tag,HXJJ44,2026-08-27,22:05:30,1002,17,1400.0,Autopase_Facturado_Interurbana_Ruta_Los_Libertadores_0020821947_28092026_075200.csv
Ruta Los Libertadores,Facturado,0020821947,Tránsito Tag,KXZS95,2026-08-30,05:41:31,1001,18,1400.0,Autopase_Facturado_Interurbana_Ruta_Los_Libertadores_0020821947_28092026_075200.csv
Ruta Los Libertadores,Facturado,0020821947,Tránsito Tag,KXZS95,2026-08-30,06:19:43,1002,17,1400.0,Autopase_Facturado_Interurbana_Ruta_Los_Libertadores_0020821947_28092026_075200.csv
Ruta Los Libertadores,Facturado,0020821947,Tránsito Tag,KXZS95,2026-08-31,05:43:16,1001,18,1400.0,Autopase_Facturado_Interurbana_Ruta_Los_Libertadores_0020821947_28092026_075200.csv
Ruta Los Libertadores,Facturado,0020821947,Tránsito Tag,HXJJ44,2026-08-31,22:09:07,1002,17,1400.0,Autopase_Facturado_Interurbana_Ruta_Los_Libertadores_0020821947_28092026_075200.csv
Ruta Los Libertadores,Facturado,0020821947,Tránsito Tag,KXZS95,2026-09-01,05:24:59,1001,18,1400.0,Autopase_Facturado_Interurbana_Ruta_Los_Libertadores_0020821947_28092026_075200.csv
Ruta Los Libertadores,Facturado,0020821947,Tránsito Tag,HXJJ44,2026-09-01,22:09:03,1002,17,1400.0,Autopase_Facturado_Interurbana_Ruta_Los_Libertadores_0020821947_28092026_075200.csv
Ruta Los Libertadores,Facturado,0020821947,Tránsito Tag,LPPZ31,2026-09-02,05:48:47,1001,18,1400.0,Autopase_Facturado_Interurbana_Ruta_Los_Libertadores_0020821947_28092026_075200.csv
Ruta Los Libertadores,Facturado,0020821947,Tránsito Tag,LPPZ31,2026-09-02,06:31:56,1002,17,1400.0,Autopase_Facturado_Interurbana_Ruta_Los_Libertadores_0020821947_28092026_075200.csv
Ruta Los Libertadores,Facturado,0020821947,Tránsito Tag,HXJJ44,2026-09-03,22:17:19,1002,17,1400.0,Autopase_Facturado_Interurbana_Ruta_Los_Libertadores_0020821947_28092026_075200.csv
Ruta Los Libertadores,Facturado,0020821947,Tránsito Tag,HXJJ44,2026-09-05,21:55:06,1002,17,1400.0,Autopase_Facturado_Interurbana_Ruta_Los_Libertadores_0020821947_28092026_075200.csv
Ruta Los Libertadores,Facturado,0020821947,Tránsito Tag,HXJJ44,2026-09-06,22:09:08,1002,17,1400.0,Autopase_Facturado_Interurbana_Ruta_Los_Libertadores_0020821947_28092026_075200.csv
Ruta Los Libertadores,Facturado,0020821947,Tránsito Tag,KXZS95,2026-09-07,06:04:16,1001,18,1400.0,Autopase_Facturado_Interurbana_Ruta_Los_Libertadores_0020821947_28092026_075200.csv
Ruta Los Libertadores,Facturado,0020821947,Tránsito Tag,KXZS95,2026-09-07,06:36:01,1002,17,1400.0,Autopase_Facturado_Interurbana_Ruta_Los_Libertadores_0020821947_28092026_075200.csv
Ruta Los Libertadores,Facturado,0020821947,Tránsito Tag,HXJJ44,2026-09-07,20:55:17,1001,18,1400.0,Autopase_Facturado_Interurbana_Ruta_Los_Libertadores_0020821947_28092026_075200.csv
Ruta Los Libertadores,Facturado,0020821947,Tránsito Tag,HXJJ44,2026-09-07,21:37:23,1002,17,1400.0,Autopase_Facturado_Interurbana_Ruta_Los_Libertadores_0020821947_28092026_075200.csv
Ruta Los Libertadores,Facturado,0020821947,Tránsito Tag,LPPZ31,2026-09-08,05:54:13,1001,18,1400.0,Autopase_Facturado_Interurbana_Ruta_Los_Libertadores_0020821947_28092026_075200.csv
Ruta Los Libertadores,Facturado,0020821947,Tránsito Tag,LPPZ31,2026-09-08,06:35:49,1002,17,1400.0,Autopase_Facturado_Interurbana_Ruta_Los_Libertadores_0020821947_28092026_075200.csv
Ruta Los Libertadores,Facturado,0020821947,Tránsito Tag,HXJJ44,2026-09-08,21:10:36,1001,18,1400.0,Autopase_Facturado_Interurbana_Ruta_Los_Libertadores_0020821947_28092026_075200.csv
Ruta Los Libertadores,Facturado,0020821947,Tránsito Tag,HXJJ44,2026-09-08,21:59:50,1002,17,1400.0,Autopase_Facturado_Interurbana_Ruta_Los_Libertadores_0020821947_28092026_075200.csv
Ruta Los Libertadores,Facturado,0020821947,Tránsito Tag,KXZS95,2026-09-09,05:41:16,1001,18,1400.0,Autopase_Facturado_Interurbana_Ruta_Los_Libertadores_0020821947_28092026_075200.csv
Ruta Los Libertadores,Facturado,0020821947,Tránsito Tag,LPPZ31,2026-09-09,21:14:10,1001,18,1400.0,Autopase_Facturado_Interurbana_Ruta_Los_Libertadores_0020821947_28092026_075200.csv
Ruta Los Libertadores,Facturado,0020821947,Tránsito Tag,KXZS95,2026-09-10,05:49:00,1001,18,1400.0,Autopase_Facturado_Interurbana_Ruta_Los_Libertadores_0020821947_28092026_075200.csv
Ruta Los Libertadores,Facturado,0020821947,Tránsito Tag,HXJJ44,2026-09-10,22:00:11,1002,17,1400.0,Autopase_Facturado_Interurbana_Ruta_Los_Libertadores_0020821947_28092026_075200.csv
Ruta Los Libertadores,Facturado,0020821947,Tránsito Tag,HXJJ44,2026-09-11,22:19:04,1002,17,1400.0,Autopase_Facturado_Interurbana_Ruta_Los_Libertadores_0020821947_28092026_075200.csv
Ruta Los Libertadores,Facturado,0020821947,Tránsito Tag,HXJJ44,2026-09-12,22:31:31,1002,17,1400.0,Autopase_Facturado_Interurbana_Ruta_Los_Libertadores_0020821947_28092026_075200.csv
Ruta Los Libertadores,Facturado,0020821947,Tránsito Tag,KXZS95,2026-09-13,05:41:16,1001,18,1400.0,Autopase_Facturado_Interurbana_Ruta_Los_Libertadores_0020821947_28092026_075200.csv
Ruta Los Libertadores,Facturado,0020821947,Tránsito Tag,HXJJ44,2026-09-13,22:24:15,1002,17,1400.0,Autopase_Facturado_Interurbana_Ruta_Los_Libertadores_0020821947_28092026_075200.csv
Ruta Los Libertadores,Facturado,0020821947,Tránsito Tag,HXJJ44,2026-09-14,22:13:14,1002,17,1400.0,Autopase_Facturado_Interurbana_Ruta_Los_Libertadores_0020821947_28092026_075200.csv
Ruta Los Libertadores,Facturado,0020821947,Tránsito Tag,KXZS95,2026-09-15,05:57:31,1001,18,1400.0,Autopase_Facturado_Interurbana_Ruta_Los_Libertadores_0020821947_28092026_075200.csv
Ruta Los Libertadores,Facturado,0020821947,Tránsito Tag,KXZS95,2026-09-15,06:31:52,1002,17,1400.0,Autopase_Facturado_Interurbana_Ruta_Los_Libertadores_0020821947_28092026_075200.csv
Ruta Los Libertadores,Facturado,0020821947,Tránsito Tag,LPPZ31,2026-09-15,21:07:00,1001,18,1400.0,Autopase_Facturado_Interurbana_Ruta_Los_Libertadores_0020821947_28092026_075200.csv
Ruta Los Libertadores,Facturado,0020821947,Tránsito Tag,LPPZ31,2026-09-15,21:44:53,1002,17,1400.0,Autopase_Facturado_Interurbana_Ruta_Los_Libertadores_0020821947_28092026_075200.csv
Ruta Los Libertadores,Facturado,0020821947,Tránsito Tag,KXZS95,2026-09-16,05:28:57,1001,18,1400.0,Autopase_Facturado_Interurbana_Ruta_Los_Libertadores_0020821947_28092026_075200.csv
Ruta Los Libertadores,Facturado,0020821947,Tránsito Tag,KXZS95,2026-09-16,06:30:19,1002,17,1400.0,Autopase_Facturado_Interurbana_Ruta_Los_Libertadores_0020821947_28092026_075200.csv
Ruta Los Libertadores,Facturado,0020821947,Tránsito Tag,HXJJ44,2026-09-16,21:18:29,1001,18,1400.0,Autopase_Facturado_Interurbana_Ruta_Los_Libertadores_0020821947_28092026_075200.csv
Ruta Los Libertadores,Facturado,0020821947,Tránsito Tag,HXJJ44,2026-09-16,21:57:45,1002,17,1400.0,Autopase_Facturado_Interurbana_Ruta_Los_Libertadores_0020821947_28092026_075200.csv
Autopista Interurbana,No Facturado,,Tránsito Tag,HXJJ44,18-09-2026,20:48:39,1001,Las Canteras,1400.0,Autopase_Interurbana_HXJJ44_28092026_060101.csv
Autopista Interurbana,No Facturado,,Tránsito Tag,HXJJ44,18-09-2026,21:32:52,1002,Las Canteras,1400.0,Autopase_Interurbana_HXJJ44_28092026_060101.csv
Autopista Interurbana,No Facturado,,Tránsito Tag,HXJJ44,19-09-2026,20:51:16,7201,Paso superior Lo Marcoleta,181.0,Autopase_Interurbana_HXJJ44_28092026_060101.csv
Autopista Interurbana,No Facturado,,Tránsito Tag,HXJJ44,19-09-2026,20:52:39,7203,Enlace Buenaventura,218.0,Autopase_Interurbana_HXJJ44_28092026_060101.csv
Autopista Interurbana,No Facturado,,Tránsito Tag,HXJJ44,19-09-2026,20:54:27,7205,Paso superior La Monta&ntilde;a,397.0,Autopase_Interurbana_HXJJ44_28092026_060101.csv
Autopista Interurbana,No Facturado,,Tránsito Tag,HXJJ44,19-09-2026,20:57:23,7207,Enlace Lo Pinto,486.0,Autopase_Interurbana_HXJJ44_28092026_060101.csv
Autopista Interurbana,No Facturado,,Tránsito Tag,HXJJ44,19-09-2026,21:59:56,1002,Las Canteras,1400.0,Autopase_Interurbana_HXJJ44_28092026_060101.csv
Autopista Interurbana,No Facturado,,Tránsito Tag,HXJJ44,19-09-2026,22:12:19,1001,Las Canteras,1400.0,Autopase_Interurbana_HXJJ44_28092026_060101.csv
Autopista Interurbana,No Facturado,,Tránsito Tag,HXJJ44,19-09-2026,22:49:40,1002,Las Canteras,1400.0,Autopase_Interurbana_HXJJ44_28092026_060101.csv
Autopista Interurbana,No Facturado,,Tránsito Tag,HXJJ44,20-09-2026,20:43:12,7201,Paso superior Lo Marcoleta,362.0,Autopase_Interurbana_HXJJ44_28092026_060101.csv
Autopista Interurbana,No Facturado,,Tránsito Tag,HXJJ44,20-09-2026,20:44:34,7203,Enlace Buenaventura,436.0,Autopase_Interurbana_HXJJ44_28092026_060101.csv
Autopista Interurbana,No Facturado,,Tránsito Tag,HXJJ44,20-09-2026,20:46:19,7205,Paso superior La Monta&ntilde;a,794.0,Autopase_Interurbana_HXJJ44_28092026_060101.csv
Autopista Interurbana,No Facturado,,Tránsito Tag,HXJJ44,20-09-2026,20:49:15,7207,Enlace Lo Pinto,972.0,Autopase_Interurbana_HXJJ44_28092026_060101.csv
Autopista Interurbana,No Facturado,,Tránsito Tag,HXJJ44,20-09-2026,21:16:11,7208,Enlace Lo Pinto,972.0,Autopase_Interurbana_HXJJ44_28092026_060101.csv
Autopista Interurbana,No Facturado,,Tránsito Tag,HXJJ44,20-09-2026,21:19:07,7206,Paso superior La Monta&ntilde;a,794.0,Autopase_Interurbana_HXJJ44_28092026_060101.csv
Autopista Interurbana,No Facturado,,Tránsito Tag,HXJJ44,20-09-2026,21:20:52,7204,Enlace Buenaventura,436.0,Autopase_Interurbana_HXJJ44_28092026_060101.csv
Autopista Interurbana,No Facturado,,Tránsito Tag,HXJJ44,20-09-2026,21:22:21,7202,Paso superior Lo Marcoleta,362.0,Autopase_Interurbana_HXJJ44_28092026_060101.csv
Autopista Interurbana,No Facturado,,Tránsito Tag,HXJJ44,20-09-2026,21:37:01,1001,Las Canteras,1400.0,Autopase_Interurbana_HXJJ44_28092026_060101.csv
Autopista Interurbana,No Facturado,,Tránsito Tag,HXJJ44,20-09-2026,22:19:10,1002,Las Canteras,1400.0,Autopase_Interurbana_HXJJ44_28092026_060101.csv
Autopista Interurbana,No Facturado,,Tránsito Tag,HXJJ44,21-09-2026,20:45:29,7201,Paso superior Lo Marcoleta,181.0,Autopase_Interurbana_HXJJ44_28092026_060101.csv
Autopista Interurbana,No Facturado,,Tránsito Tag,HXJJ44,21-09-2026,20:46:53,7203,Enlace Buenaventura,218.0,Autopase_Interurbana_HXJJ44_28092026_060101.csv
Autopista Interurbana,No Facturado,,Tránsito Tag,HXJJ44,21-09-2026,20:48:42,7205,Paso superior La Monta&ntilde;a,397.0,Autopase_Interurbana_HXJJ44_28092026_060101.csv
Autopista Interurbana,No Facturado,,Tránsito Tag,HXJJ44,21-09-2026,20:51:50,7207,Enlace Lo Pinto,486.0,Autopase_Interurbana_HXJJ44_28092026_060101.csv
Autopista Interurbana,No Facturado,,Tránsito Tag,HXJJ44,21-09-2026,21:42:42,7208,Enlace Lo Pinto,486.0,Autopase_Interurbana_HXJJ44_28092026_060101.csv
Autopista Interurbana,No Facturado,,Tránsito Tag,HXJJ44,21-09-2026,21:45:45,7206,Paso superior La Monta&ntilde;a,397.0,Autopase_Interurbana_HXJJ44_28092026_060101.csv
Autopista Interurbana,No Facturado,,Tránsito Tag,HXJJ44,21-09-2026,21:47:35,7204,Enlace Buenaventura,218.0,Autopase_Interurbana_HXJJ44_28092026_060101.csv
Autopista Interurbana,No Facturado,,Tránsito Tag,HXJJ44,21-09-2026,21:49:03,7202,Paso superior Lo Marcoleta,181.0,Autopase_Interurbana_HXJJ44_28092026_060101.csv
Autopista Interurbana,No Facturado,,Tránsito Tag,HXJJ44,22-09-2026,20:37:29,7201,Paso superior Lo Marcoleta,181.0,Autopase_Interurbana_HXJJ44_28092026_060101.csv
Autopista Interurbana,No Facturado,,Tránsito Tag,HXJJ44,22-09-2026,20:38:53,7203,Enlace Buenaventura,218.0,Autopase_Interurbana_HXJJ44_28092026_060101.csv
Autopista Interurbana,No Facturado,,Tránsito Tag,HXJJ44,22-09-2026,20:40:37,7205,Paso superior La Monta&ntilde;a,397.0,Autopase_Interurbana_HXJJ44_28092026_060101.csv
Autopista Interurbana,No Facturado,,Tránsito Tag,HXJJ44,22-09-2026,20:43:30,7207,Enlace Lo Pinto,486.0,Autopase_Interurbana_HXJJ44_28092026_060101.csv
Autopista Interurbana,No Facturado,,Tránsito Tag,HXJJ44,22-09-2026,21:51:11,1002,Las Canteras,1400.0,Autopase_Interurbana_HXJJ44_28092026_060101.csv
Autopista Interurbana,No Facturado,,Tránsito Tag,HXJJ44,25-09-2026,06:05:47,1001,Las Canteras,1400.0,Autopase_Interurbana_HXJJ44_28092026_060101.csv
Autopista Interurbana,No Facturado,,Tránsito Tag,HXJJ44,25-09-2026,06:45:26,1002,Las Canteras,1400.0,Autopase_Interurbana_HXJJ44_28092026_060101.csv
Autopista Interurbana,No Facturado,,Tránsito Tag,HXJJ44,27-09-2026,05:22:44,7201,Paso superior Lo Marcoleta,181.0,Autopase_Interurbana_HXJJ44_28092026_060101.csv
Autopista Interurbana,No Facturado,,Tránsito Tag,HXJJ44,27-09-2026,05:24:09,7203,Enlace Buenaventura,218.0,Autopase_Interurbana_HXJJ44_28092026_060101.csv
Autopista Interurbana,No Facturado,,Tránsito Tag,HXJJ44,27-09-2026,05:25:58,7205,Paso superior La Monta&ntilde;a,397.0,Autopase_Interurbana_HXJJ44_28092026_060101.csv
Autopista Interurbana,No Facturado,,Tránsito Tag,HXJJ44,27-09-2026,05:29:02,7207,Enlace Lo Pinto,486.0,Autopase_Interurbana_HXJJ44_28092026_060101.csv
Autopista Interurbana,No Facturado,,Tránsito Tag,HXJJ44,27-09-2026,06:19:10,7208,Enlace Lo Pinto,486.0,Autopase_Interurbana_HXJJ44_28092026_060101.csv
Autopista Interurbana,No Facturado,,Tránsito Tag,HXJJ44,27-09-2026,06:21:52,7206,Paso superior La Monta&ntilde;a,397.0,Autopase_Interurbana_HXJJ44_28092026_060101.csv
Autopista Interurbana,No Facturado,,Tránsito Tag,KDRJ20,27-09-2026,20:51:18,7201,Paso superior Lo Marcoleta,362.0,Autopase_Interurbana_KDRJ20_28092026_060115.csv
Autopista Interurbana,No Facturado,,Tránsito Tag,KDRJ20,27-09-2026,20:52:45,7203,Enlace Buenaventura,436.0,Autopase_Interurbana_KDRJ20_28092026_060115.csv
Autopista Interurbana,No Facturado,,Tránsito Tag,KDRJ20,27-09-2026,20:54:24,7205,Paso superior La Monta&ntilde;a,794.0,Autopase_Interurbana_KDRJ20_28092026_060115.csv
Autopista Interurbana,No Facturado,,Tránsito Tag,KDRJ20,27-09-2026,20:57:12,7207,Enlace Lo Pinto,972.0,Autopase_Interurbana_KDRJ20_28092026_060115.csv
Autopista Interurbana,No Facturado,,Tránsito Tag,KDRJ20,27-09-2026,21:51:54,7208,Enlace Lo Pinto,972.0,Autopase_Interurbana_KDRJ20_28092026_060115.csv
Autopista Interurbana,No Facturado,,Tránsito Tag,KDRJ20,27-09-2026,21:54:51,7206,Paso superior La Monta&ntilde;a,794.0,Autopase_Interurbana_KDRJ20_28092026_060115.csv
Autopista Interurbana,No Facturado,,Tránsito Tag,KDRJ20,27-09-2026,21:56:38,7204,Enlace Buenaventura,436.0,Autopase_Interurbana_KDRJ20_28092026_060115.csv
Autopista Interurbana,No Facturado,,Tránsito Tag,KDRJ20,27-09-2026,21:58:01,7202,Paso superior Lo Marcoleta,362.0,Autopase_Interurbana_KDRJ20_28092026_060115.csv
Autopista Interurbana,No Facturado,,Tránsito Tag,KXZS95,17-09-2026,05:57:42,1001,Las Canteras,1400.0,Autopase_Interurbana_KXZS95_28092026_060128.csv
Autopista Interurbana,No Facturado,,Tránsito Tag,KXZS95,17-09-2026,06:31:28,1002,Las Canteras,1400.0,Autopase_Interurbana_KXZS95_28092026_060128.csv
Autopista Interurbana,No Facturado,,Tránsito Tag,KXZS95,18-09-2026,05:58:37,1001,Las Canteras,1400.0,Autopase_Interurbana_KXZS95_28092026_060128.csv
Autopista Interurbana,No Facturado,,Tránsito Tag,KXZS95,18-09-2026,06:43:07,1002,Las Canteras,1400.0,Autopase_Interurbana_KXZS95_28092026_060128.csv
Autopista Interurbana,No Facturado,,Tránsito Tag,KXZS95,19-09-2026,05:26:56,7201,Paso superior Lo Marcoleta,181.0,Autopase_Interurbana_KXZS95_28092026_060128.csv
Autopista Interurbana,No Facturado,,Tránsito Tag,KXZS95,19-09-2026,05:27:52,7203,Enlace Buenaventura,218.0,Autopase_Interurbana_KXZS95_28092026_060128.csv
Autopista Interurbana,No Facturado,,Tránsito Tag,KXZS95,19-09-2026,05:29:01,7205,Paso superior La Monta&ntilde;a,397.0,Autopase_Interurbana_KXZS95_28092026_060128.csv
Autopista Interurbana,No Facturado,,Tránsito Tag,KXZS95,19-09-2026,05:30:54,7207,Enlace Lo Pinto,486.0,Autopase_Interurbana_KXZS95_28092026_060128.csv
Autopista Interurbana,No Facturado,,Tránsito Tag,KXZS95,19-09-2026,06:18:10,7208,Enlace Lo Pinto,486.0,Autopase_Interurbana_KXZS95_28092026_060128.csv
Autopista Interurbana,No Facturado,,Tránsito Tag,KXZS95,19-09-2026,06:20:19,7206,Paso superior La Monta&ntilde;a,397.0,Autopase_Interurbana_KXZS95_28092026_060128.csv
Autopista Interurbana,No Facturado,,Tránsito Tag,KXZS95,19-09-2026,06:21:39,7204,Enlace Buenaventura,218.0,Autopase_Interurbana_KXZS95_28092026_060128.csv
Autopista Interurbana,No Facturado,,Tránsito Tag,KXZS95,19-09-2026,06:22:48,7202,Paso superior Lo Marcoleta,181.0,Autopase_Interurbana_KXZS95_28092026_060128.csv
Autopista Interurbana,No Facturado,,Tránsito Tag,KXZS95,23-09-2026,05:16:43,1001,Las Canteras,1400.0,Autopase_Interurbana_KXZS95_28092026_060128.csv
Autopista Interurbana,No Facturado,,Tránsito Tag,KXZS95,23-09-2026,06:23:36,1002,Las Canteras,1400.0,Autopase_Interurbana_KXZS95_28092026_060128.csv
Autopista Interurbana,No Facturado,,Tránsito Tag,KXZS95,24-09-2026,22:07:29,1001,Las Canteras,1400.0,Autopase_Interurbana_KXZS95_28092026_060128.csv
Autopista Interurbana,No Facturado,,Tránsito Tag,KXZS95,24-09-2026,22:53:30,1002,Las Canteras,1400.0,Autopase_Interurbana_KXZS95_28092026_060128.csv
Autopista Interurbana,No Facturado,,Tránsito Tag,LJDV98,22-09-2026,06:49:23,7201,Paso superior Lo Marcoleta,181.0,Autopase_Interurbana_LJDV98_28092026_060159.csv
Autopista Interurbana,No Facturado,,Tránsito Tag,LJDV98,22-09-2026,06:50:47,7203,Enlace Buenaventura,218.0,Autopase_Interurbana_LJDV98_28092026_060159.csv
Autopista Interurbana,No Facturado,,Tránsito Tag,LJDV98,22-09-2026,06:52:34,7205,Paso superior La Monta&ntilde;a,397.0,Autopase_Interurbana_LJDV98_28092026_060159.csv
Autopista Interurbana,No Facturado,,Tránsito Tag,LJDV98,22-09-2026,11:24:07,7208,Enlace Lo Pinto,486.0,Autopase_Interurbana_LJDV98_28092026_060159.csv
Autopista Interurbana,No Facturado,,Tránsito Tag,LJDV98,22-09-2026,11:26:55,7206,Paso superior La Monta&ntilde;a,397.0,Autopase_Interurbana_LJDV98_28092026_060159.csv
Autopista Interurbana,No Facturado,,Tránsito Tag,LJDV98,22-09-2026,11:28:38,7204,Enlace Buenaventura,218.0,Autopase_Interurbana_LJDV98_28092026_060159.csv
Autopista Interurbana,No Facturado,,Tránsito Tag,LJDV98,22-09-2026,11:30:14,7202,Paso superior Lo Marcoleta,181.0,Autopase_Interurbana_LJDV98_28092026_060159.csv
Autopista Interurbana,No Facturado,,Tránsito Tag,LJDV98,25-09-2026,21:29:04,1001,Las Canteras,1400.0,Autopase_Interurbana_LJDV98_28092026_060159.csv
Autopista Interurbana,No Facturado,,Tránsito Tag,LJDV98,25-09-2026,22:11:28,1002,Las Canteras,1400.0,Autopase_Interurbana_LJDV98_28092026_060159.csv
Autopista Interurbana,No Facturado,,Tránsito Tag,LJDV98,26-09-2026,20:54:39,1001,Las Canteras,1400.0,Autopase_Interurbana_LJDV98_28092026_060159.csv
Autopista Interurbana,No Facturado,,Tránsito Tag,LJDV98,26-09-2026,21:31:34,1002,Las Canteras,1400.0,Autopase_Interurbana_LJDV98_28092026_060159.csv
Autopista Interurbana,No Facturado,,Tránsito Tag,LPPZ24,28-09-2026,06:18:10,7201,Paso superior Lo Marcoleta,181.0,Autopase_Interurbana_LPPZ24_28092026_080437.csv
Autopista Interurbana,No Facturado,,Tránsito Tag,LPPZ24,28-09-2026,06:19:35,7203,Enlace Buenaventura,218.0,Autopase_Interurbana_LPPZ24_28092026_080437.csv
Autopista Interurbana,No Facturado,,Tránsito Tag,LPPZ24,28-09-2026,06:21:20,7205,Paso superior La Monta&ntilde;a,397.0,Autopase_Interurbana_LPPZ24_28092026_080437.csv
Autopista Interurbana,No Facturado,,Tránsito Tag,LPPZ24,28-09-2026,06:24:19,7207,Enlace Lo Pinto,486.0,Autopase_Interurbana_LPPZ24_28092026_080437.csv
Autopista Interurbana,No Facturado,,Tránsito Tag,LPPZ24,28-09-2026,07:08:47,7208,Enlace Lo Pinto,486.0,Autopase_Interurbana_LPPZ24_28092026_080437.csv
Autopista Interurbana,No Facturado,,Tránsito Tag,LPPZ24,28-09-2026,07:11:32,7206,Paso superior La Monta&ntilde;a,397.0,Autopase_Interurbana_LPPZ24_28092026_080437.csv
Autopista Interurbana,No Facturado,,Tránsito Tag,LPPZ31,20-09-2026,05:47:27,7201,Paso superior Lo Marcoleta,181.0,Autopase_Interurbana_LPPZ31_28092026_060227.csv
Autopista Interurbana,No Facturado,,Tránsito Tag,LPPZ31,20-09-2026,05:48:44,7203,Enlace Buenaventura,218.0,Autopase_Interurbana_LPPZ31_28092026_060227.csv
Autopista Interurbana,No Facturado,,Tránsito Tag,LPPZ31,20-09-2026,05:50:21,7205,Paso superior La Monta&ntilde;a,397.0,Autopase_Interurbana_LPPZ31_28092026_060227.csv
Autopista Interurbana,No Facturado,,Tránsito Tag,LPPZ31,20-09-2026,05:52:58,7207,Enlace Lo Pinto,486.0,Autopase_Interurbana_LPPZ31_28092026_060227.csv
Autopista Interurbana,No Facturado,,Tránsito Tag,LPPZ31,20-09-2026,06:26:04,7208,Enlace Lo Pinto,486.0,Autopase_Interurbana_LPPZ31_28092026_060227.csv
Autopista Interurbana,No Facturado,,Tránsito Tag,LPPZ31,20-09-2026,06:28:36,7206,Paso superior La Monta&ntilde;a,397.0,Autopase_Interurbana_LPPZ31_28092026_060227.csv
Autopista Interurbana,No Facturado,,Tránsito Tag,LPPZ31,20-09-2026,06:30:08,7204,Enlace Buenaventura,218.0,Autopase_Interurbana_LPPZ31_28092026_060227.csv
Autopista Interurbana,No Facturado,,Tránsito Tag,LPPZ31,20-09-2026,06:31:24,7202,Paso superior Lo Marcoleta,181.0,Autopase_Interurbana_LPPZ31_28092026_060227.csv
Autopista Interurbana,No Facturado,,Tránsito Tag,LPPZ31,21-09-2026,05:48:14,7201,Paso superior Lo Marcoleta,181.0,Autopase_Interurbana_LPPZ31_28092026_060227.csv
Autopista Interurbana,No Facturado,,Tránsito Tag,LPPZ31,21-09-2026,05:49:22,7203,Enlace Buenaventura,218.0,Autopase_Interurbana_LPPZ31_28092026_060227.csv
Autopista Interurbana,No Facturado,,Tránsito Tag,LPPZ31,21-09-2026,05:50:48,7205,Paso superior La Monta&ntilde;a,397.0,Autopase_Interurbana_LPPZ31_28092026_060227.csv
Autopista Interurbana,No Facturado,,Tránsito Tag,LPPZ31,21-09-2026,05:53:06,7207,Enlace Lo Pinto,486.0,Autopase_Interurbana_LPPZ31_28092026_060227.csv
Autopista Interurbana,No Facturado,,Tránsito Tag,LPPZ31,21-09-2026,06:26:03,7220,Lampa,900.0,Autopase_Interurbana_LPPZ31_28092026_060227.csv
Autopista Interurbana,No Facturado,,Tránsito Tag,LPPZ31,21-09-2026,06:29:02,7208,Enlace Lo Pinto,486.0,Autopase_Interurbana_LPPZ31_28092026_060227.csv
Autopista Interurbana,No Facturado,,Tránsito Tag,LPPZ31,21-09-2026,06:31:27,7206,Paso superior La Monta&ntilde;a,397.0,Autopase_Interurbana_LPPZ31_28092026_060227.csv
Autopista Interurbana,No Facturado,,Tránsito Tag,LPPZ31,21-09-2026,06:32:55,7204,Enlace Buenaventura,218.0,Autopase_Interurbana_LPPZ31_28092026_060227.csv
Autopista Interurbana,No Facturado,,Tránsito Tag,LPPZ31,21-09-2026,06:34:05,7202,Paso superior Lo Marcoleta,181.0,Autopase_Interurbana_LPPZ31_28092026_060227.csv
Autopista Interurbana,No Facturado,,Tránsito Tag,LPPZ31,23-09-2026,20:56:55,1001,Las Canteras,1400.0,Autopase_Interurbana_LPPZ31_28092026_060227.csv
Autopista Interurbana,No Facturado,,Tránsito Tag,LPPZ31,23-09-2026,21:37:49,1002,Las Canteras,1400.0,Autopase_Interurbana_LPPZ31_28092026_060227.csv
Autopista Interurbana,No Facturado,,Tránsito Tag,LPPZ31,24-09-2026,06:11:27,1001,Las Canteras,1400.0,Autopase_Interurbana_LPPZ31_28092026_060227.csv
Autopista Interurbana,No Facturado,,Tránsito Tag,LPPZ31,24-09-2026,06:56:23,1002,Las Canteras,1400.0,Autopase_Interurbana_LPPZ31_28092026_060227.csv
Autopista Interurbana,No Facturado,,Tránsito Tag,LPPZ31,26-09-2026,05:41:44,1001,Las Canteras,1400.0,Autopase_Interurbana_LPPZ31_28092026_060227.csv
Autopista Interurbana,No Facturado,,Tránsito Tag,LPPZ31,26-09-2026,06:40:15,1002,Las Canteras,1400.0,Autopase_Interurbana_LPPZ31_28092026_060227.csv
