Nombre;RUT;"N factura o Boleta";Patente;Pórtico;Eje;Lugar;Fecha;Hora;"Tipo de Tarifa";Monto
"AUTOMAAS CHILE SPA";78343019-3;20821947;KDRJ20;PA32;"Ruta 5 Norte - Sur";"Lo Blanco - Las Acacias";2026-08-13;00:23:55;"Tarifa Base Fuera de Punta";176,67
"AUTOMAAS CHILE SPA";78343019-3;20821947;KDRJ20;PA5;"Ruta 5 Sur - Norte";"Colón Oriente";2026-08-13;01:04:38;"Tarifa Base Fuera de Punta";334,63
"AUTOMAAS CHILE SPA";78343019-3;20821947;KDRJ20;PA19;"General Velasquez Sur - Norte";"Puerta Sur Oriente";2026-08-13;01:07:06;"Tarifa Base Fuera de Punta";412,57
"AUTOMAAS CHILE SPA";78343019-3;20821947;KDRJ20;PA32;"Ruta 5 Norte - Sur";"Lo Blanco - Las Acacias";2026-08-13;01:48:39;"Tarifa Base Fuera de Punta";176,67
"AUTOMAAS CHILE SPA";78343019-3;20821947;KDRJ20;PA19;"General Velasquez Sur - Norte";"Puerta Sur Oriente";2026-08-13;04:40:30;"Tarifa Base Fuera de Punta";412,57
"AUTOMAAS CHILE SPA";78343019-3;20821947;KDRJ20;PA23;"General Velasquez Sur - Norte";"Carlos Valdovinos Oriente";2026-08-13;06:40:05;"Tarifa Base Fuera de Punta";287,86
"AUTOMAAS CHILE SPA";78343019-3;20821947;KDRJ20;PA16;"Ruta 5 Sur - Norte";"Avda Santa María Oriente";2026-08-13;07:04:58;"Tarifa Base Fuera de Punta";425,04
"AUTOMAAS CHILE SPA";78343019-3;20821947;KDRJ20;PA17;"Ruta 5 Sur - Norte";"Américo Vespucio Oriente";2026-08-13;07:09:00;"Tarifa Base Punta";924,92
"AUTOMAAS CHILE SPA";78343019-3;20821947;KDRJ20;PA26;"General Velasquez Norte - Sur";"San Pablo Poniente";2026-08-13;09:19:16;"Tarifa Base Fuera de Punta";421,93
"AUTOMAAS CHILE SPA";78343019-3;20821947;KDRJ20;PA24;"General Velasquez Norte - Sur";"Carlos Valdovinos Poniente";2026-08-13;09:20:56;"Tarifa Base Fuera de Punta";287,86
"AUTOMAAS CHILE SPA";78343019-3;20821947;KDRJ20;PA22;"General Velasquez Norte - Sur";"Lo Ovalle Poniente";2026-08-13;09:23:26;"Tarifa Base Fuera de Punta";512,34
"AUTOMAAS CHILE SPA";78343019-3;20821947;LPPZ24;PA10;"Ruta 5 Sur - Norte";"La Marina San Nicolás Oriente";2026-08-13;19:00:33;"Tarifa Base Fuera de Punta";285,79
"AUTOMAAS CHILE SPA";78343019-3;20821947;LPPZ24;PA31;"Ruta 5 Sur - Norte";"Avenida Matta";2026-08-13;19:02:38;"Tarifa Base Fuera de Punta";368,93
"AUTOMAAS CHILE SPA";78343019-3;20821947;LPPZ24;PA13;"Ruta 5 Sur - Norte";"Alameda - Rio Mapocho";2026-08-13;19:21:11;"Tarifa Base Fuera de Punta";181,86
"AUTOMAAS CHILE SPA";78343019-3;20821947;LPPZ24;PA16;"Ruta 5 Sur - Norte";"Avda Santa María Oriente";2026-08-13;19:24:11;"Tarifa Base Fuera de Punta";425,04
"AUTOMAAS CHILE SPA";78343019-3;20821947;LPPZ24;PA17;"Ruta 5 Sur - Norte";"Américo Vespucio Oriente";2026-08-13;19:27:43;"Tarifa Base Punta";924,92
"AUTOMAAS CHILE SPA";78343019-3;20821947;LPPZ24;PA18;"Ruta 5 Norte - Sur";"Américo Vespucio Poniente";2026-08-13;20:18:58;"Tarifa Base Fuera de Punta";462,46
"AUTOMAAS CHILE SPA";78343019-3;20821947;LPPZ24;PA15;"Ruta 5 Norte - Sur";"Bulnes Poniente";2026-08-13;20:24:35;"Tarifa Base Punta";850,10
"AUTOMAAS CHILE SPA";78343019-3;20821947;LPPZ24;PA14;"Ruta 5 Norte - Sur";"Alameda Poniente";2026-08-13;20:26:57;"Tarifa Base Punta";363,73
"AUTOMAAS CHILE SPA";78343019-3;20821947;LPPZ24;PA8;"Ruta 5 Norte - Sur";"Lo Espejo Poniente";2026-08-13;21:02:53;"Tarifa Base Fuera de Punta";452,06
"AUTOMAAS CHILE SPA";78343019-3;20821947;LPPZ24;PA32;"Ruta 5 Norte - Sur";"Lo Blanco - Las Acacias";2026-08-13;21:03:54;"Tarifa Base Fuera de Punta";176,67
"AUTOMAAS CHILE SPA";78343019-3;20821947;LPPZ24;PA6;"Ruta 5 Norte - Sur";"Colón Poniente";2026-08-13;21:05:27;"Tarifa Base Fuera de Punta";157,96
"AUTOMAAS CHILE SPA";78343019-3;20821947;LPPZ24;PA37;"Ruta 5 Norte - Sur";"Colón, Calera de Tango";2026-08-13;21:06:23;"Tarifa Base Fuera de Punta";455,18
"AUTOMAAS CHILE SPA";78343019-3;20821947;LPPZ24;PA4;"Ruta 5 Norte - Sur";"Calera de Tango Poniente";2026-08-13;21:08:05;"Tarifa Base Fuera de Punta";129,90
"AUTOMAAS CHILE SPA";78343019-3;20821947;LPPZ24;PA3;"Ruta 5 Sur - Norte";"Calera de Tango Oriente";2026-08-13;21:14:19;"Tarifa Base Fuera de Punta";585,09
"AUTOMAAS CHILE SPA";78343019-3;20821947;LPPZ24;PA5;"Ruta 5 Sur - Norte";"Colón Oriente";2026-08-13;23:02:53;"Tarifa Base Fuera de Punta";334,63
"AUTOMAAS CHILE SPA";78343019-3;20821947;LPPZ24;PA3;"Ruta 5 Sur - Norte";"Calera de Tango Oriente";2026-08-14;01:14:04;"Tarifa Base Fuera de Punta";585,09
"AUTOMAAS CHILE SPA";78343019-3;20821947;LPPZ24;PA5;"Ruta 5 Sur - Norte";"Colón Oriente";2026-08-14;01:26:39;"Tarifa Base Fuera de Punta";334,63
"AUTOMAAS CHILE SPA";78343019-3;20821947;LPPZ24;PA7;"Ruta 5 Sur - Norte";"Lo Espejo Oriente";2026-08-14;01:28:53;"Tarifa Base Fuera de Punta";452,06
"AUTOMAAS CHILE SPA";78343019-3;20821947;KDRJ20;PA21;"General Velasquez Sur - Norte";"Lo Ovalle Oriente";2026-08-14;02:20:02;"Tarifa Base Fuera de Punta";512,34
"AUTOMAAS CHILE SPA";78343019-3;20821947;LPPZ24;PA11;"Ruta 5 Norte - Sur";"La Marina San Nicolás Poniente";2026-08-14;05:09:25;"Tarifa Base Fuera de Punta";285,79
"AUTOMAAS CHILE SPA";78343019-3;20821947;LPPZ24;PA9;"Ruta 5 Norte - Sur";"Lo Ovalle Poniente";2026-08-14;05:10:12;"Tarifa Base Fuera de Punta";392,83
"AUTOMAAS CHILE SPA";78343019-3;20821947;LPPZ24;PA8;"Ruta 5 Norte - Sur";"Lo Espejo Poniente";2026-08-14;05:12:58;"Tarifa Base Fuera de Punta";452,06
"AUTOMAAS CHILE SPA";78343019-3;20821947;LPPZ24;PA32;"Ruta 5 Norte - Sur";"Lo Blanco - Las Acacias";2026-08-14;05:13:58;"Tarifa Base Fuera de Punta";176,67
"AUTOMAAS CHILE SPA";78343019-3;20821947;LPPZ24;PA4;"Ruta 5 Norte - Sur";"Calera de Tango Poniente";2026-08-14;05:29:13;"Tarifa Base Fuera de Punta";129,90
"AUTOMAAS CHILE SPA";78343019-3;20821947;LPPZ24;PA5;"Ruta 5 Sur - Norte";"Colón Oriente";2026-08-14;05:56:27;"Tarifa Base Fuera de Punta";334,63
"AUTOMAAS CHILE SPA";78343019-3;20821947;LPPZ24;PA7;"Ruta 5 Sur - Norte";"Lo Espejo Oriente";2026-08-14;05:58:48;"Tarifa Base Fuera de Punta";452,06
"AUTOMAAS CHILE SPA";78343019-3;20821947;LPPZ24;PA13;"Ruta 5 Sur - Norte";"Alameda - Rio Mapocho";2026-08-14;07:02:59;"Tarifa Base Punta";363,73
"AUTOMAAS CHILE SPA";78343019-3;20821947;LPPZ24;PA16;"Ruta 5 Sur - Norte";"Avda Santa María Oriente";2026-08-14;07:06:44;"Tarifa Base Fuera de Punta";425,04
"AUTOMAAS CHILE SPA";78343019-3;20821947;LPPZ24;PA17;"Ruta 5 Sur - Norte";"Américo Vespucio Oriente";2026-08-14;07:10:41;"Tarifa Base Punta";924,92
"AUTOMAAS CHILE SPA";78343019-3;20821947;KDRJ20;PA25;"General Velasquez Sur - Norte";"San Pablo Oriente";2026-08-14;07:12:46;"Tarifa Base Punta";843,86
"AUTOMAAS CHILE SPA";78343019-3;20821947;KDRJ20;PA28;"General Velasquez Sur - Norte";"Cerro Renca Oriente";2026-08-14;07:18:36;"Tarifa Base Punta";1.024,69
"AUTOMAAS CHILE SPA";78343019-3;20821947;KDRJ20;PA17;"Ruta 5 Sur - Norte";"Américo Vespucio Oriente";2026-08-14;07:20:31;"Tarifa Base Punta";924,92
"AUTOMAAS CHILE SPA";78343019-3;20821947;LPPZ24;PA18;"Ruta 5 Norte - Sur";"Américo Vespucio Poniente";2026-08-14;07:21:43;"Tarifa Base Punta";924,92
"AUTOMAAS CHILE SPA";78343019-3;20821947;LPPZ24;PA29;"General Velasquez Norte - Sur";"Cerro Renca Poniente";2026-08-14;07:23:27;"Tarifa Base Fuera de Punta";512,34
"AUTOMAAS CHILE SPA";78343019-3;20821947;LPPZ24;PA26;"General Velasquez Norte - Sur";"San Pablo Poniente";2026-08-14;07:28:13;"Tarifa Base Fuera de Punta";421,93
"AUTOMAAS CHILE SPA";78343019-3;20821947;LPPZ24;PA24;"General Velasquez Norte - Sur";"Carlos Valdovinos Poniente";2026-08-14;07:29:49;"Tarifa Base Fuera de Punta";287,86
"AUTOMAAS CHILE SPA";78343019-3;20821947;LPPZ24;PA22;"General Velasquez Norte - Sur";"Lo Ovalle Poniente";2026-08-14;07:32:28;"Tarifa Base Fuera de Punta";512,34
"AUTOMAAS CHILE SPA";78343019-3;20821947;LPPZ24;PA20;"General Velasquez Norte - Sur";"Lo Espejo Poniente";2026-08-14;07:34:41;"Tarifa Base Fuera de Punta";412,57
"AUTOMAAS CHILE SPA";78343019-3;20821947;LPPZ24;PA32;"Ruta 5 Norte - Sur";"Lo Blanco - Las Acacias";2026-08-14;07:36:20;"Tarifa Base Fuera de Punta";176,67
"AUTOMAAS CHILE SPA";78343019-3;20821947;LPPZ24;PA6;"Ruta 5 Norte - Sur";"Colón Poniente";2026-08-14;07:38:13;"Tarifa Base Fuera de Punta";157,96
"AUTOMAAS CHILE SPA";78343019-3;20821947;KDRJ20;PA18;"Ruta 5 Norte - Sur";"Américo Vespucio Poniente";2026-08-14;08:16:36;"Tarifa Base Punta";924,92
"AUTOMAAS CHILE SPA";78343019-3;20821947;KDRJ20;PA22;"General Velasquez Norte - Sur";"Lo Ovalle Poniente";2026-08-14;09:05:31;"Tarifa Base Fuera de Punta";512,34
"AUTOMAAS CHILE SPA";78343019-3;20821947;LJDV98;PA30;"Ruta 5 Sur - Norte";"Americo Vespucio - Departamental";2026-08-14;11:43:03;"Tarifa Base Fuera de Punta";392,83
"AUTOMAAS CHILE SPA";78343019-3;20821947;LJDV98;PA10;"Ruta 5 Sur - Norte";"La Marina San Nicolás Oriente";2026-08-14;11:44:00;"Tarifa Base Fuera de Punta";285,79
"AUTOMAAS CHILE SPA";78343019-3;20821947;LJDV98;PA31;"Ruta 5 Sur - Norte";"Avenida Matta";2026-08-14;11:46:52;"Tarifa Base Punta";737,86
"AUTOMAAS CHILE SPA";78343019-3;20821947;LJDV98;PA16;"Ruta 5 Sur - Norte";"Avda Santa María Oriente";2026-08-14;19:37:22;"Tarifa Base Fuera de Punta";425,04
"AUTOMAAS CHILE SPA";78343019-3;20821947;LJDV98;PA17;"Ruta 5 Sur - Norte";"Américo Vespucio Oriente";2026-08-14;19:41:35;"Tarifa Base Fuera de Punta";462,46
"AUTOMAAS CHILE SPA";78343019-3;20821947;LJDV98;PA18;"Ruta 5 Norte - Sur";"Américo Vespucio Poniente";2026-08-14;20:23:00;"Tarifa Base Fuera de Punta";462,46
"AUTOMAAS CHILE SPA";78343019-3;20821947;LJDV98;PA15;"Ruta 5 Norte - Sur";"Bulnes Poniente";2026-08-14;20:27:59;"Tarifa Base Punta";850,10
"AUTOMAAS CHILE SPA";78343019-3;20821947;LJDV98;PA32;"Ruta 5 Norte - Sur";"Lo Blanco - Las Acacias";2026-08-14;23:41:55;"Tarifa Base Fuera de Punta";176,67
"AUTOMAAS CHILE SPA";78343019-3;20821947;KZGL59;PA16;"Ruta 5 Sur - Norte";"Avda Santa María Oriente";2026-08-15;01:08:27;"Tarifa Base Fuera de Punta";425,04
"AUTOMAAS CHILE SPA";78343019-3;20821947;LJDV98;PA22;"General Velasquez Norte - Sur";"Lo Ovalle Poniente";2026-08-15;03:51:06;"Tarifa Base Fuera de Punta";512,34
"AUTOMAAS CHILE SPA";78343019-3;20821947;LJDV98;PA26;"General Velasquez Norte - Sur";"San Pablo Poniente";2026-08-15;04:52:58;"Tarifa Base Fuera de Punta";421,93
"AUTOMAAS CHILE SPA";78343019-3;20821947;LJDV98;PA24;"General Velasquez Norte - Sur";"Carlos Valdovinos Poniente";2026-08-15;04:54:37;"Tarifa Base Fuera de Punta";287,86
"AUTOMAAS CHILE SPA";78343019-3;20821947;LJDV98;PA22;"General Velasquez Norte - Sur";"Lo Ovalle Poniente";2026-08-15;04:57:29;"Tarifa Base Fuera de Punta";512,34
"AUTOMAAS CHILE SPA";78343019-3;20821947;KZGL59;PA7;"Ruta 5 Sur - Norte";"Lo Espejo Oriente";2026-08-15;05:11:36;"Tarifa Base Fuera de Punta";452,06
"AUTOMAAS CHILE SPA";78343019-3;20821947;KZGL59;PA21;"General Velasquez Sur - Norte";"Lo Ovalle Oriente";2026-08-15;05:40:08;"Tarifa Base Fuera de Punta";512,34
"AUTOMAAS CHILE SPA";78343019-3;20821947;KZGL59;PA23;"General Velasquez Sur - Norte";"Carlos Valdovinos Oriente";2026-08-15;05:43:00;"Tarifa Base Fuera de Punta";287,86
"AUTOMAAS CHILE SPA";78343019-3;20821947;KZGL59;PA25;"General Velasquez Sur - Norte";"San Pablo Oriente";2026-08-15;05:44:33;"Tarifa Base Fuera de Punta";421,93
"AUTOMAAS CHILE SPA";78343019-3;20821947;KZGL59;PA28;"General Velasquez Sur - Norte";"Cerro Renca Oriente";2026-08-15;05:54:46;"Tarifa Base Fuera de Punta";512,34
"AUTOMAAS CHILE SPA";78343019-3;20821947;KZGL59;PA17;"Ruta 5 Sur - Norte";"Américo Vespucio Oriente";2026-08-15;05:56:01;"Tarifa Base Fuera de Punta";462,46
"AUTOMAAS CHILE SPA";78343019-3;20821947;LKGZ52;PA8;"Ruta 5 Norte - Sur";"Lo Espejo Poniente";2026-08-15;06:19:48;"Tarifa Base Fuera de Punta";452,06
"AUTOMAAS CHILE SPA";78343019-3;20821947;LKGZ52;PA32;"Ruta 5 Norte - Sur";"Lo Blanco - Las Acacias";2026-08-15;06:20:44;"Tarifa Base Fuera de Punta";176,67
"AUTOMAAS CHILE SPA";78343019-3;20821947;LKGZ52;PA6;"Ruta 5 Norte - Sur";"Colón Poniente";2026-08-15;06:22:05;"Tarifa Base Fuera de Punta";157,96
"AUTOMAAS CHILE SPA";78343019-3;20821947;LKGZ52;PA37;"Ruta 5 Norte - Sur";"Colón, Calera de Tango";2026-08-15;06:22:56;"Tarifa Base Fuera de Punta";455,18
"AUTOMAAS CHILE SPA";78343019-3;20821947;LKGZ52;PA5;"Ruta 5 Sur - Norte";"Colón Oriente";2026-08-15;06:51:46;"Tarifa Base Fuera de Punta";334,63
"AUTOMAAS CHILE SPA";78343019-3;20821947;LKGZ52;PA7;"Ruta 5 Sur - Norte";"Lo Espejo Oriente";2026-08-15;06:54:19;"Tarifa Base Fuera de Punta";452,06
"AUTOMAAS CHILE SPA";78343019-3;20821947;LKGZ52;PA23;"General Velasquez Sur - Norte";"Carlos Valdovinos Oriente";2026-08-15;07:21:06;"Tarifa Base Fuera de Punta";287,86
"AUTOMAAS CHILE SPA";78343019-3;20821947;LKGZ52;PA25;"General Velasquez Sur - Norte";"San Pablo Oriente";2026-08-15;07:22:40;"Tarifa Base Fuera de Punta";421,93
"AUTOMAAS CHILE SPA";78343019-3;20821947;LKGZ52;PA28;"General Velasquez Sur - Norte";"Cerro Renca Oriente";2026-08-15;07:27:02;"Tarifa Base Fuera de Punta";512,34
"AUTOMAAS CHILE SPA";78343019-3;20821947;LKGZ52;PA17;"Ruta 5 Sur - Norte";"Américo Vespucio Oriente";2026-08-15;07:28:19;"Tarifa Base Fuera de Punta";462,46
"AUTOMAAS CHILE SPA";78343019-3;20821947;LKGZ52;PA18;"Ruta 5 Norte - Sur";"Américo Vespucio Poniente";2026-08-15;08:19:26;"Tarifa Base Fuera de Punta";462,46
"AUTOMAAS CHILE SPA";78343019-3;20821947;LKGZ52;PA15;"Ruta 5 Norte - Sur";"Bulnes Poniente";2026-08-15;08:23:01;"Tarifa Base Fuera de Punta";425,04
"AUTOMAAS CHILE SPA";78343019-3;20821947;LKGZ52;PA14;"Ruta 5 Norte - Sur";"Alameda Poniente";2026-08-15;08:24:34;"Tarifa Base Fuera de Punta";181,86
"AUTOMAAS CHILE SPA";78343019-3;20821947;LKGZ52;PA12;"Ruta 5 Norte - Sur";"Avda Matta Poniente";2026-08-15;08:25:50;"Tarifa Base Fuera de Punta";368,93
"AUTOMAAS CHILE SPA";78343019-3;20821947;LKGZ52;PA11;"Ruta 5 Norte - Sur";"La Marina San Nicolás Poniente";2026-08-15;08:27:38;"Tarifa Base Fuera de Punta";285,79
"AUTOMAAS CHILE SPA";78343019-3;20821947;KZGL59;PA14;"Ruta 5 Norte - Sur";"Alameda Poniente";2026-08-15;09:24:30;"Tarifa Base Fuera de Punta";181,86
"AUTOMAAS CHILE SPA";78343019-3;20821947;KZGL59;PA12;"Ruta 5 Norte - Sur";"Avda Matta Poniente";2026-08-15;09:26:03;"Tarifa Base Fuera de Punta";368,93
"AUTOMAAS CHILE SPA";78343019-3;20821947;KZGL59;PA11;"Ruta 5 Norte - Sur";"La Marina San Nicolás Poniente";2026-08-15;09:28:09;"Tarifa Base Fuera de Punta";285,79
"AUTOMAAS CHILE SPA";78343019-3;20821947;KZGL59;PA9;"Ruta 5 Norte - Sur";"Lo Ovalle Poniente";2026-08-15;09:29:02;"Tarifa Base Fuera de Punta";392,83
"AUTOMAAS CHILE SPA";78343019-3;20821947;KZGL59;PA16;"Ruta 5 Sur - Norte";"Avda Santa María Oriente";2026-08-15;19:40:28;"Tarifa Base Fuera de Punta";425,04
"AUTOMAAS CHILE SPA";78343019-3;20821947;KZGL59;PA17;"Ruta 5 Sur - Norte";"Américo Vespucio Oriente";2026-08-15;19:43:56;"Tarifa Base Fuera de Punta";462,46
"AUTOMAAS CHILE SPA";78343019-3;20821947;LDWP36;PA18;"Ruta 5 Norte - Sur";"Américo Vespucio Poniente";2026-08-15;20:20:38;"Tarifa Base Fuera de Punta";924,92
"AUTOMAAS CHILE SPA";78343019-3;20821947;LDWP36;PA29;"General Velasquez Norte - Sur";"Cerro Renca Poniente";2026-08-15;20:21:50;"Tarifa Base Fuera de Punta";768,51
"AUTOMAAS CHILE SPA";78343019-3;20821947;KZGL59;PA18;"Ruta 5 Norte - Sur";"Américo Vespucio Poniente";2026-08-15;20:24:55;"Tarifa Base Fuera de Punta";462,46
"AUTOMAAS CHILE SPA";78343019-3;20821947;LDWP36;PA26;"General Velasquez Norte - Sur";"San Pablo Poniente";2026-08-15;20:26:49;"Tarifa Base Fuera de Punta";421,93
"AUTOMAAS CHILE SPA";78343019-3;20821947;KZGL59;PA15;"Ruta 5 Norte - Sur";"Bulnes Poniente";2026-08-15;20:29:22;"Tarifa Base Fuera de Punta";425,04
"AUTOMAAS CHILE SPA";78343019-3;20821947;KZGL59;PA14;"Ruta 5 Norte - Sur";"Alameda Poniente";2026-08-15;20:31:32;"Tarifa Base Fuera de Punta";181,86
"AUTOMAAS CHILE SPA";78343019-3;20821947;LJDV98;PA30;"Ruta 5 Sur - Norte";"Americo Vespucio - Departamental";2026-08-15;20:38:08;"Tarifa Base Fuera de Punta";785,66
"AUTOMAAS CHILE SPA";78343019-3;20821947;LJDV98;PA10;"Ruta 5 Sur - Norte";"La Marina San Nicolás Oriente";2026-08-15;20:39:02;"Tarifa Base Fuera de Punta";285,79
"AUTOMAAS CHILE SPA";78343019-3;20821947;LJDV98;PA31;"Ruta 5 Sur - Norte";"Avenida Matta";2026-08-15;20:41:11;"Tarifa Base Fuera de Punta";368,93
"AUTOMAAS CHILE SPA";78343019-3;20821947;LJDV98;PA13;"Ruta 5 Sur - Norte";"Alameda - Rio Mapocho";2026-08-15;20:56:54;"Tarifa Base Fuera de Punta";181,86
"AUTOMAAS CHILE SPA";78343019-3;20821947;LJDV98;PA12;"Ruta 5 Norte - Sur";"Avda Matta Poniente";2026-08-15;22:16:25;"Tarifa Base Fuera de Punta";368,93
"AUTOMAAS CHILE SPA";78343019-3;20821947;LJDV98;PA11;"Ruta 5 Norte - Sur";"La Marina San Nicolás Poniente";2026-08-15;22:18:36;"Tarifa Base Fuera de Punta";285,79
"AUTOMAAS CHILE SPA";78343019-3;20821947;LJDV98;PA9;"Ruta 5 Norte - Sur";"Lo Ovalle Poniente";2026-08-15;22:19:31;"Tarifa Base Fuera de Punta";392,83
"AUTOMAAS CHILE SPA";78343019-3;20821947;KZGL59;PA30;"Ruta 5 Sur - Norte";"Americo Vespucio - Departamental";2026-08-16;05:04:23;"Tarifa Base Fuera de Punta";392,83
"AUTOMAAS CHILE SPA";78343019-3;20821947;KZGL59;PA22;"General Velasquez Norte - Sur";"Lo Ovalle Poniente";2026-08-16;05:19:27;"Tarifa Base Fuera de Punta";512,34
"AUTOMAAS CHILE SPA";78343019-3;20821947;LDWP36;PA14;"Ruta 5 Norte - Sur";"Alameda Poniente";2026-08-16;07:27:39;"Tarifa Base Fuera de Punta";181,86
"AUTOMAAS CHILE SPA";78343019-3;20821947;LDWP36;PA12;"Ruta 5 Norte - Sur";"Avda Matta Poniente";2026-08-16;07:29:01;"Tarifa Base Fuera de Punta";368,93
"AUTOMAAS CHILE SPA";78343019-3;20821947;LDWP36;PA11;"Ruta 5 Norte - Sur";"La Marina San Nicolás Poniente";2026-08-16;07:30:56;"Tarifa Base Fuera de Punta";285,79
"AUTOMAAS CHILE SPA";78343019-3;20821947;LDWP36;PA9;"Ruta 5 Norte - Sur";"Lo Ovalle Poniente";2026-08-16;07:31:48;"Tarifa Base Fuera de Punta";392,83
"AUTOMAAS CHILE SPA";78343019-3;20821947;KZGL59;PA21;"General Velasquez Sur - Norte";"Lo Ovalle Oriente";2026-08-16;17:49:54;"Tarifa Base Fuera de Punta";512,34
"AUTOMAAS CHILE SPA";78343019-3;20821947;KZGL59;PA23;"General Velasquez Sur - Norte";"Carlos Valdovinos Oriente";2026-08-16;17:52:30;"Tarifa Base Fuera de Punta";287,86
"AUTOMAAS CHILE SPA";78343019-3;20821947;KZGL59;PA25;"General Velasquez Sur - Norte";"San Pablo Oriente";2026-08-16;17:53:57;"Tarifa Base Fuera de Punta";421,93
"AUTOMAAS CHILE SPA";78343019-3;20821947;LDWP36;PA28;"General Velasquez Sur - Norte";"Cerro Renca Oriente";2026-08-16;19:22:46;"Tarifa Base Fuera de Punta";512,34
"AUTOMAAS CHILE SPA";78343019-3;20821947;LDWP36;PA17;"Ruta 5 Sur - Norte";"Américo Vespucio Oriente";2026-08-16;19:24:07;"Tarifa Base Fuera de Punta";462,46
"AUTOMAAS CHILE SPA";78343019-3;20821947;LDWP36;PA18;"Ruta 5 Norte - Sur";"Américo Vespucio Poniente";2026-08-16;20:18:39;"Tarifa Base Fuera de Punta";462,46
"AUTOMAAS CHILE SPA";78343019-3;20821947;LDWP36;PA15;"Ruta 5 Norte - Sur";"Bulnes Poniente";2026-08-16;20:23:06;"Tarifa Base Fuera de Punta";425,04
"AUTOMAAS CHILE SPA";78343019-3;20821947;LDWP36;PA14;"Ruta 5 Norte - Sur";"Alameda Poniente";2026-08-16;20:25:08;"Tarifa Base Fuera de Punta";181,86
"AUTOMAAS CHILE SPA";78343019-3;20821947;KZGL59;PA14;"Ruta 5 Norte - Sur";"Alameda Poniente";2026-08-16;21:17:12;"Tarifa Base Fuera de Punta";181,86
"AUTOMAAS CHILE SPA";78343019-3;20821947;KZGL59;PA12;"Ruta 5 Norte - Sur";"Avda Matta Poniente";2026-08-16;21:18:45;"Tarifa Base Fuera de Punta";368,93
"AUTOMAAS CHILE SPA";78343019-3;20821947;KZGL59;PA11;"Ruta 5 Norte - Sur";"La Marina San Nicolás Poniente";2026-08-16;21:20:43;"Tarifa Base Fuera de Punta";285,79
"AUTOMAAS CHILE SPA";78343019-3;20821947;KZGL59;PA9;"Ruta 5 Norte - Sur";"Lo Ovalle Poniente";2026-08-16;21:21:30;"Tarifa Base Fuera de Punta";392,83
"AUTOMAAS CHILE SPA";78343019-3;20821947;KDRJ20;PA3;"Ruta 5 Sur - Norte";"Calera de Tango Oriente";2026-08-17;01:16:58;"Tarifa Base Fuera de Punta";585,09
"AUTOMAAS CHILE SPA";78343019-3;20821947;KDRJ20;PA5;"Ruta 5 Sur - Norte";"Colón Oriente";2026-08-17;01:19:37;"Tarifa Base Fuera de Punta";334,63
"AUTOMAAS CHILE SPA";78343019-3;20821947;KDRJ20;PA19;"General Velasquez Sur - Norte";"Puerta Sur Oriente";2026-08-17;01:21:48;"Tarifa Base Fuera de Punta";412,57
"AUTOMAAS CHILE SPA";78343019-3;20821947;KDRJ20;PA21;"General Velasquez Sur - Norte";"Lo Ovalle Oriente";2026-08-17;01:25:15;"Tarifa Base Fuera de Punta";512,34
"AUTOMAAS CHILE SPA";78343019-3;20821947;KDRJ20;PA11;"Ruta 5 Norte - Sur";"La Marina San Nicolás Poniente";2026-08-17;01:57:02;"Tarifa Base Fuera de Punta";285,79
"AUTOMAAS CHILE SPA";78343019-3;20821947;KDRJ20;PA9;"Ruta 5 Norte - Sur";"Lo Ovalle Poniente";2026-08-17;01:57:55;"Tarifa Base Fuera de Punta";392,83
"AUTOMAAS CHILE SPA";78343019-3;20821947;KDRJ20;PA8;"Ruta 5 Norte - Sur";"Lo Espejo Poniente";2026-08-17;02:01:09;"Tarifa Base Fuera de Punta";452,06
"AUTOMAAS CHILE SPA";78343019-3;20821947;KDRJ20;PA32;"Ruta 5 Norte - Sur";"Lo Blanco - Las Acacias";2026-08-17;02:02:21;"Tarifa Base Fuera de Punta";176,67
"AUTOMAAS CHILE SPA";78343019-3;20821947;KDRJ20;PA6;"Ruta 5 Norte - Sur";"Colón Poniente";2026-08-17;03:07:01;"Tarifa Base Fuera de Punta";157,96
"AUTOMAAS CHILE SPA";78343019-3;20821947;KDRJ20;PA5;"Ruta 5 Sur - Norte";"Colón Oriente";2026-08-17;03:26:08;"Tarifa Base Fuera de Punta";334,63
"AUTOMAAS CHILE SPA";78343019-3;20821947;KDRJ20;PA19;"General Velasquez Sur - Norte";"Puerta Sur Oriente";2026-08-17;03:28:23;"Tarifa Base Fuera de Punta";412,57
"AUTOMAAS CHILE SPA";78343019-3;20821947;LDWP36;PA9;"Ruta 5 Norte - Sur";"Lo Ovalle Poniente";2026-08-17;04:55:50;"Tarifa Base Fuera de Punta";392,83
"AUTOMAAS CHILE SPA";78343019-3;20821947;LJDV98;PA20;"General Velasquez Norte - Sur";"Lo Espejo Poniente";2026-08-17;05:29:01;"Tarifa Base Fuera de Punta";412,57
"AUTOMAAS CHILE SPA";78343019-3;20821947;KDRJ20;PA19;"General Velasquez Sur - Norte";"Puerta Sur Oriente";2026-08-17;05:34:22;"Tarifa Base Fuera de Punta";412,57
"AUTOMAAS CHILE SPA";78343019-3;20821947;LPPZ24;PA21;"General Velasquez Sur - Norte";"Lo Ovalle Oriente";2026-08-17;05:41:42;"Tarifa Base Fuera de Punta";512,34
"AUTOMAAS CHILE SPA";78343019-3;20821947;LPPZ24;PA23;"General Velasquez Sur - Norte";"Carlos Valdovinos Oriente";2026-08-17;05:44:35;"Tarifa Base Fuera de Punta";287,86
"AUTOMAAS CHILE SPA";78343019-3;20821947;LPPZ24;PA25;"General Velasquez Sur - Norte";"San Pablo Oriente";2026-08-17;05:46:07;"Tarifa Base Fuera de Punta";421,93
"AUTOMAAS CHILE SPA";78343019-3;20821947;LPPZ24;PA28;"General Velasquez Sur - Norte";"Cerro Renca Oriente";2026-08-17;05:50:51;"Tarifa Base Fuera de Punta";512,34
"AUTOMAAS CHILE SPA";78343019-3;20821947;KZGL59;PA30;"Ruta 5 Sur - Norte";"Americo Vespucio - Departamental";2026-08-17;05:51:44;"Tarifa Base Fuera de Punta";392,83
"AUTOMAAS CHILE SPA";78343019-3;20821947;LPPZ24;PA17;"Ruta 5 Sur - Norte";"Américo Vespucio Oriente";2026-08-17;05:52:27;"Tarifa Base Fuera de Punta";462,46
"AUTOMAAS CHILE SPA";78343019-3;20821947;KZGL59;PA10;"Ruta 5 Sur - Norte";"La Marina San Nicolás Oriente";2026-08-17;05:52:41;"Tarifa Base Fuera de Punta";285,79
"AUTOMAAS CHILE SPA";78343019-3;20821947;LDWP36;PA31;"Ruta 5 Sur - Norte";"Avenida Matta";2026-08-17;06:08:09;"Tarifa Base Fuera de Punta";368,93
"AUTOMAAS CHILE SPA";78343019-3;20821947;LDWP36;PA13;"Ruta 5 Sur - Norte";"Alameda - Rio Mapocho";2026-08-17;06:09:58;"Tarifa Base Fuera de Punta";181,86
"AUTOMAAS CHILE SPA";78343019-3;20821947;KZGL59;PA13;"Ruta 5 Sur - Norte";"Alameda - Rio Mapocho";2026-08-17;06:56:44;"Tarifa Base Punta";363,73
"AUTOMAAS CHILE SPA";78343019-3;20821947;KZGL59;PA16;"Ruta 5 Sur - Norte";"Avda Santa María Oriente";2026-08-17;07:00:33;"Tarifa Base Fuera de Punta";425,04
"AUTOMAAS CHILE SPA";78343019-3;20821947;KDRJ20;PA25;"General Velasquez Sur - Norte";"San Pablo Oriente";2026-08-17;07:13:31;"Tarifa Base Punta";843,86
"AUTOMAAS CHILE SPA";78343019-3;20821947;LDWP36;PA14;"Ruta 5 Norte - Sur";"Alameda Poniente";2026-08-17;07:23:32;"Tarifa Base Punta";363,73
"AUTOMAAS CHILE SPA";78343019-3;20821947;KDRJ20;PA28;"General Velasquez Sur - Norte";"Cerro Renca Oriente";2026-08-17;07:25:51;"Tarifa Base Punta";1.024,69
"AUTOMAAS CHILE SPA";78343019-3;20821947;LDWP36;PA11;"Ruta 5 Norte - Sur";"La Marina San Nicolás Poniente";2026-08-17;07:26:55;"Tarifa Base Fuera de Punta";285,79
"AUTOMAAS CHILE SPA";78343019-3;20821947;LDWP36;PA9;"Ruta 5 Norte - Sur";"Lo Ovalle Poniente";2026-08-17;07:27:44;"Tarifa Base Fuera de Punta";392,83
"AUTOMAAS CHILE SPA";78343019-3;20821947;KDRJ20;PA17;"Ruta 5 Sur - Norte";"Américo Vespucio Oriente";2026-08-17;07:30:13;"Tarifa Base Punta";924,92
"AUTOMAAS CHILE SPA";78343019-3;20821947;KDRJ20;PA18;"Ruta 5 Norte - Sur";"Américo Vespucio Poniente";2026-08-17;08:28:46;"Tarifa Base Punta";924,92
"AUTOMAAS CHILE SPA";78343019-3;20821947;KZGL59;PA10;"Ruta 5 Sur - Norte";"La Marina San Nicolás Oriente";2026-08-17;18:57:52;"Tarifa Base Fuera de Punta";285,79
"AUTOMAAS CHILE SPA";78343019-3;20821947;KZGL59;PA31;"Ruta 5 Sur - Norte";"Avenida Matta";2026-08-17;19:00:04;"Tarifa Base Fuera de Punta";368,93
"AUTOMAAS CHILE SPA";78343019-3;20821947;KZGL59;PA13;"Ruta 5 Sur - Norte";"Alameda - Rio Mapocho";2026-08-17;19:01:36;"Tarifa Base Fuera de Punta";181,86
"AUTOMAAS CHILE SPA";78343019-3;20821947;KZGL59;PA16;"Ruta 5 Sur - Norte";"Avda Santa María Oriente";2026-08-17;19:05:13;"Tarifa Base Fuera de Punta";425,04
"AUTOMAAS CHILE SPA";78343019-3;20821947;KZGL59;PA17;"Ruta 5 Sur - Norte";"Américo Vespucio Oriente";2026-08-17;19:11:19;"Tarifa Base Punta";924,92
"AUTOMAAS CHILE SPA";78343019-3;20821947;LDWP36;PA28;"General Velasquez Sur - Norte";"Cerro Renca Oriente";2026-08-17;19:28:34;"Tarifa Base Fuera de Punta";512,34
"AUTOMAAS CHILE SPA";78343019-3;20821947;LDWP36;PA17;"Ruta 5 Sur - Norte";"Américo Vespucio Oriente";2026-08-17;19:30:02;"Tarifa Base Fuera de Punta";462,46
"AUTOMAAS CHILE SPA";78343019-3;20821947;LJDV98;PA16;"Ruta 5 Sur - Norte";"Avda Santa María Oriente";2026-08-17;19:42:41;"Tarifa Base Fuera de Punta";425,04
"AUTOMAAS CHILE SPA";78343019-3;20821947;LJDV98;PA17;"Ruta 5 Sur - Norte";"Américo Vespucio Oriente";2026-08-17;19:46:48;"Tarifa Base Fuera de Punta";462,46
"AUTOMAAS CHILE SPA";78343019-3;20821947;LDWP36;PA18;"Ruta 5 Norte - Sur";"Américo Vespucio Poniente";2026-08-17;20:20:36;"Tarifa Base Fuera de Punta";462,46
"AUTOMAAS CHILE SPA";78343019-3;20821947;LJDV98;PA18;"Ruta 5 Norte - Sur";"Américo Vespucio Poniente";2026-08-17;20:24:15;"Tarifa Base Fuera de Punta";462,46
"AUTOMAAS CHILE SPA";78343019-3;20821947;LDWP36;PA15;"Ruta 5 Norte - Sur";"Bulnes Poniente";2026-08-17;20:24:53;"Tarifa Base Punta";850,10
"AUTOMAAS CHILE SPA";78343019-3;20821947;LDWP36;PA14;"Ruta 5 Norte - Sur";"Alameda Poniente";2026-08-17;20:26:57;"Tarifa Base Punta";363,73
"AUTOMAAS CHILE SPA";78343019-3;20821947;KZGL59;PA18;"Ruta 5 Norte - Sur";"Américo Vespucio Poniente";2026-08-17;20:27:46;"Tarifa Base Fuera de Punta";462,46
"AUTOMAAS CHILE SPA";78343019-3;20821947;KZGL59;PA29;"General Velasquez Norte - Sur";"Cerro Renca Poniente";2026-08-17;20:29:11;"Tarifa Base Punta";1.024,69
"AUTOMAAS CHILE SPA";78343019-3;20821947;LJDV98;PA15;"Ruta 5 Norte - Sur";"Bulnes Poniente";2026-08-17;20:29:45;"Tarifa Base Punta";850,10
"AUTOMAAS CHILE SPA";78343019-3;20821947;KZGL59;PA26;"General Velasquez Norte - Sur";"San Pablo Poniente";2026-08-17;20:34:15;"Tarifa Base Fuera de Punta";421,93
"AUTOMAAS CHILE SPA";78343019-3;20821947;KZGL59;PA24;"General Velasquez Norte - Sur";"Carlos Valdovinos Poniente";2026-08-17;20:35:50;"Tarifa Base Fuera de Punta";287,86
"AUTOMAAS CHILE SPA";78343019-3;20821947;KZGL59;PA9;"Ruta 5 Norte - Sur";"Lo Ovalle Poniente";2026-08-17;21:00:56;"Tarifa Base Fuera de Punta";392,83
"AUTOMAAS CHILE SPA";78343019-3;20821947;KZGL59;PA8;"Ruta 5 Norte - Sur";"Lo Espejo Poniente";2026-08-17;21:04:44;"Tarifa Base Fuera de Punta";452,06
"AUTOMAAS CHILE SPA";78343019-3;20821947;KZGL59;PA32;"Ruta 5 Norte - Sur";"Lo Blanco - Las Acacias";2026-08-17;21:06:03;"Tarifa Base Fuera de Punta";176,67
"AUTOMAAS CHILE SPA";78343019-3;20821947;KZGL59;PA6;"Ruta 5 Norte - Sur";"Colón Poniente";2026-08-17;21:07:53;"Tarifa Base Fuera de Punta";157,96
"AUTOMAAS CHILE SPA";78343019-3;20821947;KZGL59;PA37;"Ruta 5 Norte - Sur";"Colón, Calera de Tango";2026-08-17;21:09:08;"Tarifa Base Fuera de Punta";455,18
"AUTOMAAS CHILE SPA";78343019-3;20821947;KXZS95;PA12;"Ruta 5 Norte - Sur";"Avda Matta Poniente";2026-08-17;22:13:51;"Tarifa Base Fuera de Punta";368,93
"AUTOMAAS CHILE SPA";78343019-3;20821947;KXZS95;PA11;"Ruta 5 Norte - Sur";"La Marina San Nicolás Poniente";2026-08-17;22:15:57;"Tarifa Base Fuera de Punta";285,79
"AUTOMAAS CHILE SPA";78343019-3;20821947;KXZS95;PA9;"Ruta 5 Norte - Sur";"Lo Ovalle Poniente";2026-08-17;22:16:53;"Tarifa Base Fuera de Punta";392,83
"AUTOMAAS CHILE SPA";78343019-3;20821947;LJDV98;PA5;"Ruta 5 Sur - Norte";"Colón Oriente";2026-08-18;03:30:25;"Tarifa Base Fuera de Punta";334,63
"AUTOMAAS CHILE SPA";78343019-3;20821947;LJDV98;PA19;"General Velasquez Sur - Norte";"Puerta Sur Oriente";2026-08-18;03:32:47;"Tarifa Base Fuera de Punta";412,57
"AUTOMAAS CHILE SPA";78343019-3;20821947;LPPZ24;PA19;"General Velasquez Sur - Norte";"Puerta Sur Oriente";2026-08-18;04:21:25;"Tarifa Base Fuera de Punta";412,57
"AUTOMAAS CHILE SPA";78343019-3;20821947;LPPZ24;PA21;"General Velasquez Sur - Norte";"Lo Ovalle Oriente";2026-08-18;04:24:15;"Tarifa Base Fuera de Punta";512,34
"AUTOMAAS CHILE SPA";78343019-3;20821947;LPPZ24;PA23;"General Velasquez Sur - Norte";"Carlos Valdovinos Oriente";2026-08-18;04:26:40;"Tarifa Base Fuera de Punta";287,86
"AUTOMAAS CHILE SPA";78343019-3;20821947;LPPZ24;PA25;"General Velasquez Sur - Norte";"San Pablo Oriente";2026-08-18;04:28:05;"Tarifa Base Fuera de Punta";421,93
"AUTOMAAS CHILE SPA";78343019-3;20821947;LPPZ24;PA26;"General Velasquez Norte - Sur";"San Pablo Poniente";2026-08-18;04:43:28;"Tarifa Base Fuera de Punta";421,93
"AUTOMAAS CHILE SPA";78343019-3;20821947;LPPZ24;PA24;"General Velasquez Norte - Sur";"Carlos Valdovinos Poniente";2026-08-18;04:45:24;"Tarifa Base Fuera de Punta";287,86
"AUTOMAAS CHILE SPA";78343019-3;20821947;LJDV98;PA5;"Ruta 5 Sur - Norte";"Colón Oriente";2026-08-18;05:04:18;"Tarifa Base Fuera de Punta";334,63
"AUTOMAAS CHILE SPA";78343019-3;20821947;LJDV98;PA19;"General Velasquez Sur - Norte";"Puerta Sur Oriente";2026-08-18;05:06:37;"Tarifa Base Fuera de Punta";412,57
"AUTOMAAS CHILE SPA";78343019-3;20821947;LPPZ24;PA11;"Ruta 5 Norte - Sur";"La Marina San Nicolás Poniente";2026-08-18;05:06:44;"Tarifa Base Fuera de Punta";285,79
"AUTOMAAS CHILE SPA";78343019-3;20821947;LPPZ24;PA9;"Ruta 5 Norte - Sur";"Lo Ovalle Poniente";2026-08-18;05:07:31;"Tarifa Base Fuera de Punta";392,83
"AUTOMAAS CHILE SPA";78343019-3;20821947;LPPZ24;PA8;"Ruta 5 Norte - Sur";"Lo Espejo Poniente";2026-08-18;05:10:17;"Tarifa Base Fuera de Punta";452,06
"AUTOMAAS CHILE SPA";78343019-3;20821947;LPPZ24;PA32;"Ruta 5 Norte - Sur";"Lo Blanco - Las Acacias";2026-08-18;05:11:19;"Tarifa Base Fuera de Punta";176,67
"AUTOMAAS CHILE SPA";78343019-3;20821947;LPPZ24;PA7;"Ruta 5 Sur - Norte";"Lo Espejo Oriente";2026-08-18;05:23:04;"Tarifa Base Fuera de Punta";452,06
"AUTOMAAS CHILE SPA";78343019-3;20821947;KXZS95;PA21;"General Velasquez Sur - Norte";"Lo Ovalle Oriente";2026-08-18;05:25:20;"Tarifa Base Fuera de Punta";512,34
"AUTOMAAS CHILE SPA";78343019-3;20821947;KXZS95;PA23;"General Velasquez Sur - Norte";"Carlos Valdovinos Oriente";2026-08-18;05:27:52;"Tarifa Base Fuera de Punta";287,86
"AUTOMAAS CHILE SPA";78343019-3;20821947;KXZS95;PA25;"General Velasquez Sur - Norte";"San Pablo Oriente";2026-08-18;05:29:09;"Tarifa Base Fuera de Punta";421,93
"AUTOMAAS CHILE SPA";78343019-3;20821947;KXZS95;PA28;"General Velasquez Sur - Norte";"Cerro Renca Oriente";2026-08-18;05:33:28;"Tarifa Base Fuera de Punta";512,34
"AUTOMAAS CHILE SPA";78343019-3;20821947;KXZS95;PA17;"Ruta 5 Sur - Norte";"Américo Vespucio Oriente";2026-08-18;05:34:38;"Tarifa Base Fuera de Punta";462,46
"AUTOMAAS CHILE SPA";78343019-3;20821947;LDWP36;PA31;"Ruta 5 Sur - Norte";"Avenida Matta";2026-08-18;06:12:55;"Tarifa Base Fuera de Punta";368,93
"AUTOMAAS CHILE SPA";78343019-3;20821947;LDWP36;PA13;"Ruta 5 Sur - Norte";"Alameda - Rio Mapocho";2026-08-18;06:14:28;"Tarifa Base Fuera de Punta";181,86
"AUTOMAAS CHILE SPA";78343019-3;20821947;LPPZ24;PA13;"Ruta 5 Sur - Norte";"Alameda - Rio Mapocho";2026-08-18;06:37:42;"Tarifa Base Punta";363,73
"AUTOMAAS CHILE SPA";78343019-3;20821947;LPPZ24;PA17;"Ruta 5 Sur - Norte";"Américo Vespucio Oriente";2026-08-18;07:08:46;"Tarifa Base Punta";924,92
"AUTOMAAS CHILE SPA";78343019-3;20821947;KDRJ20;PA16;"Ruta 5 Sur - Norte";"Avda Santa María Oriente";2026-08-18;07:12:23;"Tarifa Base Fuera de Punta";425,04
"AUTOMAAS CHILE SPA";78343019-3;20821947;KDRJ20;PA17;"Ruta 5 Sur - Norte";"Américo Vespucio Oriente";2026-08-18;07:17:42;"Tarifa Base Punta";924,92
"AUTOMAAS CHILE SPA";78343019-3;20821947;LDWP36;PA14;"Ruta 5 Norte - Sur";"Alameda Poniente";2026-08-18;07:17:50;"Tarifa Base Punta";363,73
"AUTOMAAS CHILE SPA";78343019-3;20821947;LDWP36;PA12;"Ruta 5 Norte - Sur";"Avda Matta Poniente";2026-08-18;07:19:19;"Tarifa Base Punta";737,86
"AUTOMAAS CHILE SPA";78343019-3;20821947;LPPZ24;PA18;"Ruta 5 Norte - Sur";"Américo Vespucio Poniente";2026-08-18;07:20:22;"Tarifa Base Punta";924,92
"AUTOMAAS CHILE SPA";78343019-3;20821947;LDWP36;PA11;"Ruta 5 Norte - Sur";"La Marina San Nicolás Poniente";2026-08-18;07:21:08;"Tarifa Base Fuera de Punta";285,79
"AUTOMAAS CHILE SPA";78343019-3;20821947;LPPZ24;PA29;"General Velasquez Norte - Sur";"Cerro Renca Poniente";2026-08-18;07:21:47;"Tarifa Base Fuera de Punta";512,34
"AUTOMAAS CHILE SPA";78343019-3;20821947;LDWP36;PA9;"Ruta 5 Norte - Sur";"Lo Ovalle Poniente";2026-08-18;07:21:51;"Tarifa Base Fuera de Punta";392,83
"AUTOMAAS CHILE SPA";78343019-3;20821947;LPPZ24;PA26;"General Velasquez Norte - Sur";"San Pablo Poniente";2026-08-18;07:26:10;"Tarifa Base Fuera de Punta";421,93
"AUTOMAAS CHILE SPA";78343019-3;20821947;LPPZ24;PA24;"General Velasquez Norte - Sur";"Carlos Valdovinos Poniente";2026-08-18;07:27:40;"Tarifa Base Fuera de Punta";287,86
"AUTOMAAS CHILE SPA";78343019-3;20821947;LPPZ24;PA22;"General Velasquez Norte - Sur";"Lo Ovalle Poniente";2026-08-18;07:30:14;"Tarifa Base Fuera de Punta";512,34
"AUTOMAAS CHILE SPA";78343019-3;20821947;LPPZ24;PA20;"General Velasquez Norte - Sur";"Lo Espejo Poniente";2026-08-18;07:32:15;"Tarifa Base Fuera de Punta";412,57
"AUTOMAAS CHILE SPA";78343019-3;20821947;LPPZ24;PA32;"Ruta 5 Norte - Sur";"Lo Blanco - Las Acacias";2026-08-18;07:36:54;"Tarifa Base Fuera de Punta";176,67
"AUTOMAAS CHILE SPA";78343019-3;20821947;LPPZ24;PA6;"Ruta 5 Norte - Sur";"Colón Poniente";2026-08-18;07:38:35;"Tarifa Base Fuera de Punta";157,96
"AUTOMAAS CHILE SPA";78343019-3;20821947;KDRJ20;PA18;"Ruta 5 Norte - Sur";"Américo Vespucio Poniente";2026-08-18;08:24:28;"Tarifa Base Punta";924,92
"AUTOMAAS CHILE SPA";78343019-3;20821947;KDRJ20;PA29;"General Velasquez Norte - Sur";"Cerro Renca Poniente";2026-08-18;08:26:06;"Tarifa Base Fuera de Punta";512,34
"AUTOMAAS CHILE SPA";78343019-3;20821947;KDRJ20;PA26;"General Velasquez Norte - Sur";"San Pablo Poniente";2026-08-18;08:42:30;"Tarifa Base Fuera de Punta";421,93
"AUTOMAAS CHILE SPA";78343019-3;20821947;KDRJ20;PA24;"General Velasquez Norte - Sur";"Carlos Valdovinos Poniente";2026-08-18;08:44:40;"Tarifa Base Fuera de Punta";287,86
"AUTOMAAS CHILE SPA";78343019-3;20821947;KDRJ20;PA7;"Ruta 5 Sur - Norte";"Lo Espejo Oriente";2026-08-18;12:30:54;"Tarifa Base Fuera de Punta";452,06
"AUTOMAAS CHILE SPA";78343019-3;20821947;KDRJ20;PA21;"General Velasquez Sur - Norte";"Lo Ovalle Oriente";2026-08-18;12:47:28;"Tarifa Base Fuera de Punta";512,34
"AUTOMAAS CHILE SPA";78343019-3;20821947;KDRJ20;PA23;"General Velasquez Sur - Norte";"Carlos Valdovinos Oriente";2026-08-18;12:50:25;"Tarifa Base Fuera de Punta";287,86
"AUTOMAAS CHILE SPA";78343019-3;20821947;KDRJ20;PA25;"General Velasquez Sur - Norte";"San Pablo Oriente";2026-08-18;12:51:55;"Tarifa Base Fuera de Punta";421,93
"AUTOMAAS CHILE SPA";78343019-3;20821947;LPPZ31;PA28;"General Velasquez Sur - Norte";"Cerro Renca Oriente";2026-08-18;17:39:39;"Tarifa Base Fuera de Punta";512,34
"AUTOMAAS CHILE SPA";78343019-3;20821947;LPPZ31;PA17;"Ruta 5 Sur - Norte";"Américo Vespucio Oriente";2026-08-18;17:45:37;"Tarifa Base Punta";924,92
"AUTOMAAS CHILE SPA";78343019-3;20821947;LPPZ24;PA10;"Ruta 5 Sur - Norte";"La Marina San Nicolás Oriente";2026-08-18;19:07:55;"Tarifa Base Fuera de Punta";285,79
"AUTOMAAS CHILE SPA";78343019-3;20821947;LPPZ24;PA31;"Ruta 5 Sur - Norte";"Avenida Matta";2026-08-18;19:09:53;"Tarifa Base Fuera de Punta";368,93
"AUTOMAAS CHILE SPA";78343019-3;20821947;LPPZ24;PA13;"Ruta 5 Sur - Norte";"Alameda - Rio Mapocho";2026-08-18;19:11:20;"Tarifa Base Fuera de Punta";181,86
"AUTOMAAS CHILE SPA";78343019-3;20821947;LDWP36;PA25;"General Velasquez Sur - Norte";"San Pablo Oriente";2026-08-18;19:13:41;"Tarifa Base Punta";843,86
"AUTOMAAS CHILE SPA";78343019-3;20821947;LPPZ24;PA16;"Ruta 5 Sur - Norte";"Avda Santa María Oriente";2026-08-18;19:14:19;"Tarifa Base Fuera de Punta";425,04
"AUTOMAAS CHILE SPA";78343019-3;20821947;LPPZ24;PA17;"Ruta 5 Sur - Norte";"Américo Vespucio Oriente";2026-08-18;19:18:56;"Tarifa Base Punta";924,92
"AUTOMAAS CHILE SPA";78343019-3;20821947;LJDV98;PA13;"Ruta 5 Sur - Norte";"Alameda - Rio Mapocho";2026-08-18;19:28:49;"Tarifa Base Fuera de Punta";181,86
"AUTOMAAS CHILE SPA";78343019-3;20821947;LJDV98;PA16;"Ruta 5 Sur - Norte";"Avda Santa María Oriente";2026-08-18;19:39:02;"Tarifa Base Fuera de Punta";425,04
"AUTOMAAS CHILE SPA";78343019-3;20821947;LJDV98;PA17;"Ruta 5 Sur - Norte";"Américo Vespucio Oriente";2026-08-18;19:42:51;"Tarifa Base Fuera de Punta";462,46
"AUTOMAAS CHILE SPA";78343019-3;20821947;LDWP36;PA18;"Ruta 5 Norte - Sur";"Américo Vespucio Poniente";2026-08-18;20:17:46;"Tarifa Base Fuera de Punta";462,46
"AUTOMAAS CHILE SPA";78343019-3;20821947;LPPZ24;PA18;"Ruta 5 Norte - Sur";"Américo Vespucio Poniente";2026-08-18;20:19:06;"Tarifa Base Fuera de Punta";462,46
"AUTOMAAS CHILE SPA";78343019-3;20821947;LJDV98;PA18;"Ruta 5 Norte - Sur";"Américo Vespucio Poniente";2026-08-18;20:21:15;"Tarifa Base Fuera de Punta";462,46
"AUTOMAAS CHILE SPA";78343019-3;20821947;LDWP36;PA15;"Ruta 5 Norte - Sur";"Bulnes Poniente";2026-08-18;20:22:02;"Tarifa Base Punta";850,10
"AUTOMAAS CHILE SPA";78343019-3;20821947;LPPZ24;PA15;"Ruta 5 Norte - Sur";"Bulnes Poniente";2026-08-18;20:23:25;"Tarifa Base Punta";850,10
"AUTOMAAS CHILE SPA";78343019-3;20821947;LPPZ24;PA14;"Ruta 5 Norte - Sur";"Alameda Poniente";2026-08-18;20:25:28;"Tarifa Base Punta";363,73
"AUTOMAAS CHILE SPA";78343019-3;20821947;LJDV98;PA15;"Ruta 5 Norte - Sur";"Bulnes Poniente";2026-08-18;20:26:19;"Tarifa Base Punta";850,10
"AUTOMAAS CHILE SPA";78343019-3;20821947;LPPZ24;PA12;"Ruta 5 Norte - Sur";"Avda Matta Poniente";2026-08-18;20:27:01;"Tarifa Base Punta";737,86
"AUTOMAAS CHILE SPA";78343019-3;20821947;LPPZ24;PA32;"Ruta 5 Norte - Sur";"Lo Blanco - Las Acacias";2026-08-18;21:01:38;"Tarifa Base Fuera de Punta";176,67
"AUTOMAAS CHILE SPA";78343019-3;20821947;LPPZ24;PA6;"Ruta 5 Norte - Sur";"Colón Poniente";2026-08-18;21:03:11;"Tarifa Base Fuera de Punta";157,96
"AUTOMAAS CHILE SPA";78343019-3;20821947;LPPZ24;PA37;"Ruta 5 Norte - Sur";"Colón, Calera de Tango";2026-08-18;21:04:10;"Tarifa Base Fuera de Punta";455,18
"AUTOMAAS CHILE SPA";78343019-3;20821947;LPPZ31;PA18;"Ruta 5 Norte - Sur";"Américo Vespucio Poniente";2026-08-18;21:58:05;"Tarifa Base Fuera de Punta";462,46
"AUTOMAAS CHILE SPA";78343019-3;20821947;LPPZ31;PA29;"General Velasquez Norte - Sur";"Cerro Renca Poniente";2026-08-18;21:59:11;"Tarifa Base Fuera de Punta";512,34
"AUTOMAAS CHILE SPA";78343019-3;20821947;KDRJ20;PA11;"Ruta 5 Norte - Sur";"La Marina San Nicolás Poniente";2026-08-18;23:45:57;"Tarifa Base Fuera de Punta";285,79
"AUTOMAAS CHILE SPA";78343019-3;20821947;LPPZ24;PA19;"General Velasquez Sur - Norte";"Puerta Sur Oriente";2026-08-19;01:51:21;"Tarifa Base Fuera de Punta";412,57
"AUTOMAAS CHILE SPA";78343019-3;20821947;LPPZ24;PA8;"Ruta 5 Norte - Sur";"Lo Espejo Poniente";2026-08-19;02:36:20;"Tarifa Base Fuera de Punta";452,06
"AUTOMAAS CHILE SPA";78343019-3;20821947;LJDV98;PA8;"Ruta 5 Norte - Sur";"Lo Espejo Poniente";2026-08-19;04:51:54;"Tarifa Base Fuera de Punta";452,06
"AUTOMAAS CHILE SPA";78343019-3;20821947;LJDV98;PA32;"Ruta 5 Norte - Sur";"Lo Blanco - Las Acacias";2026-08-19;04:53:06;"Tarifa Base Fuera de Punta";176,67
"AUTOMAAS CHILE SPA";78343019-3;20821947;LPPZ24;PA5;"Ruta 5 Sur - Norte";"Colón Oriente";2026-08-19;05:47:24;"Tarifa Base Fuera de Punta";334,63
"AUTOMAAS CHILE SPA";78343019-3;20821947;LPPZ24;PA7;"Ruta 5 Sur - Norte";"Lo Espejo Oriente";2026-08-19;05:49:48;"Tarifa Base Fuera de Punta";452,06
"AUTOMAAS CHILE SPA";78343019-3;20821947;LDWP36;PA31;"Ruta 5 Sur - Norte";"Avenida Matta";2026-08-19;06:03:32;"Tarifa Base Fuera de Punta";368,93
"AUTOMAAS CHILE SPA";78343019-3;20821947;LDWP36;PA13;"Ruta 5 Sur - Norte";"Alameda - Rio Mapocho";2026-08-19;06:05:13;"Tarifa Base Fuera de Punta";181,86
"AUTOMAAS CHILE SPA";78343019-3;20821947;PJHJ69;PA8;"Ruta 5 Norte - Sur";"Lo Espejo Poniente";2026-08-19;06:16:20;"Tarifa Base Fuera de Punta";452,06
"AUTOMAAS CHILE SPA";78343019-3;20821947;PJHJ69;PA32;"Ruta 5 Norte - Sur";"Lo Blanco - Las Acacias";2026-08-19;06:17:24;"Tarifa Base Fuera de Punta";176,67
"AUTOMAAS CHILE SPA";78343019-3;20821947;PJHJ69;PA6;"Ruta 5 Norte - Sur";"Colón Poniente";2026-08-19;06:20:44;"Tarifa Base Fuera de Punta";157,96
"AUTOMAAS CHILE SPA";78343019-3;20821947;PJHJ69;PA37;"Ruta 5 Norte - Sur";"Colón, Calera de Tango";2026-08-19;06:21:51;"Tarifa Base Fuera de Punta";455,18
"AUTOMAAS CHILE SPA";78343019-3;20821947;PJHJ69;PA4;"Ruta 5 Norte - Sur";"Calera de Tango Poniente";2026-08-19;06:23:36;"Tarifa Base Fuera de Punta";129,90
"AUTOMAAS CHILE SPA";78343019-3;20821947;PJHJ69;PA3;"Ruta 5 Sur - Norte";"Calera de Tango Oriente";2026-08-19;06:36:55;"Tarifa Base Punta";1.170,18
"AUTOMAAS CHILE SPA";78343019-3;20821947;PJHJ69;PA5;"Ruta 5 Sur - Norte";"Colón Oriente";2026-08-19;06:47:45;"Tarifa Base Punta";669,27
"AUTOMAAS CHILE SPA";78343019-3;20821947;KDRJ20;PA23;"General Velasquez Sur - Norte";"Carlos Valdovinos Oriente";2026-08-19;06:48:30;"Tarifa Base Fuera de Punta";287,86
"AUTOMAAS CHILE SPA";78343019-3;20821947;LPPZ24;PA13;"Ruta 5 Sur - Norte";"Alameda - Rio Mapocho";2026-08-19;06:48:50;"Tarifa Base Punta";363,73
"AUTOMAAS CHILE SPA";78343019-3;20821947;PJHJ69;PA7;"Ruta 5 Sur - Norte";"Lo Espejo Oriente";2026-08-19;06:51:48;"Tarifa Base Fuera de Punta";452,06
"AUTOMAAS CHILE SPA";78343019-3;20821947;KXZS95;PA18;"Ruta 5 Norte - Sur";"Américo Vespucio Poniente";2026-08-19;06:55:46;"Tarifa Base Fuera de Punta";462,46
"AUTOMAAS CHILE SPA";78343019-3;20821947;LPPZ24;PA16;"Ruta 5 Sur - Norte";"Avda Santa María Oriente";2026-08-19;07:03:20;"Tarifa Base Fuera de Punta";425,04
"AUTOMAAS CHILE SPA";78343019-3;20821947;LPPZ24;PA17;"Ruta 5 Sur - Norte";"Américo Vespucio Oriente";2026-08-19;07:07:16;"Tarifa Base Punta";924,92
"AUTOMAAS CHILE SPA";78343019-3;20821947;KDRJ20;PA16;"Ruta 5 Sur - Norte";"Avda Santa María Oriente";2026-08-19;07:07:48;"Tarifa Base Fuera de Punta";425,04
"AUTOMAAS CHILE SPA";78343019-3;20821947;KDRJ20;PA17;"Ruta 5 Sur - Norte";"Américo Vespucio Oriente";2026-08-19;07:11:53;"Tarifa Base Punta";924,92
"AUTOMAAS CHILE SPA";78343019-3;20821947;LDWP36;PA14;"Ruta 5 Norte - Sur";"Alameda Poniente";2026-08-19;07:17:10;"Tarifa Base Punta";363,73
"AUTOMAAS CHILE SPA";78343019-3;20821947;LDWP36;PA12;"Ruta 5 Norte - Sur";"Avda Matta Poniente";2026-08-19;07:18:41;"Tarifa Base Punta";737,86
"AUTOMAAS CHILE SPA";78343019-3;20821947;LDWP36;PA11;"Ruta 5 Norte - Sur";"La Marina San Nicolás Poniente";2026-08-19;07:20:41;"Tarifa Base Fuera de Punta";285,79
"AUTOMAAS CHILE SPA";78343019-3;20821947;LDWP36;PA9;"Ruta 5 Norte - Sur";"Lo Ovalle Poniente";2026-08-19;07:21:27;"Tarifa Base Fuera de Punta";392,83
"AUTOMAAS CHILE SPA";78343019-3;20821947;LPPZ24;PA18;"Ruta 5 Norte - Sur";"Américo Vespucio Poniente";2026-08-19;07:31:03;"Tarifa Base Punta";924,92
"AUTOMAAS CHILE SPA";78343019-3;20821947;LPPZ24;PA29;"General Velasquez Norte - Sur";"Cerro Renca Poniente";2026-08-19;07:32:23;"Tarifa Base Fuera de Punta";512,34
"AUTOMAAS CHILE SPA";78343019-3;20821947;LPPZ24;PA26;"General Velasquez Norte - Sur";"San Pablo Poniente";2026-08-19;07:37:32;"Tarifa Base Fuera de Punta";421,93
"AUTOMAAS CHILE SPA";78343019-3;20821947;LPPZ24;PA24;"General Velasquez Norte - Sur";"Carlos Valdovinos Poniente";2026-08-19;07:39:12;"Tarifa Base Fuera de Punta";287,86
"AUTOMAAS CHILE SPA";78343019-3;20821947;PJHJ69;PA31;"Ruta 5 Sur - Norte";"Avenida Matta";2026-08-19;07:40:22;"Tarifa Base Punta";737,86
"AUTOMAAS CHILE SPA";78343019-3;20821947;LPPZ24;PA22;"General Velasquez Norte - Sur";"Lo Ovalle Poniente";2026-08-19;07:41:59;"Tarifa Base Fuera de Punta";512,34
"AUTOMAAS CHILE SPA";78343019-3;20821947;LPPZ24;PA20;"General Velasquez Norte - Sur";"Lo Espejo Poniente";2026-08-19;07:43:52;"Tarifa Base Fuera de Punta";412,57
"AUTOMAAS CHILE SPA";78343019-3;20821947;PJHJ69;PA13;"Ruta 5 Sur - Norte";"Alameda - Rio Mapocho";2026-08-19;07:43:55;"Tarifa Base Punta";363,73
"AUTOMAAS CHILE SPA";78343019-3;20821947;LPPZ24;PA32;"Ruta 5 Norte - Sur";"Lo Blanco - Las Acacias";2026-08-19;07:45:22;"Tarifa Base Fuera de Punta";176,67
"AUTOMAAS CHILE SPA";78343019-3;20821947;LPPZ24;PA6;"Ruta 5 Norte - Sur";"Colón Poniente";2026-08-19;07:47:05;"Tarifa Base Fuera de Punta";157,96
"AUTOMAAS CHILE SPA";78343019-3;20821947;PJHJ69;PA16;"Ruta 5 Sur - Norte";"Avda Santa María Oriente";2026-08-19;07:47:28;"Tarifa Base Punta";850,10
"AUTOMAAS CHILE SPA";78343019-3;20821947;PJHJ69;PA17;"Ruta 5 Sur - Norte";"Américo Vespucio Oriente";2026-08-19;07:55:31;"Tarifa Base Punta";924,92
"AUTOMAAS CHILE SPA";78343019-3;20821947;KZGL59;PA18;"Ruta 5 Norte - Sur";"Américo Vespucio Poniente";2026-08-19;08:27:14;"Tarifa Base Punta";924,92
"AUTOMAAS CHILE SPA";78343019-3;20821947;PJHJ69;PA18;"Ruta 5 Norte - Sur";"Américo Vespucio Poniente";2026-08-19;08:53:26;"Tarifa Base Fuera de Punta";462,46
"AUTOMAAS CHILE SPA";78343019-3;20821947;PJHJ69;PA15;"Ruta 5 Norte - Sur";"Bulnes Poniente";2026-08-19;08:58:11;"Tarifa Base Punta";850,10
"AUTOMAAS CHILE SPA";78343019-3;20821947;KDRJ20;PA26;"General Velasquez Norte - Sur";"San Pablo Poniente";2026-08-19;09:01:29;"Tarifa Base Fuera de Punta";421,93
"AUTOMAAS CHILE SPA";78343019-3;20821947;KDRJ20;PA24;"General Velasquez Norte - Sur";"Carlos Valdovinos Poniente";2026-08-19;09:03:14;"Tarifa Base Fuera de Punta";287,86
"AUTOMAAS CHILE SPA";78343019-3;20821947;PJHJ69;PA14;"Ruta 5 Norte - Sur";"Alameda Poniente";2026-08-19;09:08:26;"Tarifa Base Punta";363,73
"AUTOMAAS CHILE SPA";78343019-3;20821947;PJHJ69;PA12;"Ruta 5 Norte - Sur";"Avda Matta Poniente";2026-08-19;09:10:01;"Tarifa Base Punta";737,86
"AUTOMAAS CHILE SPA";78343019-3;20821947;PJHJ69;PA11;"Ruta 5 Norte - Sur";"La Marina San Nicolás Poniente";2026-08-19;09:12:04;"Tarifa Base Fuera de Punta";285,79
"AUTOMAAS CHILE SPA";78343019-3;20821947;PJHJ69;PA20;"General Velasquez Norte - Sur";"Lo Espejo Poniente";2026-08-19;09:53:48;"Tarifa Base Fuera de Punta";412,57
"AUTOMAAS CHILE SPA";78343019-3;20821947;PJHJ69;PA32;"Ruta 5 Norte - Sur";"Lo Blanco - Las Acacias";2026-08-19;09:55:31;"Tarifa Base Fuera de Punta";176,67
"AUTOMAAS CHILE SPA";78343019-3;20821947;PJHJ69;PA6;"Ruta 5 Norte - Sur";"Colón Poniente";2026-08-19;09:57:20;"Tarifa Base Fuera de Punta";157,96
"AUTOMAAS CHILE SPA";78343019-3;20821947;PJHJ69;PA5;"Ruta 5 Sur - Norte";"Colón Oriente";2026-08-19;10:28:20;"Tarifa Base Fuera de Punta";334,63
"AUTOMAAS CHILE SPA";78343019-3;20821947;PJHJ69;PA19;"General Velasquez Sur - Norte";"Puerta Sur Oriente";2026-08-19;10:31:16;"Tarifa Base Fuera de Punta";412,57
"AUTOMAAS CHILE SPA";78343019-3;20821947;KDRJ20;PA14;"Ruta 5 Norte - Sur";"Alameda Poniente";2026-08-19;13:57:23;"Tarifa Base Fuera de Punta";181,86
"AUTOMAAS CHILE SPA";78343019-3;20821947;CYPW26;PA28;"General Velasquez Sur - Norte";"Cerro Renca Oriente";2026-08-19;17:52:38;"Tarifa Base Fuera de Punta";512,34
"AUTOMAAS CHILE SPA";78343019-3;20821947;CYPW26;PA17;"Ruta 5 Sur - Norte";"Américo Vespucio Oriente";2026-08-19;17:59:26;"Tarifa Base Punta";924,92
"AUTOMAAS CHILE SPA";78343019-3;20821947;LPPZ24;PA5;"Ruta 5 Sur - Norte";"Colón Oriente";2026-08-19;18:06:36;"Tarifa Base Fuera de Punta";334,63
"AUTOMAAS CHILE SPA";78343019-3;20821947;LPPZ24;PA7;"Ruta 5 Sur - Norte";"Lo Espejo Oriente";2026-08-19;18:09:18;"Tarifa Base Fuera de Punta";452,06
"AUTOMAAS CHILE SPA";78343019-3;20821947;LDWP36;PA23;"General Velasquez Sur - Norte";"Carlos Valdovinos Oriente";2026-08-19;18:51:32;"Tarifa Base Fuera de Punta";287,86
"AUTOMAAS CHILE SPA";78343019-3;20821947;LDWP36;PA25;"General Velasquez Sur - Norte";"San Pablo Oriente";2026-08-19;18:53:08;"Tarifa Base Fuera de Punta";421,93
"AUTOMAAS CHILE SPA";78343019-3;20821947;LPPZ24;PA10;"Ruta 5 Sur - Norte";"La Marina San Nicolás Oriente";2026-08-19;18:55:55;"Tarifa Base Fuera de Punta";285,79
"AUTOMAAS CHILE SPA";78343019-3;20821947;LPPZ24;PA31;"Ruta 5 Sur - Norte";"Avenida Matta";2026-08-19;18:57:53;"Tarifa Base Punta";737,86
"AUTOMAAS CHILE SPA";78343019-3;20821947;LPPZ24;PA13;"Ruta 5 Sur - Norte";"Alameda - Rio Mapocho";2026-08-19;18:59:48;"Tarifa Base Punta";363,73
"AUTOMAAS CHILE SPA";78343019-3;20821947;LPPZ24;PA16;"Ruta 5 Sur - Norte";"Avda Santa María Oriente";2026-08-19;19:03:13;"Tarifa Base Fuera de Punta";425,04
"AUTOMAAS CHILE SPA";78343019-3;20821947;LPPZ24;PA17;"Ruta 5 Sur - Norte";"Américo Vespucio Oriente";2026-08-19;19:10:59;"Tarifa Base Punta";924,92
"AUTOMAAS CHILE SPA";78343019-3;20821947;LJDV98;PA13;"Ruta 5 Sur - Norte";"Alameda - Rio Mapocho";2026-08-19;19:21:14;"Tarifa Base Fuera de Punta";181,86
"AUTOMAAS CHILE SPA";78343019-3;20821947;LJDV98;PA16;"Ruta 5 Sur - Norte";"Avda Santa María Oriente";2026-08-19;19:32:05;"Tarifa Base Fuera de Punta";425,04
"AUTOMAAS CHILE SPA";78343019-3;20821947;LJDV98;PA17;"Ruta 5 Sur - Norte";"Américo Vespucio Oriente";2026-08-19;19:36:12;"Tarifa Base Fuera de Punta";462,46
"AUTOMAAS CHILE SPA";78343019-3;20821947;LPPZ24;PA18;"Ruta 5 Norte - Sur";"Américo Vespucio Poniente";2026-08-19;20:17:16;"Tarifa Base Fuera de Punta";462,46
"AUTOMAAS CHILE SPA";78343019-3;20821947;LJDV98;PA18;"Ruta 5 Norte - Sur";"Américo Vespucio Poniente";2026-08-19;20:19:29;"Tarifa Base Fuera de Punta";462,46
"AUTOMAAS CHILE SPA";78343019-3;20821947;LDWP36;PA18;"Ruta 5 Norte - Sur";"Américo Vespucio Poniente";2026-08-19;20:20:33;"Tarifa Base Fuera de Punta";462,46
"AUTOMAAS CHILE SPA";78343019-3;20821947;LPPZ24;PA15;"Ruta 5 Norte - Sur";"Bulnes Poniente";2026-08-19;20:21:36;"Tarifa Base Punta";850,10
"AUTOMAAS CHILE SPA";78343019-3;20821947;LPPZ24;PA14;"Ruta 5 Norte - Sur";"Alameda Poniente";2026-08-19;20:23:21;"Tarifa Base Punta";363,73
"AUTOMAAS CHILE SPA";78343019-3;20821947;LJDV98;PA15;"Ruta 5 Norte - Sur";"Bulnes Poniente";2026-08-19;20:24:01;"Tarifa Base Punta";850,10
"AUTOMAAS CHILE SPA";78343019-3;20821947;LPPZ24;PA12;"Ruta 5 Norte - Sur";"Avda Matta Poniente";2026-08-19;20:24:51;"Tarifa Base Punta";737,86
"AUTOMAAS CHILE SPA";78343019-3;20821947;LDWP36;PA15;"Ruta 5 Norte - Sur";"Bulnes Poniente";2026-08-19;20:24:58;"Tarifa Base Punta";850,10
"AUTOMAAS CHILE SPA";78343019-3;20821947;LJDV98;PA14;"Ruta 5 Norte - Sur";"Alameda Poniente";2026-08-19;20:25:58;"Tarifa Base Punta";363,73
"AUTOMAAS CHILE SPA";78343019-3;20821947;LPPZ24;PA11;"Ruta 5 Norte - Sur";"La Marina San Nicolás Poniente";2026-08-19;20:26:56;"Tarifa Base Punta";571,58
"AUTOMAAS CHILE SPA";78343019-3;20821947;CYPW26;PA16;"Ruta 5 Sur - Norte";"Avda Santa María Oriente";2026-08-19;20:37:08;"Tarifa Base Fuera de Punta";425,04
"AUTOMAAS CHILE SPA";78343019-3;20821947;CYPW26;PA17;"Ruta 5 Sur - Norte";"Américo Vespucio Oriente";2026-08-19;20:41:07;"Tarifa Base Fuera de Punta";462,46
"AUTOMAAS CHILE SPA";78343019-3;20821947;LDWP36;PA13;"Ruta 5 Sur - Norte";"Alameda - Rio Mapocho";2026-08-19;20:46:52;"Tarifa Base Fuera de Punta";181,86
"AUTOMAAS CHILE SPA";78343019-3;20821947;LPPZ24;PA8;"Ruta 5 Norte - Sur";"Lo Espejo Poniente";2026-08-19;20:52:06;"Tarifa Base Fuera de Punta";452,06
"AUTOMAAS CHILE SPA";78343019-3;20821947;LPPZ24;PA32;"Ruta 5 Norte - Sur";"Lo Blanco - Las Acacias";2026-08-19;20:53:08;"Tarifa Base Fuera de Punta";176,67
"AUTOMAAS CHILE SPA";78343019-3;20821947;LPPZ24;PA6;"Ruta 5 Norte - Sur";"Colón Poniente";2026-08-19;20:54:53;"Tarifa Base Fuera de Punta";157,96
"AUTOMAAS CHILE SPA";78343019-3;20821947;LPPZ24;PA37;"Ruta 5 Norte - Sur";"Colón, Calera de Tango";2026-08-19;20:55:42;"Tarifa Base Fuera de Punta";455,18
"AUTOMAAS CHILE SPA";78343019-3;20821947;LPPZ24;PA4;"Ruta 5 Norte - Sur";"Calera de Tango Poniente";2026-08-19;20:57:15;"Tarifa Base Fuera de Punta";129,90
"AUTOMAAS CHILE SPA";78343019-3;20821947;LPPZ24;PA3;"Ruta 5 Sur - Norte";"Calera de Tango Oriente";2026-08-19;21:03:40;"Tarifa Base Fuera de Punta";585,09
"AUTOMAAS CHILE SPA";78343019-3;20821947;LPPZ31;PA12;"Ruta 5 Norte - Sur";"Avda Matta Poniente";2026-08-19;22:16:19;"Tarifa Base Fuera de Punta";368,93
"AUTOMAAS CHILE SPA";78343019-3;20821947;LPPZ31;PA11;"Ruta 5 Norte - Sur";"La Marina San Nicolás Poniente";2026-08-19;22:18:26;"Tarifa Base Fuera de Punta";285,79
"AUTOMAAS CHILE SPA";78343019-3;20821947;LPPZ31;PA9;"Ruta 5 Norte - Sur";"Lo Ovalle Poniente";2026-08-19;22:19:24;"Tarifa Base Fuera de Punta";392,83
"AUTOMAAS CHILE SPA";78343019-3;20821947;KZGL59;PA7;"Ruta 5 Sur - Norte";"Lo Espejo Oriente";2026-08-20;01:25:07;"Tarifa Base Fuera de Punta";452,06
"AUTOMAAS CHILE SPA";78343019-3;20821947;LJDV98;PA5;"Ruta 5 Sur - Norte";"Colón Oriente";2026-08-20;03:30:23;"Tarifa Base Fuera de Punta";334,63
"AUTOMAAS CHILE SPA";78343019-3;20821947;LPPZ24;PA8;"Ruta 5 Norte - Sur";"Lo Espejo Poniente";2026-08-20;05:07:29;"Tarifa Base Fuera de Punta";452,06
"AUTOMAAS CHILE SPA";78343019-3;20821947;KXZS95;PA21;"General Velasquez Sur - Norte";"Lo Ovalle Oriente";2026-08-20;05:12:38;"Tarifa Base Fuera de Punta";512,34
"AUTOMAAS CHILE SPA";78343019-3;20821947;LPPZ24;PA7;"Ruta 5 Sur - Norte";"Lo Espejo Oriente";2026-08-20;05:26:31;"Tarifa Base Fuera de Punta";452,06
"AUTOMAAS CHILE SPA";78343019-3;20821947;KZGL59;PA30;"Ruta 5 Sur - Norte";"Americo Vespucio - Departamental";2026-08-20;05:58:30;"Tarifa Base Fuera de Punta";392,83
"AUTOMAAS CHILE SPA";78343019-3;20821947;KZGL59;PA10;"Ruta 5 Sur - Norte";"La Marina San Nicolás Oriente";2026-08-20;05:59:16;"Tarifa Base Fuera de Punta";285,79
"AUTOMAAS CHILE SPA";78343019-3;20821947;PJHJ69;PA32;"Ruta 5 Norte - Sur";"Lo Blanco - Las Acacias";2026-08-20;05:59:50;"Tarifa Base Fuera de Punta";176,67
"AUTOMAAS CHILE SPA";78343019-3;20821947;PJHJ69;PA6;"Ruta 5 Norte - Sur";"Colón Poniente";2026-08-20;06:01:30;"Tarifa Base Fuera de Punta";157,96
"AUTOMAAS CHILE SPA";78343019-3;20821947;PJHJ69;PA37;"Ruta 5 Norte - Sur";"Colón, Calera de Tango";2026-08-20;06:02:47;"Tarifa Base Fuera de Punta";455,18
"AUTOMAAS CHILE SPA";78343019-3;20821947;PJHJ69;PA4;"Ruta 5 Norte - Sur";"Calera de Tango Poniente";2026-08-20;06:05:31;"Tarifa Base Fuera de Punta";129,90
"AUTOMAAS CHILE SPA";78343019-3;20821947;KZGL59;PA31;"Ruta 5 Sur - Norte";"Avenida Matta";2026-08-20;06:09:44;"Tarifa Base Fuera de Punta";368,93
"AUTOMAAS CHILE SPA";78343019-3;20821947;KZGL59;PA13;"Ruta 5 Sur - Norte";"Alameda - Rio Mapocho";2026-08-20;06:11:15;"Tarifa Base Fuera de Punta";181,86
"AUTOMAAS CHILE SPA";78343019-3;20821947;PJHJ69;PA3;"Ruta 5 Sur - Norte";"Calera de Tango Oriente";2026-08-20;06:27:53;"Tarifa Base Fuera de Punta";585,09
"AUTOMAAS CHILE SPA";78343019-3;20821947;LJDV98;PA20;"General Velasquez Norte - Sur";"Lo Espejo Poniente";2026-08-20;06:29:29;"Tarifa Base Fuera de Punta";412,57
"AUTOMAAS CHILE SPA";78343019-3;20821947;PJHJ69;PA5;"Ruta 5 Sur - Norte";"Colón Oriente";2026-08-20;06:31:20;"Tarifa Base Punta";669,27
"AUTOMAAS CHILE SPA";78343019-3;20821947;LJDV98;PA32;"Ruta 5 Norte - Sur";"Lo Blanco - Las Acacias";2026-08-20;06:31:24;"Tarifa Base Fuera de Punta";176,67
"AUTOMAAS CHILE SPA";78343019-3;20821947;LPPZ24;PA13;"Ruta 5 Sur - Norte";"Alameda - Rio Mapocho";2026-08-20;06:32:01;"Tarifa Base Punta";363,73
"AUTOMAAS CHILE SPA";78343019-3;20821947;PJHJ69;PA7;"Ruta 5 Sur - Norte";"Lo Espejo Oriente";2026-08-20;06:34:42;"Tarifa Base Fuera de Punta";452,06
"AUTOMAAS CHILE SPA";78343019-3;20821947;LPPZ24;PA16;"Ruta 5 Sur - Norte";"Avda Santa María Oriente";2026-08-20;06:46:29;"Tarifa Base Fuera de Punta";425,04
"AUTOMAAS CHILE SPA";78343019-3;20821947;LPPZ24;PA17;"Ruta 5 Sur - Norte";"Américo Vespucio Oriente";2026-08-20;06:50:05;"Tarifa Base Fuera de Punta";462,46
"AUTOMAAS CHILE SPA";78343019-3;20821947;KDRJ20;PA23;"General Velasquez Sur - Norte";"Carlos Valdovinos Oriente";2026-08-20;06:50:12;"Tarifa Base Fuera de Punta";287,86
"AUTOMAAS CHILE SPA";78343019-3;20821947;LPPZ24;PA18;"Ruta 5 Norte - Sur";"Américo Vespucio Poniente";2026-08-20;07:03:23;"Tarifa Base Punta";924,92
"AUTOMAAS CHILE SPA";78343019-3;20821947;LPPZ24;PA29;"General Velasquez Norte - Sur";"Cerro Renca Poniente";2026-08-20;07:04:38;"Tarifa Base Fuera de Punta";512,34
"AUTOMAAS CHILE SPA";78343019-3;20821947;LPPZ24;PA26;"General Velasquez Norte - Sur";"San Pablo Poniente";2026-08-20;07:09:30;"Tarifa Base Fuera de Punta";421,93
"AUTOMAAS CHILE SPA";78343019-3;20821947;KDRJ20;PA16;"Ruta 5 Sur - Norte";"Avda Santa María Oriente";2026-08-20;07:09:43;"Tarifa Base Fuera de Punta";425,04
"AUTOMAAS CHILE SPA";78343019-3;20821947;LPPZ24;PA24;"General Velasquez Norte - Sur";"Carlos Valdovinos Poniente";2026-08-20;07:10:54;"Tarifa Base Fuera de Punta";287,86
"AUTOMAAS CHILE SPA";78343019-3;20821947;LPPZ24;PA22;"General Velasquez Norte - Sur";"Lo Ovalle Poniente";2026-08-20;07:13:12;"Tarifa Base Fuera de Punta";512,34
"AUTOMAAS CHILE SPA";78343019-3;20821947;KDRJ20;PA17;"Ruta 5 Sur - Norte";"Américo Vespucio Oriente";2026-08-20;07:14:19;"Tarifa Base Punta";924,92
"AUTOMAAS CHILE SPA";78343019-3;20821947;LPPZ24;PA20;"General Velasquez Norte - Sur";"Lo Espejo Poniente";2026-08-20;07:15:15;"Tarifa Base Fuera de Punta";412,57
"AUTOMAAS CHILE SPA";78343019-3;20821947;KXZS95;PA18;"Ruta 5 Norte - Sur";"Américo Vespucio Poniente";2026-08-20;07:16:15;"Tarifa Base Punta";924,92
"AUTOMAAS CHILE SPA";78343019-3;20821947;LPPZ24;PA32;"Ruta 5 Norte - Sur";"Lo Blanco - Las Acacias";2026-08-20;07:16:46;"Tarifa Base Fuera de Punta";176,67
"AUTOMAAS CHILE SPA";78343019-3;20821947;LPPZ24;PA6;"Ruta 5 Norte - Sur";"Colón Poniente";2026-08-20;07:18:18;"Tarifa Base Fuera de Punta";157,96
"AUTOMAAS CHILE SPA";78343019-3;20821947;PJHJ69;PA31;"Ruta 5 Sur - Norte";"Avenida Matta";2026-08-20;07:28:16;"Tarifa Base Punta";737,86
"AUTOMAAS CHILE SPA";78343019-3;20821947;PJHJ69;PA13;"Ruta 5 Sur - Norte";"Alameda - Rio Mapocho";2026-08-20;07:33:53;"Tarifa Base Punta";363,73
"AUTOMAAS CHILE SPA";78343019-3;20821947;PJHJ69;PA16;"Ruta 5 Sur - Norte";"Avda Santa María Oriente";2026-08-20;07:37:49;"Tarifa Base Punta";850,10
"AUTOMAAS CHILE SPA";78343019-3;20821947;KXZS95;PA16;"Ruta 5 Sur - Norte";"Avda Santa María Oriente";2026-08-20;07:40:02;"Tarifa Base Punta";850,10
"AUTOMAAS CHILE SPA";78343019-3;20821947;PJHJ69;PA17;"Ruta 5 Sur - Norte";"Américo Vespucio Oriente";2026-08-20;07:43:09;"Tarifa Base Punta";924,92
"AUTOMAAS CHILE SPA";78343019-3;20821947;PJHJ69;PA18;"Ruta 5 Norte - Sur";"Américo Vespucio Poniente";2026-08-20;08:24:34;"Tarifa Base Punta";924,92
"AUTOMAAS CHILE SPA";78343019-3;20821947;PJHJ69;PA14;"Ruta 5 Norte - Sur";"Alameda Poniente";2026-08-20;08:55:08;"Tarifa Base Fuera de Punta";181,86
"AUTOMAAS CHILE SPA";78343019-3;20821947;PJHJ69;PA12;"Ruta 5 Norte - Sur";"Avda Matta Poniente";2026-08-20;08:56:31;"Tarifa Base Fuera de Punta";368,93
"AUTOMAAS CHILE SPA";78343019-3;20821947;PJHJ69;PA11;"Ruta 5 Norte - Sur";"La Marina San Nicolás Poniente";2026-08-20;08:58:30;"Tarifa Base Fuera de Punta";285,79
"AUTOMAAS CHILE SPA";78343019-3;20821947;KDRJ20;PA18;"Ruta 5 Norte - Sur";"Américo Vespucio Poniente";2026-08-20;09:10:20;"Tarifa Base Fuera de Punta";462,46
"AUTOMAAS CHILE SPA";78343019-3;20821947;KDRJ20;PA29;"General Velasquez Norte - Sur";"Cerro Renca Poniente";2026-08-20;09:13:04;"Tarifa Base Fuera de Punta";512,34
"AUTOMAAS CHILE SPA";78343019-3;20821947;KDRJ20;PA26;"General Velasquez Norte - Sur";"San Pablo Poniente";2026-08-20;09:17:46;"Tarifa Base Fuera de Punta";421,93
"AUTOMAAS CHILE SPA";78343019-3;20821947;KDRJ20;PA24;"General Velasquez Norte - Sur";"Carlos Valdovinos Poniente";2026-08-20;09:19:49;"Tarifa Base Fuera de Punta";287,86
"AUTOMAAS CHILE SPA";78343019-3;20821947;KXZS95;PA26;"General Velasquez Norte - Sur";"San Pablo Poniente";2026-08-20;09:26:29;"Tarifa Base Fuera de Punta";421,93
"AUTOMAAS CHILE SPA";78343019-3;20821947;KXZS95;PA24;"General Velasquez Norte - Sur";"Carlos Valdovinos Poniente";2026-08-20;09:28:08;"Tarifa Base Fuera de Punta";287,86
"AUTOMAAS CHILE SPA";78343019-3;20821947;KXZS95;PA22;"General Velasquez Norte - Sur";"Lo Ovalle Poniente";2026-08-20;09:30:41;"Tarifa Base Fuera de Punta";512,34
"AUTOMAAS CHILE SPA";78343019-3;20821947;KXZS95;PA20;"General Velasquez Norte - Sur";"Lo Espejo Poniente";2026-08-20;09:32:49;"Tarifa Base Fuera de Punta";412,57
"AUTOMAAS CHILE SPA";78343019-3;20821947;KXZS95;PA32;"Ruta 5 Norte - Sur";"Lo Blanco - Las Acacias";2026-08-20;09:34:23;"Tarifa Base Fuera de Punta";176,67
"AUTOMAAS CHILE SPA";78343019-3;20821947;KXZS95;PA6;"Ruta 5 Norte - Sur";"Colón Poniente";2026-08-20;09:36:12;"Tarifa Base Fuera de Punta";157,96
"AUTOMAAS CHILE SPA";78343019-3;20821947;LDWP36;PA12;"Ruta 5 Norte - Sur";"Avda Matta Poniente";2026-08-20;14:06:17;"Tarifa Base Fuera de Punta";368,93
"AUTOMAAS CHILE SPA";78343019-3;20821947;LDWP36;PA11;"Ruta 5 Norte - Sur";"La Marina San Nicolás Poniente";2026-08-20;14:08:46;"Tarifa Base Fuera de Punta";285,79
"AUTOMAAS CHILE SPA";78343019-3;20821947;LDWP36;PA9;"Ruta 5 Norte - Sur";"Lo Ovalle Poniente";2026-08-20;14:09:41;"Tarifa Base Fuera de Punta";392,83
"AUTOMAAS CHILE SPA";78343019-3;20821947;CYPW26;PA30;"Ruta 5 Sur - Norte";"Americo Vespucio - Departamental";2026-08-20;17:52:05;"Tarifa Base Fuera de Punta";392,83
"AUTOMAAS CHILE SPA";78343019-3;20821947;CYPW26;PA10;"Ruta 5 Sur - Norte";"La Marina San Nicolás Oriente";2026-08-20;17:52:57;"Tarifa Base Fuera de Punta";285,79
"AUTOMAAS CHILE SPA";78343019-3;20821947;CYPW26;PA31;"Ruta 5 Sur - Norte";"Avenida Matta";2026-08-20;17:55:23;"Tarifa Base Punta";737,86
"AUTOMAAS CHILE SPA";78343019-3;20821947;CYPW26;PA13;"Ruta 5 Sur - Norte";"Alameda - Rio Mapocho";2026-08-20;17:56:59;"Tarifa Base Punta";363,73
"AUTOMAAS CHILE SPA";78343019-3;20821947;KZGL59;PA21;"General Velasquez Sur - Norte";"Lo Ovalle Oriente";2026-08-20;17:58:09;"Tarifa Base Fuera de Punta";512,34
"AUTOMAAS CHILE SPA";78343019-3;20821947;CYPW26;PA16;"Ruta 5 Sur - Norte";"Avda Santa María Oriente";2026-08-20;18:02:17;"Tarifa Base Fuera de Punta";425,04
"AUTOMAAS CHILE SPA";78343019-3;20821947;LPPZ24;PA5;"Ruta 5 Sur - Norte";"Colón Oriente";2026-08-20;18:14:52;"Tarifa Base Fuera de Punta";334,63
"AUTOMAAS CHILE SPA";78343019-3;20821947;LPPZ24;PA7;"Ruta 5 Sur - Norte";"Lo Espejo Oriente";2026-08-20;18:17:42;"Tarifa Base Fuera de Punta";452,06
"AUTOMAAS CHILE SPA";78343019-3;20821947;CYPW26;PA17;"Ruta 5 Sur - Norte";"Américo Vespucio Oriente";2026-08-20;18:20:38;"Tarifa Base Punta";924,92
"AUTOMAAS CHILE SPA";78343019-3;20821947;LPPZ24;PA10;"Ruta 5 Sur - Norte";"La Marina San Nicolás Oriente";2026-08-20;19:04:04;"Tarifa Base Fuera de Punta";285,79
"AUTOMAAS CHILE SPA";78343019-3;20821947;LPPZ24;PA31;"Ruta 5 Sur - Norte";"Avenida Matta";2026-08-20;19:06:12;"Tarifa Base Fuera de Punta";368,93
"AUTOMAAS CHILE SPA";78343019-3;20821947;LPPZ24;PA13;"Ruta 5 Sur - Norte";"Alameda - Rio Mapocho";2026-08-20;19:07:44;"Tarifa Base Fuera de Punta";181,86
"AUTOMAAS CHILE SPA";78343019-3;20821947;LPPZ24;PA16;"Ruta 5 Sur - Norte";"Avda Santa María Oriente";2026-08-20;19:10:35;"Tarifa Base Fuera de Punta";425,04
"AUTOMAAS CHILE SPA";78343019-3;20821947;LJDV98;PA13;"Ruta 5 Sur - Norte";"Alameda - Rio Mapocho";2026-08-20;19:15:03;"Tarifa Base Fuera de Punta";181,86
"AUTOMAAS CHILE SPA";78343019-3;20821947;LPPZ24;PA17;"Ruta 5 Sur - Norte";"Américo Vespucio Oriente";2026-08-20;19:15:49;"Tarifa Base Punta";924,92
"AUTOMAAS CHILE SPA";78343019-3;20821947;LJDV98;PA16;"Ruta 5 Sur - Norte";"Avda Santa María Oriente";2026-08-20;19:28:43;"Tarifa Base Fuera de Punta";425,04
"AUTOMAAS CHILE SPA";78343019-3;20821947;LJDV98;PA17;"Ruta 5 Sur - Norte";"Américo Vespucio Oriente";2026-08-20;19:34:11;"Tarifa Base Fuera de Punta";462,46
"AUTOMAAS CHILE SPA";78343019-3;20821947;LPPZ24;PA18;"Ruta 5 Norte - Sur";"Américo Vespucio Poniente";2026-08-20;20:21:44;"Tarifa Base Fuera de Punta";462,46
"AUTOMAAS CHILE SPA";78343019-3;20821947;KZGL59;PA18;"Ruta 5 Norte - Sur";"Américo Vespucio Poniente";2026-08-20;20:23:48;"Tarifa Base Fuera de Punta";462,46
"AUTOMAAS CHILE SPA";78343019-3;20821947;LPPZ24;PA15;"Ruta 5 Norte - Sur";"Bulnes Poniente";2026-08-20;20:25:53;"Tarifa Base Punta";850,10
"AUTOMAAS CHILE SPA";78343019-3;20821947;KZGL59;PA15;"Ruta 5 Norte - Sur";"Bulnes Poniente";2026-08-20;20:28:18;"Tarifa Base Punta";850,10
"AUTOMAAS CHILE SPA";78343019-3;20821947;LPPZ24;PA14;"Ruta 5 Norte - Sur";"Alameda Poniente";2026-08-20;20:28:59;"Tarifa Base Punta";363,73
"AUTOMAAS CHILE SPA";78343019-3;20821947;LPPZ24;PA12;"Ruta 5 Norte - Sur";"Avda Matta Poniente";2026-08-20;20:30:58;"Tarifa Base Fuera de Punta";368,93
"AUTOMAAS CHILE SPA";78343019-3;20821947;CYPW26;PA17;"Ruta 5 Sur - Norte";"Américo Vespucio Oriente";2026-08-20;20:46:11;"Tarifa Base Fuera de Punta";462,46
"AUTOMAAS CHILE SPA";78343019-3;20821947;LPPZ24;PA8;"Ruta 5 Norte - Sur";"Lo Espejo Poniente";2026-08-20;21:08:26;"Tarifa Base Fuera de Punta";452,06
"AUTOMAAS CHILE SPA";78343019-3;20821947;LPPZ24;PA32;"Ruta 5 Norte - Sur";"Lo Blanco - Las Acacias";2026-08-20;21:09:25;"Tarifa Base Fuera de Punta";176,67
"AUTOMAAS CHILE SPA";78343019-3;20821947;LPPZ24;PA6;"Ruta 5 Norte - Sur";"Colón Poniente";2026-08-20;21:10:56;"Tarifa Base Fuera de Punta";157,96
"AUTOMAAS CHILE SPA";78343019-3;20821947;LPPZ24;PA37;"Ruta 5 Norte - Sur";"Colón, Calera de Tango";2026-08-20;21:11:53;"Tarifa Base Fuera de Punta";455,18
"AUTOMAAS CHILE SPA";78343019-3;20821947;LPPZ24;PA4;"Ruta 5 Norte - Sur";"Calera de Tango Poniente";2026-08-20;21:13:35;"Tarifa Base Fuera de Punta";129,90
"AUTOMAAS CHILE SPA";78343019-3;20821947;LPPZ31;PA12;"Ruta 5 Norte - Sur";"Avda Matta Poniente";2026-08-20;22:30:44;"Tarifa Base Fuera de Punta";368,93
"AUTOMAAS CHILE SPA";78343019-3;20821947;LPPZ31;PA11;"Ruta 5 Norte - Sur";"La Marina San Nicolás Poniente";2026-08-20;22:35:01;"Tarifa Base Fuera de Punta";285,79
"AUTOMAAS CHILE SPA";78343019-3;20821947;LPPZ31;PA9;"Ruta 5 Norte - Sur";"Lo Ovalle Poniente";2026-08-20;22:35:59;"Tarifa Base Fuera de Punta";392,83
"AUTOMAAS CHILE SPA";78343019-3;20821947;LPPZ24;PA5;"Ruta 5 Sur - Norte";"Colón Oriente";2026-08-20;23:28:30;"Tarifa Base Fuera de Punta";334,63
"AUTOMAAS CHILE SPA";78343019-3;20821947;KXZS95;PA8;"Ruta 5 Norte - Sur";"Lo Espejo Poniente";2026-08-20;23:37:40;"Tarifa Base Fuera de Punta";452,06
"AUTOMAAS CHILE SPA";78343019-3;20821947;KXZS95;PA32;"Ruta 5 Norte - Sur";"Lo Blanco - Las Acacias";2026-08-20;23:38:52;"Tarifa Base Fuera de Punta";176,67
"AUTOMAAS CHILE SPA";78343019-3;20821947;KZGL59;PA21;"General Velasquez Sur - Norte";"Lo Ovalle Oriente";2026-08-21;00:33:55;"Tarifa Base Fuera de Punta";512,34
"AUTOMAAS CHILE SPA";78343019-3;20821947;LPPZ31;PA30;"Ruta 5 Sur - Norte";"Americo Vespucio - Departamental";2026-08-21;00:37:09;"Tarifa Base Fuera de Punta";392,83
"AUTOMAAS CHILE SPA";78343019-3;20821947;LPPZ31;PA10;"Ruta 5 Sur - Norte";"La Marina San Nicolás Oriente";2026-08-21;00:42:37;"Tarifa Base Fuera de Punta";285,79
"AUTOMAAS CHILE SPA";78343019-3;20821947;LPPZ31;PA31;"Ruta 5 Sur - Norte";"Avenida Matta";2026-08-21;00:44:29;"Tarifa Base Fuera de Punta";368,93
"AUTOMAAS CHILE SPA";78343019-3;20821947;LPPZ31;PA12;"Ruta 5 Norte - Sur";"Avda Matta Poniente";2026-08-21;00:53:52;"Tarifa Base Fuera de Punta";368,93
"AUTOMAAS CHILE SPA";78343019-3;20821947;KDRJ20;PA7;"Ruta 5 Sur - Norte";"Lo Espejo Oriente";2026-08-21;01:12:24;"Tarifa Base Fuera de Punta";452,06
"AUTOMAAS CHILE SPA";78343019-3;20821947;LPPZ31;PA21;"General Velasquez Sur - Norte";"Lo Ovalle Oriente";2026-08-21;01:35:51;"Tarifa Base Fuera de Punta";512,34
"AUTOMAAS CHILE SPA";78343019-3;20821947;LPPZ31;PA23;"General Velasquez Sur - Norte";"Carlos Valdovinos Oriente";2026-08-21;01:38:34;"Tarifa Base Fuera de Punta";287,86
"AUTOMAAS CHILE SPA";78343019-3;20821947;LPPZ31;PA22;"General Velasquez Norte - Sur";"Lo Ovalle Poniente";2026-08-21;02:00:56;"Tarifa Base Fuera de Punta";512,34
"AUTOMAAS CHILE SPA";78343019-3;20821947;LKGZ52;PA23;"General Velasquez Sur - Norte";"Carlos Valdovinos Oriente";2026-08-21;03:27:41;"Tarifa Base Fuera de Punta";287,86
"AUTOMAAS CHILE SPA";78343019-3;20821947;LKGZ52;PA25;"General Velasquez Sur - Norte";"San Pablo Oriente";2026-08-21;03:28:59;"Tarifa Base Fuera de Punta";421,93
"AUTOMAAS CHILE SPA";78343019-3;20821947;LKGZ52;PA12;"Ruta 5 Norte - Sur";"Avda Matta Poniente";2026-08-21;03:48:14;"Tarifa Base Fuera de Punta";368,93
"AUTOMAAS CHILE SPA";78343019-3;20821947;LKGZ52;PA11;"Ruta 5 Norte - Sur";"La Marina San Nicolás Poniente";2026-08-21;03:49:48;"Tarifa Base Fuera de Punta";285,79
"AUTOMAAS CHILE SPA";78343019-3;20821947;LKGZ52;PA9;"Ruta 5 Norte - Sur";"Lo Ovalle Poniente";2026-08-21;03:50:26;"Tarifa Base Fuera de Punta";392,83
"AUTOMAAS CHILE SPA";78343019-3;20821947;LPPZ24;PA8;"Ruta 5 Norte - Sur";"Lo Espejo Poniente";2026-08-21;05:07:36;"Tarifa Base Fuera de Punta";452,06
"AUTOMAAS CHILE SPA";78343019-3;20821947;KDRJ20;PA5;"Ruta 5 Sur - Norte";"Colón Oriente";2026-08-21;05:27:10;"Tarifa Base Fuera de Punta";334,63
"AUTOMAAS CHILE SPA";78343019-3;20821947;KDRJ20;PA19;"General Velasquez Sur - Norte";"Puerta Sur Oriente";2026-08-21;05:29:09;"Tarifa Base Fuera de Punta";412,57
"AUTOMAAS CHILE SPA";78343019-3;20821947;LPPZ31;PA21;"General Velasquez Sur - Norte";"Lo Ovalle Oriente";2026-08-21;05:40:02;"Tarifa Base Fuera de Punta";512,34
"AUTOMAAS CHILE SPA";78343019-3;20821947;HXJJ44;PA21;"General Velasquez Sur - Norte";"Lo Ovalle Oriente";2026-08-21;05:43:03;"Tarifa Base Fuera de Punta";512,34
"AUTOMAAS CHILE SPA";78343019-3;20821947;LPPZ31;PA23;"General Velasquez Sur - Norte";"Carlos Valdovinos Oriente";2026-08-21;05:43:06;"Tarifa Base Fuera de Punta";287,86
"AUTOMAAS CHILE SPA";78343019-3;20821947;LPPZ31;PA25;"General Velasquez Sur - Norte";"San Pablo Oriente";2026-08-21;05:44:55;"Tarifa Base Fuera de Punta";421,93
"AUTOMAAS CHILE SPA";78343019-3;20821947;HXJJ44;PA23;"General Velasquez Sur - Norte";"Carlos Valdovinos Oriente";2026-08-21;05:46:06;"Tarifa Base Fuera de Punta";287,86
"AUTOMAAS CHILE SPA";78343019-3;20821947;LPPZ24;PA5;"Ruta 5 Sur - Norte";"Colón Oriente";2026-08-21;05:47:47;"Tarifa Base Fuera de Punta";334,63
"AUTOMAAS CHILE SPA";78343019-3;20821947;HXJJ44;PA25;"General Velasquez Sur - Norte";"San Pablo Oriente";2026-08-21;05:47:51;"Tarifa Base Fuera de Punta";421,93
"AUTOMAAS CHILE SPA";78343019-3;20821947;LPPZ24;PA7;"Ruta 5 Sur - Norte";"Lo Espejo Oriente";2026-08-21;05:50:16;"Tarifa Base Fuera de Punta";452,06
"AUTOMAAS CHILE SPA";78343019-3;20821947;LPPZ31;PA28;"General Velasquez Sur - Norte";"Cerro Renca Oriente";2026-08-21;05:56:18;"Tarifa Base Fuera de Punta";512,34
"AUTOMAAS CHILE SPA";78343019-3;20821947;LPPZ31;PA17;"Ruta 5 Sur - Norte";"Américo Vespucio Oriente";2026-08-21;05:57:36;"Tarifa Base Fuera de Punta";462,46
"AUTOMAAS CHILE SPA";78343019-3;20821947;KZGL59;PA31;"Ruta 5 Sur - Norte";"Avenida Matta";2026-08-21;05:58:50;"Tarifa Base Fuera de Punta";368,93
"AUTOMAAS CHILE SPA";78343019-3;20821947;KZGL59;PA13;"Ruta 5 Sur - Norte";"Alameda - Rio Mapocho";2026-08-21;06:00:35;"Tarifa Base Fuera de Punta";181,86
"AUTOMAAS CHILE SPA";78343019-3;20821947;LJDV98;PA8;"Ruta 5 Norte - Sur";"Lo Espejo Poniente";2026-08-21;06:02:20;"Tarifa Base Fuera de Punta";452,06
"AUTOMAAS CHILE SPA";78343019-3;20821947;LJDV98;PA32;"Ruta 5 Norte - Sur";"Lo Blanco - Las Acacias";2026-08-21;06:03:34;"Tarifa Base Fuera de Punta";176,67
"AUTOMAAS CHILE SPA";78343019-3;20821947;LJDV98;PA6;"Ruta 5 Norte - Sur";"Colón Poniente";2026-08-21;06:05:09;"Tarifa Base Fuera de Punta";157,96
"AUTOMAAS CHILE SPA";78343019-3;20821947;LJDV98;PA37;"Ruta 5 Norte - Sur";"Colón, Calera de Tango";2026-08-21;06:06:04;"Tarifa Base Fuera de Punta";455,18
"AUTOMAAS CHILE SPA";78343019-3;20821947;HXJJ44;PA26;"General Velasquez Norte - Sur";"San Pablo Poniente";2026-08-21;06:07:40;"Tarifa Base Fuera de Punta";421,93
"AUTOMAAS CHILE SPA";78343019-3;20821947;LJDV98;PA4;"Ruta 5 Norte - Sur";"Calera de Tango Poniente";2026-08-21;06:08:02;"Tarifa Base Fuera de Punta";129,90
"AUTOMAAS CHILE SPA";78343019-3;20821947;HXJJ44;PA24;"General Velasquez Norte - Sur";"Carlos Valdovinos Poniente";2026-08-21;06:10:41;"Tarifa Base Fuera de Punta";287,86
"AUTOMAAS CHILE SPA";78343019-3;20821947;HXJJ44;PA22;"General Velasquez Norte - Sur";"Lo Ovalle Poniente";2026-08-21;06:16:24;"Tarifa Base Fuera de Punta";512,34
"AUTOMAAS CHILE SPA";78343019-3;20821947;LJDV98;PA3;"Ruta 5 Sur - Norte";"Calera de Tango Oriente";2026-08-21;06:22:34;"Tarifa Base Fuera de Punta";585,09
"AUTOMAAS CHILE SPA";78343019-3;20821947;LJDV98;PA5;"Ruta 5 Sur - Norte";"Colón Oriente";2026-08-21;06:25:35;"Tarifa Base Fuera de Punta";334,63
"AUTOMAAS CHILE SPA";78343019-3;20821947;LJDV98;PA7;"Ruta 5 Sur - Norte";"Lo Espejo Oriente";2026-08-21;06:28:52;"Tarifa Base Fuera de Punta";452,06
"AUTOMAAS CHILE SPA";78343019-3;20821947;KDRJ20;PA23;"General Velasquez Sur - Norte";"Carlos Valdovinos Oriente";2026-08-21;06:40:21;"Tarifa Base Fuera de Punta";287,86
"AUTOMAAS CHILE SPA";78343019-3;20821947;KDRJ20;PA25;"General Velasquez Sur - Norte";"San Pablo Oriente";2026-08-21;06:42:14;"Tarifa Base Fuera de Punta";421,93
"AUTOMAAS CHILE SPA";78343019-3;20821947;LPPZ24;PA13;"Ruta 5 Sur - Norte";"Alameda - Rio Mapocho";2026-08-21;06:47:05;"Tarifa Base Punta";363,73
"AUTOMAAS CHILE SPA";78343019-3;20821947;LPPZ24;PA16;"Ruta 5 Sur - Norte";"Avda Santa María Oriente";2026-08-21;06:59:54;"Tarifa Base Fuera de Punta";425,04
"AUTOMAAS CHILE SPA";78343019-3;20821947;LPPZ24;PA17;"Ruta 5 Sur - Norte";"Américo Vespucio Oriente";2026-08-21;07:04:02;"Tarifa Base Punta";924,92
"AUTOMAAS CHILE SPA";78343019-3;20821947;HXJJ44;PA7;"Ruta 5 Sur - Norte";"Lo Espejo Oriente";2026-08-21;07:04:05;"Tarifa Base Fuera de Punta";452,06
"AUTOMAAS CHILE SPA";78343019-3;20821947;HXJJ44;PA30;"Ruta 5 Sur - Norte";"Americo Vespucio - Departamental";2026-08-21;07:07:38;"Tarifa Base Fuera de Punta";392,83
"AUTOMAAS CHILE SPA";78343019-3;20821947;HXJJ44;PA10;"Ruta 5 Sur - Norte";"La Marina San Nicolás Oriente";2026-08-21;07:08:42;"Tarifa Base Fuera de Punta";285,79
"AUTOMAAS CHILE SPA";78343019-3;20821947;LPPZ24;PA18;"Ruta 5 Norte - Sur";"Américo Vespucio Poniente";2026-08-21;07:16:06;"Tarifa Base Punta";924,92
"AUTOMAAS CHILE SPA";78343019-3;20821947;LPPZ24;PA29;"General Velasquez Norte - Sur";"Cerro Renca Poniente";2026-08-21;07:17:39;"Tarifa Base Fuera de Punta";512,34
"AUTOMAAS CHILE SPA";78343019-3;20821947;HXJJ44;PA23;"General Velasquez Sur - Norte";"Carlos Valdovinos Oriente";2026-08-21;07:18:09;"Tarifa Base Punta";575,74
"AUTOMAAS CHILE SPA";78343019-3;20821947;KDRJ20;PA16;"Ruta 5 Sur - Norte";"Avda Santa María Oriente";2026-08-21;07:19:37;"Tarifa Base Fuera de Punta";425,04
"AUTOMAAS CHILE SPA";78343019-3;20821947;HXJJ44;PA25;"General Velasquez Sur - Norte";"San Pablo Oriente";2026-08-21;07:20:03;"Tarifa Base Punta";843,86
"AUTOMAAS CHILE SPA";78343019-3;20821947;KZGL59;PA14;"Ruta 5 Norte - Sur";"Alameda Poniente";2026-08-21;07:21:34;"Tarifa Base Punta";363,73
"AUTOMAAS CHILE SPA";78343019-3;20821947;LPPZ24;PA26;"General Velasquez Norte - Sur";"San Pablo Poniente";2026-08-21;07:21:54;"Tarifa Base Fuera de Punta";421,93
"AUTOMAAS CHILE SPA";78343019-3;20821947;LJDV98;PA31;"Ruta 5 Sur - Norte";"Avenida Matta";2026-08-21;07:22:54;"Tarifa Base Punta";737,86
"AUTOMAAS CHILE SPA";78343019-3;20821947;KZGL59;PA12;"Ruta 5 Norte - Sur";"Avda Matta Poniente";2026-08-21;07:23:08;"Tarifa Base Punta";737,86
"AUTOMAAS CHILE SPA";78343019-3;20821947;LPPZ24;PA24;"General Velasquez Norte - Sur";"Carlos Valdovinos Poniente";2026-08-21;07:23:17;"Tarifa Base Fuera de Punta";287,86
"AUTOMAAS CHILE SPA";78343019-3;20821947;KDRJ20;PA17;"Ruta 5 Sur - Norte";"Américo Vespucio Oriente";2026-08-21;07:24:12;"Tarifa Base Punta";924,92
"AUTOMAAS CHILE SPA";78343019-3;20821947;KZGL59;PA11;"Ruta 5 Norte - Sur";"La Marina San Nicolás Poniente";2026-08-21;07:25:07;"Tarifa Base Fuera de Punta";285,79
"AUTOMAAS CHILE SPA";78343019-3;20821947;LJDV98;PA13;"Ruta 5 Sur - Norte";"Alameda - Rio Mapocho";2026-08-21;07:25:15;"Tarifa Base Punta";363,73
"AUTOMAAS CHILE SPA";78343019-3;20821947;LPPZ24;PA22;"General Velasquez Norte - Sur";"Lo Ovalle Poniente";2026-08-21;07:25:37;"Tarifa Base Fuera de Punta";512,34
"AUTOMAAS CHILE SPA";78343019-3;20821947;KZGL59;PA9;"Ruta 5 Norte - Sur";"Lo Ovalle Poniente";2026-08-21;07:25:57;"Tarifa Base Fuera de Punta";392,83
"AUTOMAAS CHILE SPA";78343019-3;20821947;LPPZ24;PA20;"General Velasquez Norte - Sur";"Lo Espejo Poniente";2026-08-21;07:27:34;"Tarifa Base Fuera de Punta";412,57
"AUTOMAAS CHILE SPA";78343019-3;20821947;LJDV98;PA16;"Ruta 5 Sur - Norte";"Avda Santa María Oriente";2026-08-21;07:29:06;"Tarifa Base Fuera de Punta";425,04
"AUTOMAAS CHILE SPA";78343019-3;20821947;LPPZ24;PA32;"Ruta 5 Norte - Sur";"Lo Blanco - Las Acacias";2026-08-21;07:29:08;"Tarifa Base Fuera de Punta";176,67
"AUTOMAAS CHILE SPA";78343019-3;20821947;LPPZ24;PA6;"Ruta 5 Norte - Sur";"Colón Poniente";2026-08-21;07:30:47;"Tarifa Base Fuera de Punta";157,96
"AUTOMAAS CHILE SPA";78343019-3;20821947;LJDV98;PA17;"Ruta 5 Sur - Norte";"Américo Vespucio Oriente";2026-08-21;08:03:37;"Tarifa Base Punta";924,92
"AUTOMAAS CHILE SPA";78343019-3;20821947;LJDV98;PA18;"Ruta 5 Norte - Sur";"Américo Vespucio Poniente";2026-08-21;08:36:26;"Tarifa Base Fuera de Punta";462,46
"AUTOMAAS CHILE SPA";78343019-3;20821947;LJDV98;PA14;"Ruta 5 Norte - Sur";"Alameda Poniente";2026-08-21;09:01:58;"Tarifa Base Punta";363,73
"AUTOMAAS CHILE SPA";78343019-3;20821947;LJDV98;PA12;"Ruta 5 Norte - Sur";"Avda Matta Poniente";2026-08-21;09:03:48;"Tarifa Base Punta";737,86
"AUTOMAAS CHILE SPA";78343019-3;20821947;KDRJ20;PA18;"Ruta 5 Norte - Sur";"Américo Vespucio Poniente";2026-08-21;09:04:32;"Tarifa Base Fuera de Punta";462,46
"AUTOMAAS CHILE SPA";78343019-3;20821947;KDRJ20;PA29;"General Velasquez Norte - Sur";"Cerro Renca Poniente";2026-08-21;09:05:54;"Tarifa Base Fuera de Punta";512,34
"AUTOMAAS CHILE SPA";78343019-3;20821947;LJDV98;PA11;"Ruta 5 Norte - Sur";"La Marina San Nicolás Poniente";2026-08-21;09:06:19;"Tarifa Base Fuera de Punta";285,79
"AUTOMAAS CHILE SPA";78343019-3;20821947;LPPZ31;PA22;"General Velasquez Norte - Sur";"Lo Ovalle Poniente";2026-08-21;16:51:00;"Tarifa Base Fuera de Punta";512,34
"AUTOMAAS CHILE SPA";78343019-3;20821947;LPPZ31;PA20;"General Velasquez Norte - Sur";"Lo Espejo Poniente";2026-08-21;16:55:14;"Tarifa Base Fuera de Punta";412,57
"AUTOMAAS CHILE SPA";78343019-3;20821947;LPPZ31;PA32;"Ruta 5 Norte - Sur";"Lo Blanco - Las Acacias";2026-08-21;17:11:07;"Tarifa Base Fuera de Punta";176,67
"AUTOMAAS CHILE SPA";78343019-3;20821947;LPPZ31;PA7;"Ruta 5 Sur - Norte";"Lo Espejo Oriente";2026-08-21;17:18:51;"Tarifa Base Fuera de Punta";452,06
"AUTOMAAS CHILE SPA";78343019-3;20821947;LDWP36;PA21;"General Velasquez Sur - Norte";"Lo Ovalle Oriente";2026-08-21;18:09:56;"Tarifa Base Fuera de Punta";512,34
"AUTOMAAS CHILE SPA";78343019-3;20821947;LDWP36;PA23;"General Velasquez Sur - Norte";"Carlos Valdovinos Oriente";2026-08-21;18:12:57;"Tarifa Base Fuera de Punta";287,86
"AUTOMAAS CHILE SPA";78343019-3;20821947;LPPZ24;PA10;"Ruta 5 Sur - Norte";"La Marina San Nicolás Oriente";2026-08-21;19:12:10;"Tarifa Base Fuera de Punta";285,79
"AUTOMAAS CHILE SPA";78343019-3;20821947;LPPZ24;PA31;"Ruta 5 Sur - Norte";"Avenida Matta";2026-08-21;19:14:27;"Tarifa Base Fuera de Punta";368,93
"AUTOMAAS CHILE SPA";78343019-3;20821947;LPPZ24;PA13;"Ruta 5 Sur - Norte";"Alameda - Rio Mapocho";2026-08-21;19:16:25;"Tarifa Base Fuera de Punta";181,86
"AUTOMAAS CHILE SPA";78343019-3;20821947;LPPZ24;PA16;"Ruta 5 Sur - Norte";"Avda Santa María Oriente";2026-08-21;19:19:16;"Tarifa Base Fuera de Punta";425,04
"AUTOMAAS CHILE SPA";78343019-3;20821947;LPPZ24;PA17;"Ruta 5 Sur - Norte";"Américo Vespucio Oriente";2026-08-21;19:22:55;"Tarifa Base Punta";924,92
"AUTOMAAS CHILE SPA";78343019-3;20821947;LJDV98;PA13;"Ruta 5 Sur - Norte";"Alameda - Rio Mapocho";2026-08-21;19:27:12;"Tarifa Base Fuera de Punta";181,86
"AUTOMAAS CHILE SPA";78343019-3;20821947;LJDV98;PA16;"Ruta 5 Sur - Norte";"Avda Santa María Oriente";2026-08-21;19:36:59;"Tarifa Base Fuera de Punta";425,04
"AUTOMAAS CHILE SPA";78343019-3;20821947;LJDV98;PA17;"Ruta 5 Sur - Norte";"Américo Vespucio Oriente";2026-08-21;19:40:58;"Tarifa Base Fuera de Punta";462,46
"AUTOMAAS CHILE SPA";78343019-3;20821947;LPPZ24;PA18;"Ruta 5 Norte - Sur";"Américo Vespucio Poniente";2026-08-21;20:19:17;"Tarifa Base Fuera de Punta";462,46
"AUTOMAAS CHILE SPA";78343019-3;20821947;LDWP36;PA18;"Ruta 5 Norte - Sur";"Américo Vespucio Poniente";2026-08-21;20:20:38;"Tarifa Base Fuera de Punta";462,46
"AUTOMAAS CHILE SPA";78343019-3;20821947;LPPZ24;PA15;"Ruta 5 Norte - Sur";"Bulnes Poniente";2026-08-21;20:23:43;"Tarifa Base Punta";850,10
"AUTOMAAS CHILE SPA";78343019-3;20821947;LDWP36;PA15;"Ruta 5 Norte - Sur";"Bulnes Poniente";2026-08-21;20:24:54;"Tarifa Base Punta";850,10
"AUTOMAAS CHILE SPA";78343019-3;20821947;LPPZ24;PA14;"Ruta 5 Norte - Sur";"Alameda Poniente";2026-08-21;20:25:47;"Tarifa Base Punta";363,73
"AUTOMAAS CHILE SPA";78343019-3;20821947;LPPZ24;PA12;"Ruta 5 Norte - Sur";"Avda Matta Poniente";2026-08-21;20:27:17;"Tarifa Base Punta";737,86
"AUTOMAAS CHILE SPA";78343019-3;20821947;LPPZ24;PA11;"Ruta 5 Norte - Sur";"La Marina San Nicolás Poniente";2026-08-21;20:29:22;"Tarifa Base Punta";571,58
"AUTOMAAS CHILE SPA";78343019-3;20821947;HXJJ44;PA17;"Ruta 5 Sur - Norte";"Américo Vespucio Oriente";2026-08-21;20:38:54;"Tarifa Base Fuera de Punta";462,46
"AUTOMAAS CHILE SPA";78343019-3;20821947;LDWP36;PA13;"Ruta 5 Sur - Norte";"Alameda - Rio Mapocho";2026-08-21;20:45:16;"Tarifa Base Fuera de Punta";181,86
"AUTOMAAS CHILE SPA";78343019-3;20821947;LPPZ24;PA8;"Ruta 5 Norte - Sur";"Lo Espejo Poniente";2026-08-21;20:51:15;"Tarifa Base Fuera de Punta";452,06
"AUTOMAAS CHILE SPA";78343019-3;20821947;LPPZ24;PA32;"Ruta 5 Norte - Sur";"Lo Blanco - Las Acacias";2026-08-21;20:52:21;"Tarifa Base Fuera de Punta";176,67
"AUTOMAAS CHILE SPA";78343019-3;20821947;LPPZ24;PA6;"Ruta 5 Norte - Sur";"Colón Poniente";2026-08-21;20:54:08;"Tarifa Base Fuera de Punta";157,96
"AUTOMAAS CHILE SPA";78343019-3;20821947;LPPZ24;PA37;"Ruta 5 Norte - Sur";"Colón, Calera de Tango";2026-08-21;20:55:22;"Tarifa Base Fuera de Punta";455,18
"AUTOMAAS CHILE SPA";78343019-3;20821947;LPPZ24;PA4;"Ruta 5 Norte - Sur";"Calera de Tango Poniente";2026-08-21;20:57:15;"Tarifa Base Fuera de Punta";129,90
"AUTOMAAS CHILE SPA";78343019-3;20821947;LDWP36;PA26;"General Velasquez Norte - Sur";"San Pablo Poniente";2026-08-21;21:04:32;"Tarifa Base Fuera de Punta";421,93
"AUTOMAAS CHILE SPA";78343019-3;20821947;LDWP36;PA24;"General Velasquez Norte - Sur";"Carlos Valdovinos Poniente";2026-08-21;21:06:15;"Tarifa Base Fuera de Punta";287,86
"AUTOMAAS CHILE SPA";78343019-3;20821947;LPPZ31;PA26;"General Velasquez Norte - Sur";"San Pablo Poniente";2026-08-21;22:02:17;"Tarifa Base Fuera de Punta";421,93
"AUTOMAAS CHILE SPA";78343019-3;20821947;LPPZ31;PA24;"General Velasquez Norte - Sur";"Carlos Valdovinos Poniente";2026-08-21;22:03:34;"Tarifa Base Fuera de Punta";287,86
"AUTOMAAS CHILE SPA";78343019-3;20821947;LPPZ31;PA22;"General Velasquez Norte - Sur";"Lo Ovalle Poniente";2026-08-21;22:05:57;"Tarifa Base Fuera de Punta";512,34
"AUTOMAAS CHILE SPA";78343019-3;20821947;KXZS95;PA12;"Ruta 5 Norte - Sur";"Avda Matta Poniente";2026-08-21;22:21:23;"Tarifa Base Fuera de Punta";368,93
"AUTOMAAS CHILE SPA";78343019-3;20821947;KXZS95;PA11;"Ruta 5 Norte - Sur";"La Marina San Nicolás Poniente";2026-08-21;22:23:44;"Tarifa Base Fuera de Punta";285,79
"AUTOMAAS CHILE SPA";78343019-3;20821947;KXZS95;PA9;"Ruta 5 Norte - Sur";"Lo Ovalle Poniente";2026-08-21;22:24:45;"Tarifa Base Fuera de Punta";392,83
"AUTOMAAS CHILE SPA";78343019-3;20821947;KXZS95;PA8;"Ruta 5 Norte - Sur";"Lo Espejo Poniente";2026-08-21;23:00:00;"Tarifa Base Fuera de Punta";452,06
"AUTOMAAS CHILE SPA";78343019-3;20821947;KXZS95;PA32;"Ruta 5 Norte - Sur";"Lo Blanco - Las Acacias";2026-08-21;23:01:07;"Tarifa Base Fuera de Punta";176,67
"AUTOMAAS CHILE SPA";78343019-3;20821947;LKGZ52;PA21;"General Velasquez Sur - Norte";"Lo Ovalle Oriente";2026-08-21;23:12:15;"Tarifa Base Fuera de Punta";512,34
"AUTOMAAS CHILE SPA";78343019-3;20821947;LKGZ52;PA23;"General Velasquez Sur - Norte";"Carlos Valdovinos Oriente";2026-08-21;23:14:22;"Tarifa Base Fuera de Punta";287,86
"AUTOMAAS CHILE SPA";78343019-3;20821947;KXZS95;PA5;"Ruta 5 Sur - Norte";"Colón Oriente";2026-08-21;23:21:49;"Tarifa Base Fuera de Punta";334,63
"AUTOMAAS CHILE SPA";78343019-3;20821947;KXZS95;PA19;"General Velasquez Sur - Norte";"Puerta Sur Oriente";2026-08-21;23:24:04;"Tarifa Base Fuera de Punta";412,57
"AUTOMAAS CHILE SPA";78343019-3;20821947;LKGZ52;PA24;"General Velasquez Norte - Sur";"Carlos Valdovinos Poniente";2026-08-21;23:24:43;"Tarifa Base Fuera de Punta";287,86
"AUTOMAAS CHILE SPA";78343019-3;20821947;LKGZ52;PA22;"General Velasquez Norte - Sur";"Lo Ovalle Poniente";2026-08-21;23:27:00;"Tarifa Base Fuera de Punta";512,34
"AUTOMAAS CHILE SPA";78343019-3;20821947;KDRJ20;PA6;"Ruta 5 Norte - Sur";"Colón Poniente";2026-08-22;00:49:41;"Tarifa Base Fuera de Punta";157,96
"AUTOMAAS CHILE SPA";78343019-3;20821947;KDRJ20;PA37;"Ruta 5 Norte - Sur";"Colón, Calera de Tango";2026-08-22;00:50:41;"Tarifa Base Fuera de Punta";455,18
"AUTOMAAS CHILE SPA";78343019-3;20821947;LPPZ24;PA7;"Ruta 5 Sur - Norte";"Lo Espejo Oriente";2026-08-22;00:51:52;"Tarifa Base Fuera de Punta";452,06
"AUTOMAAS CHILE SPA";78343019-3;20821947;KDRJ20;PA3;"Ruta 5 Sur - Norte";"Calera de Tango Oriente";2026-08-22;01:00:19;"Tarifa Base Fuera de Punta";585,09
"AUTOMAAS CHILE SPA";78343019-3;20821947;KDRJ20;PA5;"Ruta 5 Sur - Norte";"Colón Oriente";2026-08-22;01:02:50;"Tarifa Base Fuera de Punta";334,63
"AUTOMAAS CHILE SPA";78343019-3;20821947;KDRJ20;PA19;"General Velasquez Sur - Norte";"Puerta Sur Oriente";2026-08-22;01:05:00;"Tarifa Base Fuera de Punta";412,57
"AUTOMAAS CHILE SPA";78343019-3;20821947;LPPZ31;PA21;"General Velasquez Sur - Norte";"Lo Ovalle Oriente";2026-08-22;01:35:15;"Tarifa Base Fuera de Punta";512,34
"AUTOMAAS CHILE SPA";78343019-3;20821947;LPPZ31;PA23;"General Velasquez Sur - Norte";"Carlos Valdovinos Oriente";2026-08-22;01:47:05;"Tarifa Base Fuera de Punta";287,86
"AUTOMAAS CHILE SPA";78343019-3;20821947;LPPZ31;PA22;"General Velasquez Norte - Sur";"Lo Ovalle Poniente";2026-08-22;02:11:39;"Tarifa Base Fuera de Punta";512,34
"AUTOMAAS CHILE SPA";78343019-3;20821947;LPPZ31;PA5;"Ruta 5 Sur - Norte";"Colón Oriente";2026-08-22;04:26:50;"Tarifa Base Fuera de Punta";334,63
"AUTOMAAS CHILE SPA";78343019-3;20821947;LPPZ31;PA19;"General Velasquez Sur - Norte";"Puerta Sur Oriente";2026-08-22;04:29:10;"Tarifa Base Fuera de Punta";412,57
"AUTOMAAS CHILE SPA";78343019-3;20821947;LDWP36;PA31;"Ruta 5 Sur - Norte";"Avenida Matta";2026-08-22;06:15:48;"Tarifa Base Fuera de Punta";368,93
"AUTOMAAS CHILE SPA";78343019-3;20821947;LDWP36;PA13;"Ruta 5 Sur - Norte";"Alameda - Rio Mapocho";2026-08-22;06:17:24;"Tarifa Base Fuera de Punta";181,86
"AUTOMAAS CHILE SPA";78343019-3;20821947;LJDV98;PA8;"Ruta 5 Norte - Sur";"Lo Espejo Poniente";2026-08-22;06:26:28;"Tarifa Base Fuera de Punta";452,06
"AUTOMAAS CHILE SPA";78343019-3;20821947;LJDV98;PA32;"Ruta 5 Norte - Sur";"Lo Blanco - Las Acacias";2026-08-22;06:27:32;"Tarifa Base Fuera de Punta";176,67
"AUTOMAAS CHILE SPA";78343019-3;20821947;LJDV98;PA6;"Ruta 5 Norte - Sur";"Colón Poniente";2026-08-22;06:28:49;"Tarifa Base Fuera de Punta";157,96
"AUTOMAAS CHILE SPA";78343019-3;20821947;LJDV98;PA37;"Ruta 5 Norte - Sur";"Colón, Calera de Tango";2026-08-22;06:29:36;"Tarifa Base Fuera de Punta";455,18
"AUTOMAAS CHILE SPA";78343019-3;20821947;LJDV98;PA4;"Ruta 5 Norte - Sur";"Calera de Tango Poniente";2026-08-22;06:31:06;"Tarifa Base Fuera de Punta";129,90
"AUTOMAAS CHILE SPA";78343019-3;20821947;KXZS95;PA18;"Ruta 5 Norte - Sur";"Américo Vespucio Poniente";2026-08-22;06:38:45;"Tarifa Base Fuera de Punta";462,46
"AUTOMAAS CHILE SPA";78343019-3;20821947;LJDV98;PA3;"Ruta 5 Sur - Norte";"Calera de Tango Oriente";2026-08-22;06:40:04;"Tarifa Base Fuera de Punta";585,09
"AUTOMAAS CHILE SPA";78343019-3;20821947;KXZS95;PA15;"Ruta 5 Norte - Sur";"Bulnes Poniente";2026-08-22;06:43:18;"Tarifa Base Fuera de Punta";425,04
"AUTOMAAS CHILE SPA";78343019-3;20821947;LJDV98;PA5;"Ruta 5 Sur - Norte";"Colón Oriente";2026-08-22;07:05:20;"Tarifa Base Fuera de Punta";334,63
"AUTOMAAS CHILE SPA";78343019-3;20821947;KXZS95;PA17;"Ruta 5 Sur - Norte";"Américo Vespucio Oriente";2026-08-22;07:07:12;"Tarifa Base Fuera de Punta";462,46
"AUTOMAAS CHILE SPA";78343019-3;20821947;KDRJ20;PA25;"General Velasquez Sur - Norte";"San Pablo Oriente";2026-08-22;07:07:28;"Tarifa Base Fuera de Punta";421,93
"AUTOMAAS CHILE SPA";78343019-3;20821947;LJDV98;PA7;"Ruta 5 Sur - Norte";"Lo Espejo Oriente";2026-08-22;07:07:56;"Tarifa Base Fuera de Punta";452,06
"AUTOMAAS CHILE SPA";78343019-3;20821947;LJDV98;PA30;"Ruta 5 Sur - Norte";"Americo Vespucio - Departamental";2026-08-22;07:10:55;"Tarifa Base Fuera de Punta";392,83
"AUTOMAAS CHILE SPA";78343019-3;20821947;KDRJ20;PA28;"General Velasquez Sur - Norte";"Cerro Renca Oriente";2026-08-22;07:12:13;"Tarifa Base Fuera de Punta";512,34
"AUTOMAAS CHILE SPA";78343019-3;20821947;KDRJ20;PA17;"Ruta 5 Sur - Norte";"Américo Vespucio Oriente";2026-08-22;07:13:25;"Tarifa Base Fuera de Punta";462,46
"AUTOMAAS CHILE SPA";78343019-3;20821947;LPPZ24;PA13;"Ruta 5 Sur - Norte";"Alameda - Rio Mapocho";2026-08-22;07:26:44;"Tarifa Base Fuera de Punta";181,86
"AUTOMAAS CHILE SPA";78343019-3;20821947;LJDV98;PA23;"General Velasquez Sur - Norte";"Carlos Valdovinos Oriente";2026-08-22;07:28:01;"Tarifa Base Fuera de Punta";287,86
"AUTOMAAS CHILE SPA";78343019-3;20821947;LJDV98;PA25;"General Velasquez Sur - Norte";"San Pablo Oriente";2026-08-22;07:29:30;"Tarifa Base Fuera de Punta";421,93
"AUTOMAAS CHILE SPA";78343019-3;20821947;LJDV98;PA28;"General Velasquez Sur - Norte";"Cerro Renca Oriente";2026-08-22;07:33:56;"Tarifa Base Fuera de Punta";512,34
"AUTOMAAS CHILE SPA";78343019-3;20821947;LPPZ24;PA16;"Ruta 5 Sur - Norte";"Avda Santa María Oriente";2026-08-22;07:34:41;"Tarifa Base Fuera de Punta";425,04
"AUTOMAAS CHILE SPA";78343019-3;20821947;LJDV98;PA17;"Ruta 5 Sur - Norte";"Américo Vespucio Oriente";2026-08-22;07:35:18;"Tarifa Base Fuera de Punta";462,46
"AUTOMAAS CHILE SPA";78343019-3;20821947;LPPZ24;PA17;"Ruta 5 Sur - Norte";"Américo Vespucio Oriente";2026-08-22;07:37:47;"Tarifa Base Fuera de Punta";462,46
"AUTOMAAS CHILE SPA";78343019-3;20821947;LPPZ24;PA18;"Ruta 5 Norte - Sur";"Américo Vespucio Poniente";2026-08-22;07:57:24;"Tarifa Base Fuera de Punta";462,46
"AUTOMAAS CHILE SPA";78343019-3;20821947;LPPZ24;PA29;"General Velasquez Norte - Sur";"Cerro Renca Poniente";2026-08-22;07:58:28;"Tarifa Base Fuera de Punta";512,34
"AUTOMAAS CHILE SPA";78343019-3;20821947;LPPZ24;PA26;"General Velasquez Norte - Sur";"San Pablo Poniente";2026-08-22;08:02:44;"Tarifa Base Fuera de Punta";421,93
"AUTOMAAS CHILE SPA";78343019-3;20821947;LPPZ24;PA24;"General Velasquez Norte - Sur";"Carlos Valdovinos Poniente";2026-08-22;08:03:59;"Tarifa Base Fuera de Punta";287,86
"AUTOMAAS CHILE SPA";78343019-3;20821947;LPPZ24;PA22;"General Velasquez Norte - Sur";"Lo Ovalle Poniente";2026-08-22;08:06:23;"Tarifa Base Fuera de Punta";512,34
"AUTOMAAS CHILE SPA";78343019-3;20821947;LPPZ24;PA20;"General Velasquez Norte - Sur";"Lo Espejo Poniente";2026-08-22;08:08:14;"Tarifa Base Fuera de Punta";412,57
"AUTOMAAS CHILE SPA";78343019-3;20821947;LPPZ24;PA32;"Ruta 5 Norte - Sur";"Lo Blanco - Las Acacias";2026-08-22;08:09:40;"Tarifa Base Fuera de Punta";176,67
"AUTOMAAS CHILE SPA";78343019-3;20821947;LJDV98;PA18;"Ruta 5 Norte - Sur";"Américo Vespucio Poniente";2026-08-22;08:18:15;"Tarifa Base Fuera de Punta";462,46
"AUTOMAAS CHILE SPA";78343019-3;20821947;LJDV98;PA15;"Ruta 5 Norte - Sur";"Bulnes Poniente";2026-08-22;08:22:20;"Tarifa Base Fuera de Punta";425,04
"AUTOMAAS CHILE SPA";78343019-3;20821947;LJDV98;PA14;"Ruta 5 Norte - Sur";"Alameda Poniente";2026-08-22;08:24:07;"Tarifa Base Fuera de Punta";181,86
"AUTOMAAS CHILE SPA";78343019-3;20821947;LJDV98;PA12;"Ruta 5 Norte - Sur";"Avda Matta Poniente";2026-08-22;08:25:36;"Tarifa Base Fuera de Punta";368,93
"AUTOMAAS CHILE SPA";78343019-3;20821947;LJDV98;PA11;"Ruta 5 Norte - Sur";"La Marina San Nicolás Poniente";2026-08-22;08:27:58;"Tarifa Base Fuera de Punta";285,79
"AUTOMAAS CHILE SPA";78343019-3;20821947;LJDV98;PA8;"Ruta 5 Norte - Sur";"Lo Espejo Poniente";2026-08-22;09:03:15;"Tarifa Base Fuera de Punta";452,06
"AUTOMAAS CHILE SPA";78343019-3;20821947;LJDV98;PA32;"Ruta 5 Norte - Sur";"Lo Blanco - Las Acacias";2026-08-22;09:04:29;"Tarifa Base Fuera de Punta";176,67
"AUTOMAAS CHILE SPA";78343019-3;20821947;LJDV98;PA6;"Ruta 5 Norte - Sur";"Colón Poniente";2026-08-22;09:06:19;"Tarifa Base Fuera de Punta";157,96
"AUTOMAAS CHILE SPA";78343019-3;20821947;LPPZ24;PA5;"Ruta 5 Sur - Norte";"Colón Oriente";2026-08-22;18:15:58;"Tarifa Base Fuera de Punta";334,63
"AUTOMAAS CHILE SPA";78343019-3;20821947;LPPZ24;PA7;"Ruta 5 Sur - Norte";"Lo Espejo Oriente";2026-08-22;18:18:35;"Tarifa Base Fuera de Punta";452,06
"AUTOMAAS CHILE SPA";78343019-3;20821947;LPPZ24;PA10;"Ruta 5 Sur - Norte";"La Marina San Nicolás Oriente";2026-08-22;18:56:45;"Tarifa Base Fuera de Punta";285,79
"AUTOMAAS CHILE SPA";78343019-3;20821947;LPPZ24;PA31;"Ruta 5 Sur - Norte";"Avenida Matta";2026-08-22;18:58:38;"Tarifa Base Fuera de Punta";368,93
"AUTOMAAS CHILE SPA";78343019-3;20821947;LDWP36;PA21;"General Velasquez Sur - Norte";"Lo Ovalle Oriente";2026-08-22;18:59:10;"Tarifa Base Fuera de Punta";512,34
"AUTOMAAS CHILE SPA";78343019-3;20821947;LPPZ24;PA13;"Ruta 5 Sur - Norte";"Alameda - Rio Mapocho";2026-08-22;19:00:07;"Tarifa Base Fuera de Punta";181,86
"AUTOMAAS CHILE SPA";78343019-3;20821947;LPPZ24;PA16;"Ruta 5 Sur - Norte";"Avda Santa María Oriente";2026-08-22;19:03:06;"Tarifa Base Fuera de Punta";425,04
"AUTOMAAS CHILE SPA";78343019-3;20821947;LPPZ24;PA17;"Ruta 5 Sur - Norte";"Américo Vespucio Oriente";2026-08-22;19:06:43;"Tarifa Base Fuera de Punta";462,46
"AUTOMAAS CHILE SPA";78343019-3;20821947;LDWP36;PA23;"General Velasquez Sur - Norte";"Carlos Valdovinos Oriente";2026-08-22;19:13:16;"Tarifa Base Fuera de Punta";287,86
"AUTOMAAS CHILE SPA";78343019-3;20821947;LDWP36;PA25;"General Velasquez Sur - Norte";"San Pablo Oriente";2026-08-22;19:14:47;"Tarifa Base Fuera de Punta";421,93
"AUTOMAAS CHILE SPA";78343019-3;20821947;LJDV98;PA16;"Ruta 5 Sur - Norte";"Avda Santa María Oriente";2026-08-22;19:17:17;"Tarifa Base Fuera de Punta";425,04
"AUTOMAAS CHILE SPA";78343019-3;20821947;LDWP36;PA28;"General Velasquez Sur - Norte";"Cerro Renca Oriente";2026-08-22;19:19:31;"Tarifa Base Fuera de Punta";512,34
"AUTOMAAS CHILE SPA";78343019-3;20821947;LDWP36;PA17;"Ruta 5 Sur - Norte";"Américo Vespucio Oriente";2026-08-22;19:21:00;"Tarifa Base Fuera de Punta";462,46
"AUTOMAAS CHILE SPA";78343019-3;20821947;LJDV98;PA17;"Ruta 5 Sur - Norte";"Américo Vespucio Oriente";2026-08-22;19:21:20;"Tarifa Base Fuera de Punta";462,46
"AUTOMAAS CHILE SPA";78343019-3;20821947;LJDV98;PA18;"Ruta 5 Norte - Sur";"Américo Vespucio Poniente";2026-08-22;20:21:32;"Tarifa Base Fuera de Punta";462,46
"AUTOMAAS CHILE SPA";78343019-3;20821947;LDWP36;PA18;"Ruta 5 Norte - Sur";"Américo Vespucio Poniente";2026-08-22;20:25:12;"Tarifa Base Fuera de Punta";462,46
"AUTOMAAS CHILE SPA";78343019-3;20821947;LJDV98;PA15;"Ruta 5 Norte - Sur";"Bulnes Poniente";2026-08-22;20:26:32;"Tarifa Base Fuera de Punta";425,04
"AUTOMAAS CHILE SPA";78343019-3;20821947;LDWP36;PA15;"Ruta 5 Norte - Sur";"Bulnes Poniente";2026-08-22;20:29:33;"Tarifa Base Fuera de Punta";425,04
"AUTOMAAS CHILE SPA";78343019-3;20821947;LPPZ31;PA18;"Ruta 5 Norte - Sur";"Américo Vespucio Poniente";2026-08-22;20:31:24;"Tarifa Base Fuera de Punta";462,46
"AUTOMAAS CHILE SPA";78343019-3;20821947;LPPZ24;PA18;"Ruta 5 Norte - Sur";"Américo Vespucio Poniente";2026-08-22;20:37:37;"Tarifa Base Fuera de Punta";462,46
"AUTOMAAS CHILE SPA";78343019-3;20821947;LPPZ24;PA29;"General Velasquez Norte - Sur";"Cerro Renca Poniente";2026-08-22;20:38:46;"Tarifa Base Fuera de Punta";512,34
"AUTOMAAS CHILE SPA";78343019-3;20821947;LPPZ24;PA26;"General Velasquez Norte - Sur";"San Pablo Poniente";2026-08-22;20:43:11;"Tarifa Base Fuera de Punta";421,93
"AUTOMAAS CHILE SPA";78343019-3;20821947;LPPZ24;PA24;"General Velasquez Norte - Sur";"Carlos Valdovinos Poniente";2026-08-22;20:44:31;"Tarifa Base Fuera de Punta";287,86
"AUTOMAAS CHILE SPA";78343019-3;20821947;LPPZ24;PA9;"Ruta 5 Norte - Sur";"Lo Ovalle Poniente";2026-08-22;20:55:51;"Tarifa Base Fuera de Punta";392,83
"AUTOMAAS CHILE SPA";78343019-3;20821947;LPPZ24;PA8;"Ruta 5 Norte - Sur";"Lo Espejo Poniente";2026-08-22;20:58:58;"Tarifa Base Fuera de Punta";452,06
"AUTOMAAS CHILE SPA";78343019-3;20821947;LPPZ24;PA32;"Ruta 5 Norte - Sur";"Lo Blanco - Las Acacias";2026-08-22;21:00:04;"Tarifa Base Fuera de Punta";176,67
"AUTOMAAS CHILE SPA";78343019-3;20821947;LPPZ24;PA6;"Ruta 5 Norte - Sur";"Colón Poniente";2026-08-22;21:01:33;"Tarifa Base Fuera de Punta";157,96
"AUTOMAAS CHILE SPA";78343019-3;20821947;LPPZ24;PA37;"Ruta 5 Norte - Sur";"Colón, Calera de Tango";2026-08-22;21:02:27;"Tarifa Base Fuera de Punta";455,18
"AUTOMAAS CHILE SPA";78343019-3;20821947;LPPZ24;PA4;"Ruta 5 Norte - Sur";"Calera de Tango Poniente";2026-08-22;21:04:09;"Tarifa Base Fuera de Punta";129,90
"AUTOMAAS CHILE SPA";78343019-3;20821947;LPPZ24;PA3;"Ruta 5 Sur - Norte";"Calera de Tango Oriente";2026-08-22;21:11:43;"Tarifa Base Fuera de Punta";585,09
"AUTOMAAS CHILE SPA";78343019-3;20821947;LPPZ31;PA18;"Ruta 5 Norte - Sur";"Américo Vespucio Poniente";2026-08-22;21:42:02;"Tarifa Base Fuera de Punta";462,46
"AUTOMAAS CHILE SPA";78343019-3;20821947;LPPZ31;PA26;"General Velasquez Norte - Sur";"San Pablo Poniente";2026-08-22;21:58:02;"Tarifa Base Fuera de Punta";421,93
"AUTOMAAS CHILE SPA";78343019-3;20821947;LPPZ31;PA24;"General Velasquez Norte - Sur";"Carlos Valdovinos Poniente";2026-08-22;21:59:36;"Tarifa Base Fuera de Punta";287,86
"AUTOMAAS CHILE SPA";78343019-3;20821947;LPPZ31;PA22;"General Velasquez Norte - Sur";"Lo Ovalle Poniente";2026-08-22;22:02:19;"Tarifa Base Fuera de Punta";512,34
"AUTOMAAS CHILE SPA";78343019-3;20821947;LPPZ31;PA7;"Ruta 5 Sur - Norte";"Lo Espejo Oriente";2026-08-23;00:50:25;"Tarifa Base Fuera de Punta";452,06
"AUTOMAAS CHILE SPA";78343019-3;20821947;KDRJ20;PA19;"General Velasquez Sur - Norte";"Puerta Sur Oriente";2026-08-23;01:38:02;"Tarifa Base Fuera de Punta";412,57
"AUTOMAAS CHILE SPA";78343019-3;20821947;KDRJ20;PA19;"General Velasquez Sur - Norte";"Puerta Sur Oriente";2026-08-23;04:46:02;"Tarifa Base Fuera de Punta";412,57
"AUTOMAAS CHILE SPA";78343019-3;20821947;PJHJ69;PA7;"Ruta 5 Sur - Norte";"Lo Espejo Oriente";2026-08-23;05:14:53;"Tarifa Base Fuera de Punta";452,06
"AUTOMAAS CHILE SPA";78343019-3;20821947;LPPZ24;PA7;"Ruta 5 Sur - Norte";"Lo Espejo Oriente";2026-08-23;05:16:34;"Tarifa Base Fuera de Punta";452,06
"AUTOMAAS CHILE SPA";78343019-3;20821947;LDWP36;PA7;"Ruta 5 Sur - Norte";"Lo Espejo Oriente";2026-08-23;05:33:44;"Tarifa Base Fuera de Punta";452,06
"AUTOMAAS CHILE SPA";78343019-3;20821947;LDWP36;PA30;"Ruta 5 Sur - Norte";"Americo Vespucio - Departamental";2026-08-23;05:37:18;"Tarifa Base Fuera de Punta";392,83
"AUTOMAAS CHILE SPA";78343019-3;20821947;LDWP36;PA10;"Ruta 5 Sur - Norte";"La Marina San Nicolás Oriente";2026-08-23;05:38:05;"Tarifa Base Fuera de Punta";285,79
"AUTOMAAS CHILE SPA";78343019-3;20821947;LDWP36;PA31;"Ruta 5 Sur - Norte";"Avenida Matta";2026-08-23;05:40:12;"Tarifa Base Fuera de Punta";368,93
"AUTOMAAS CHILE SPA";78343019-3;20821947;LDWP36;PA13;"Ruta 5 Sur - Norte";"Alameda - Rio Mapocho";2026-08-23;05:41:49;"Tarifa Base Fuera de Punta";181,86
"AUTOMAAS CHILE SPA";78343019-3;20821947;LJDV98;PA8;"Ruta 5 Norte - Sur";"Lo Espejo Poniente";2026-08-23;06:07:28;"Tarifa Base Fuera de Punta";452,06
"AUTOMAAS CHILE SPA";78343019-3;20821947;LJDV98;PA32;"Ruta 5 Norte - Sur";"Lo Blanco - Las Acacias";2026-08-23;06:08:36;"Tarifa Base Fuera de Punta";176,67
"AUTOMAAS CHILE SPA";78343019-3;20821947;LJDV98;PA6;"Ruta 5 Norte - Sur";"Colón Poniente";2026-08-23;06:10:14;"Tarifa Base Fuera de Punta";157,96
"AUTOMAAS CHILE SPA";78343019-3;20821947;LJDV98;PA37;"Ruta 5 Norte - Sur";"Colón, Calera de Tango";2026-08-23;06:11:14;"Tarifa Base Fuera de Punta";455,18
"AUTOMAAS CHILE SPA";78343019-3;20821947;LPPZ24;PA13;"Ruta 5 Sur - Norte";"Alameda - Rio Mapocho";2026-08-23;06:35:53;"Tarifa Base Fuera de Punta";181,86
"AUTOMAAS CHILE SPA";78343019-3;20821947;LPPZ24;PA16;"Ruta 5 Sur - Norte";"Avda Santa María Oriente";2026-08-23;06:45:49;"Tarifa Base Fuera de Punta";425,04
"AUTOMAAS CHILE SPA";78343019-3;20821947;LPPZ24;PA17;"Ruta 5 Sur - Norte";"Américo Vespucio Oriente";2026-08-23;06:49:04;"Tarifa Base Fuera de Punta";462,46
"AUTOMAAS CHILE SPA";78343019-3;20821947;KDRJ20;PA25;"General Velasquez Sur - Norte";"San Pablo Oriente";2026-08-23;07:07:23;"Tarifa Base Fuera de Punta";421,93
"AUTOMAAS CHILE SPA";78343019-3;20821947;LJDV98;PA21;"General Velasquez Sur - Norte";"Lo Ovalle Oriente";2026-08-23;07:08:41;"Tarifa Base Fuera de Punta";512,34
"AUTOMAAS CHILE SPA";78343019-3;20821947;KDRJ20;PA28;"General Velasquez Sur - Norte";"Cerro Renca Oriente";2026-08-23;07:11:33;"Tarifa Base Fuera de Punta";512,34
"AUTOMAAS CHILE SPA";78343019-3;20821947;KDRJ20;PA17;"Ruta 5 Sur - Norte";"Américo Vespucio Oriente";2026-08-23;07:12:41;"Tarifa Base Fuera de Punta";462,46
"AUTOMAAS CHILE SPA";78343019-3;20821947;LPPZ24;PA18;"Ruta 5 Norte - Sur";"Américo Vespucio Poniente";2026-08-23;07:14:09;"Tarifa Base Fuera de Punta";462,46
"AUTOMAAS CHILE SPA";78343019-3;20821947;LPPZ24;PA29;"General Velasquez Norte - Sur";"Cerro Renca Poniente";2026-08-23;07:15:16;"Tarifa Base Fuera de Punta";512,34
"AUTOMAAS CHILE SPA";78343019-3;20821947;LPPZ24;PA26;"General Velasquez Norte - Sur";"San Pablo Poniente";2026-08-23;07:19:33;"Tarifa Base Fuera de Punta";421,93
"AUTOMAAS CHILE SPA";78343019-3;20821947;LPPZ24;PA24;"General Velasquez Norte - Sur";"Carlos Valdovinos Poniente";2026-08-23;07:20:52;"Tarifa Base Fuera de Punta";287,86
"AUTOMAAS CHILE SPA";78343019-3;20821947;LPPZ24;PA22;"General Velasquez Norte - Sur";"Lo Ovalle Poniente";2026-08-23;07:23:14;"Tarifa Base Fuera de Punta";512,34
"AUTOMAAS CHILE SPA";78343019-3;20821947;LJDV98;PA23;"General Velasquez Sur - Norte";"Carlos Valdovinos Oriente";2026-08-23;07:23:50;"Tarifa Base Fuera de Punta";287,86
"AUTOMAAS CHILE SPA";78343019-3;20821947;LPPZ24;PA20;"General Velasquez Norte - Sur";"Lo Espejo Poniente";2026-08-23;07:25:08;"Tarifa Base Fuera de Punta";412,57
"AUTOMAAS CHILE SPA";78343019-3;20821947;LJDV98;PA25;"General Velasquez Sur - Norte";"San Pablo Oriente";2026-08-23;07:25:30;"Tarifa Base Fuera de Punta";421,93
"AUTOMAAS CHILE SPA";78343019-3;20821947;LPPZ24;PA32;"Ruta 5 Norte - Sur";"Lo Blanco - Las Acacias";2026-08-23;07:26:27;"Tarifa Base Fuera de Punta";176,67
"AUTOMAAS CHILE SPA";78343019-3;20821947;LPPZ24;PA6;"Ruta 5 Norte - Sur";"Colón Poniente";2026-08-23;07:29:45;"Tarifa Base Fuera de Punta";157,96
"AUTOMAAS CHILE SPA";78343019-3;20821947;LJDV98;PA28;"General Velasquez Sur - Norte";"Cerro Renca Oriente";2026-08-23;07:30:05;"Tarifa Base Fuera de Punta";512,34
"AUTOMAAS CHILE SPA";78343019-3;20821947;LJDV98;PA17;"Ruta 5 Sur - Norte";"Américo Vespucio Oriente";2026-08-23;07:31:26;"Tarifa Base Fuera de Punta";462,46
"AUTOMAAS CHILE SPA";78343019-3;20821947;KDRJ20;PA18;"Ruta 5 Norte - Sur";"Américo Vespucio Poniente";2026-08-23;08:15:56;"Tarifa Base Fuera de Punta";462,46
"AUTOMAAS CHILE SPA";78343019-3;20821947;KDRJ20;PA29;"General Velasquez Norte - Sur";"Cerro Renca Poniente";2026-08-23;08:16:56;"Tarifa Base Fuera de Punta";512,34
"AUTOMAAS CHILE SPA";78343019-3;20821947;KDRJ20;PA26;"General Velasquez Norte - Sur";"San Pablo Poniente";2026-08-23;08:20:57;"Tarifa Base Fuera de Punta";421,93
"AUTOMAAS CHILE SPA";78343019-3;20821947;LJDV98;PA18;"Ruta 5 Norte - Sur";"Américo Vespucio Poniente";2026-08-23;08:24:37;"Tarifa Base Fuera de Punta";462,46
"AUTOMAAS CHILE SPA";78343019-3;20821947;LJDV98;PA15;"Ruta 5 Norte - Sur";"Bulnes Poniente";2026-08-23;08:29:19;"Tarifa Base Fuera de Punta";425,04
"AUTOMAAS CHILE SPA";78343019-3;20821947;LJDV98;PA14;"Ruta 5 Norte - Sur";"Alameda Poniente";2026-08-23;08:31:12;"Tarifa Base Fuera de Punta";181,86
"AUTOMAAS CHILE SPA";78343019-3;20821947;LJDV98;PA12;"Ruta 5 Norte - Sur";"Avda Matta Poniente";2026-08-23;08:32:40;"Tarifa Base Fuera de Punta";368,93
"AUTOMAAS CHILE SPA";78343019-3;20821947;LJDV98;PA11;"Ruta 5 Norte - Sur";"La Marina San Nicolás Poniente";2026-08-23;08:34:43;"Tarifa Base Fuera de Punta";285,79
"AUTOMAAS CHILE SPA";78343019-3;20821947;LJDV98;PA8;"Ruta 5 Norte - Sur";"Lo Espejo Poniente";2026-08-23;09:08:40;"Tarifa Base Fuera de Punta";452,06
"AUTOMAAS CHILE SPA";78343019-3;20821947;LJDV98;PA32;"Ruta 5 Norte - Sur";"Lo Blanco - Las Acacias";2026-08-23;09:09:52;"Tarifa Base Fuera de Punta";176,67
"AUTOMAAS CHILE SPA";78343019-3;20821947;LJDV98;PA6;"Ruta 5 Norte - Sur";"Colón Poniente";2026-08-23;09:11:35;"Tarifa Base Fuera de Punta";157,96
"AUTOMAAS CHILE SPA";78343019-3;20821947;HXJJ44;PA28;"General Velasquez Sur - Norte";"Cerro Renca Oriente";2026-08-23;17:41:02;"Tarifa Base Fuera de Punta";512,34
"AUTOMAAS CHILE SPA";78343019-3;20821947;LPPZ24;PA5;"Ruta 5 Sur - Norte";"Colón Oriente";2026-08-23;17:41:50;"Tarifa Base Fuera de Punta";334,63
"AUTOMAAS CHILE SPA";78343019-3;20821947;HXJJ44;PA17;"Ruta 5 Sur - Norte";"Américo Vespucio Oriente";2026-08-23;17:42:12;"Tarifa Base Fuera de Punta";462,46
"AUTOMAAS CHILE SPA";78343019-3;20821947;LPPZ24;PA19;"General Velasquez Sur - Norte";"Puerta Sur Oriente";2026-08-23;17:44:09;"Tarifa Base Fuera de Punta";412,57
"AUTOMAAS CHILE SPA";78343019-3;20821947;HXJJ44;PA18;"Ruta 5 Norte - Sur";"Américo Vespucio Poniente";2026-08-23;18:06:21;"Tarifa Base Fuera de Punta";462,46
"AUTOMAAS CHILE SPA";78343019-3;20821947;HXJJ44;PA29;"General Velasquez Norte - Sur";"Cerro Renca Poniente";2026-08-23;18:07:44;"Tarifa Base Fuera de Punta";512,34
"AUTOMAAS CHILE SPA";78343019-3;20821947;LPPZ24;PA10;"Ruta 5 Sur - Norte";"La Marina San Nicolás Oriente";2026-08-23;18:54:30;"Tarifa Base Punta";571,58
"AUTOMAAS CHILE SPA";78343019-3;20821947;LPPZ24;PA31;"Ruta 5 Sur - Norte";"Avenida Matta";2026-08-23;18:56:45;"Tarifa Base Punta";737,86
"AUTOMAAS CHILE SPA";78343019-3;20821947;LPPZ24;PA13;"Ruta 5 Sur - Norte";"Alameda - Rio Mapocho";2026-08-23;18:58:27;"Tarifa Base Punta";363,73
"AUTOMAAS CHILE SPA";78343019-3;20821947;LPPZ24;PA16;"Ruta 5 Sur - Norte";"Avda Santa María Oriente";2026-08-23;19:01:25;"Tarifa Base Fuera de Punta";425,04
"AUTOMAAS CHILE SPA";78343019-3;20821947;LPPZ24;PA17;"Ruta 5 Sur - Norte";"Américo Vespucio Oriente";2026-08-23;19:04:49;"Tarifa Base Fuera de Punta";462,46
"AUTOMAAS CHILE SPA";78343019-3;20821947;LJDV98;PA13;"Ruta 5 Sur - Norte";"Alameda - Rio Mapocho";2026-08-23;19:09:13;"Tarifa Base Punta";363,73
"AUTOMAAS CHILE SPA";78343019-3;20821947;LJDV98;PA16;"Ruta 5 Sur - Norte";"Avda Santa María Oriente";2026-08-23;19:12:28;"Tarifa Base Fuera de Punta";425,04
"AUTOMAAS CHILE SPA";78343019-3;20821947;LJDV98;PA17;"Ruta 5 Sur - Norte";"Américo Vespucio Oriente";2026-08-23;19:16:28;"Tarifa Base Fuera de Punta";462,46
"AUTOMAAS CHILE SPA";78343019-3;20821947;LDWP36;PA16;"Ruta 5 Sur - Norte";"Avda Santa María Oriente";2026-08-23;19:32:53;"Tarifa Base Fuera de Punta";425,04
"AUTOMAAS CHILE SPA";78343019-3;20821947;LDWP36;PA17;"Ruta 5 Sur - Norte";"Américo Vespucio Oriente";2026-08-23;19:36:08;"Tarifa Base Fuera de Punta";462,46
"AUTOMAAS CHILE SPA";78343019-3;20821947;LPPZ24;PA18;"Ruta 5 Norte - Sur";"Américo Vespucio Poniente";2026-08-23;20:14:10;"Tarifa Base Fuera de Punta";462,46
"AUTOMAAS CHILE SPA";78343019-3;20821947;LPPZ24;PA29;"General Velasquez Norte - Sur";"Cerro Renca Poniente";2026-08-23;20:15:17;"Tarifa Base Fuera de Punta";512,34
"AUTOMAAS CHILE SPA";78343019-3;20821947;LJDV98;PA18;"Ruta 5 Norte - Sur";"Américo Vespucio Poniente";2026-08-23;20:16:47;"Tarifa Base Fuera de Punta";462,46
"AUTOMAAS CHILE SPA";78343019-3;20821947;LPPZ24;PA26;"General Velasquez Norte - Sur";"San Pablo Poniente";2026-08-23;20:19:49;"Tarifa Base Fuera de Punta";421,93
"AUTOMAAS CHILE SPA";78343019-3;20821947;LDWP36;PA18;"Ruta 5 Norte - Sur";"Américo Vespucio Poniente";2026-08-23;20:20:11;"Tarifa Base Fuera de Punta";462,46
"AUTOMAAS CHILE SPA";78343019-3;20821947;LPPZ24;PA24;"General Velasquez Norte - Sur";"Carlos Valdovinos Poniente";2026-08-23;20:21:24;"Tarifa Base Fuera de Punta";287,86
"AUTOMAAS CHILE SPA";78343019-3;20821947;LJDV98;PA15;"Ruta 5 Norte - Sur";"Bulnes Poniente";2026-08-23;20:22:03;"Tarifa Base Fuera de Punta";425,04
"AUTOMAAS CHILE SPA";78343019-3;20821947;LJDV98;PA14;"Ruta 5 Norte - Sur";"Alameda Poniente";2026-08-23;20:24:28;"Tarifa Base Fuera de Punta";181,86
"AUTOMAAS CHILE SPA";78343019-3;20821947;LDWP36;PA15;"Ruta 5 Norte - Sur";"Bulnes Poniente";2026-08-23;20:24:34;"Tarifa Base Fuera de Punta";425,04
"AUTOMAAS CHILE SPA";78343019-3;20821947;LPPZ24;PA9;"Ruta 5 Norte - Sur";"Lo Ovalle Poniente";2026-08-23;20:32:12;"Tarifa Base Fuera de Punta";392,83
"AUTOMAAS CHILE SPA";78343019-3;20821947;LDWP36;PA12;"Ruta 5 Norte - Sur";"Avda Matta Poniente";2026-08-23;20:47:27;"Tarifa Base Fuera de Punta";368,93
"AUTOMAAS CHILE SPA";78343019-3;20821947;KDRJ20;PA13;"Ruta 5 Sur - Norte";"Alameda - Rio Mapocho";2026-08-23;20:59:55;"Tarifa Base Fuera de Punta";181,86
"AUTOMAAS CHILE SPA";78343019-3;20821947;KDRJ20;PA14;"Ruta 5 Norte - Sur";"Alameda Poniente";2026-08-23;22:00:15;"Tarifa Base Fuera de Punta";181,86
"AUTOMAAS CHILE SPA";78343019-3;20821947;KDRJ20;PA12;"Ruta 5 Norte - Sur";"Avda Matta Poniente";2026-08-23;22:01:42;"Tarifa Base Fuera de Punta";368,93
"AUTOMAAS CHILE SPA";78343019-3;20821947;KDRJ20;PA11;"Ruta 5 Norte - Sur";"La Marina San Nicolás Poniente";2026-08-23;22:03:27;"Tarifa Base Fuera de Punta";285,79
"AUTOMAAS CHILE SPA";78343019-3;20821947;KDRJ20;PA9;"Ruta 5 Norte - Sur";"Lo Ovalle Poniente";2026-08-23;22:04:07;"Tarifa Base Fuera de Punta";392,83
"AUTOMAAS CHILE SPA";78343019-3;20821947;KDRJ20;PA7;"Ruta 5 Sur - Norte";"Lo Espejo Oriente";2026-08-24;00:47:26;"Tarifa Base Fuera de Punta";452,06
"AUTOMAAS CHILE SPA";78343019-3;20821947;LPPZ31;PA6;"Ruta 5 Norte - Sur";"Colón Poniente";2026-08-24;03:20:29;"Tarifa Base Fuera de Punta";157,96
"AUTOMAAS CHILE SPA";78343019-3;20821947;LPPZ31;PA37;"Ruta 5 Norte - Sur";"Colón, Calera de Tango";2026-08-24;03:21:33;"Tarifa Base Fuera de Punta";455,18
"AUTOMAAS CHILE SPA";78343019-3;20821947;LPPZ31;PA4;"Ruta 5 Norte - Sur";"Calera de Tango Poniente";2026-08-24;03:23:24;"Tarifa Base Fuera de Punta";129,90
"AUTOMAAS CHILE SPA";78343019-3;20821947;LPPZ31;PA3;"Ruta 5 Sur - Norte";"Calera de Tango Oriente";2026-08-24;03:37:20;"Tarifa Base Fuera de Punta";585,09
"AUTOMAAS CHILE SPA";78343019-3;20821947;LPPZ31;PA5;"Ruta 5 Sur - Norte";"Colón Oriente";2026-08-24;03:39:47;"Tarifa Base Fuera de Punta";334,63
"AUTOMAAS CHILE SPA";78343019-3;20821947;LPPZ31;PA19;"General Velasquez Sur - Norte";"Puerta Sur Oriente";2026-08-24;03:41:55;"Tarifa Base Fuera de Punta";412,57
"AUTOMAAS CHILE SPA";78343019-3;20821947;LPPZ31;PA7;"Ruta 5 Sur - Norte";"Lo Espejo Oriente";2026-08-24;05:11:22;"Tarifa Base Fuera de Punta";452,06
"AUTOMAAS CHILE SPA";78343019-3;20821947;KDRJ20;PA20;"General Velasquez Norte - Sur";"Lo Espejo Poniente";2026-08-24;05:14:17;"Tarifa Base Fuera de Punta";412,57
"AUTOMAAS CHILE SPA";78343019-3;20821947;KDRJ20;PA32;"Ruta 5 Norte - Sur";"Lo Blanco - Las Acacias";2026-08-24;05:15:47;"Tarifa Base Fuera de Punta";176,67
"AUTOMAAS CHILE SPA";78343019-3;20821947;LPPZ24;PA5;"Ruta 5 Sur - Norte";"Colón Oriente";2026-08-24;05:51:32;"Tarifa Base Fuera de Punta";334,63
"AUTOMAAS CHILE SPA";78343019-3;20821947;LPPZ24;PA7;"Ruta 5 Sur - Norte";"Lo Espejo Oriente";2026-08-24;05:53:46;"Tarifa Base Fuera de Punta";452,06
"AUTOMAAS CHILE SPA";78343019-3;20821947;LDWP36;PA31;"Ruta 5 Sur - Norte";"Avenida Matta";2026-08-24;06:02:05;"Tarifa Base Fuera de Punta";368,93
"AUTOMAAS CHILE SPA";78343019-3;20821947;LDWP36;PA13;"Ruta 5 Sur - Norte";"Alameda - Rio Mapocho";2026-08-24;06:03:47;"Tarifa Base Fuera de Punta";181,86
"AUTOMAAS CHILE SPA";78343019-3;20821947;PJHJ69;PA32;"Ruta 5 Norte - Sur";"Lo Blanco - Las Acacias";2026-08-24;06:07:09;"Tarifa Base Fuera de Punta";176,67
"AUTOMAAS CHILE SPA";78343019-3;20821947;PJHJ69;PA6;"Ruta 5 Norte - Sur";"Colón Poniente";2026-08-24;06:08:52;"Tarifa Base Fuera de Punta";157,96
"AUTOMAAS CHILE SPA";78343019-3;20821947;KXZS95;PA28;"General Velasquez Sur - Norte";"Cerro Renca Oriente";2026-08-24;06:22:39;"Tarifa Base Fuera de Punta";512,34
"AUTOMAAS CHILE SPA";78343019-3;20821947;KXZS95;PA17;"Ruta 5 Sur - Norte";"Américo Vespucio Oriente";2026-08-24;06:24:03;"Tarifa Base Fuera de Punta";462,46
"AUTOMAAS CHILE SPA";78343019-3;20821947;LPPZ24;PA13;"Ruta 5 Sur - Norte";"Alameda - Rio Mapocho";2026-08-24;06:37:49;"Tarifa Base Punta";363,73
"AUTOMAAS CHILE SPA";78343019-3;20821947;PJHJ69;PA5;"Ruta 5 Sur - Norte";"Colón Oriente";2026-08-24;06:42:14;"Tarifa Base Punta";669,27
"AUTOMAAS CHILE SPA";78343019-3;20821947;PJHJ69;PA19;"General Velasquez Sur - Norte";"Puerta Sur Oriente";2026-08-24;06:46:09;"Tarifa Base Fuera de Punta";412,57
"AUTOMAAS CHILE SPA";78343019-3;20821947;PJHJ69;PA21;"General Velasquez Sur - Norte";"Lo Ovalle Oriente";2026-08-24;06:49:22;"Tarifa Base Fuera de Punta";512,34
"AUTOMAAS CHILE SPA";78343019-3;20821947;LPPZ24;PA17;"Ruta 5 Sur - Norte";"Américo Vespucio Oriente";2026-08-24;06:59:44;"Tarifa Base Fuera de Punta";462,46
"AUTOMAAS CHILE SPA";78343019-3;20821947;PJHJ69;PA23;"General Velasquez Sur - Norte";"Carlos Valdovinos Oriente";2026-08-24;07:04:59;"Tarifa Base Punta";575,74
"AUTOMAAS CHILE SPA";78343019-3;20821947;PJHJ69;PA25;"General Velasquez Sur - Norte";"San Pablo Oriente";2026-08-24;07:07:13;"Tarifa Base Punta";843,86
"AUTOMAAS CHILE SPA";78343019-3;20821947;PJHJ69;PA28;"General Velasquez Sur - Norte";"Cerro Renca Oriente";2026-08-24;07:13:46;"Tarifa Base Punta";1.024,69
"AUTOMAAS CHILE SPA";78343019-3;20821947;PJHJ69;PA17;"Ruta 5 Sur - Norte";"Américo Vespucio Oriente";2026-08-24;07:17:49;"Tarifa Base Punta";924,92
"AUTOMAAS CHILE SPA";78343019-3;20821947;LDWP36;PA14;"Ruta 5 Norte - Sur";"Alameda Poniente";2026-08-24;07:18:15;"Tarifa Base Punta";363,73
"AUTOMAAS CHILE SPA";78343019-3;20821947;LDWP36;PA12;"Ruta 5 Norte - Sur";"Avda Matta Poniente";2026-08-24;07:19:44;"Tarifa Base Punta";737,86
"AUTOMAAS CHILE SPA";78343019-3;20821947;LDWP36;PA11;"Ruta 5 Norte - Sur";"La Marina San Nicolás Poniente";2026-08-24;07:21:35;"Tarifa Base Fuera de Punta";285,79
"AUTOMAAS CHILE SPA";78343019-3;20821947;LDWP36;PA9;"Ruta 5 Norte - Sur";"Lo Ovalle Poniente";2026-08-24;07:22:17;"Tarifa Base Fuera de Punta";392,83
"AUTOMAAS CHILE SPA";78343019-3;20821947;LPPZ24;PA18;"Ruta 5 Norte - Sur";"Américo Vespucio Poniente";2026-08-24;07:28:32;"Tarifa Base Punta";924,92
"AUTOMAAS CHILE SPA";78343019-3;20821947;LPPZ31;PA25;"General Velasquez Sur - Norte";"San Pablo Oriente";2026-08-24;07:28:37;"Tarifa Base Punta";843,86
"AUTOMAAS CHILE SPA";78343019-3;20821947;LPPZ24;PA29;"General Velasquez Norte - Sur";"Cerro Renca Poniente";2026-08-24;07:29:55;"Tarifa Base Fuera de Punta";512,34
"AUTOMAAS CHILE SPA";78343019-3;20821947;LPPZ24;PA26;"General Velasquez Norte - Sur";"San Pablo Poniente";2026-08-24;07:34:33;"Tarifa Base Fuera de Punta";421,93
"AUTOMAAS CHILE SPA";78343019-3;20821947;LPPZ24;PA24;"General Velasquez Norte - Sur";"Carlos Valdovinos Poniente";2026-08-24;07:36:01;"Tarifa Base Fuera de Punta";287,86
"AUTOMAAS CHILE SPA";78343019-3;20821947;LPPZ24;PA22;"General Velasquez Norte - Sur";"Lo Ovalle Poniente";2026-08-24;07:38:35;"Tarifa Base Fuera de Punta";512,34
"AUTOMAAS CHILE SPA";78343019-3;20821947;LPPZ24;PA20;"General Velasquez Norte - Sur";"Lo Espejo Poniente";2026-08-24;07:40:37;"Tarifa Base Fuera de Punta";412,57
"AUTOMAAS CHILE SPA";78343019-3;20821947;LPPZ31;PA28;"General Velasquez Sur - Norte";"Cerro Renca Oriente";2026-08-24;07:42:07;"Tarifa Saturación";1.537,04
"AUTOMAAS CHILE SPA";78343019-3;20821947;LPPZ24;PA32;"Ruta 5 Norte - Sur";"Lo Blanco - Las Acacias";2026-08-24;07:42:08;"Tarifa Base Fuera de Punta";176,67
"AUTOMAAS CHILE SPA";78343019-3;20821947;LPPZ24;PA6;"Ruta 5 Norte - Sur";"Colón Poniente";2026-08-24;07:43:43;"Tarifa Base Fuera de Punta";157,96
"AUTOMAAS CHILE SPA";78343019-3;20821947;LPPZ24;PA37;"Ruta 5 Norte - Sur";"Colón, Calera de Tango";2026-08-24;07:44:43;"Tarifa Base Fuera de Punta";455,18
"AUTOMAAS CHILE SPA";78343019-3;20821947;LPPZ31;PA17;"Ruta 5 Sur - Norte";"Américo Vespucio Oriente";2026-08-24;07:46:56;"Tarifa Base Punta";924,92
"AUTOMAAS CHILE SPA";78343019-3;20821947;PJHJ69;PA18;"Ruta 5 Norte - Sur";"Américo Vespucio Poniente";2026-08-24;08:18:31;"Tarifa Base Punta";924,92
"AUTOMAAS CHILE SPA";78343019-3;20821947;LPPZ31;PA18;"Ruta 5 Norte - Sur";"Américo Vespucio Poniente";2026-08-24;08:20:32;"Tarifa Base Punta";924,92
"AUTOMAAS CHILE SPA";78343019-3;20821947;PJHJ69;PA15;"Ruta 5 Norte - Sur";"Bulnes Poniente";2026-08-24;08:23:28;"Tarifa Base Fuera de Punta";425,04
"AUTOMAAS CHILE SPA";78343019-3;20821947;LPPZ31;PA15;"Ruta 5 Norte - Sur";"Bulnes Poniente";2026-08-24;08:25:37;"Tarifa Base Fuera de Punta";425,04
"AUTOMAAS CHILE SPA";78343019-3;20821947;PJHJ69;PA14;"Ruta 5 Norte - Sur";"Alameda Poniente";2026-08-24;08:26:34;"Tarifa Base Punta";363,73
"AUTOMAAS CHILE SPA";78343019-3;20821947;PJHJ69;PA12;"Ruta 5 Norte - Sur";"Avda Matta Poniente";2026-08-24;08:28:03;"Tarifa Base Punta";737,86
"AUTOMAAS CHILE SPA";78343019-3;20821947;PJHJ69;PA11;"Ruta 5 Norte - Sur";"La Marina San Nicolás Poniente";2026-08-24;08:29:54;"Tarifa Base Fuera de Punta";285,79
"AUTOMAAS CHILE SPA";78343019-3;20821947;LPPZ31;PA7;"Ruta 5 Sur - Norte";"Lo Espejo Oriente";2026-08-24;09:52:45;"Tarifa Base Fuera de Punta";452,06
"AUTOMAAS CHILE SPA";78343019-3;20821947;LJDV98;PA12;"Ruta 5 Norte - Sur";"Avda Matta Poniente";2026-08-24;12:11:15;"Tarifa Base Fuera de Punta";368,93
"AUTOMAAS CHILE SPA";78343019-3;20821947;LJDV98;PA11;"Ruta 5 Norte - Sur";"La Marina San Nicolás Poniente";2026-08-24;12:13:27;"Tarifa Base Fuera de Punta";285,79
"AUTOMAAS CHILE SPA";78343019-3;20821947;LJDV98;PA9;"Ruta 5 Norte - Sur";"Lo Ovalle Poniente";2026-08-24;12:14:17;"Tarifa Base Fuera de Punta";392,83
"AUTOMAAS CHILE SPA";78343019-3;20821947;LJDV98;PA30;"Ruta 5 Sur - Norte";"Americo Vespucio - Departamental";2026-08-24;12:52:41;"Tarifa Base Fuera de Punta";392,83
"AUTOMAAS CHILE SPA";78343019-3;20821947;LJDV98;PA10;"Ruta 5 Sur - Norte";"La Marina San Nicolás Oriente";2026-08-24;12:53:31;"Tarifa Base Fuera de Punta";285,79
"AUTOMAAS CHILE SPA";78343019-3;20821947;LJDV98;PA31;"Ruta 5 Sur - Norte";"Avenida Matta";2026-08-24;12:55:25;"Tarifa Base Punta";737,86
"AUTOMAAS CHILE SPA";78343019-3;20821947;LJDV98;PA12;"Ruta 5 Norte - Sur";"Avda Matta Poniente";2026-08-24;14:48:32;"Tarifa Base Fuera de Punta";368,93
"AUTOMAAS CHILE SPA";78343019-3;20821947;LJDV98;PA11;"Ruta 5 Norte - Sur";"La Marina San Nicolás Poniente";2026-08-24;14:51:10;"Tarifa Base Fuera de Punta";285,79
"AUTOMAAS CHILE SPA";78343019-3;20821947;LJDV98;PA9;"Ruta 5 Norte - Sur";"Lo Ovalle Poniente";2026-08-24;14:52:11;"Tarifa Base Fuera de Punta";392,83
"AUTOMAAS CHILE SPA";78343019-3;20821947;LPPZ24;PA5;"Ruta 5 Sur - Norte";"Colón Oriente";2026-08-24;17:46:32;"Tarifa Base Fuera de Punta";334,63
"AUTOMAAS CHILE SPA";78343019-3;20821947;LPPZ24;PA19;"General Velasquez Sur - Norte";"Puerta Sur Oriente";2026-08-24;17:48:49;"Tarifa Base Fuera de Punta";412,57
"AUTOMAAS CHILE SPA";78343019-3;20821947;HXJJ44;PA18;"Ruta 5 Norte - Sur";"Américo Vespucio Poniente";2026-08-24;18:21:37;"Tarifa Base Fuera de Punta";462,46
"AUTOMAAS CHILE SPA";78343019-3;20821947;HXJJ44;PA29;"General Velasquez Norte - Sur";"Cerro Renca Poniente";2026-08-24;18:24:01;"Tarifa Base Punta";1.024,69
"AUTOMAAS CHILE SPA";78343019-3;20821947;LPPZ24;PA10;"Ruta 5 Sur - Norte";"La Marina San Nicolás Oriente";2026-08-24;19:11:34;"Tarifa Base Fuera de Punta";285,79
"AUTOMAAS CHILE SPA";78343019-3;20821947;LPPZ24;PA31;"Ruta 5 Sur - Norte";"Avenida Matta";2026-08-24;19:13:37;"Tarifa Base Fuera de Punta";368,93
"AUTOMAAS CHILE SPA";78343019-3;20821947;LPPZ24;PA13;"Ruta 5 Sur - Norte";"Alameda - Rio Mapocho";2026-08-24;19:15:03;"Tarifa Base Fuera de Punta";181,86
"AUTOMAAS CHILE SPA";78343019-3;20821947;LPPZ24;PA16;"Ruta 5 Sur - Norte";"Avda Santa María Oriente";2026-08-24;19:18:00;"Tarifa Base Fuera de Punta";425,04
"AUTOMAAS CHILE SPA";78343019-3;20821947;LPPZ24;PA17;"Ruta 5 Sur - Norte";"Américo Vespucio Oriente";2026-08-24;19:21:37;"Tarifa Base Punta";924,92
"AUTOMAAS CHILE SPA";78343019-3;20821947;LDWP36;PA28;"General Velasquez Sur - Norte";"Cerro Renca Oriente";2026-08-24;19:26:29;"Tarifa Base Fuera de Punta";512,34
"AUTOMAAS CHILE SPA";78343019-3;20821947;LDWP36;PA17;"Ruta 5 Sur - Norte";"Américo Vespucio Oriente";2026-08-24;19:28:00;"Tarifa Base Punta";924,92
"AUTOMAAS CHILE SPA";78343019-3;20821947;LJDV98;PA16;"Ruta 5 Sur - Norte";"Avda Santa María Oriente";2026-08-24;19:30:58;"Tarifa Base Fuera de Punta";425,04
"AUTOMAAS CHILE SPA";78343019-3;20821947;LJDV98;PA17;"Ruta 5 Sur - Norte";"Américo Vespucio Oriente";2026-08-24;19:35:06;"Tarifa Base Fuera de Punta";462,46
"AUTOMAAS CHILE SPA";78343019-3;20821947;LPPZ24;PA18;"Ruta 5 Norte - Sur";"Américo Vespucio Poniente";2026-08-24;20:18:36;"Tarifa Base Fuera de Punta";462,46
"AUTOMAAS CHILE SPA";78343019-3;20821947;LJDV98;PA18;"Ruta 5 Norte - Sur";"Américo Vespucio Poniente";2026-08-24;20:22:30;"Tarifa Base Fuera de Punta";462,46
"AUTOMAAS CHILE SPA";78343019-3;20821947;LPPZ24;PA15;"Ruta 5 Norte - Sur";"Bulnes Poniente";2026-08-24;20:22:39;"Tarifa Base Punta";850,10
"AUTOMAAS CHILE SPA";78343019-3;20821947;LPPZ24;PA14;"Ruta 5 Norte - Sur";"Alameda Poniente";2026-08-24;20:24:32;"Tarifa Base Punta";363,73
"AUTOMAAS CHILE SPA";78343019-3;20821947;LPPZ24;PA12;"Ruta 5 Norte - Sur";"Avda Matta Poniente";2026-08-24;20:26:02;"Tarifa Base Punta";737,86
"AUTOMAAS CHILE SPA";78343019-3;20821947;LDWP36;PA18;"Ruta 5 Norte - Sur";"Américo Vespucio Poniente";2026-08-24;20:27:20;"Tarifa Base Fuera de Punta";462,46
"AUTOMAAS CHILE SPA";78343019-3;20821947;LJDV98;PA15;"Ruta 5 Norte - Sur";"Bulnes Poniente";2026-08-24;20:27:49;"Tarifa Base Punta";850,10
"AUTOMAAS CHILE SPA";78343019-3;20821947;LDWP36;PA15;"Ruta 5 Norte - Sur";"Bulnes Poniente";2026-08-24;20:31:40;"Tarifa Base Fuera de Punta";425,04
"AUTOMAAS CHILE SPA";78343019-3;20821947;LPPZ24;PA9;"Ruta 5 Norte - Sur";"Lo Ovalle Poniente";2026-08-24;20:55:48;"Tarifa Base Fuera de Punta";392,83
"AUTOMAAS CHILE SPA";78343019-3;20821947;LKGZ52;PA26;"General Velasquez Norte - Sur";"San Pablo Poniente";2026-08-24;22:18:12;"Tarifa Base Fuera de Punta";421,93
"AUTOMAAS CHILE SPA";78343019-3;20821947;LKGZ52;PA24;"General Velasquez Norte - Sur";"Carlos Valdovinos Poniente";2026-08-24;22:19:27;"Tarifa Base Fuera de Punta";287,86
"AUTOMAAS CHILE SPA";78343019-3;20821947;LKGZ52;PA22;"General Velasquez Norte - Sur";"Lo Ovalle Poniente";2026-08-24;22:21:30;"Tarifa Base Fuera de Punta";512,34
"AUTOMAAS CHILE SPA";78343019-3;20821947;PJHJ69;PA21;"General Velasquez Sur - Norte";"Lo Ovalle Oriente";2026-08-24;22:40:46;"Tarifa Base Fuera de Punta";512,34
"AUTOMAAS CHILE SPA";78343019-3;20821947;PJHJ69;PA23;"General Velasquez Sur - Norte";"Carlos Valdovinos Oriente";2026-08-24;22:43:28;"Tarifa Base Fuera de Punta";287,86
"AUTOMAAS CHILE SPA";78343019-3;20821947;PJHJ69;PA25;"General Velasquez Sur - Norte";"San Pablo Oriente";2026-08-24;22:44:54;"Tarifa Base Fuera de Punta";421,93
"AUTOMAAS CHILE SPA";78343019-3;20821947;PJHJ69;PA28;"General Velasquez Sur - Norte";"Cerro Renca Oriente";2026-08-24;22:49:39;"Tarifa Base Fuera de Punta";512,34
"AUTOMAAS CHILE SPA";78343019-3;20821947;PJHJ69;PA17;"Ruta 5 Sur - Norte";"Américo Vespucio Oriente";2026-08-24;22:51:01;"Tarifa Base Fuera de Punta";462,46
"AUTOMAAS CHILE SPA";78343019-3;20821947;PJHJ69;PA18;"Ruta 5 Norte - Sur";"Américo Vespucio Poniente";2026-08-24;23:04:33;"Tarifa Base Fuera de Punta";462,46
"AUTOMAAS CHILE SPA";78343019-3;20821947;LPPZ31;PA7;"Ruta 5 Sur - Norte";"Lo Espejo Oriente";2026-08-24;23:07:59;"Tarifa Base Fuera de Punta";452,06
"AUTOMAAS CHILE SPA";78343019-3;20821947;PJHJ69;PA15;"Ruta 5 Norte - Sur";"Bulnes Poniente";2026-08-24;23:18:32;"Tarifa Base Fuera de Punta";425,04
"AUTOMAAS CHILE SPA";78343019-3;20821947;PJHJ69;PA14;"Ruta 5 Norte - Sur";"Alameda Poniente";2026-08-24;23:20:14;"Tarifa Base Fuera de Punta";181,86
"AUTOMAAS CHILE SPA";78343019-3;20821947;PJHJ69;PA12;"Ruta 5 Norte - Sur";"Avda Matta Poniente";2026-08-24;23:21:40;"Tarifa Base Fuera de Punta";368,93
"AUTOMAAS CHILE SPA";78343019-3;20821947;PJHJ69;PA11;"Ruta 5 Norte - Sur";"La Marina San Nicolás Poniente";2026-08-24;23:23:38;"Tarifa Base Fuera de Punta";285,79
"AUTOMAAS CHILE SPA";78343019-3;20821947;PJHJ69;PA9;"Ruta 5 Norte - Sur";"Lo Ovalle Poniente";2026-08-24;23:24:27;"Tarifa Base Fuera de Punta";392,83
"AUTOMAAS CHILE SPA";78343019-3;20821947;KXZS95;PA21;"General Velasquez Sur - Norte";"Lo Ovalle Oriente";2026-08-25;05:33:15;"Tarifa Base Fuera de Punta";512,34
"AUTOMAAS CHILE SPA";78343019-3;20821947;LPPZ24;PA7;"Ruta 5 Sur - Norte";"Lo Espejo Oriente";2026-08-25;05:33:58;"Tarifa Base Fuera de Punta";452,06
"AUTOMAAS CHILE SPA";78343019-3;20821947;KXZS95;PA23;"General Velasquez Sur - Norte";"Carlos Valdovinos Oriente";2026-08-25;05:35:44;"Tarifa Base Fuera de Punta";287,86
"AUTOMAAS CHILE SPA";78343019-3;20821947;KXZS95;PA25;"General Velasquez Sur - Norte";"San Pablo Oriente";2026-08-25;05:37:10;"Tarifa Base Fuera de Punta";421,93
"AUTOMAAS CHILE SPA";78343019-3;20821947;KXZS95;PA28;"General Velasquez Sur - Norte";"Cerro Renca Oriente";2026-08-25;05:46:17;"Tarifa Base Fuera de Punta";512,34
"AUTOMAAS CHILE SPA";78343019-3;20821947;KXZS95;PA17;"Ruta 5 Sur - Norte";"Américo Vespucio Oriente";2026-08-25;05:47:23;"Tarifa Base Fuera de Punta";462,46
"AUTOMAAS CHILE SPA";78343019-3;20821947;LDWP36;PA31;"Ruta 5 Sur - Norte";"Avenida Matta";2026-08-25;06:06:26;"Tarifa Base Fuera de Punta";368,93
"AUTOMAAS CHILE SPA";78343019-3;20821947;LDWP36;PA13;"Ruta 5 Sur - Norte";"Alameda - Rio Mapocho";2026-08-25;06:08:02;"Tarifa Base Fuera de Punta";181,86
"AUTOMAAS CHILE SPA";78343019-3;20821947;PJHJ69;PA32;"Ruta 5 Norte - Sur";"Lo Blanco - Las Acacias";2026-08-25;06:11:17;"Tarifa Base Fuera de Punta";176,67
"AUTOMAAS CHILE SPA";78343019-3;20821947;PJHJ69;PA6;"Ruta 5 Norte - Sur";"Colón Poniente";2026-08-25;06:13:04;"Tarifa Base Fuera de Punta";157,96
"AUTOMAAS CHILE SPA";78343019-3;20821947;LPPZ24;PA13;"Ruta 5 Sur - Norte";"Alameda - Rio Mapocho";2026-08-25;06:37:49;"Tarifa Base Punta";363,73
"AUTOMAAS CHILE SPA";78343019-3;20821947;LJDV98;PA18;"Ruta 5 Norte - Sur";"Américo Vespucio Poniente";2026-08-25;06:40:15;"Tarifa Base Fuera de Punta";462,46
"AUTOMAAS CHILE SPA";78343019-3;20821947;LPPZ24;PA16;"Ruta 5 Sur - Norte";"Avda Santa María Oriente";2026-08-25;06:40:55;"Tarifa Base Fuera de Punta";425,04
"AUTOMAAS CHILE SPA";78343019-3;20821947;LJDV98;PA29;"General Velasquez Norte - Sur";"Cerro Renca Poniente";2026-08-25;06:41:33;"Tarifa Base Fuera de Punta";512,34
"AUTOMAAS CHILE SPA";78343019-3;20821947;PJHJ69;PA5;"Ruta 5 Sur - Norte";"Colón Oriente";2026-08-25;06:43:36;"Tarifa Base Punta";669,27
"AUTOMAAS CHILE SPA";78343019-3;20821947;LPPZ24;PA17;"Ruta 5 Sur - Norte";"Américo Vespucio Oriente";2026-08-25;06:44:10;"Tarifa Base Fuera de Punta";462,46
"AUTOMAAS CHILE SPA";78343019-3;20821947;LJDV98;PA26;"General Velasquez Norte - Sur";"San Pablo Poniente";2026-08-25;06:46:52;"Tarifa Base Fuera de Punta";421,93
"AUTOMAAS CHILE SPA";78343019-3;20821947;PJHJ69;PA19;"General Velasquez Sur - Norte";"Puerta Sur Oriente";2026-08-25;06:47:56;"Tarifa Base Fuera de Punta";412,57
"AUTOMAAS CHILE SPA";78343019-3;20821947;LJDV98;PA24;"General Velasquez Norte - Sur";"Carlos Valdovinos Poniente";2026-08-25;06:48:35;"Tarifa Base Fuera de Punta";287,86
"AUTOMAAS CHILE SPA";78343019-3;20821947;PJHJ69;PA21;"General Velasquez Sur - Norte";"Lo Ovalle Oriente";2026-08-25;06:51:17;"Tarifa Base Fuera de Punta";512,34
"AUTOMAAS CHILE SPA";78343019-3;20821947;LJDV98;PA22;"General Velasquez Norte - Sur";"Lo Ovalle Poniente";2026-08-25;06:51:28;"Tarifa Base Fuera de Punta";512,34
"AUTOMAAS CHILE SPA";78343019-3;20821947;KDRJ20;PA21;"General Velasquez Sur - Norte";"Lo Ovalle Oriente";2026-08-25;06:57:20;"Tarifa Base Fuera de Punta";512,34
"AUTOMAAS CHILE SPA";78343019-3;20821947;KDRJ20;PA23;"General Velasquez Sur - Norte";"Carlos Valdovinos Oriente";2026-08-25;07:00:28;"Tarifa Base Punta";575,74
"AUTOMAAS CHILE SPA";78343019-3;20821947;PJHJ69;PA23;"General Velasquez Sur - Norte";"Carlos Valdovinos Oriente";2026-08-25;07:06:57;"Tarifa Base Punta";575,74
"AUTOMAAS CHILE SPA";78343019-3;20821947;PJHJ69;PA25;"General Velasquez Sur - Norte";"San Pablo Oriente";2026-08-25;07:08:46;"Tarifa Base Punta";843,86
"AUTOMAAS CHILE SPA";78343019-3;20821947;KDRJ20;PA25;"General Velasquez Sur - Norte";"San Pablo Oriente";2026-08-25;07:10:37;"Tarifa Base Punta";843,86
"AUTOMAAS CHILE SPA";78343019-3;20821947;LPPZ24;PA18;"Ruta 5 Norte - Sur";"Américo Vespucio Poniente";2026-08-25;07:11:21;"Tarifa Base Punta";924,92
"AUTOMAAS CHILE SPA";78343019-3;20821947;LPPZ24;PA29;"General Velasquez Norte - Sur";"Cerro Renca Poniente";2026-08-25;07:12:33;"Tarifa Base Fuera de Punta";512,34
"AUTOMAAS CHILE SPA";78343019-3;20821947;PJHJ69;PA28;"General Velasquez Sur - Norte";"Cerro Renca Oriente";2026-08-25;07:14:48;"Tarifa Base Punta";1.024,69
"AUTOMAAS CHILE SPA";78343019-3;20821947;LPPZ31;PA30;"Ruta 5 Sur - Norte";"Americo Vespucio - Departamental";2026-08-25;07:16:08;"Tarifa Base Fuera de Punta";392,83
"AUTOMAAS CHILE SPA";78343019-3;20821947;KDRJ20;PA28;"General Velasquez Sur - Norte";"Cerro Renca Oriente";2026-08-25;07:17:01;"Tarifa Base Punta";1.024,69
"AUTOMAAS CHILE SPA";78343019-3;20821947;LPPZ24;PA26;"General Velasquez Norte - Sur";"San Pablo Poniente";2026-08-25;07:17:12;"Tarifa Base Fuera de Punta";421,93
"AUTOMAAS CHILE SPA";78343019-3;20821947;PJHJ69;PA17;"Ruta 5 Sur - Norte";"Américo Vespucio Oriente";2026-08-25;07:18:31;"Tarifa Base Punta";924,92
"AUTOMAAS CHILE SPA";78343019-3;20821947;LPPZ31;PA10;"Ruta 5 Sur - Norte";"La Marina San Nicolás Oriente";2026-08-25;07:18:35;"Tarifa Base Fuera de Punta";285,79
"AUTOMAAS CHILE SPA";78343019-3;20821947;LPPZ24;PA24;"General Velasquez Norte - Sur";"Carlos Valdovinos Poniente";2026-08-25;07:18:48;"Tarifa Base Fuera de Punta";287,86
"AUTOMAAS CHILE SPA";78343019-3;20821947;KDRJ20;PA17;"Ruta 5 Sur - Norte";"Américo Vespucio Oriente";2026-08-25;07:20:37;"Tarifa Base Punta";924,92
"AUTOMAAS CHILE SPA";78343019-3;20821947;LDWP36;PA14;"Ruta 5 Norte - Sur";"Alameda Poniente";2026-08-25;07:20:40;"Tarifa Base Punta";363,73
"AUTOMAAS CHILE SPA";78343019-3;20821947;LPPZ24;PA22;"General Velasquez Norte - Sur";"Lo Ovalle Poniente";2026-08-25;07:21:41;"Tarifa Base Fuera de Punta";512,34
"AUTOMAAS CHILE SPA";78343019-3;20821947;LDWP36;PA12;"Ruta 5 Norte - Sur";"Avda Matta Poniente";2026-08-25;07:22:01;"Tarifa Base Punta";737,86
"AUTOMAAS CHILE SPA";78343019-3;20821947;LDWP36;PA11;"Ruta 5 Norte - Sur";"La Marina San Nicolás Poniente";2026-08-25;07:23:44;"Tarifa Base Fuera de Punta";285,79
"AUTOMAAS CHILE SPA";78343019-3;20821947;LPPZ24;PA20;"General Velasquez Norte - Sur";"Lo Espejo Poniente";2026-08-25;07:23:49;"Tarifa Base Fuera de Punta";412,57
"AUTOMAAS CHILE SPA";78343019-3;20821947;LDWP36;PA9;"Ruta 5 Norte - Sur";"Lo Ovalle Poniente";2026-08-25;07:24:26;"Tarifa Base Fuera de Punta";392,83
"AUTOMAAS CHILE SPA";78343019-3;20821947;LPPZ24;PA32;"Ruta 5 Norte - Sur";"Lo Blanco - Las Acacias";2026-08-25;07:25:25;"Tarifa Base Fuera de Punta";176,67
"AUTOMAAS CHILE SPA";78343019-3;20821947;LPPZ24;PA6;"Ruta 5 Norte - Sur";"Colón Poniente";2026-08-25;07:27:29;"Tarifa Base Fuera de Punta";157,96
"AUTOMAAS CHILE SPA";78343019-3;20821947;LPPZ31;PA31;"Ruta 5 Sur - Norte";"Avenida Matta";2026-08-25;07:27:52;"Tarifa Base Punta";737,86
"AUTOMAAS CHILE SPA";78343019-3;20821947;LPPZ31;PA13;"Ruta 5 Sur - Norte";"Alameda - Rio Mapocho";2026-08-25;07:30:49;"Tarifa Base Punta";363,73
"AUTOMAAS CHILE SPA";78343019-3;20821947;LPPZ31;PA16;"Ruta 5 Sur - Norte";"Avda Santa María Oriente";2026-08-25;07:47:37;"Tarifa Base Punta";850,10
"AUTOMAAS CHILE SPA";78343019-3;20821947;LPPZ31;PA17;"Ruta 5 Sur - Norte";"Américo Vespucio Oriente";2026-08-25;07:53:08;"Tarifa Base Punta";924,92
"AUTOMAAS CHILE SPA";78343019-3;20821947;KDRJ20;PA18;"Ruta 5 Norte - Sur";"Américo Vespucio Poniente";2026-08-25;08:20:36;"Tarifa Base Punta";924,92
"AUTOMAAS CHILE SPA";78343019-3;20821947;PJHJ69;PA18;"Ruta 5 Norte - Sur";"Américo Vespucio Poniente";2026-08-25;08:22:39;"Tarifa Base Punta";924,92
"AUTOMAAS CHILE SPA";78343019-3;20821947;LPPZ31;PA18;"Ruta 5 Norte - Sur";"Américo Vespucio Poniente";2026-08-25;08:23:03;"Tarifa Base Punta";924,92
"AUTOMAAS CHILE SPA";78343019-3;20821947;PJHJ69;PA15;"Ruta 5 Norte - Sur";"Bulnes Poniente";2026-08-25;08:28:04;"Tarifa Base Fuera de Punta";425,04
"AUTOMAAS CHILE SPA";78343019-3;20821947;LPPZ31;PA15;"Ruta 5 Norte - Sur";"Bulnes Poniente";2026-08-25;08:29:21;"Tarifa Base Fuera de Punta";425,04
"AUTOMAAS CHILE SPA";78343019-3;20821947;PJHJ69;PA14;"Ruta 5 Norte - Sur";"Alameda Poniente";2026-08-25;08:43:19;"Tarifa Base Fuera de Punta";181,86
"AUTOMAAS CHILE SPA";78343019-3;20821947;KDRJ20;PA26;"General Velasquez Norte - Sur";"San Pablo Poniente";2026-08-25;08:44:11;"Tarifa Base Fuera de Punta";421,93
"AUTOMAAS CHILE SPA";78343019-3;20821947;PJHJ69;PA12;"Ruta 5 Norte - Sur";"Avda Matta Poniente";2026-08-25;08:44:39;"Tarifa Base Fuera de Punta";368,93
"AUTOMAAS CHILE SPA";78343019-3;20821947;PJHJ69;PA11;"Ruta 5 Norte - Sur";"La Marina San Nicolás Poniente";2026-08-25;08:46:27;"Tarifa Base Fuera de Punta";285,79
"AUTOMAAS CHILE SPA";78343019-3;20821947;KXZS95;PA26;"General Velasquez Norte - Sur";"San Pablo Poniente";2026-08-25;09:30:49;"Tarifa Base Fuera de Punta";421,93
"AUTOMAAS CHILE SPA";78343019-3;20821947;KXZS95;PA24;"General Velasquez Norte - Sur";"Carlos Valdovinos Poniente";2026-08-25;09:32:49;"Tarifa Base Fuera de Punta";287,86
"AUTOMAAS CHILE SPA";78343019-3;20821947;KDRJ20;PA14;"Ruta 5 Norte - Sur";"Alameda Poniente";2026-08-25;13:56:48;"Tarifa Base Fuera de Punta";181,86
"AUTOMAAS CHILE SPA";78343019-3;20821947;KDRJ20;PA12;"Ruta 5 Norte - Sur";"Avda Matta Poniente";2026-08-25;13:58:41;"Tarifa Base Fuera de Punta";368,93
"AUTOMAAS CHILE SPA";78343019-3;20821947;HXJJ44;PA28;"General Velasquez Sur - Norte";"Cerro Renca Oriente";2026-08-25;17:47:00;"Tarifa Base Fuera de Punta";512,34
"AUTOMAAS CHILE SPA";78343019-3;20821947;HXJJ44;PA17;"Ruta 5 Sur - Norte";"Américo Vespucio Oriente";2026-08-25;17:53:27;"Tarifa Base Punta";924,92
"AUTOMAAS CHILE SPA";78343019-3;20821947;LPPZ24;PA5;"Ruta 5 Sur - Norte";"Colón Oriente";2026-08-25;18:05:00;"Tarifa Base Fuera de Punta";334,63
"AUTOMAAS CHILE SPA";78343019-3;20821947;LPPZ24;PA19;"General Velasquez Sur - Norte";"Puerta Sur Oriente";2026-08-25;18:07:46;"Tarifa Base Fuera de Punta";412,57
"AUTOMAAS CHILE SPA";78343019-3;20821947;HXJJ44;PA18;"Ruta 5 Norte - Sur";"Américo Vespucio Poniente";2026-08-25;18:13:36;"Tarifa Base Fuera de Punta";462,46
"AUTOMAAS CHILE SPA";78343019-3;20821947;HXJJ44;PA29;"General Velasquez Norte - Sur";"Cerro Renca Poniente";2026-08-25;18:16:01;"Tarifa Base Punta";1.024,69
"AUTOMAAS CHILE SPA";78343019-3;20821947;LPPZ24;PA10;"Ruta 5 Sur - Norte";"La Marina San Nicolás Oriente";2026-08-25;19:13:41;"Tarifa Base Fuera de Punta";285,79
"AUTOMAAS CHILE SPA";78343019-3;20821947;LPPZ24;PA31;"Ruta 5 Sur - Norte";"Avenida Matta";2026-08-25;19:15:35;"Tarifa Base Fuera de Punta";368,93
"AUTOMAAS CHILE SPA";78343019-3;20821947;LPPZ24;PA13;"Ruta 5 Sur - Norte";"Alameda - Rio Mapocho";2026-08-25;19:17:06;"Tarifa Base Fuera de Punta";181,86
"AUTOMAAS CHILE SPA";78343019-3;20821947;LPPZ24;PA16;"Ruta 5 Sur - Norte";"Avda Santa María Oriente";2026-08-25;19:20:02;"Tarifa Base Fuera de Punta";425,04
"AUTOMAAS CHILE SPA";78343019-3;20821947;LPPZ24;PA17;"Ruta 5 Sur - Norte";"Américo Vespucio Oriente";2026-08-25;19:28:19;"Tarifa Base Punta";924,92
"AUTOMAAS CHILE SPA";78343019-3;20821947;LDWP36;PA28;"General Velasquez Sur - Norte";"Cerro Renca Oriente";2026-08-25;19:28:58;"Tarifa Base Fuera de Punta";512,34
"AUTOMAAS CHILE SPA";78343019-3;20821947;LDWP36;PA17;"Ruta 5 Sur - Norte";"Américo Vespucio Oriente";2026-08-25;19:32:30;"Tarifa Base Fuera de Punta";462,46
"AUTOMAAS CHILE SPA";78343019-3;20821947;LJDV98;PA16;"Ruta 5 Sur - Norte";"Avda Santa María Oriente";2026-08-25;19:52:32;"Tarifa Base Fuera de Punta";425,04
"AUTOMAAS CHILE SPA";78343019-3;20821947;LJDV98;PA17;"Ruta 5 Sur - Norte";"Américo Vespucio Oriente";2026-08-25;19:56:15;"Tarifa Base Fuera de Punta";462,46
"AUTOMAAS CHILE SPA";78343019-3;20821947;LPPZ24;PA18;"Ruta 5 Norte - Sur";"Américo Vespucio Poniente";2026-08-25;20:17:48;"Tarifa Base Fuera de Punta";462,46
"AUTOMAAS CHILE SPA";78343019-3;20821947;LPPZ24;PA15;"Ruta 5 Norte - Sur";"Bulnes Poniente";2026-08-25;20:21:49;"Tarifa Base Punta";850,10
"AUTOMAAS CHILE SPA";78343019-3;20821947;LJDV98;PA18;"Ruta 5 Norte - Sur";"Américo Vespucio Poniente";2026-08-25;20:23:36;"Tarifa Base Fuera de Punta";462,46
"AUTOMAAS CHILE SPA";78343019-3;20821947;LPPZ24;PA14;"Ruta 5 Norte - Sur";"Alameda Poniente";2026-08-25;20:25:24;"Tarifa Base Punta";363,73
"AUTOMAAS CHILE SPA";78343019-3;20821947;LPPZ24;PA12;"Ruta 5 Norte - Sur";"Avda Matta Poniente";2026-08-25;20:27:03;"Tarifa Base Punta";737,86
"AUTOMAAS CHILE SPA";78343019-3;20821947;LJDV98;PA15;"Ruta 5 Norte - Sur";"Bulnes Poniente";2026-08-25;20:28:23;"Tarifa Base Punta";850,10
"AUTOMAAS CHILE SPA";78343019-3;20821947;LPPZ24;PA9;"Ruta 5 Norte - Sur";"Lo Ovalle Poniente";2026-08-25;20:49:52;"Tarifa Base Fuera de Punta";392,83
"AUTOMAAS CHILE SPA";78343019-3;20821947;LPPZ24;PA8;"Ruta 5 Norte - Sur";"Lo Espejo Poniente";2026-08-25;20:52:50;"Tarifa Base Fuera de Punta";452,06
"AUTOMAAS CHILE SPA";78343019-3;20821947;PJHJ69;PA21;"General Velasquez Sur - Norte";"Lo Ovalle Oriente";2026-08-25;20:53:31;"Tarifa Base Fuera de Punta";512,34
"AUTOMAAS CHILE SPA";78343019-3;20821947;LPPZ24;PA32;"Ruta 5 Norte - Sur";"Lo Blanco - Las Acacias";2026-08-25;20:53:50;"Tarifa Base Fuera de Punta";176,67
"AUTOMAAS CHILE SPA";78343019-3;20821947;LPPZ24;PA6;"Ruta 5 Norte - Sur";"Colón Poniente";2026-08-25;20:55:16;"Tarifa Base Fuera de Punta";157,96
"AUTOMAAS CHILE SPA";78343019-3;20821947;LPPZ24;PA37;"Ruta 5 Norte - Sur";"Colón, Calera de Tango";2026-08-25;20:56:09;"Tarifa Base Fuera de Punta";455,18
"AUTOMAAS CHILE SPA";78343019-3;20821947;PJHJ69;PA23;"General Velasquez Sur - Norte";"Carlos Valdovinos Oriente";2026-08-25;20:56:59;"Tarifa Base Fuera de Punta";287,86
"AUTOMAAS CHILE SPA";78343019-3;20821947;PJHJ69;PA25;"General Velasquez Sur - Norte";"San Pablo Oriente";2026-08-25;20:58:55;"Tarifa Base Fuera de Punta";421,93
"AUTOMAAS CHILE SPA";78343019-3;20821947;HXJJ44;PA16;"Ruta 5 Sur - Norte";"Avda Santa María Oriente";2026-08-25;21:03:44;"Tarifa Base Fuera de Punta";425,04
"AUTOMAAS CHILE SPA";78343019-3;20821947;HXJJ44;PA17;"Ruta 5 Sur - Norte";"Américo Vespucio Oriente";2026-08-25;21:07:44;"Tarifa Base Fuera de Punta";462,46
"AUTOMAAS CHILE SPA";78343019-3;20821947;PJHJ69;PA26;"General Velasquez Norte - Sur";"San Pablo Poniente";2026-08-25;21:26:00;"Tarifa Base Fuera de Punta";421,93
"AUTOMAAS CHILE SPA";78343019-3;20821947;PJHJ69;PA24;"General Velasquez Norte - Sur";"Carlos Valdovinos Poniente";2026-08-25;21:27:22;"Tarifa Base Fuera de Punta";287,86
"AUTOMAAS CHILE SPA";78343019-3;20821947;PJHJ69;PA22;"General Velasquez Norte - Sur";"Lo Ovalle Poniente";2026-08-25;21:29:45;"Tarifa Base Fuera de Punta";512,34
"AUTOMAAS CHILE SPA";78343019-3;20821947;KXZS95;PA22;"General Velasquez Norte - Sur";"Lo Ovalle Poniente";2026-08-25;22:21:52;"Tarifa Base Fuera de Punta";512,34
"AUTOMAAS CHILE SPA";78343019-3;20821947;PJHJ69;PA17;"Ruta 5 Sur - Norte";"Américo Vespucio Oriente";2026-08-25;22:25:29;"Tarifa Base Fuera de Punta";462,46
"AUTOMAAS CHILE SPA";78343019-3;20821947;KXZS95;PA11;"Ruta 5 Norte - Sur";"La Marina San Nicolás Poniente";2026-08-25;22:59:13;"Tarifa Base Fuera de Punta";285,79
"AUTOMAAS CHILE SPA";78343019-3;20821947;KXZS95;PA9;"Ruta 5 Norte - Sur";"Lo Ovalle Poniente";2026-08-25;22:59:59;"Tarifa Base Fuera de Punta";392,83
"AUTOMAAS CHILE SPA";78343019-3;20821947;PJHJ69;PA24;"General Velasquez Norte - Sur";"Carlos Valdovinos Poniente";2026-08-25;23:05:02;"Tarifa Base Fuera de Punta";287,86
"AUTOMAAS CHILE SPA";78343019-3;20821947;LPPZ31;PA19;"General Velasquez Sur - Norte";"Puerta Sur Oriente";2026-08-25;23:35:00;"Tarifa Base Fuera de Punta";412,57
"AUTOMAAS CHILE SPA";78343019-3;20821947;LPPZ31;PA22;"General Velasquez Norte - Sur";"Lo Ovalle Poniente";2026-08-26;01:22:07;"Tarifa Base Fuera de Punta";512,34
"AUTOMAAS CHILE SPA";78343019-3;20821947;LPPZ31;PA21;"General Velasquez Sur - Norte";"Lo Ovalle Oriente";2026-08-26;01:37:40;"Tarifa Base Fuera de Punta";512,34
"AUTOMAAS CHILE SPA";78343019-3;20821947;LPPZ31;PA23;"General Velasquez Sur - Norte";"Carlos Valdovinos Oriente";2026-08-26;01:40:14;"Tarifa Base Fuera de Punta";287,86
"AUTOMAAS CHILE SPA";78343019-3;20821947;LPPZ31;PA25;"General Velasquez Sur - Norte";"San Pablo Oriente";2026-08-26;01:41:36;"Tarifa Base Fuera de Punta";421,93
"AUTOMAAS CHILE SPA";78343019-3;20821947;LPPZ31;PA26;"General Velasquez Norte - Sur";"San Pablo Poniente";2026-08-26;01:50:56;"Tarifa Base Fuera de Punta";421,93
"AUTOMAAS CHILE SPA";78343019-3;20821947;LPPZ31;PA24;"General Velasquez Norte - Sur";"Carlos Valdovinos Poniente";2026-08-26;01:52:03;"Tarifa Base Fuera de Punta";287,86
"AUTOMAAS CHILE SPA";78343019-3;20821947;LPPZ31;PA22;"General Velasquez Norte - Sur";"Lo Ovalle Poniente";2026-08-26;01:54:09;"Tarifa Base Fuera de Punta";512,34
"AUTOMAAS CHILE SPA";78343019-3;20821947;KXZS95;PA22;"General Velasquez Norte - Sur";"Lo Ovalle Poniente";2026-08-26;03:51:16;"Tarifa Base Fuera de Punta";512,34
"AUTOMAAS CHILE SPA";78343019-3;20821947;LPPZ24;PA7;"Ruta 5 Sur - Norte";"Lo Espejo Oriente";2026-08-26;05:27:59;"Tarifa Base Fuera de Punta";452,06
"AUTOMAAS CHILE SPA";78343019-3;20821947;LPPZ24;PA30;"Ruta 5 Sur - Norte";"Americo Vespucio - Departamental";2026-08-26;05:39:20;"Tarifa Base Fuera de Punta";392,83
"AUTOMAAS CHILE SPA";78343019-3;20821947;LPPZ24;PA10;"Ruta 5 Sur - Norte";"La Marina San Nicolás Oriente";2026-08-26;05:40:18;"Tarifa Base Fuera de Punta";285,79
"AUTOMAAS CHILE SPA";78343019-3;20821947;KXZS95;PA21;"General Velasquez Sur - Norte";"Lo Ovalle Oriente";2026-08-26;05:42:22;"Tarifa Base Fuera de Punta";512,34
"AUTOMAAS CHILE SPA";78343019-3;20821947;KXZS95;PA23;"General Velasquez Sur - Norte";"Carlos Valdovinos Oriente";2026-08-26;05:44:50;"Tarifa Base Fuera de Punta";287,86
"AUTOMAAS CHILE SPA";78343019-3;20821947;KXZS95;PA25;"General Velasquez Sur - Norte";"San Pablo Oriente";2026-08-26;05:46:17;"Tarifa Base Fuera de Punta";421,93
"AUTOMAAS CHILE SPA";78343019-3;20821947;KXZS95;PA28;"General Velasquez Sur - Norte";"Cerro Renca Oriente";2026-08-26;05:58:38;"Tarifa Base Fuera de Punta";512,34
"AUTOMAAS CHILE SPA";78343019-3;20821947;KXZS95;PA17;"Ruta 5 Sur - Norte";"Américo Vespucio Oriente";2026-08-26;05:59:46;"Tarifa Base Fuera de Punta";462,46
"AUTOMAAS CHILE SPA";78343019-3;20821947;LPPZ31;PA30;"Ruta 5 Sur - Norte";"Americo Vespucio - Departamental";2026-08-26;06:03:04;"Tarifa Base Fuera de Punta";392,83
"AUTOMAAS CHILE SPA";78343019-3;20821947;LPPZ31;PA10;"Ruta 5 Sur - Norte";"La Marina San Nicolás Oriente";2026-08-26;06:03:49;"Tarifa Base Fuera de Punta";285,79
"AUTOMAAS CHILE SPA";78343019-3;20821947;LPPZ31;PA31;"Ruta 5 Sur - Norte";"Avenida Matta";2026-08-26;06:05:55;"Tarifa Base Fuera de Punta";368,93
"AUTOMAAS CHILE SPA";78343019-3;20821947;LPPZ31;PA13;"Ruta 5 Sur - Norte";"Alameda - Rio Mapocho";2026-08-26;06:07:24;"Tarifa Base Fuera de Punta";181,86
"AUTOMAAS CHILE SPA";78343019-3;20821947;LPPZ24;PA13;"Ruta 5 Sur - Norte";"Alameda - Rio Mapocho";2026-08-26;06:08:57;"Tarifa Base Fuera de Punta";181,86
"AUTOMAAS CHILE SPA";78343019-3;20821947;PJHJ69;PA8;"Ruta 5 Norte - Sur";"Lo Espejo Poniente";2026-08-26;06:13:05;"Tarifa Base Fuera de Punta";452,06
"AUTOMAAS CHILE SPA";78343019-3;20821947;PJHJ69;PA32;"Ruta 5 Norte - Sur";"Lo Blanco - Las Acacias";2026-08-26;06:14:10;"Tarifa Base Fuera de Punta";176,67
"AUTOMAAS CHILE SPA";78343019-3;20821947;PJHJ69;PA6;"Ruta 5 Norte - Sur";"Colón Poniente";2026-08-26;06:15:44;"Tarifa Base Fuera de Punta";157,96
"AUTOMAAS CHILE SPA";78343019-3;20821947;PJHJ69;PA37;"Ruta 5 Norte - Sur";"Colón, Calera de Tango";2026-08-26;06:16:51;"Tarifa Base Fuera de Punta";455,18
"AUTOMAAS CHILE SPA";78343019-3;20821947;PJHJ69;PA5;"Ruta 5 Sur - Norte";"Colón Oriente";2026-08-26;06:31:22;"Tarifa Base Punta";669,27
"AUTOMAAS CHILE SPA";78343019-3;20821947;PJHJ69;PA7;"Ruta 5 Sur - Norte";"Lo Espejo Oriente";2026-08-26;06:34:39;"Tarifa Base Fuera de Punta";452,06
"AUTOMAAS CHILE SPA";78343019-3;20821947;LJDV98;PA18;"Ruta 5 Norte - Sur";"Américo Vespucio Poniente";2026-08-26;06:42:25;"Tarifa Base Fuera de Punta";462,46
"AUTOMAAS CHILE SPA";78343019-3;20821947;LJDV98;PA29;"General Velasquez Norte - Sur";"Cerro Renca Poniente";2026-08-26;06:43:42;"Tarifa Base Fuera de Punta";512,34
"AUTOMAAS CHILE SPA";78343019-3;20821947;LJDV98;PA26;"General Velasquez Norte - Sur";"San Pablo Poniente";2026-08-26;06:49:06;"Tarifa Base Fuera de Punta";421,93
"AUTOMAAS CHILE SPA";78343019-3;20821947;LJDV98;PA24;"General Velasquez Norte - Sur";"Carlos Valdovinos Poniente";2026-08-26;06:50:52;"Tarifa Base Fuera de Punta";287,86
"AUTOMAAS CHILE SPA";78343019-3;20821947;KDRJ20;PA23;"General Velasquez Sur - Norte";"Carlos Valdovinos Oriente";2026-08-26;06:51:57;"Tarifa Base Fuera de Punta";287,86
"AUTOMAAS CHILE SPA";78343019-3;20821947;LPPZ24;PA17;"Ruta 5 Sur - Norte";"Américo Vespucio Oriente";2026-08-26;06:52:36;"Tarifa Base Fuera de Punta";462,46
"AUTOMAAS CHILE SPA";78343019-3;20821947;KDRJ20;PA25;"General Velasquez Sur - Norte";"San Pablo Oriente";2026-08-26;06:53:40;"Tarifa Base Fuera de Punta";421,93
"AUTOMAAS CHILE SPA";78343019-3;20821947;LJDV98;PA22;"General Velasquez Norte - Sur";"Lo Ovalle Poniente";2026-08-26;06:53:49;"Tarifa Base Fuera de Punta";512,34
"AUTOMAAS CHILE SPA";78343019-3;20821947;LPPZ24;PA18;"Ruta 5 Norte - Sur";"Américo Vespucio Poniente";2026-08-26;07:04:05;"Tarifa Base Punta";924,92
"AUTOMAAS CHILE SPA";78343019-3;20821947;LPPZ24;PA29;"General Velasquez Norte - Sur";"Cerro Renca Poniente";2026-08-26;07:05:26;"Tarifa Base Fuera de Punta";512,34
"AUTOMAAS CHILE SPA";78343019-3;20821947;LPPZ24;PA26;"General Velasquez Norte - Sur";"San Pablo Poniente";2026-08-26;07:09:57;"Tarifa Base Fuera de Punta";421,93
"AUTOMAAS CHILE SPA";78343019-3;20821947;LPPZ24;PA24;"General Velasquez Norte - Sur";"Carlos Valdovinos Poniente";2026-08-26;07:11:27;"Tarifa Base Fuera de Punta";287,86
"AUTOMAAS CHILE SPA";78343019-3;20821947;LPPZ24;PA22;"General Velasquez Norte - Sur";"Lo Ovalle Poniente";2026-08-26;07:13:53;"Tarifa Base Fuera de Punta";512,34
"AUTOMAAS CHILE SPA";78343019-3;20821947;LPPZ24;PA20;"General Velasquez Norte - Sur";"Lo Espejo Poniente";2026-08-26;07:15:41;"Tarifa Base Fuera de Punta";412,57
"AUTOMAAS CHILE SPA";78343019-3;20821947;LPPZ24;PA32;"Ruta 5 Norte - Sur";"Lo Blanco - Las Acacias";2026-08-26;07:17:16;"Tarifa Base Fuera de Punta";176,67
"AUTOMAAS CHILE SPA";78343019-3;20821947;LPPZ24;PA6;"Ruta 5 Norte - Sur";"Colón Poniente";2026-08-26;07:18:51;"Tarifa Base Fuera de Punta";157,96
"AUTOMAAS CHILE SPA";78343019-3;20821947;KDRJ20;PA16;"Ruta 5 Sur - Norte";"Avda Santa María Oriente";2026-08-26;07:22:58;"Tarifa Base Fuera de Punta";425,04
"AUTOMAAS CHILE SPA";78343019-3;20821947;KDRJ20;PA17;"Ruta 5 Sur - Norte";"Américo Vespucio Oriente";2026-08-26;07:27:33;"Tarifa Base Punta";924,92
"AUTOMAAS CHILE SPA";78343019-3;20821947;PJHJ69;PA31;"Ruta 5 Sur - Norte";"Avenida Matta";2026-08-26;07:28:51;"Tarifa Base Punta";737,86
"AUTOMAAS CHILE SPA";78343019-3;20821947;LPPZ31;PA14;"Ruta 5 Norte - Sur";"Alameda Poniente";2026-08-26;07:29:32;"Tarifa Base Punta";363,73
"AUTOMAAS CHILE SPA";78343019-3;20821947;LPPZ31;PA12;"Ruta 5 Norte - Sur";"Avda Matta Poniente";2026-08-26;07:30:57;"Tarifa Base Punta";737,86
"AUTOMAAS CHILE SPA";78343019-3;20821947;PJHJ69;PA13;"Ruta 5 Sur - Norte";"Alameda - Rio Mapocho";2026-08-26;07:31:56;"Tarifa Base Punta";363,73
"AUTOMAAS CHILE SPA";78343019-3;20821947;LPPZ31;PA11;"Ruta 5 Norte - Sur";"La Marina San Nicolás Poniente";2026-08-26;07:32:47;"Tarifa Base Fuera de Punta";285,79
"AUTOMAAS CHILE SPA";78343019-3;20821947;LPPZ31;PA9;"Ruta 5 Norte - Sur";"Lo Ovalle Poniente";2026-08-26;07:33:37;"Tarifa Base Fuera de Punta";392,83
"AUTOMAAS CHILE SPA";78343019-3;20821947;PJHJ69;PA16;"Ruta 5 Sur - Norte";"Avda Santa María Oriente";2026-08-26;07:35:47;"Tarifa Base Punta";850,10
"AUTOMAAS CHILE SPA";78343019-3;20821947;PJHJ69;PA17;"Ruta 5 Sur - Norte";"Américo Vespucio Oriente";2026-08-26;07:40:56;"Tarifa Base Punta";924,92
"AUTOMAAS CHILE SPA";78343019-3;20821947;KDRJ20;PA18;"Ruta 5 Norte - Sur";"Américo Vespucio Poniente";2026-08-26;08:18:10;"Tarifa Base Punta";924,92
"AUTOMAAS CHILE SPA";78343019-3;20821947;PJHJ69;PA18;"Ruta 5 Norte - Sur";"Américo Vespucio Poniente";2026-08-26;08:23:22;"Tarifa Base Punta";924,92
"AUTOMAAS CHILE SPA";78343019-3;20821947;PJHJ69;PA15;"Ruta 5 Norte - Sur";"Bulnes Poniente";2026-08-26;08:28:28;"Tarifa Base Fuera de Punta";425,04
"AUTOMAAS CHILE SPA";78343019-3;20821947;PJHJ69;PA14;"Ruta 5 Norte - Sur";"Alameda Poniente";2026-08-26;08:35:59;"Tarifa Base Fuera de Punta";181,86
"AUTOMAAS CHILE SPA";78343019-3;20821947;PJHJ69;PA12;"Ruta 5 Norte - Sur";"Avda Matta Poniente";2026-08-26;08:37:34;"Tarifa Base Fuera de Punta";368,93
"AUTOMAAS CHILE SPA";78343019-3;20821947;PJHJ69;PA11;"Ruta 5 Norte - Sur";"La Marina San Nicolás Poniente";2026-08-26;08:39:32;"Tarifa Base Fuera de Punta";285,79
"AUTOMAAS CHILE SPA";78343019-3;20821947;KDRJ20;PA26;"General Velasquez Norte - Sur";"San Pablo Poniente";2026-08-26;08:41:43;"Tarifa Base Fuera de Punta";421,93
"AUTOMAAS CHILE SPA";78343019-3;20821947;KDRJ20;PA24;"General Velasquez Norte - Sur";"Carlos Valdovinos Poniente";2026-08-26;08:43:19;"Tarifa Base Fuera de Punta";287,86
"AUTOMAAS CHILE SPA";78343019-3;20821947;PJHJ69;PA8;"Ruta 5 Norte - Sur";"Lo Espejo Poniente";2026-08-26;09:23:43;"Tarifa Base Fuera de Punta";452,06
"AUTOMAAS CHILE SPA";78343019-3;20821947;PJHJ69;PA32;"Ruta 5 Norte - Sur";"Lo Blanco - Las Acacias";2026-08-26;09:24:45;"Tarifa Base Fuera de Punta";176,67
"AUTOMAAS CHILE SPA";78343019-3;20821947;PJHJ69;PA6;"Ruta 5 Norte - Sur";"Colón Poniente";2026-08-26;09:26:26;"Tarifa Base Fuera de Punta";157,96
"AUTOMAAS CHILE SPA";78343019-3;20821947;KDRJ20;PA14;"Ruta 5 Norte - Sur";"Alameda Poniente";2026-08-26;13:42:58;"Tarifa Base Fuera de Punta";181,86
"AUTOMAAS CHILE SPA";78343019-3;20821947;KDRJ20;PA12;"Ruta 5 Norte - Sur";"Avda Matta Poniente";2026-08-26;13:44:57;"Tarifa Base Fuera de Punta";368,93
"AUTOMAAS CHILE SPA";78343019-3;20821947;LJDV98;PA12;"Ruta 5 Norte - Sur";"Avda Matta Poniente";2026-08-26;14:22:01;"Tarifa Base Fuera de Punta";368,93
"AUTOMAAS CHILE SPA";78343019-3;20821947;LJDV98;PA11;"Ruta 5 Norte - Sur";"La Marina San Nicolás Poniente";2026-08-26;14:24:35;"Tarifa Base Fuera de Punta";285,79
"AUTOMAAS CHILE SPA";78343019-3;20821947;LJDV98;PA9;"Ruta 5 Norte - Sur";"Lo Ovalle Poniente";2026-08-26;14:25:54;"Tarifa Base Fuera de Punta";392,83
"AUTOMAAS CHILE SPA";78343019-3;20821947;LPPZ24;PA10;"Ruta 5 Sur - Norte";"La Marina San Nicolás Oriente";2026-08-26;19:10:04;"Tarifa Base Fuera de Punta";285,79
"AUTOMAAS CHILE SPA";78343019-3;20821947;LPPZ24;PA31;"Ruta 5 Sur - Norte";"Avenida Matta";2026-08-26;19:12:12;"Tarifa Base Fuera de Punta";368,93
"AUTOMAAS CHILE SPA";78343019-3;20821947;LPPZ24;PA13;"Ruta 5 Sur - Norte";"Alameda - Rio Mapocho";2026-08-26;19:27:21;"Tarifa Base Fuera de Punta";181,86
"AUTOMAAS CHILE SPA";78343019-3;20821947;LPPZ24;PA16;"Ruta 5 Sur - Norte";"Avda Santa María Oriente";2026-08-26;19:30:21;"Tarifa Base Fuera de Punta";425,04
"AUTOMAAS CHILE SPA";78343019-3;20821947;LPPZ24;PA17;"Ruta 5 Sur - Norte";"Américo Vespucio Oriente";2026-08-26;19:34:02;"Tarifa Base Fuera de Punta";462,46
"AUTOMAAS CHILE SPA";78343019-3;20821947;LPPZ31;PA28;"General Velasquez Sur - Norte";"Cerro Renca Oriente";2026-08-26;19:37:46;"Tarifa Base Fuera de Punta";512,34
"AUTOMAAS CHILE SPA";78343019-3;20821947;LPPZ31;PA17;"Ruta 5 Sur - Norte";"Américo Vespucio Oriente";2026-08-26;19:39:49;"Tarifa Base Fuera de Punta";462,46
"AUTOMAAS CHILE SPA";78343019-3;20821947;LPPZ24;PA18;"Ruta 5 Norte - Sur";"Américo Vespucio Poniente";2026-08-26;20:20:16;"Tarifa Base Fuera de Punta";462,46
"AUTOMAAS CHILE SPA";78343019-3;20821947;LJDV98;PA18;"Ruta 5 Norte - Sur";"Américo Vespucio Poniente";2026-08-26;20:20:40;"Tarifa Base Fuera de Punta";462,46
"AUTOMAAS CHILE SPA";78343019-3;20821947;LPPZ24;PA15;"Ruta 5 Norte - Sur";"Bulnes Poniente";2026-08-26;20:24:26;"Tarifa Base Punta";850,10
"AUTOMAAS CHILE SPA";78343019-3;20821947;LPPZ31;PA18;"Ruta 5 Norte - Sur";"Américo Vespucio Poniente";2026-08-26;20:30:44;"Tarifa Base Fuera de Punta";462,46
"AUTOMAAS CHILE SPA";78343019-3;20821947;LPPZ24;PA14;"Ruta 5 Norte - Sur";"Alameda Poniente";2026-08-26;20:33:52;"Tarifa Base Fuera de Punta";181,86
"AUTOMAAS CHILE SPA";78343019-3;20821947;LPPZ24;PA12;"Ruta 5 Norte - Sur";"Avda Matta Poniente";2026-08-26;20:35:31;"Tarifa Base Fuera de Punta";368,93
"AUTOMAAS CHILE SPA";78343019-3;20821947;LJDV98;PA12;"Ruta 5 Norte - Sur";"Avda Matta Poniente";2026-08-26;20:43:59;"Tarifa Base Fuera de Punta";368,93
"AUTOMAAS CHILE SPA";78343019-3;20821947;LJDV98;PA11;"Ruta 5 Norte - Sur";"La Marina San Nicolás Poniente";2026-08-26;20:46:13;"Tarifa Base Fuera de Punta";285,79
"AUTOMAAS CHILE SPA";78343019-3;20821947;LJDV98;PA9;"Ruta 5 Norte - Sur";"Lo Ovalle Poniente";2026-08-26;20:47:11;"Tarifa Base Fuera de Punta";392,83
"AUTOMAAS CHILE SPA";78343019-3;20821947;LPPZ24;PA8;"Ruta 5 Norte - Sur";"Lo Espejo Poniente";2026-08-26;21:18:11;"Tarifa Base Fuera de Punta";452,06
"AUTOMAAS CHILE SPA";78343019-3;20821947;LPPZ24;PA32;"Ruta 5 Norte - Sur";"Lo Blanco - Las Acacias";2026-08-26;21:19:11;"Tarifa Base Fuera de Punta";176,67
"AUTOMAAS CHILE SPA";78343019-3;20821947;LPPZ24;PA6;"Ruta 5 Norte - Sur";"Colón Poniente";2026-08-26;21:20:58;"Tarifa Base Fuera de Punta";157,96
"AUTOMAAS CHILE SPA";78343019-3;20821947;LPPZ24;PA37;"Ruta 5 Norte - Sur";"Colón, Calera de Tango";2026-08-26;21:21:54;"Tarifa Base Fuera de Punta";455,18
"AUTOMAAS CHILE SPA";78343019-3;20821947;CYPW26;PA12;"Ruta 5 Norte - Sur";"Avda Matta Poniente";2026-08-26;22:08:23;"Tarifa Base Fuera de Punta";368,93
"AUTOMAAS CHILE SPA";78343019-3;20821947;CYPW26;PA11;"Ruta 5 Norte - Sur";"La Marina San Nicolás Poniente";2026-08-26;22:10:44;"Tarifa Base Fuera de Punta";285,79
"AUTOMAAS CHILE SPA";78343019-3;20821947;CYPW26;PA9;"Ruta 5 Norte - Sur";"Lo Ovalle Poniente";2026-08-26;22:11:45;"Tarifa Base Fuera de Punta";392,83
"AUTOMAAS CHILE SPA";78343019-3;20821947;LPPZ31;PA23;"General Velasquez Sur - Norte";"Carlos Valdovinos Oriente";2026-08-26;23:29:02;"Tarifa Base Fuera de Punta";287,86
"AUTOMAAS CHILE SPA";78343019-3;20821947;LPPZ31;PA25;"General Velasquez Sur - Norte";"San Pablo Oriente";2026-08-26;23:30:18;"Tarifa Base Fuera de Punta";421,93
"AUTOMAAS CHILE SPA";78343019-3;20821947;LPPZ31;PA26;"General Velasquez Norte - Sur";"San Pablo Poniente";2026-08-26;23:38:29;"Tarifa Base Fuera de Punta";421,93
"AUTOMAAS CHILE SPA";78343019-3;20821947;LPPZ31;PA24;"General Velasquez Norte - Sur";"Carlos Valdovinos Poniente";2026-08-26;23:39:33;"Tarifa Base Fuera de Punta";287,86
"AUTOMAAS CHILE SPA";78343019-3;20821947;LPPZ31;PA22;"General Velasquez Norte - Sur";"Lo Ovalle Poniente";2026-08-26;23:41:39;"Tarifa Base Fuera de Punta";512,34
"AUTOMAAS CHILE SPA";78343019-3;20821947;LPPZ31;PA30;"Ruta 5 Sur - Norte";"Americo Vespucio - Departamental";2026-08-27;00:27:16;"Tarifa Base Fuera de Punta";392,83
"AUTOMAAS CHILE SPA";78343019-3;20821947;KDRJ20;PA7;"Ruta 5 Sur - Norte";"Lo Espejo Oriente";2026-08-27;01:17:44;"Tarifa Base Fuera de Punta";452,06
"AUTOMAAS CHILE SPA";78343019-3;20821947;KDRJ20;PA30;"Ruta 5 Sur - Norte";"Americo Vespucio - Departamental";2026-08-27;01:21:03;"Tarifa Base Fuera de Punta";392,83
"AUTOMAAS CHILE SPA";78343019-3;20821947;KXZS95;PA21;"General Velasquez Sur - Norte";"Lo Ovalle Oriente";2026-08-27;01:39:39;"Tarifa Base Fuera de Punta";512,34
"AUTOMAAS CHILE SPA";78343019-3;20821947;KXZS95;PA23;"General Velasquez Sur - Norte";"Carlos Valdovinos Oriente";2026-08-27;01:42:14;"Tarifa Base Fuera de Punta";287,86
"AUTOMAAS CHILE SPA";78343019-3;20821947;KXZS95;PA25;"General Velasquez Sur - Norte";"San Pablo Oriente";2026-08-27;01:43:55;"Tarifa Base Fuera de Punta";421,93
"AUTOMAAS CHILE SPA";78343019-3;20821947;LPPZ31;PA5;"Ruta 5 Sur - Norte";"Colón Oriente";2026-08-27;01:46:11;"Tarifa Base Fuera de Punta";334,63
"AUTOMAAS CHILE SPA";78343019-3;20821947;LPPZ31;PA19;"General Velasquez Sur - Norte";"Puerta Sur Oriente";2026-08-27;01:48:50;"Tarifa Base Fuera de Punta";412,57
"AUTOMAAS CHILE SPA";78343019-3;20821947;KDRJ20;PA9;"Ruta 5 Norte - Sur";"Lo Ovalle Poniente";2026-08-27;01:59:46;"Tarifa Base Fuera de Punta";392,83
"AUTOMAAS CHILE SPA";78343019-3;20821947;KDRJ20;PA32;"Ruta 5 Norte - Sur";"Lo Blanco - Las Acacias";2026-08-27;02:20:28;"Tarifa Base Fuera de Punta";176,67
"AUTOMAAS CHILE SPA";78343019-3;20821947;KDRJ20;PA5;"Ruta 5 Sur - Norte";"Colón Oriente";2026-08-27;03:32:19;"Tarifa Base Fuera de Punta";334,63
"AUTOMAAS CHILE SPA";78343019-3;20821947;KXZS95;PA21;"General Velasquez Sur - Norte";"Lo Ovalle Oriente";2026-08-27;05:19:08;"Tarifa Base Fuera de Punta";512,34
"AUTOMAAS CHILE SPA";78343019-3;20821947;KXZS95;PA23;"General Velasquez Sur - Norte";"Carlos Valdovinos Oriente";2026-08-27;05:21:45;"Tarifa Base Fuera de Punta";287,86
"AUTOMAAS CHILE SPA";78343019-3;20821947;KXZS95;PA25;"General Velasquez Sur - Norte";"San Pablo Oriente";2026-08-27;05:23:25;"Tarifa Base Fuera de Punta";421,93
"AUTOMAAS CHILE SPA";78343019-3;20821947;LPPZ24;PA7;"Ruta 5 Sur - Norte";"Lo Espejo Oriente";2026-08-27;05:35:39;"Tarifa Base Fuera de Punta";452,06
"AUTOMAAS CHILE SPA";78343019-3;20821947;LPPZ31;PA21;"General Velasquez Sur - Norte";"Lo Ovalle Oriente";2026-08-27;05:43:51;"Tarifa Base Fuera de Punta";512,34
"AUTOMAAS CHILE SPA";78343019-3;20821947;LPPZ31;PA23;"General Velasquez Sur - Norte";"Carlos Valdovinos Oriente";2026-08-27;05:46:26;"Tarifa Base Fuera de Punta";287,86
"AUTOMAAS CHILE SPA";78343019-3;20821947;LPPZ31;PA25;"General Velasquez Sur - Norte";"San Pablo Oriente";2026-08-27;05:48:07;"Tarifa Base Fuera de Punta";421,93
"AUTOMAAS CHILE SPA";78343019-3;20821947;KXZS95;PA28;"General Velasquez Sur - Norte";"Cerro Renca Oriente";2026-08-27;06:01:51;"Tarifa Base Fuera de Punta";512,34
"AUTOMAAS CHILE SPA";78343019-3;20821947;KXZS95;PA17;"Ruta 5 Sur - Norte";"Américo Vespucio Oriente";2026-08-27;06:02:57;"Tarifa Base Fuera de Punta";462,46
"AUTOMAAS CHILE SPA";78343019-3;20821947;LDWP36;PA31;"Ruta 5 Sur - Norte";"Avenida Matta";2026-08-27;06:08:50;"Tarifa Base Fuera de Punta";368,93
"AUTOMAAS CHILE SPA";78343019-3;20821947;LDWP36;PA13;"Ruta 5 Sur - Norte";"Alameda - Rio Mapocho";2026-08-27;06:10:27;"Tarifa Base Fuera de Punta";181,86
"AUTOMAAS CHILE SPA";78343019-3;20821947;PJHJ69;PA8;"Ruta 5 Norte - Sur";"Lo Espejo Poniente";2026-08-27;06:17:04;"Tarifa Base Fuera de Punta";452,06
"AUTOMAAS CHILE SPA";78343019-3;20821947;PJHJ69;PA32;"Ruta 5 Norte - Sur";"Lo Blanco - Las Acacias";2026-08-27;06:18:10;"Tarifa Base Fuera de Punta";176,67
"AUTOMAAS CHILE SPA";78343019-3;20821947;PJHJ69;PA6;"Ruta 5 Norte - Sur";"Colón Poniente";2026-08-27;06:19:38;"Tarifa Base Fuera de Punta";157,96
"AUTOMAAS CHILE SPA";78343019-3;20821947;PJHJ69;PA37;"Ruta 5 Norte - Sur";"Colón, Calera de Tango";2026-08-27;06:20:33;"Tarifa Base Fuera de Punta";455,18
"AUTOMAAS CHILE SPA";78343019-3;20821947;PJHJ69;PA4;"Ruta 5 Norte - Sur";"Calera de Tango Poniente";2026-08-27;06:22:31;"Tarifa Base Fuera de Punta";129,90
"AUTOMAAS CHILE SPA";78343019-3;20821947;LPPZ24;PA13;"Ruta 5 Sur - Norte";"Alameda - Rio Mapocho";2026-08-27;06:31:02;"Tarifa Base Punta";363,73
"AUTOMAAS CHILE SPA";78343019-3;20821947;PJHJ69;PA3;"Ruta 5 Sur - Norte";"Calera de Tango Oriente";2026-08-27;06:39:16;"Tarifa Base Punta";1.170,18
"AUTOMAAS CHILE SPA";78343019-3;20821947;KDRJ20;PA23;"General Velasquez Sur - Norte";"Carlos Valdovinos Oriente";2026-08-27;06:43:28;"Tarifa Base Fuera de Punta";287,86
"AUTOMAAS CHILE SPA";78343019-3;20821947;KDRJ20;PA25;"General Velasquez Sur - Norte";"San Pablo Oriente";2026-08-27;06:45:15;"Tarifa Base Fuera de Punta";421,93
"AUTOMAAS CHILE SPA";78343019-3;20821947;PJHJ69;PA5;"Ruta 5 Sur - Norte";"Colón Oriente";2026-08-27;06:49:11;"Tarifa Base Punta";669,27
"AUTOMAAS CHILE SPA";78343019-3;20821947;PJHJ69;PA7;"Ruta 5 Sur - Norte";"Lo Espejo Oriente";2026-08-27;06:53:14;"Tarifa Base Fuera de Punta";452,06
"AUTOMAAS CHILE SPA";78343019-3;20821947;LPPZ24;PA17;"Ruta 5 Sur - Norte";"Américo Vespucio Oriente";2026-08-27;07:04:18;"Tarifa Base Punta";924,92
"AUTOMAAS CHILE SPA";78343019-3;20821947;KDRJ20;PA16;"Ruta 5 Sur - Norte";"Avda Santa María Oriente";2026-08-27;07:15:33;"Tarifa Base Fuera de Punta";425,04
"AUTOMAAS CHILE SPA";78343019-3;20821947;KDRJ20;PA17;"Ruta 5 Sur - Norte";"Américo Vespucio Oriente";2026-08-27;07:20:19;"Tarifa Base Punta";924,92
"AUTOMAAS CHILE SPA";78343019-3;20821947;LDWP36;PA14;"Ruta 5 Norte - Sur";"Alameda Poniente";2026-08-27;07:20:25;"Tarifa Base Punta";363,73
"AUTOMAAS CHILE SPA";78343019-3;20821947;LDWP36;PA12;"Ruta 5 Norte - Sur";"Avda Matta Poniente";2026-08-27;07:21:50;"Tarifa Base Punta";737,86
"AUTOMAAS CHILE SPA";78343019-3;20821947;LPPZ24;PA18;"Ruta 5 Norte - Sur";"Américo Vespucio Poniente";2026-08-27;07:22:26;"Tarifa Base Punta";924,92
"AUTOMAAS CHILE SPA";78343019-3;20821947;LPPZ24;PA29;"General Velasquez Norte - Sur";"Cerro Renca Poniente";2026-08-27;07:23:46;"Tarifa Base Fuera de Punta";512,34
"AUTOMAAS CHILE SPA";78343019-3;20821947;LDWP36;PA11;"Ruta 5 Norte - Sur";"La Marina San Nicolás Poniente";2026-08-27;07:23:50;"Tarifa Base Fuera de Punta";285,79
"AUTOMAAS CHILE SPA";78343019-3;20821947;LDWP36;PA9;"Ruta 5 Norte - Sur";"Lo Ovalle Poniente";2026-08-27;07:24:41;"Tarifa Base Fuera de Punta";392,83
"AUTOMAAS CHILE SPA";78343019-3;20821947;LPPZ24;PA26;"General Velasquez Norte - Sur";"San Pablo Poniente";2026-08-27;07:28:35;"Tarifa Base Fuera de Punta";421,93
"AUTOMAAS CHILE SPA";78343019-3;20821947;LPPZ24;PA24;"General Velasquez Norte - Sur";"Carlos Valdovinos Poniente";2026-08-27;07:29:57;"Tarifa Base Fuera de Punta";287,86
"AUTOMAAS CHILE SPA";78343019-3;20821947;LPPZ24;PA22;"General Velasquez Norte - Sur";"Lo Ovalle Poniente";2026-08-27;07:32:38;"Tarifa Base Fuera de Punta";512,34
"AUTOMAAS CHILE SPA";78343019-3;20821947;LPPZ24;PA20;"General Velasquez Norte - Sur";"Lo Espejo Poniente";2026-08-27;07:34:42;"Tarifa Base Fuera de Punta";412,57
"AUTOMAAS CHILE SPA";78343019-3;20821947;LPPZ24;PA32;"Ruta 5 Norte - Sur";"Lo Blanco - Las Acacias";2026-08-27;07:36:21;"Tarifa Base Fuera de Punta";176,67
"AUTOMAAS CHILE SPA";78343019-3;20821947;LPPZ24;PA6;"Ruta 5 Norte - Sur";"Colón Poniente";2026-08-27;07:38:13;"Tarifa Base Fuera de Punta";157,96
"AUTOMAAS CHILE SPA";78343019-3;20821947;PJHJ69;PA31;"Ruta 5 Sur - Norte";"Avenida Matta";2026-08-27;07:48:58;"Tarifa Base Punta";737,86
"AUTOMAAS CHILE SPA";78343019-3;20821947;PJHJ69;PA13;"Ruta 5 Sur - Norte";"Alameda - Rio Mapocho";2026-08-27;07:54:02;"Tarifa Base Punta";363,73
"AUTOMAAS CHILE SPA";78343019-3;20821947;PJHJ69;PA16;"Ruta 5 Sur - Norte";"Avda Santa María Oriente";2026-08-27;07:58:47;"Tarifa Base Punta";850,10
"AUTOMAAS CHILE SPA";78343019-3;20821947;PJHJ69;PA17;"Ruta 5 Sur - Norte";"Américo Vespucio Oriente";2026-08-27;08:03:36;"Tarifa Base Punta";924,92
"AUTOMAAS CHILE SPA";78343019-3;20821947;PJHJ69;PA14;"Ruta 5 Norte - Sur";"Alameda Poniente";2026-08-27;09:06:58;"Tarifa Base Punta";363,73
"AUTOMAAS CHILE SPA";78343019-3;20821947;PJHJ69;PA11;"Ruta 5 Norte - Sur";"La Marina San Nicolás Poniente";2026-08-27;09:30:29;"Tarifa Base Fuera de Punta";285,79
"AUTOMAAS CHILE SPA";78343019-3;20821947;KDRJ20;PA26;"General Velasquez Norte - Sur";"San Pablo Poniente";2026-08-27;09:47:55;"Tarifa Base Fuera de Punta";421,93
"AUTOMAAS CHILE SPA";78343019-3;20821947;LJDV98;PA18;"Ruta 5 Norte - Sur";"Américo Vespucio Poniente";2026-08-27;09:59:29;"Tarifa Base Punta";924,92
"AUTOMAAS CHILE SPA";78343019-3;20821947;KXZS95;PA18;"Ruta 5 Norte - Sur";"Américo Vespucio Poniente";2026-08-27;09:59:30;"Tarifa Base Punta";924,92
"AUTOMAAS CHILE SPA";78343019-3;20821947;LJDV98;PA29;"General Velasquez Norte - Sur";"Cerro Renca Poniente";2026-08-27;10:02:02;"Tarifa Base Fuera de Punta";512,34
"AUTOMAAS CHILE SPA";78343019-3;20821947;KXZS95;PA29;"General Velasquez Norte - Sur";"Cerro Renca Poniente";2026-08-27;10:02:03;"Tarifa Base Fuera de Punta";512,34
"AUTOMAAS CHILE SPA";78343019-3;20821947;LJDV98;PA26;"General Velasquez Norte - Sur";"San Pablo Poniente";2026-08-27;10:14:29;"Tarifa Base Fuera de Punta";421,93
"AUTOMAAS CHILE SPA";78343019-3;20821947;KXZS95;PA26;"General Velasquez Norte - Sur";"San Pablo Poniente";2026-08-27;10:14:30;"Tarifa Base Fuera de Punta";421,93
"AUTOMAAS CHILE SPA";78343019-3;20821947;LJDV98;PA24;"General Velasquez Norte - Sur";"Carlos Valdovinos Poniente";2026-08-27;10:17:01;"Tarifa Base Fuera de Punta";287,86
"AUTOMAAS CHILE SPA";78343019-3;20821947;KXZS95;PA24;"General Velasquez Norte - Sur";"Carlos Valdovinos Poniente";2026-08-27;10:17:02;"Tarifa Base Fuera de Punta";287,86
"AUTOMAAS CHILE SPA";78343019-3;20821947;LPPZ31;PA26;"General Velasquez Norte - Sur";"San Pablo Poniente";2026-08-27;10:34:09;"Tarifa Base Fuera de Punta";421,93
"AUTOMAAS CHILE SPA";78343019-3;20821947;LPPZ31;PA24;"General Velasquez Norte - Sur";"Carlos Valdovinos Poniente";2026-08-27;10:35:54;"Tarifa Base Fuera de Punta";287,86
"AUTOMAAS CHILE SPA";78343019-3;20821947;LPPZ31;PA22;"General Velasquez Norte - Sur";"Lo Ovalle Poniente";2026-08-27;10:38:33;"Tarifa Base Fuera de Punta";512,34
"AUTOMAAS CHILE SPA";78343019-3;20821947;KDRJ20;PA14;"Ruta 5 Norte - Sur";"Alameda Poniente";2026-08-27;14:41:01;"Tarifa Base Fuera de Punta";181,86
"AUTOMAAS CHILE SPA";78343019-3;20821947;KDRJ20;PA12;"Ruta 5 Norte - Sur";"Avda Matta Poniente";2026-08-27;14:43:01;"Tarifa Base Fuera de Punta";368,93
"AUTOMAAS CHILE SPA";78343019-3;20821947;CYPW26;PA22;"General Velasquez Norte - Sur";"Lo Ovalle Poniente";2026-08-27;16:52:43;"Tarifa Base Fuera de Punta";512,34
"AUTOMAAS CHILE SPA";78343019-3;20821947;LDWP36;PA21;"General Velasquez Sur - Norte";"Lo Ovalle Oriente";2026-08-27;17:40:06;"Tarifa Base Fuera de Punta";512,34
"AUTOMAAS CHILE SPA";78343019-3;20821947;LDWP36;PA23;"General Velasquez Sur - Norte";"Carlos Valdovinos Oriente";2026-08-27;17:43:24;"Tarifa Base Fuera de Punta";287,86
"AUTOMAAS CHILE SPA";78343019-3;20821947;LDWP36;PA25;"General Velasquez Sur - Norte";"San Pablo Oriente";2026-08-27;19:03:25;"Tarifa Base Punta";843,86
"AUTOMAAS CHILE SPA";78343019-3;20821947;LPPZ24;PA10;"Ruta 5 Sur - Norte";"La Marina San Nicolás Oriente";2026-08-27;19:08:29;"Tarifa Base Fuera de Punta";285,79
"AUTOMAAS CHILE SPA";78343019-3;20821947;LPPZ24;PA31;"Ruta 5 Sur - Norte";"Avenida Matta";2026-08-27;19:10:40;"Tarifa Base Fuera de Punta";368,93
"AUTOMAAS CHILE SPA";78343019-3;20821947;LJDV98;PA13;"Ruta 5 Sur - Norte";"Alameda - Rio Mapocho";2026-08-27;19:19:49;"Tarifa Base Fuera de Punta";181,86
"AUTOMAAS CHILE SPA";78343019-3;20821947;LJDV98;PA16;"Ruta 5 Sur - Norte";"Avda Santa María Oriente";2026-08-27;19:22:53;"Tarifa Base Fuera de Punta";425,04
"AUTOMAAS CHILE SPA";78343019-3;20821947;LPPZ24;PA13;"Ruta 5 Sur - Norte";"Alameda - Rio Mapocho";2026-08-27;19:26:40;"Tarifa Base Fuera de Punta";181,86
"AUTOMAAS CHILE SPA";78343019-3;20821947;LJDV98;PA17;"Ruta 5 Sur - Norte";"Américo Vespucio Oriente";2026-08-27;19:26:47;"Tarifa Base Punta";924,92
"AUTOMAAS CHILE SPA";78343019-3;20821947;LPPZ24;PA16;"Ruta 5 Sur - Norte";"Avda Santa María Oriente";2026-08-27;19:29:37;"Tarifa Base Fuera de Punta";425,04
"AUTOMAAS CHILE SPA";78343019-3;20821947;LPPZ24;PA17;"Ruta 5 Sur - Norte";"Américo Vespucio Oriente";2026-08-27;19:33:39;"Tarifa Base Fuera de Punta";462,46
"AUTOMAAS CHILE SPA";78343019-3;20821947;LPPZ24;PA18;"Ruta 5 Norte - Sur";"Américo Vespucio Poniente";2026-08-27;20:19:30;"Tarifa Base Fuera de Punta";462,46
"AUTOMAAS CHILE SPA";78343019-3;20821947;LJDV98;PA18;"Ruta 5 Norte - Sur";"Américo Vespucio Poniente";2026-08-27;20:22:32;"Tarifa Base Fuera de Punta";462,46
"AUTOMAAS CHILE SPA";78343019-3;20821947;LPPZ24;PA15;"Ruta 5 Norte - Sur";"Bulnes Poniente";2026-08-27;20:23:36;"Tarifa Base Punta";850,10
"AUTOMAAS CHILE SPA";78343019-3;20821947;LPPZ24;PA14;"Ruta 5 Norte - Sur";"Alameda Poniente";2026-08-27;20:25:36;"Tarifa Base Punta";363,73
"AUTOMAAS CHILE SPA";78343019-3;20821947;LDWP36;PA18;"Ruta 5 Norte - Sur";"Américo Vespucio Poniente";2026-08-27;20:27:19;"Tarifa Base Fuera de Punta";462,46
"AUTOMAAS CHILE SPA";78343019-3;20821947;LDWP36;PA15;"Ruta 5 Norte - Sur";"Bulnes Poniente";2026-08-27;20:31:29;"Tarifa Base Fuera de Punta";425,04
"AUTOMAAS CHILE SPA";78343019-3;20821947;LPPZ24;PA8;"Ruta 5 Norte - Sur";"Lo Espejo Poniente";2026-08-27;21:15:36;"Tarifa Base Fuera de Punta";452,06
"AUTOMAAS CHILE SPA";78343019-3;20821947;LPPZ24;PA32;"Ruta 5 Norte - Sur";"Lo Blanco - Las Acacias";2026-08-27;21:16:39;"Tarifa Base Fuera de Punta";176,67
"AUTOMAAS CHILE SPA";78343019-3;20821947;LPPZ24;PA6;"Ruta 5 Norte - Sur";"Colón Poniente";2026-08-27;21:18:02;"Tarifa Base Fuera de Punta";157,96
"AUTOMAAS CHILE SPA";78343019-3;20821947;LPPZ24;PA37;"Ruta 5 Norte - Sur";"Colón, Calera de Tango";2026-08-27;21:18:55;"Tarifa Base Fuera de Punta";455,18
"AUTOMAAS CHILE SPA";78343019-3;20821947;LPPZ24;PA4;"Ruta 5 Norte - Sur";"Calera de Tango Poniente";2026-08-27;21:20:45;"Tarifa Base Fuera de Punta";129,90
"AUTOMAAS CHILE SPA";78343019-3;20821947;LPPZ31;PA22;"General Velasquez Norte - Sur";"Lo Ovalle Poniente";2026-08-27;21:29:36;"Tarifa Base Fuera de Punta";512,34
"AUTOMAAS CHILE SPA";78343019-3;20821947;LPPZ24;PA3;"Ruta 5 Sur - Norte";"Calera de Tango Oriente";2026-08-27;21:32:22;"Tarifa Base Fuera de Punta";585,09
"AUTOMAAS CHILE SPA";78343019-3;20821947;LPPZ31;PA8;"Ruta 5 Norte - Sur";"Lo Espejo Poniente";2026-08-27;21:45:43;"Tarifa Base Fuera de Punta";452,06
"AUTOMAAS CHILE SPA";78343019-3;20821947;LPPZ31;PA32;"Ruta 5 Norte - Sur";"Lo Blanco - Las Acacias";2026-08-27;21:46:47;"Tarifa Base Fuera de Punta";176,67
"AUTOMAAS CHILE SPA";78343019-3;20821947;KXZS95;PA12;"Ruta 5 Norte - Sur";"Avda Matta Poniente";2026-08-27;22:20:10;"Tarifa Base Fuera de Punta";368,93
"AUTOMAAS CHILE SPA";78343019-3;20821947;KXZS95;PA11;"Ruta 5 Norte - Sur";"La Marina San Nicolás Poniente";2026-08-27;22:22:32;"Tarifa Base Fuera de Punta";285,79
"AUTOMAAS CHILE SPA";78343019-3;20821947;KXZS95;PA9;"Ruta 5 Norte - Sur";"Lo Ovalle Poniente";2026-08-27;22:23:34;"Tarifa Base Fuera de Punta";392,83
"AUTOMAAS CHILE SPA";78343019-3;20821947;HXJJ44;PA22;"General Velasquez Norte - Sur";"Lo Ovalle Poniente";2026-08-27;23:23:07;"Tarifa Base Fuera de Punta";512,34
"AUTOMAAS CHILE SPA";78343019-3;20821947;LPPZ31;PA5;"Ruta 5 Sur - Norte";"Colón Oriente";2026-08-27;23:36:35;"Tarifa Base Fuera de Punta";334,63
"AUTOMAAS CHILE SPA";78343019-3;20821947;LPPZ31;PA19;"General Velasquez Sur - Norte";"Puerta Sur Oriente";2026-08-27;23:38:16;"Tarifa Base Fuera de Punta";412,57
"AUTOMAAS CHILE SPA";78343019-3;20821947;LJDV98;PA19;"General Velasquez Sur - Norte";"Puerta Sur Oriente";2026-08-27;23:52:28;"Tarifa Base Fuera de Punta";412,57
"AUTOMAAS CHILE SPA";78343019-3;20821947;KDRJ20;PA32;"Ruta 5 Norte - Sur";"Lo Blanco - Las Acacias";2026-08-28;00:24:44;"Tarifa Base Fuera de Punta";176,67
"AUTOMAAS CHILE SPA";78343019-3;20821947;LPPZ31;PA9;"Ruta 5 Norte - Sur";"Lo Ovalle Poniente";2026-08-28;00:51:43;"Tarifa Base Fuera de Punta";392,83
"AUTOMAAS CHILE SPA";78343019-3;20821947;KXZS95;PA7;"Ruta 5 Sur - Norte";"Lo Espejo Oriente";2026-08-28;01:32:09;"Tarifa Base Fuera de Punta";452,06
"AUTOMAAS CHILE SPA";78343019-3;20821947;KDRJ20;PA21;"General Velasquez Sur - Norte";"Lo Ovalle Oriente";2026-08-28;01:38:04;"Tarifa Base Fuera de Punta";512,34
"AUTOMAAS CHILE SPA";78343019-3;20821947;KDRJ20;PA23;"General Velasquez Sur - Norte";"Carlos Valdovinos Oriente";2026-08-28;01:40:34;"Tarifa Base Fuera de Punta";287,86
"AUTOMAAS CHILE SPA";78343019-3;20821947;KDRJ20;PA25;"General Velasquez Sur - Norte";"San Pablo Oriente";2026-08-28;01:41:59;"Tarifa Base Fuera de Punta";421,93
"AUTOMAAS CHILE SPA";78343019-3;20821947;KDRJ20;PA14;"Ruta 5 Norte - Sur";"Alameda Poniente";2026-08-28;01:51:55;"Tarifa Base Fuera de Punta";181,86
"AUTOMAAS CHILE SPA";78343019-3;20821947;KDRJ20;PA12;"Ruta 5 Norte - Sur";"Avda Matta Poniente";2026-08-28;01:53:20;"Tarifa Base Fuera de Punta";368,93
"AUTOMAAS CHILE SPA";78343019-3;20821947;PJHJ69;PA11;"Ruta 5 Norte - Sur";"La Marina San Nicolás Poniente";2026-08-28;02:33:17;"Tarifa Base Fuera de Punta";285,79
"AUTOMAAS CHILE SPA";78343019-3;20821947;PJHJ69;PA9;"Ruta 5 Norte - Sur";"Lo Ovalle Poniente";2026-08-28;02:34:01;"Tarifa Base Fuera de Punta";392,83
"AUTOMAAS CHILE SPA";78343019-3;20821947;PJHJ69;PA8;"Ruta 5 Norte - Sur";"Lo Espejo Poniente";2026-08-28;02:36:39;"Tarifa Base Fuera de Punta";452,06
"AUTOMAAS CHILE SPA";78343019-3;20821947;KDRJ20;PA8;"Ruta 5 Norte - Sur";"Lo Espejo Poniente";2026-08-28;02:40:40;"Tarifa Base Fuera de Punta";452,06
"AUTOMAAS CHILE SPA";78343019-3;20821947;KDRJ20;PA32;"Ruta 5 Norte - Sur";"Lo Blanco - Las Acacias";2026-08-28;02:41:53;"Tarifa Base Fuera de Punta";176,67
"AUTOMAAS CHILE SPA";78343019-3;20821947;KDRJ20;PA3;"Ruta 5 Sur - Norte";"Calera de Tango Oriente";2026-08-28;03:35:54;"Tarifa Base Fuera de Punta";585,09
"AUTOMAAS CHILE SPA";78343019-3;20821947;KDRJ20;PA5;"Ruta 5 Sur - Norte";"Colón Oriente";2026-08-28;03:38:37;"Tarifa Base Fuera de Punta";334,63
"AUTOMAAS CHILE SPA";78343019-3;20821947;LDWP36;PA7;"Ruta 5 Sur - Norte";"Lo Espejo Oriente";2026-08-28;04:31:06;"Tarifa Base Fuera de Punta";452,06
"AUTOMAAS CHILE SPA";78343019-3;20821947;KDRJ20;PA19;"General Velasquez Sur - Norte";"Puerta Sur Oriente";2026-08-28;04:56:53;"Tarifa Base Fuera de Punta";412,57
"AUTOMAAS CHILE SPA";78343019-3;20821947;LJDV98;PA11;"Ruta 5 Norte - Sur";"La Marina San Nicolás Poniente";2026-08-28;05:03:52;"Tarifa Base Fuera de Punta";285,79
"AUTOMAAS CHILE SPA";78343019-3;20821947;LJDV98;PA9;"Ruta 5 Norte - Sur";"Lo Ovalle Poniente";2026-08-28;05:04:43;"Tarifa Base Fuera de Punta";392,83
"AUTOMAAS CHILE SPA";78343019-3;20821947;LJDV98;PA8;"Ruta 5 Norte - Sur";"Lo Espejo Poniente";2026-08-28;05:07:50;"Tarifa Base Fuera de Punta";452,06
"AUTOMAAS CHILE SPA";78343019-3;20821947;LJDV98;PA32;"Ruta 5 Norte - Sur";"Lo Blanco - Las Acacias";2026-08-28;05:08:59;"Tarifa Base Fuera de Punta";176,67
"AUTOMAAS CHILE SPA";78343019-3;20821947;LPPZ24;PA5;"Ruta 5 Sur - Norte";"Colón Oriente";2026-08-28;05:44:15;"Tarifa Base Fuera de Punta";334,63
"AUTOMAAS CHILE SPA";78343019-3;20821947;LPPZ24;PA7;"Ruta 5 Sur - Norte";"Lo Espejo Oriente";2026-08-28;05:46:39;"Tarifa Base Fuera de Punta";452,06
"AUTOMAAS CHILE SPA";78343019-3;20821947;PJHJ69;PA8;"Ruta 5 Norte - Sur";"Lo Espejo Poniente";2026-08-28;06:09:44;"Tarifa Base Fuera de Punta";452,06
"AUTOMAAS CHILE SPA";78343019-3;20821947;PJHJ69;PA6;"Ruta 5 Norte - Sur";"Colón Poniente";2026-08-28;06:12:05;"Tarifa Base Fuera de Punta";157,96
"AUTOMAAS CHILE SPA";78343019-3;20821947;PJHJ69;PA37;"Ruta 5 Norte - Sur";"Colón, Calera de Tango";2026-08-28;06:12:57;"Tarifa Base Fuera de Punta";455,18
"AUTOMAAS CHILE SPA";78343019-3;20821947;PJHJ69;PA4;"Ruta 5 Norte - Sur";"Calera de Tango Poniente";2026-08-28;06:14:33;"Tarifa Base Fuera de Punta";129,90
"AUTOMAAS CHILE SPA";78343019-3;20821947;LDWP36;PA13;"Ruta 5 Sur - Norte";"Alameda - Rio Mapocho";2026-08-28;06:16:05;"Tarifa Base Fuera de Punta";181,86
"AUTOMAAS CHILE SPA";78343019-3;20821947;LPPZ31;PA21;"General Velasquez Sur - Norte";"Lo Ovalle Oriente";2026-08-28;06:29:27;"Tarifa Base Fuera de Punta";512,34
"AUTOMAAS CHILE SPA";78343019-3;20821947;PJHJ69;PA3;"Ruta 5 Sur - Norte";"Calera de Tango Oriente";2026-08-28;06:29:54;"Tarifa Base Fuera de Punta";585,09
"AUTOMAAS CHILE SPA";78343019-3;20821947;LPPZ31;PA23;"General Velasquez Sur - Norte";"Carlos Valdovinos Oriente";2026-08-28;06:32:20;"Tarifa Base Fuera de Punta";287,86
"AUTOMAAS CHILE SPA";78343019-3;20821947;LPPZ31;PA25;"General Velasquez Sur - Norte";"San Pablo Oriente";2026-08-28;06:34:01;"Tarifa Base Fuera de Punta";421,93
"AUTOMAAS CHILE SPA";78343019-3;20821947;PJHJ69;PA5;"Ruta 5 Sur - Norte";"Colón Oriente";2026-08-28;06:41:24;"Tarifa Base Punta";669,27
"AUTOMAAS CHILE SPA";78343019-3;20821947;LPPZ24;PA13;"Ruta 5 Sur - Norte";"Alameda - Rio Mapocho";2026-08-28;06:42:09;"Tarifa Base Punta";363,73
"AUTOMAAS CHILE SPA";78343019-3;20821947;KDRJ20;PA23;"General Velasquez Sur - Norte";"Carlos Valdovinos Oriente";2026-08-28;06:43:48;"Tarifa Base Fuera de Punta";287,86
"AUTOMAAS CHILE SPA";78343019-3;20821947;PJHJ69;PA7;"Ruta 5 Sur - Norte";"Lo Espejo Oriente";2026-08-28;06:44:47;"Tarifa Base Fuera de Punta";452,06
"AUTOMAAS CHILE SPA";78343019-3;20821947;KDRJ20;PA25;"General Velasquez Sur - Norte";"San Pablo Oriente";2026-08-28;06:45:29;"Tarifa Base Fuera de Punta";421,93
"AUTOMAAS CHILE SPA";78343019-3;20821947;LPPZ24;PA16;"Ruta 5 Sur - Norte";"Avda Santa María Oriente";2026-08-28;07:01:01;"Tarifa Base Fuera de Punta";425,04
"AUTOMAAS CHILE SPA";78343019-3;20821947;LPPZ24;PA17;"Ruta 5 Sur - Norte";"Américo Vespucio Oriente";2026-08-28;07:05:00;"Tarifa Base Punta";924,92
"AUTOMAAS CHILE SPA";78343019-3;20821947;KDRJ20;PA16;"Ruta 5 Sur - Norte";"Avda Santa María Oriente";2026-08-28;07:15:51;"Tarifa Base Fuera de Punta";425,04
"AUTOMAAS CHILE SPA";78343019-3;20821947;LPPZ24;PA18;"Ruta 5 Norte - Sur";"Américo Vespucio Poniente";2026-08-28;07:18:09;"Tarifa Base Punta";924,92
"AUTOMAAS CHILE SPA";78343019-3;20821947;LDWP36;PA14;"Ruta 5 Norte - Sur";"Alameda Poniente";2026-08-28;07:20:06;"Tarifa Base Punta";363,73
"AUTOMAAS CHILE SPA";78343019-3;20821947;KDRJ20;PA17;"Ruta 5 Sur - Norte";"Américo Vespucio Oriente";2026-08-28;07:20:56;"Tarifa Base Punta";924,92
"AUTOMAAS CHILE SPA";78343019-3;20821947;LPPZ24;PA29;"General Velasquez Norte - Sur";"Cerro Renca Poniente";2026-08-28;07:20:58;"Tarifa Base Fuera de Punta";512,34
"AUTOMAAS CHILE SPA";78343019-3;20821947;LDWP36;PA12;"Ruta 5 Norte - Sur";"Avda Matta Poniente";2026-08-28;07:21:34;"Tarifa Base Punta";737,86
"AUTOMAAS CHILE SPA";78343019-3;20821947;LDWP36;PA11;"Ruta 5 Norte - Sur";"La Marina San Nicolás Poniente";2026-08-28;07:23:28;"Tarifa Base Fuera de Punta";285,79
"AUTOMAAS CHILE SPA";78343019-3;20821947;LDWP36;PA9;"Ruta 5 Norte - Sur";"Lo Ovalle Poniente";2026-08-28;07:24:15;"Tarifa Base Fuera de Punta";392,83
"AUTOMAAS CHILE SPA";78343019-3;20821947;LPPZ24;PA26;"General Velasquez Norte - Sur";"San Pablo Poniente";2026-08-28;07:25:40;"Tarifa Base Fuera de Punta";421,93
"AUTOMAAS CHILE SPA";78343019-3;20821947;LPPZ24;PA24;"General Velasquez Norte - Sur";"Carlos Valdovinos Poniente";2026-08-28;07:27:14;"Tarifa Base Fuera de Punta";287,86
"AUTOMAAS CHILE SPA";78343019-3;20821947;LPPZ24;PA22;"General Velasquez Norte - Sur";"Lo Ovalle Poniente";2026-08-28;07:29:34;"Tarifa Base Fuera de Punta";512,34
"AUTOMAAS CHILE SPA";78343019-3;20821947;LPPZ24;PA20;"General Velasquez Norte - Sur";"Lo Espejo Poniente";2026-08-28;07:31:26;"Tarifa Base Fuera de Punta";412,57
"AUTOMAAS CHILE SPA";78343019-3;20821947;LPPZ24;PA32;"Ruta 5 Norte - Sur";"Lo Blanco - Las Acacias";2026-08-28;07:32:47;"Tarifa Base Fuera de Punta";176,67
"AUTOMAAS CHILE SPA";78343019-3;20821947;LPPZ24;PA6;"Ruta 5 Norte - Sur";"Colón Poniente";2026-08-28;07:34:21;"Tarifa Base Fuera de Punta";157,96
"AUTOMAAS CHILE SPA";78343019-3;20821947;PJHJ69;PA31;"Ruta 5 Sur - Norte";"Avenida Matta";2026-08-28;07:38:40;"Tarifa Base Punta";737,86
"AUTOMAAS CHILE SPA";78343019-3;20821947;PJHJ69;PA13;"Ruta 5 Sur - Norte";"Alameda - Rio Mapocho";2026-08-28;07:41:07;"Tarifa Base Punta";363,73
"AUTOMAAS CHILE SPA";78343019-3;20821947;PJHJ69;PA16;"Ruta 5 Sur - Norte";"Avda Santa María Oriente";2026-08-28;07:44:34;"Tarifa Base Punta";850,10
"AUTOMAAS CHILE SPA";78343019-3;20821947;PJHJ69;PA17;"Ruta 5 Sur - Norte";"Américo Vespucio Oriente";2026-08-28;07:53:35;"Tarifa Base Punta";924,92
"AUTOMAAS CHILE SPA";78343019-3;20821947;KDRJ20;PA18;"Ruta 5 Norte - Sur";"Américo Vespucio Poniente";2026-08-28;08:23:19;"Tarifa Base Punta";924,92
"AUTOMAAS CHILE SPA";78343019-3;20821947;PJHJ69;PA18;"Ruta 5 Norte - Sur";"Américo Vespucio Poniente";2026-08-28;08:33:54;"Tarifa Base Fuera de Punta";462,46
"AUTOMAAS CHILE SPA";78343019-3;20821947;PJHJ69;PA15;"Ruta 5 Norte - Sur";"Bulnes Poniente";2026-08-28;08:38:23;"Tarifa Base Punta";850,10
"AUTOMAAS CHILE SPA";78343019-3;20821947;PJHJ69;PA14;"Ruta 5 Norte - Sur";"Alameda Poniente";2026-08-28;08:42:48;"Tarifa Base Fuera de Punta";181,86
"AUTOMAAS CHILE SPA";78343019-3;20821947;KDRJ20;PA14;"Ruta 5 Norte - Sur";"Alameda Poniente";2026-08-28;08:44:14;"Tarifa Base Fuera de Punta";181,86
"AUTOMAAS CHILE SPA";78343019-3;20821947;KDRJ20;PA13;"Ruta 5 Sur - Norte";"Alameda - Rio Mapocho";2026-08-28;08:53:09;"Tarifa Saturación";545,60
"AUTOMAAS CHILE SPA";78343019-3;20821947;PJHJ69;PA11;"Ruta 5 Norte - Sur";"La Marina San Nicolás Poniente";2026-08-28;09:08:25;"Tarifa Base Fuera de Punta";285,79
"AUTOMAAS CHILE SPA";78343019-3;20821947;KDRJ20;PA13;"Ruta 5 Sur - Norte";"Alameda - Rio Mapocho";2026-08-28;12:54:31;"Tarifa Base Punta";363,73
"AUTOMAAS CHILE SPA";78343019-3;20821947;KDRJ20;PA14;"Ruta 5 Norte - Sur";"Alameda Poniente";2026-08-28;13:54:50;"Tarifa Base Fuera de Punta";181,86
"AUTOMAAS CHILE SPA";78343019-3;20821947;KDRJ20;PA12;"Ruta 5 Norte - Sur";"Avda Matta Poniente";2026-08-28;13:56:42;"Tarifa Base Fuera de Punta";368,93
"AUTOMAAS CHILE SPA";78343019-3;20821947;LKGZ52;PA7;"Ruta 5 Sur - Norte";"Lo Espejo Oriente";2026-08-28;16:17:49;"Tarifa Base Fuera de Punta";452,06
"AUTOMAAS CHILE SPA";78343019-3;20821947;LDWP36;PA21;"General Velasquez Sur - Norte";"Lo Ovalle Oriente";2026-08-28;18:32:10;"Tarifa Base Fuera de Punta";512,34
"AUTOMAAS CHILE SPA";78343019-3;20821947;LDWP36;PA23;"General Velasquez Sur - Norte";"Carlos Valdovinos Oriente";2026-08-28;18:45:25;"Tarifa Base Fuera de Punta";287,86
"AUTOMAAS CHILE SPA";78343019-3;20821947;LDWP36;PA25;"General Velasquez Sur - Norte";"San Pablo Oriente";2026-08-28;18:46:59;"Tarifa Base Fuera de Punta";421,93
"AUTOMAAS CHILE SPA";78343019-3;20821947;LPPZ24;PA10;"Ruta 5 Sur - Norte";"La Marina San Nicolás Oriente";2026-08-28;19:10:22;"Tarifa Base Fuera de Punta";285,79
"AUTOMAAS CHILE SPA";78343019-3;20821947;LPPZ24;PA31;"Ruta 5 Sur - Norte";"Avenida Matta";2026-08-28;19:12:30;"Tarifa Base Fuera de Punta";368,93
"AUTOMAAS CHILE SPA";78343019-3;20821947;LPPZ24;PA13;"Ruta 5 Sur - Norte";"Alameda - Rio Mapocho";2026-08-28;19:27:14;"Tarifa Base Fuera de Punta";181,86
"AUTOMAAS CHILE SPA";78343019-3;20821947;LPPZ24;PA16;"Ruta 5 Sur - Norte";"Avda Santa María Oriente";2026-08-28;19:30:20;"Tarifa Base Fuera de Punta";425,04
"AUTOMAAS CHILE SPA";78343019-3;20821947;LPPZ24;PA17;"Ruta 5 Sur - Norte";"Américo Vespucio Oriente";2026-08-28;19:34:12;"Tarifa Base Fuera de Punta";462,46
"AUTOMAAS CHILE SPA";78343019-3;20821947;LPPZ24;PA18;"Ruta 5 Norte - Sur";"Américo Vespucio Poniente";2026-08-28;20:21:20;"Tarifa Base Fuera de Punta";462,46
"AUTOMAAS CHILE SPA";78343019-3;20821947;LPPZ24;PA15;"Ruta 5 Norte - Sur";"Bulnes Poniente";2026-08-28;20:27:55;"Tarifa Base Punta";850,10
"AUTOMAAS CHILE SPA";78343019-3;20821947;LDWP36;PA18;"Ruta 5 Norte - Sur";"Américo Vespucio Poniente";2026-08-28;20:28:07;"Tarifa Base Fuera de Punta";462,46
"AUTOMAAS CHILE SPA";78343019-3;20821947;LPPZ24;PA14;"Ruta 5 Norte - Sur";"Alameda Poniente";2026-08-28;20:30:08;"Tarifa Base Fuera de Punta";181,86
"AUTOMAAS CHILE SPA";78343019-3;20821947;LPPZ24;PA8;"Ruta 5 Norte - Sur";"Lo Espejo Poniente";2026-08-28;21:03:23;"Tarifa Base Fuera de Punta";452,06
"AUTOMAAS CHILE SPA";78343019-3;20821947;LPPZ24;PA32;"Ruta 5 Norte - Sur";"Lo Blanco - Las Acacias";2026-08-28;21:04:28;"Tarifa Base Fuera de Punta";176,67
"AUTOMAAS CHILE SPA";78343019-3;20821947;LPPZ24;PA6;"Ruta 5 Norte - Sur";"Colón Poniente";2026-08-28;21:06:14;"Tarifa Base Fuera de Punta";157,96
"AUTOMAAS CHILE SPA";78343019-3;20821947;LPPZ24;PA37;"Ruta 5 Norte - Sur";"Colón, Calera de Tango";2026-08-28;21:07:11;"Tarifa Base Fuera de Punta";455,18
"AUTOMAAS CHILE SPA";78343019-3;20821947;LPPZ24;PA4;"Ruta 5 Norte - Sur";"Calera de Tango Poniente";2026-08-28;21:08:53;"Tarifa Base Fuera de Punta";129,90
"AUTOMAAS CHILE SPA";78343019-3;20821947;LPPZ24;PA3;"Ruta 5 Sur - Norte";"Calera de Tango Oriente";2026-08-28;21:15:58;"Tarifa Base Fuera de Punta";585,09
"AUTOMAAS CHILE SPA";78343019-3;20821947;LPPZ31;PA18;"Ruta 5 Norte - Sur";"Américo Vespucio Poniente";2026-08-28;21:25:52;"Tarifa Base Fuera de Punta";462,46
"AUTOMAAS CHILE SPA";78343019-3;20821947;LPPZ31;PA29;"General Velasquez Norte - Sur";"Cerro Renca Poniente";2026-08-28;21:27:28;"Tarifa Base Fuera de Punta";512,34
"AUTOMAAS CHILE SPA";78343019-3;20821947;LPPZ31;PA26;"General Velasquez Norte - Sur";"San Pablo Poniente";2026-08-28;21:42:33;"Tarifa Base Fuera de Punta";421,93
"AUTOMAAS CHILE SPA";78343019-3;20821947;LPPZ31;PA24;"General Velasquez Norte - Sur";"Carlos Valdovinos Poniente";2026-08-28;21:43:56;"Tarifa Base Fuera de Punta";287,86
"AUTOMAAS CHILE SPA";78343019-3;20821947;LPPZ31;PA22;"General Velasquez Norte - Sur";"Lo Ovalle Poniente";2026-08-28;21:46:34;"Tarifa Base Fuera de Punta";512,34
"AUTOMAAS CHILE SPA";78343019-3;20821947;KXZS95;PA24;"General Velasquez Norte - Sur";"Carlos Valdovinos Poniente";2026-08-28;23:52:10;"Tarifa Base Fuera de Punta";287,86
"AUTOMAAS CHILE SPA";78343019-3;20821947;KXZS95;PA22;"General Velasquez Norte - Sur";"Lo Ovalle Poniente";2026-08-28;23:54:22;"Tarifa Base Fuera de Punta";512,34
"AUTOMAAS CHILE SPA";78343019-3;20821947;LKGZ52;PA11;"Ruta 5 Norte - Sur";"La Marina San Nicolás Poniente";2026-08-29;01:02:53;"Tarifa Base Fuera de Punta";285,79
"AUTOMAAS CHILE SPA";78343019-3;20821947;LKGZ52;PA9;"Ruta 5 Norte - Sur";"Lo Ovalle Poniente";2026-08-29;01:03:35;"Tarifa Base Fuera de Punta";392,83
"AUTOMAAS CHILE SPA";78343019-3;20821947;KDRJ20;PA32;"Ruta 5 Norte - Sur";"Lo Blanco - Las Acacias";2026-08-29;01:22:35;"Tarifa Base Fuera de Punta";176,67
"AUTOMAAS CHILE SPA";78343019-3;20821947;LPPZ24;PA8;"Ruta 5 Norte - Sur";"Lo Espejo Poniente";2026-08-29;01:29:44;"Tarifa Base Fuera de Punta";452,06
"AUTOMAAS CHILE SPA";78343019-3;20821947;LPPZ31;PA14;"Ruta 5 Norte - Sur";"Alameda Poniente";2026-08-29;01:38:00;"Tarifa Base Fuera de Punta";181,86
"AUTOMAAS CHILE SPA";78343019-3;20821947;LPPZ31;PA12;"Ruta 5 Norte - Sur";"Avda Matta Poniente";2026-08-29;01:39:28;"Tarifa Base Fuera de Punta";368,93
"AUTOMAAS CHILE SPA";78343019-3;20821947;LPPZ31;PA11;"Ruta 5 Norte - Sur";"La Marina San Nicolás Poniente";2026-08-29;01:41:11;"Tarifa Base Fuera de Punta";285,79
"AUTOMAAS CHILE SPA";78343019-3;20821947;LPPZ31;PA9;"Ruta 5 Norte - Sur";"Lo Ovalle Poniente";2026-08-29;01:41:53;"Tarifa Base Fuera de Punta";392,83
"AUTOMAAS CHILE SPA";78343019-3;20821947;LPPZ31;PA8;"Ruta 5 Norte - Sur";"Lo Espejo Poniente";2026-08-29;01:44:41;"Tarifa Base Fuera de Punta";452,06
"AUTOMAAS CHILE SPA";78343019-3;20821947;LPPZ31;PA32;"Ruta 5 Norte - Sur";"Lo Blanco - Las Acacias";2026-08-29;01:45:39;"Tarifa Base Fuera de Punta";176,67
"AUTOMAAS CHILE SPA";78343019-3;20821947;LPPZ31;PA6;"Ruta 5 Norte - Sur";"Colón Poniente";2026-08-29;01:46:59;"Tarifa Base Fuera de Punta";157,96
"AUTOMAAS CHILE SPA";78343019-3;20821947;LPPZ31;PA37;"Ruta 5 Norte - Sur";"Colón, Calera de Tango";2026-08-29;01:47:49;"Tarifa Base Fuera de Punta";455,18
"AUTOMAAS CHILE SPA";78343019-3;20821947;LPPZ31;PA5;"Ruta 5 Sur - Norte";"Colón Oriente";2026-08-29;01:57:19;"Tarifa Base Fuera de Punta";334,63
"AUTOMAAS CHILE SPA";78343019-3;20821947;LPPZ31;PA7;"Ruta 5 Sur - Norte";"Lo Espejo Oriente";2026-08-29;02:08:47;"Tarifa Base Fuera de Punta";452,06
"AUTOMAAS CHILE SPA";78343019-3;20821947;LPPZ31;PA21;"General Velasquez Sur - Norte";"Lo Ovalle Oriente";2026-08-29;03:21:27;"Tarifa Base Fuera de Punta";512,34
"AUTOMAAS CHILE SPA";78343019-3;20821947;LPPZ31;PA23;"General Velasquez Sur - Norte";"Carlos Valdovinos Oriente";2026-08-29;03:24:22;"Tarifa Base Fuera de Punta";287,86
"AUTOMAAS CHILE SPA";78343019-3;20821947;LPPZ31;PA25;"General Velasquez Sur - Norte";"San Pablo Oriente";2026-08-29;03:25:58;"Tarifa Base Fuera de Punta";421,93
"AUTOMAAS CHILE SPA";78343019-3;20821947;LPPZ31;PA26;"General Velasquez Norte - Sur";"San Pablo Poniente";2026-08-29;03:41:47;"Tarifa Base Fuera de Punta";421,93
"AUTOMAAS CHILE SPA";78343019-3;20821947;LPPZ31;PA24;"General Velasquez Norte - Sur";"Carlos Valdovinos Poniente";2026-08-29;03:43:16;"Tarifa Base Fuera de Punta";287,86
"AUTOMAAS CHILE SPA";78343019-3;20821947;LPPZ31;PA22;"General Velasquez Norte - Sur";"Lo Ovalle Poniente";2026-08-29;03:45:55;"Tarifa Base Fuera de Punta";512,34
"AUTOMAAS CHILE SPA";78343019-3;20821947;LPPZ31;PA21;"General Velasquez Sur - Norte";"Lo Ovalle Oriente";2026-08-29;04:23:55;"Tarifa Base Fuera de Punta";512,34
"AUTOMAAS CHILE SPA";78343019-3;20821947;LPPZ31;PA23;"General Velasquez Sur - Norte";"Carlos Valdovinos Oriente";2026-08-29;04:26:40;"Tarifa Base Fuera de Punta";287,86
"AUTOMAAS CHILE SPA";78343019-3;20821947;LPPZ31;PA25;"General Velasquez Sur - Norte";"San Pablo Oriente";2026-08-29;04:28:17;"Tarifa Base Fuera de Punta";421,93
"AUTOMAAS CHILE SPA";78343019-3;20821947;LPPZ31;PA28;"General Velasquez Sur - Norte";"Cerro Renca Oriente";2026-08-29;04:32:59;"Tarifa Base Fuera de Punta";512,34
"AUTOMAAS CHILE SPA";78343019-3;20821947;LPPZ31;PA17;"Ruta 5 Sur - Norte";"Américo Vespucio Oriente";2026-08-29;04:34:19;"Tarifa Base Fuera de Punta";462,46
"AUTOMAAS CHILE SPA";78343019-3;20821947;LJDV98;PA32;"Ruta 5 Norte - Sur";"Lo Blanco - Las Acacias";2026-08-29;04:49:06;"Tarifa Base Fuera de Punta";176,67
"AUTOMAAS CHILE SPA";78343019-3;20821947;LPPZ31;PA18;"Ruta 5 Norte - Sur";"Américo Vespucio Poniente";2026-08-29;05:03:37;"Tarifa Base Fuera de Punta";462,46
"AUTOMAAS CHILE SPA";78343019-3;20821947;LPPZ31;PA29;"General Velasquez Norte - Sur";"Cerro Renca Poniente";2026-08-29;05:04:52;"Tarifa Base Fuera de Punta";512,34
"AUTOMAAS CHILE SPA";78343019-3;20821947;KDRJ20;PA19;"General Velasquez Sur - Norte";"Puerta Sur Oriente";2026-08-29;05:08:15;"Tarifa Base Fuera de Punta";412,57
"AUTOMAAS CHILE SPA";78343019-3;20821947;LKGZ52;PA21;"General Velasquez Sur - Norte";"Lo Ovalle Oriente";2026-08-29;05:22:25;"Tarifa Base Fuera de Punta";512,34
"AUTOMAAS CHILE SPA";78343019-3;20821947;LKGZ52;PA23;"General Velasquez Sur - Norte";"Carlos Valdovinos Oriente";2026-08-29;05:25:30;"Tarifa Base Fuera de Punta";287,86
"AUTOMAAS CHILE SPA";78343019-3;20821947;LPPZ31;PA26;"General Velasquez Norte - Sur";"San Pablo Poniente";2026-08-29;05:25:35;"Tarifa Base Fuera de Punta";421,93
"AUTOMAAS CHILE SPA";78343019-3;20821947;LPPZ31;PA24;"General Velasquez Norte - Sur";"Carlos Valdovinos Poniente";2026-08-29;05:27:12;"Tarifa Base Fuera de Punta";287,86
"AUTOMAAS CHILE SPA";78343019-3;20821947;LPPZ31;PA22;"General Velasquez Norte - Sur";"Lo Ovalle Poniente";2026-08-29;05:29:55;"Tarifa Base Fuera de Punta";512,34
"AUTOMAAS CHILE SPA";78343019-3;20821947;LPPZ24;PA7;"Ruta 5 Sur - Norte";"Lo Espejo Oriente";2026-08-29;06:02:07;"Tarifa Base Fuera de Punta";452,06
"AUTOMAAS CHILE SPA";78343019-3;20821947;LDWP36;PA31;"Ruta 5 Sur - Norte";"Avenida Matta";2026-08-29;06:09:08;"Tarifa Base Fuera de Punta";368,93
"AUTOMAAS CHILE SPA";78343019-3;20821947;LDWP36;PA13;"Ruta 5 Sur - Norte";"Alameda - Rio Mapocho";2026-08-29;06:10:39;"Tarifa Base Fuera de Punta";181,86
"AUTOMAAS CHILE SPA";78343019-3;20821947;PJHJ69;PA8;"Ruta 5 Norte - Sur";"Lo Espejo Poniente";2026-08-29;06:23:24;"Tarifa Base Fuera de Punta";452,06
"AUTOMAAS CHILE SPA";78343019-3;20821947;PJHJ69;PA32;"Ruta 5 Norte - Sur";"Lo Blanco - Las Acacias";2026-08-29;06:24:24;"Tarifa Base Fuera de Punta";176,67
"AUTOMAAS CHILE SPA";78343019-3;20821947;PJHJ69;PA6;"Ruta 5 Norte - Sur";"Colón Poniente";2026-08-29;06:25:49;"Tarifa Base Fuera de Punta";157,96
"AUTOMAAS CHILE SPA";78343019-3;20821947;PJHJ69;PA37;"Ruta 5 Norte - Sur";"Colón, Calera de Tango";2026-08-29;06:26:42;"Tarifa Base Fuera de Punta";455,18
"AUTOMAAS CHILE SPA";78343019-3;20821947;PJHJ69;PA4;"Ruta 5 Norte - Sur";"Calera de Tango Poniente";2026-08-29;06:28:22;"Tarifa Base Fuera de Punta";129,90
"AUTOMAAS CHILE SPA";78343019-3;20821947;KDRJ20;PA23;"General Velasquez Sur - Norte";"Carlos Valdovinos Oriente";2026-08-29;06:36:07;"Tarifa Base Fuera de Punta";287,86
"AUTOMAAS CHILE SPA";78343019-3;20821947;KDRJ20;PA25;"General Velasquez Sur - Norte";"San Pablo Oriente";2026-08-29;06:37:50;"Tarifa Base Fuera de Punta";421,93
"AUTOMAAS CHILE SPA";78343019-3;20821947;KXZS95;PA18;"Ruta 5 Norte - Sur";"Américo Vespucio Poniente";2026-08-29;06:40:43;"Tarifa Base Fuera de Punta";462,46
"AUTOMAAS CHILE SPA";78343019-3;20821947;PJHJ69;PA5;"Ruta 5 Sur - Norte";"Colón Oriente";2026-08-29;06:42:25;"Tarifa Base Fuera de Punta";334,63
"AUTOMAAS CHILE SPA";78343019-3;20821947;PJHJ69;PA7;"Ruta 5 Sur - Norte";"Lo Espejo Oriente";2026-08-29;06:45:11;"Tarifa Base Fuera de Punta";452,06
"AUTOMAAS CHILE SPA";78343019-3;20821947;LPPZ24;PA13;"Ruta 5 Sur - Norte";"Alameda - Rio Mapocho";2026-08-29;06:56:39;"Tarifa Base Fuera de Punta";181,86
"AUTOMAAS CHILE SPA";78343019-3;20821947;LPPZ24;PA16;"Ruta 5 Sur - Norte";"Avda Santa María Oriente";2026-08-29;07:04:08;"Tarifa Base Fuera de Punta";425,04
"AUTOMAAS CHILE SPA";78343019-3;20821947;KDRJ20;PA16;"Ruta 5 Sur - Norte";"Avda Santa María Oriente";2026-08-29;07:07:14;"Tarifa Base Fuera de Punta";425,04
"AUTOMAAS CHILE SPA";78343019-3;20821947;LPPZ24;PA17;"Ruta 5 Sur - Norte";"Américo Vespucio Oriente";2026-08-29;07:07:27;"Tarifa Base Fuera de Punta";462,46
"AUTOMAAS CHILE SPA";78343019-3;20821947;KDRJ20;PA17;"Ruta 5 Sur - Norte";"Américo Vespucio Oriente";2026-08-29;07:10:52;"Tarifa Base Fuera de Punta";462,46
"AUTOMAAS CHILE SPA";78343019-3;20821947;LPPZ24;PA18;"Ruta 5 Norte - Sur";"Américo Vespucio Poniente";2026-08-29;07:17:25;"Tarifa Base Fuera de Punta";462,46
"AUTOMAAS CHILE SPA";78343019-3;20821947;LPPZ24;PA29;"General Velasquez Norte - Sur";"Cerro Renca Poniente";2026-08-29;07:18:30;"Tarifa Base Fuera de Punta";512,34
"AUTOMAAS CHILE SPA";78343019-3;20821947;LPPZ24;PA26;"General Velasquez Norte - Sur";"San Pablo Poniente";2026-08-29;07:22:58;"Tarifa Base Fuera de Punta";421,93
"AUTOMAAS CHILE SPA";78343019-3;20821947;PJHJ69;PA31;"Ruta 5 Sur - Norte";"Avenida Matta";2026-08-29;07:24:16;"Tarifa Base Fuera de Punta";368,93
"AUTOMAAS CHILE SPA";78343019-3;20821947;LPPZ24;PA24;"General Velasquez Norte - Sur";"Carlos Valdovinos Poniente";2026-08-29;07:24:18;"Tarifa Base Fuera de Punta";287,86
"AUTOMAAS CHILE SPA";78343019-3;20821947;PJHJ69;PA13;"Ruta 5 Sur - Norte";"Alameda - Rio Mapocho";2026-08-29;07:25:45;"Tarifa Base Fuera de Punta";181,86
"AUTOMAAS CHILE SPA";78343019-3;20821947;LPPZ24;PA22;"General Velasquez Norte - Sur";"Lo Ovalle Poniente";2026-08-29;07:26:48;"Tarifa Base Fuera de Punta";512,34
"AUTOMAAS CHILE SPA";78343019-3;20821947;PJHJ69;PA16;"Ruta 5 Sur - Norte";"Avda Santa María Oriente";2026-08-29;07:28:19;"Tarifa Base Fuera de Punta";425,04
"AUTOMAAS CHILE SPA";78343019-3;20821947;LPPZ24;PA20;"General Velasquez Norte - Sur";"Lo Espejo Poniente";2026-08-29;07:28:40;"Tarifa Base Fuera de Punta";412,57
"AUTOMAAS CHILE SPA";78343019-3;20821947;LPPZ24;PA32;"Ruta 5 Norte - Sur";"Lo Blanco - Las Acacias";2026-08-29;07:30:05;"Tarifa Base Fuera de Punta";176,67
"AUTOMAAS CHILE SPA";78343019-3;20821947;PJHJ69;PA17;"Ruta 5 Sur - Norte";"Américo Vespucio Oriente";2026-08-29;07:31:36;"Tarifa Base Fuera de Punta";462,46
"AUTOMAAS CHILE SPA";78343019-3;20821947;KDRJ20;PA18;"Ruta 5 Norte - Sur";"Américo Vespucio Poniente";2026-08-29;08:17:35;"Tarifa Base Fuera de Punta";462,46
"AUTOMAAS CHILE SPA";78343019-3;20821947;PJHJ69;PA18;"Ruta 5 Norte - Sur";"Américo Vespucio Poniente";2026-08-29;08:26:37;"Tarifa Base Fuera de Punta";462,46
"AUTOMAAS CHILE SPA";78343019-3;20821947;PJHJ69;PA15;"Ruta 5 Norte - Sur";"Bulnes Poniente";2026-08-29;08:30:39;"Tarifa Base Fuera de Punta";425,04
"AUTOMAAS CHILE SPA";78343019-3;20821947;PJHJ69;PA14;"Ruta 5 Norte - Sur";"Alameda Poniente";2026-08-29;08:32:27;"Tarifa Base Fuera de Punta";181,86
"AUTOMAAS CHILE SPA";78343019-3;20821947;PJHJ69;PA12;"Ruta 5 Norte - Sur";"Avda Matta Poniente";2026-08-29;08:43:04;"Tarifa Base Fuera de Punta";368,93
"AUTOMAAS CHILE SPA";78343019-3;20821947;PJHJ69;PA11;"Ruta 5 Norte - Sur";"La Marina San Nicolás Poniente";2026-08-29;08:44:49;"Tarifa Base Fuera de Punta";285,79
"AUTOMAAS CHILE SPA";78343019-3;20821947;KDRJ20;PA26;"General Velasquez Norte - Sur";"San Pablo Poniente";2026-08-29;08:45:17;"Tarifa Base Fuera de Punta";421,93
"AUTOMAAS CHILE SPA";78343019-3;20821947;KDRJ20;PA24;"General Velasquez Norte - Sur";"Carlos Valdovinos Poniente";2026-08-29;08:46:53;"Tarifa Base Fuera de Punta";287,86
"AUTOMAAS CHILE SPA";78343019-3;20821947;KDRJ20;PA22;"General Velasquez Norte - Sur";"Lo Ovalle Poniente";2026-08-29;08:54:13;"Tarifa Base Fuera de Punta";512,34
"AUTOMAAS CHILE SPA";78343019-3;20821947;PJHJ69;PA8;"Ruta 5 Norte - Sur";"Lo Espejo Poniente";2026-08-29;09:10:56;"Tarifa Base Fuera de Punta";452,06
"AUTOMAAS CHILE SPA";78343019-3;20821947;PJHJ69;PA32;"Ruta 5 Norte - Sur";"Lo Blanco - Las Acacias";2026-08-29;09:11:56;"Tarifa Base Fuera de Punta";176,67
"AUTOMAAS CHILE SPA";78343019-3;20821947;PJHJ69;PA6;"Ruta 5 Norte - Sur";"Colón Poniente";2026-08-29;09:13:43;"Tarifa Base Fuera de Punta";157,96
"AUTOMAAS CHILE SPA";78343019-3;20821947;PJHJ69;PA5;"Ruta 5 Sur - Norte";"Colón Oriente";2026-08-29;09:36:08;"Tarifa Base Fuera de Punta";334,63
"AUTOMAAS CHILE SPA";78343019-3;20821947;PJHJ69;PA19;"General Velasquez Sur - Norte";"Puerta Sur Oriente";2026-08-29;09:38:14;"Tarifa Base Fuera de Punta";412,57
"AUTOMAAS CHILE SPA";78343019-3;20821947;LDWP36;PA21;"General Velasquez Sur - Norte";"Lo Ovalle Oriente";2026-08-29;18:36:05;"Tarifa Base Fuera de Punta";512,34
"AUTOMAAS CHILE SPA";78343019-3;20821947;LPPZ31;PA13;"Ruta 5 Sur - Norte";"Alameda - Rio Mapocho";2026-08-29;19:04:51;"Tarifa Base Fuera de Punta";181,86
"AUTOMAAS CHILE SPA";78343019-3;20821947;LPPZ24;PA10;"Ruta 5 Sur - Norte";"La Marina San Nicolás Oriente";2026-08-29;19:11:39;"Tarifa Base Fuera de Punta";285,79
"AUTOMAAS CHILE SPA";78343019-3;20821947;LPPZ24;PA31;"Ruta 5 Sur - Norte";"Avenida Matta";2026-08-29;19:14:05;"Tarifa Base Fuera de Punta";368,93
"AUTOMAAS CHILE SPA";78343019-3;20821947;LDWP36;PA13;"Ruta 5 Sur - Norte";"Alameda - Rio Mapocho";2026-08-29;19:16:39;"Tarifa Base Fuera de Punta";181,86
"AUTOMAAS CHILE SPA";78343019-3;20821947;LPPZ24;PA13;"Ruta 5 Sur - Norte";"Alameda - Rio Mapocho";2026-08-29;19:26:12;"Tarifa Base Fuera de Punta";181,86
"AUTOMAAS CHILE SPA";78343019-3;20821947;LPPZ24;PA16;"Ruta 5 Sur - Norte";"Avda Santa María Oriente";2026-08-29;19:29:00;"Tarifa Base Fuera de Punta";425,04
"AUTOMAAS CHILE SPA";78343019-3;20821947;LPPZ24;PA17;"Ruta 5 Sur - Norte";"Américo Vespucio Oriente";2026-08-29;19:32:28;"Tarifa Base Fuera de Punta";462,46
"AUTOMAAS CHILE SPA";78343019-3;20821947;LPPZ24;PA18;"Ruta 5 Norte - Sur";"Américo Vespucio Poniente";2026-08-29;20:20:23;"Tarifa Base Fuera de Punta";462,46
"AUTOMAAS CHILE SPA";78343019-3;20821947;LPPZ24;PA15;"Ruta 5 Norte - Sur";"Bulnes Poniente";2026-08-29;20:24:42;"Tarifa Base Fuera de Punta";425,04
"AUTOMAAS CHILE SPA";78343019-3;20821947;LPPZ24;PA14;"Ruta 5 Norte - Sur";"Alameda Poniente";2026-08-29;20:26:31;"Tarifa Base Fuera de Punta";181,86
"AUTOMAAS CHILE SPA";78343019-3;20821947;LDWP36;PA18;"Ruta 5 Norte - Sur";"Américo Vespucio Poniente";2026-08-29;20:36:40;"Tarifa Base Fuera de Punta";924,92
"AUTOMAAS CHILE SPA";78343019-3;20821947;LPPZ24;PA8;"Ruta 5 Norte - Sur";"Lo Espejo Poniente";2026-08-29;21:03:03;"Tarifa Base Fuera de Punta";452,06
"AUTOMAAS CHILE SPA";78343019-3;20821947;LPPZ24;PA32;"Ruta 5 Norte - Sur";"Lo Blanco - Las Acacias";2026-08-29;21:04:08;"Tarifa Base Fuera de Punta";176,67
"AUTOMAAS CHILE SPA";78343019-3;20821947;LDWP36;PA14;"Ruta 5 Norte - Sur";"Alameda Poniente";2026-08-29;21:04:39;"Tarifa Base Fuera de Punta";181,86
"AUTOMAAS CHILE SPA";78343019-3;20821947;LPPZ24;PA6;"Ruta 5 Norte - Sur";"Colón Poniente";2026-08-29;21:06:04;"Tarifa Base Fuera de Punta";157,96
"AUTOMAAS CHILE SPA";78343019-3;20821947;LDWP36;PA12;"Ruta 5 Norte - Sur";"Avda Matta Poniente";2026-08-29;21:06:31;"Tarifa Base Fuera de Punta";368,93
"AUTOMAAS CHILE SPA";78343019-3;20821947;LPPZ24;PA37;"Ruta 5 Norte - Sur";"Colón, Calera de Tango";2026-08-29;21:07:08;"Tarifa Base Fuera de Punta";455,18
"AUTOMAAS CHILE SPA";78343019-3;20821947;LPPZ24;PA4;"Ruta 5 Norte - Sur";"Calera de Tango Poniente";2026-08-29;21:08:45;"Tarifa Base Fuera de Punta";129,90
"AUTOMAAS CHILE SPA";78343019-3;20821947;KDRJ20;PA18;"Ruta 5 Norte - Sur";"Américo Vespucio Poniente";2026-08-29;21:15:10;"Tarifa Base Fuera de Punta";462,46
"AUTOMAAS CHILE SPA";78343019-3;20821947;KDRJ20;PA15;"Ruta 5 Norte - Sur";"Bulnes Poniente";2026-08-29;21:19:14;"Tarifa Base Fuera de Punta";425,04
"AUTOMAAS CHILE SPA";78343019-3;20821947;KDRJ20;PA14;"Ruta 5 Norte - Sur";"Alameda Poniente";2026-08-29;21:21:21;"Tarifa Base Fuera de Punta";181,86
"AUTOMAAS CHILE SPA";78343019-3;20821947;KDRJ20;PA12;"Ruta 5 Norte - Sur";"Avda Matta Poniente";2026-08-29;21:22:56;"Tarifa Base Fuera de Punta";368,93
"AUTOMAAS CHILE SPA";78343019-3;20821947;KDRJ20;PA11;"Ruta 5 Norte - Sur";"La Marina San Nicolás Poniente";2026-08-29;21:57:52;"Tarifa Base Fuera de Punta";285,79
"AUTOMAAS CHILE SPA";78343019-3;20821947;KDRJ20;PA9;"Ruta 5 Norte - Sur";"Lo Ovalle Poniente";2026-08-29;21:59:11;"Tarifa Base Fuera de Punta";392,83
"AUTOMAAS CHILE SPA";78343019-3;20821947;LPPZ31;PA19;"General Velasquez Sur - Norte";"Puerta Sur Oriente";2026-08-29;23:48:47;"Tarifa Base Fuera de Punta";412,57
"AUTOMAAS CHILE SPA";78343019-3;20821947;HXJJ44;PA7;"Ruta 5 Sur - Norte";"Lo Espejo Oriente";2026-08-29;23:52:44;"Tarifa Base Fuera de Punta";452,06
"AUTOMAAS CHILE SPA";78343019-3;20821947;LPPZ24;PA7;"Ruta 5 Sur - Norte";"Lo Espejo Oriente";2026-08-30;00:48:36;"Tarifa Base Fuera de Punta";452,06
"AUTOMAAS CHILE SPA";78343019-3;20821947;LPPZ24;PA8;"Ruta 5 Norte - Sur";"Lo Espejo Poniente";2026-08-30;00:57:59;"Tarifa Base Fuera de Punta";452,06
"AUTOMAAS CHILE SPA";78343019-3;20821947;PJHJ69;PA15;"Ruta 5 Norte - Sur";"Bulnes Poniente";2026-08-30;03:36:45;"Tarifa Base Fuera de Punta";425,04
"AUTOMAAS CHILE SPA";78343019-3;20821947;LPPZ31;PA21;"General Velasquez Sur - Norte";"Lo Ovalle Oriente";2026-08-30;03:42:34;"Tarifa Base Fuera de Punta";512,34
"AUTOMAAS CHILE SPA";78343019-3;20821947;LPPZ31;PA23;"General Velasquez Sur - Norte";"Carlos Valdovinos Oriente";2026-08-30;03:45:20;"Tarifa Base Fuera de Punta";287,86
"AUTOMAAS CHILE SPA";78343019-3;20821947;LPPZ31;PA25;"General Velasquez Sur - Norte";"San Pablo Oriente";2026-08-30;03:46:47;"Tarifa Base Fuera de Punta";421,93
"AUTOMAAS CHILE SPA";78343019-3;20821947;LPPZ31;PA28;"General Velasquez Sur - Norte";"Cerro Renca Oriente";2026-08-30;03:51:25;"Tarifa Base Fuera de Punta";512,34
"AUTOMAAS CHILE SPA";78343019-3;20821947;LPPZ31;PA17;"Ruta 5 Sur - Norte";"Américo Vespucio Oriente";2026-08-30;03:52:41;"Tarifa Base Fuera de Punta";462,46
"AUTOMAAS CHILE SPA";78343019-3;20821947;KXZS95;PA21;"General Velasquez Sur - Norte";"Lo Ovalle Oriente";2026-08-30;04:02:31;"Tarifa Base Fuera de Punta";512,34
"AUTOMAAS CHILE SPA";78343019-3;20821947;LPPZ31;PA14;"Ruta 5 Norte - Sur";"Alameda Poniente";2026-08-30;04:20:32;"Tarifa Base Fuera de Punta";181,86
"AUTOMAAS CHILE SPA";78343019-3;20821947;LPPZ31;PA12;"Ruta 5 Norte - Sur";"Avda Matta Poniente";2026-08-30;04:22:00;"Tarifa Base Fuera de Punta";368,93
"AUTOMAAS CHILE SPA";78343019-3;20821947;LPPZ31;PA9;"Ruta 5 Norte - Sur";"Lo Ovalle Poniente";2026-08-30;04:43:40;"Tarifa Base Fuera de Punta";392,83
"AUTOMAAS CHILE SPA";78343019-3;20821947;KDRJ20;PA19;"General Velasquez Sur - Norte";"Puerta Sur Oriente";2026-08-30;04:50:39;"Tarifa Base Fuera de Punta";412,57
"AUTOMAAS CHILE SPA";78343019-3;20821947;KXZS95;PA21;"General Velasquez Sur - Norte";"Lo Ovalle Oriente";2026-08-30;05:28:00;"Tarifa Base Fuera de Punta";512,34
"AUTOMAAS CHILE SPA";78343019-3;20821947;LPPZ24;PA7;"Ruta 5 Sur - Norte";"Lo Espejo Oriente";2026-08-30;05:29:42;"Tarifa Base Fuera de Punta";452,06
"AUTOMAAS CHILE SPA";78343019-3;20821947;KXZS95;PA23;"General Velasquez Sur - Norte";"Carlos Valdovinos Oriente";2026-08-30;05:30:28;"Tarifa Base Fuera de Punta";287,86
"AUTOMAAS CHILE SPA";78343019-3;20821947;KXZS95;PA25;"General Velasquez Sur - Norte";"San Pablo Oriente";2026-08-30;05:31:43;"Tarifa Base Fuera de Punta";421,93
"AUTOMAAS CHILE SPA";78343019-3;20821947;KXZS95;PA28;"General Velasquez Sur - Norte";"Cerro Renca Oriente";2026-08-30;05:35:33;"Tarifa Base Fuera de Punta";512,34
"AUTOMAAS CHILE SPA";78343019-3;20821947;KXZS95;PA17;"Ruta 5 Sur - Norte";"Américo Vespucio Oriente";2026-08-30;05:36:33;"Tarifa Base Fuera de Punta";462,46
"AUTOMAAS CHILE SPA";78343019-3;20821947;LPPZ31;PA30;"Ruta 5 Sur - Norte";"Americo Vespucio - Departamental";2026-08-30;05:53:44;"Tarifa Base Fuera de Punta";392,83
"AUTOMAAS CHILE SPA";78343019-3;20821947;LPPZ31;PA10;"Ruta 5 Sur - Norte";"La Marina San Nicolás Oriente";2026-08-30;05:54:37;"Tarifa Base Fuera de Punta";285,79
"AUTOMAAS CHILE SPA";78343019-3;20821947;LPPZ31;PA31;"Ruta 5 Sur - Norte";"Avenida Matta";2026-08-30;05:56:40;"Tarifa Base Fuera de Punta";368,93
"AUTOMAAS CHILE SPA";78343019-3;20821947;LPPZ31;PA13;"Ruta 5 Sur - Norte";"Alameda - Rio Mapocho";2026-08-30;05:58:07;"Tarifa Base Fuera de Punta";181,86
"AUTOMAAS CHILE SPA";78343019-3;20821947;PJHJ69;PA8;"Ruta 5 Norte - Sur";"Lo Espejo Poniente";2026-08-30;06:23:43;"Tarifa Base Fuera de Punta";452,06
"AUTOMAAS CHILE SPA";78343019-3;20821947;PJHJ69;PA32;"Ruta 5 Norte - Sur";"Lo Blanco - Las Acacias";2026-08-30;06:24:38;"Tarifa Base Fuera de Punta";176,67
"AUTOMAAS CHILE SPA";78343019-3;20821947;PJHJ69;PA6;"Ruta 5 Norte - Sur";"Colón Poniente";2026-08-30;06:26:04;"Tarifa Base Fuera de Punta";157,96
"AUTOMAAS CHILE SPA";78343019-3;20821947;PJHJ69;PA37;"Ruta 5 Norte - Sur";"Colón, Calera de Tango";2026-08-30;06:27:04;"Tarifa Base Fuera de Punta";455,18
"AUTOMAAS CHILE SPA";78343019-3;20821947;PJHJ69;PA4;"Ruta 5 Norte - Sur";"Calera de Tango Poniente";2026-08-30;06:28:54;"Tarifa Base Fuera de Punta";129,90
"AUTOMAAS CHILE SPA";78343019-3;20821947;PJHJ69;PA3;"Ruta 5 Sur - Norte";"Calera de Tango Oriente";2026-08-30;06:39:40;"Tarifa Base Fuera de Punta";585,09
"AUTOMAAS CHILE SPA";78343019-3;20821947;LPPZ24;PA13;"Ruta 5 Sur - Norte";"Alameda - Rio Mapocho";2026-08-30;06:47:47;"Tarifa Base Fuera de Punta";181,86
"AUTOMAAS CHILE SPA";78343019-3;20821947;LPPZ24;PA17;"Ruta 5 Sur - Norte";"Américo Vespucio Oriente";2026-08-30;07:03:16;"Tarifa Base Fuera de Punta";462,46
"AUTOMAAS CHILE SPA";78343019-3;20821947;PJHJ69;PA5;"Ruta 5 Sur - Norte";"Colón Oriente";2026-08-30;07:05:09;"Tarifa Base Fuera de Punta";334,63
"AUTOMAAS CHILE SPA";78343019-3;20821947;PJHJ69;PA7;"Ruta 5 Sur - Norte";"Lo Espejo Oriente";2026-08-30;07:07:46;"Tarifa Base Fuera de Punta";452,06
"AUTOMAAS CHILE SPA";78343019-3;20821947;LPPZ24;PA18;"Ruta 5 Norte - Sur";"Américo Vespucio Poniente";2026-08-30;07:24:13;"Tarifa Base Fuera de Punta";462,46
"AUTOMAAS CHILE SPA";78343019-3;20821947;LPPZ24;PA29;"General Velasquez Norte - Sur";"Cerro Renca Poniente";2026-08-30;07:25:15;"Tarifa Base Fuera de Punta";512,34
"AUTOMAAS CHILE SPA";78343019-3;20821947;LPPZ24;PA26;"General Velasquez Norte - Sur";"San Pablo Poniente";2026-08-30;07:29:29;"Tarifa Base Fuera de Punta";421,93
"AUTOMAAS CHILE SPA";78343019-3;20821947;LPPZ24;PA24;"General Velasquez Norte - Sur";"Carlos Valdovinos Poniente";2026-08-30;07:30:51;"Tarifa Base Fuera de Punta";287,86
"AUTOMAAS CHILE SPA";78343019-3;20821947;LPPZ24;PA22;"General Velasquez Norte - Sur";"Lo Ovalle Poniente";2026-08-30;07:33:06;"Tarifa Base Fuera de Punta";512,34
"AUTOMAAS CHILE SPA";78343019-3;20821947;LPPZ24;PA20;"General Velasquez Norte - Sur";"Lo Espejo Poniente";2026-08-30;07:35:03;"Tarifa Base Fuera de Punta";412,57
"AUTOMAAS CHILE SPA";78343019-3;20821947;LPPZ24;PA32;"Ruta 5 Norte - Sur";"Lo Blanco - Las Acacias";2026-08-30;07:36:27;"Tarifa Base Fuera de Punta";176,67
"AUTOMAAS CHILE SPA";78343019-3;20821947;PJHJ69;PA31;"Ruta 5 Sur - Norte";"Avenida Matta";2026-08-30;07:37:32;"Tarifa Base Fuera de Punta";368,93
"AUTOMAAS CHILE SPA";78343019-3;20821947;LPPZ24;PA6;"Ruta 5 Norte - Sur";"Colón Poniente";2026-08-30;07:37:52;"Tarifa Base Fuera de Punta";157,96
"AUTOMAAS CHILE SPA";78343019-3;20821947;LPPZ24;PA37;"Ruta 5 Norte - Sur";"Colón, Calera de Tango";2026-08-30;07:38:43;"Tarifa Base Fuera de Punta";455,18
"AUTOMAAS CHILE SPA";78343019-3;20821947;PJHJ69;PA13;"Ruta 5 Sur - Norte";"Alameda - Rio Mapocho";2026-08-30;07:38:54;"Tarifa Base Fuera de Punta";181,86
"AUTOMAAS CHILE SPA";78343019-3;20821947;PJHJ69;PA16;"Ruta 5 Sur - Norte";"Avda Santa María Oriente";2026-08-30;07:41:21;"Tarifa Base Fuera de Punta";425,04
"AUTOMAAS CHILE SPA";78343019-3;20821947;PJHJ69;PA17;"Ruta 5 Sur - Norte";"Américo Vespucio Oriente";2026-08-30;07:44:20;"Tarifa Base Fuera de Punta";462,46
"AUTOMAAS CHILE SPA";78343019-3;20821947;PJHJ69;PA18;"Ruta 5 Norte - Sur";"Américo Vespucio Poniente";2026-08-30;08:21:24;"Tarifa Base Fuera de Punta";462,46
"AUTOMAAS CHILE SPA";78343019-3;20821947;PJHJ69;PA15;"Ruta 5 Norte - Sur";"Bulnes Poniente";2026-08-30;08:25:19;"Tarifa Base Fuera de Punta";425,04
"AUTOMAAS CHILE SPA";78343019-3;20821947;LDWP36;PA18;"Ruta 5 Norte - Sur";"Américo Vespucio Poniente";2026-08-30;08:26:19;"Tarifa Base Fuera de Punta";462,46
"AUTOMAAS CHILE SPA";78343019-3;20821947;PJHJ69;PA14;"Ruta 5 Norte - Sur";"Alameda Poniente";2026-08-30;08:27:05;"Tarifa Base Fuera de Punta";181,86
"AUTOMAAS CHILE SPA";78343019-3;20821947;LDWP36;PA29;"General Velasquez Norte - Sur";"Cerro Renca Poniente";2026-08-30;08:27:26;"Tarifa Base Fuera de Punta";512,34
"AUTOMAAS CHILE SPA";78343019-3;20821947;LPPZ31;PA14;"Ruta 5 Norte - Sur";"Alameda Poniente";2026-08-30;08:35:35;"Tarifa Base Fuera de Punta";181,86
"AUTOMAAS CHILE SPA";78343019-3;20821947;LPPZ31;PA12;"Ruta 5 Norte - Sur";"Avda Matta Poniente";2026-08-30;08:36:57;"Tarifa Base Fuera de Punta";368,93
"AUTOMAAS CHILE SPA";78343019-3;20821947;LPPZ31;PA11;"Ruta 5 Norte - Sur";"La Marina San Nicolás Poniente";2026-08-30;08:38:53;"Tarifa Base Fuera de Punta";285,79
"AUTOMAAS CHILE SPA";78343019-3;20821947;LPPZ31;PA9;"Ruta 5 Norte - Sur";"Lo Ovalle Poniente";2026-08-30;08:39:46;"Tarifa Base Fuera de Punta";392,83
"AUTOMAAS CHILE SPA";78343019-3;20821947;LDWP36;PA14;"Ruta 5 Norte - Sur";"Alameda Poniente";2026-08-30;08:40:19;"Tarifa Base Fuera de Punta";181,86
"AUTOMAAS CHILE SPA";78343019-3;20821947;LDWP36;PA22;"General Velasquez Norte - Sur";"Lo Ovalle Poniente";2026-08-30;08:59:22;"Tarifa Base Fuera de Punta";512,34
"AUTOMAAS CHILE SPA";78343019-3;20821947;PJHJ69;PA8;"Ruta 5 Norte - Sur";"Lo Espejo Poniente";2026-08-30;09:00:41;"Tarifa Base Fuera de Punta";452,06
"AUTOMAAS CHILE SPA";78343019-3;20821947;PJHJ69;PA32;"Ruta 5 Norte - Sur";"Lo Blanco - Las Acacias";2026-08-30;09:01:49;"Tarifa Base Fuera de Punta";176,67
"AUTOMAAS CHILE SPA";78343019-3;20821947;PJHJ69;PA6;"Ruta 5 Norte - Sur";"Colón Poniente";2026-08-30;09:03:15;"Tarifa Base Fuera de Punta";157,96
"AUTOMAAS CHILE SPA";78343019-3;20821947;PJHJ69;PA19;"General Velasquez Sur - Norte";"Puerta Sur Oriente";2026-08-30;09:32:05;"Tarifa Base Fuera de Punta";412,57
"AUTOMAAS CHILE SPA";78343019-3;20821947;KXZS95;PA26;"General Velasquez Norte - Sur";"San Pablo Poniente";2026-08-30;13:26:29;"Tarifa Base Fuera de Punta";421,93
"AUTOMAAS CHILE SPA";78343019-3;20821947;KXZS95;PA24;"General Velasquez Norte - Sur";"Carlos Valdovinos Poniente";2026-08-30;13:27:47;"Tarifa Base Fuera de Punta";287,86
"AUTOMAAS CHILE SPA";78343019-3;20821947;KXZS95;PA22;"General Velasquez Norte - Sur";"Lo Ovalle Poniente";2026-08-30;13:30:03;"Tarifa Base Fuera de Punta";512,34
"AUTOMAAS CHILE SPA";78343019-3;20821947;KXZS95;PA20;"General Velasquez Norte - Sur";"Lo Espejo Poniente";2026-08-30;13:31:58;"Tarifa Base Fuera de Punta";412,57
"AUTOMAAS CHILE SPA";78343019-3;20821947;KXZS95;PA32;"Ruta 5 Norte - Sur";"Lo Blanco - Las Acacias";2026-08-30;13:33:17;"Tarifa Base Fuera de Punta";176,67
"AUTOMAAS CHILE SPA";78343019-3;20821947;KXZS95;PA6;"Ruta 5 Norte - Sur";"Colón Poniente";2026-08-30;13:34:42;"Tarifa Base Fuera de Punta";157,96
"AUTOMAAS CHILE SPA";78343019-3;20821947;KXZS95;PA5;"Ruta 5 Sur - Norte";"Colón Oriente";2026-08-30;15:46:47;"Tarifa Base Fuera de Punta";334,63
"AUTOMAAS CHILE SPA";78343019-3;20821947;KXZS95;PA19;"General Velasquez Sur - Norte";"Puerta Sur Oriente";2026-08-30;15:48:57;"Tarifa Base Fuera de Punta";412,57
"AUTOMAAS CHILE SPA";78343019-3;20821947;LPPZ24;PA5;"Ruta 5 Sur - Norte";"Colón Oriente";2026-08-30;18:02:44;"Tarifa Base Punta";669,27
"AUTOMAAS CHILE SPA";78343019-3;20821947;LPPZ24;PA19;"General Velasquez Sur - Norte";"Puerta Sur Oriente";2026-08-30;18:05:18;"Tarifa Base Fuera de Punta";412,57
"AUTOMAAS CHILE SPA";78343019-3;20821947;LPPZ31;PA28;"General Velasquez Sur - Norte";"Cerro Renca Oriente";2026-08-30;18:40:01;"Tarifa Base Fuera de Punta";512,34
"AUTOMAAS CHILE SPA";78343019-3;20821947;LPPZ31;PA17;"Ruta 5 Sur - Norte";"Américo Vespucio Oriente";2026-08-30;18:41:31;"Tarifa Base Fuera de Punta";462,46
"AUTOMAAS CHILE SPA";78343019-3;20821947;LPPZ24;PA10;"Ruta 5 Sur - Norte";"La Marina San Nicolás Oriente";2026-08-30;18:56:12;"Tarifa Base Punta";571,58
"AUTOMAAS CHILE SPA";78343019-3;20821947;LPPZ24;PA31;"Ruta 5 Sur - Norte";"Avenida Matta";2026-08-30;18:58:26;"Tarifa Base Punta";737,86
"AUTOMAAS CHILE SPA";78343019-3;20821947;LPPZ24;PA13;"Ruta 5 Sur - Norte";"Alameda - Rio Mapocho";2026-08-30;19:00:17;"Tarifa Base Punta";363,73
"AUTOMAAS CHILE SPA";78343019-3;20821947;LDWP36;PA23;"General Velasquez Sur - Norte";"Carlos Valdovinos Oriente";2026-08-30;19:01:28;"Tarifa Base Fuera de Punta";287,86
"AUTOMAAS CHILE SPA";78343019-3;20821947;LDWP36;PA25;"General Velasquez Sur - Norte";"San Pablo Oriente";2026-08-30;19:02:56;"Tarifa Base Fuera de Punta";421,93
"AUTOMAAS CHILE SPA";78343019-3;20821947;LPPZ24;PA16;"Ruta 5 Sur - Norte";"Avda Santa María Oriente";2026-08-30;19:03:14;"Tarifa Base Fuera de Punta";425,04
"AUTOMAAS CHILE SPA";78343019-3;20821947;LPPZ24;PA17;"Ruta 5 Sur - Norte";"Américo Vespucio Oriente";2026-08-30;19:06:24;"Tarifa Base Fuera de Punta";462,46
"AUTOMAAS CHILE SPA";78343019-3;20821947;LDWP36;PA28;"General Velasquez Sur - Norte";"Cerro Renca Oriente";2026-08-30;19:16:15;"Tarifa Base Fuera de Punta";512,34
"AUTOMAAS CHILE SPA";78343019-3;20821947;LDWP36;PA17;"Ruta 5 Sur - Norte";"Américo Vespucio Oriente";2026-08-30;19:17:51;"Tarifa Base Fuera de Punta";462,46
"AUTOMAAS CHILE SPA";78343019-3;20821947;LJDV98;PA16;"Ruta 5 Sur - Norte";"Avda Santa María Oriente";2026-08-30;19:23:05;"Tarifa Base Fuera de Punta";425,04
"AUTOMAAS CHILE SPA";78343019-3;20821947;LJDV98;PA17;"Ruta 5 Sur - Norte";"Américo Vespucio Oriente";2026-08-30;19:27:00;"Tarifa Base Fuera de Punta";462,46
"AUTOMAAS CHILE SPA";78343019-3;20821947;LPPZ24;PA18;"Ruta 5 Norte - Sur";"Américo Vespucio Poniente";2026-08-30;20:16:14;"Tarifa Base Fuera de Punta";462,46
"AUTOMAAS CHILE SPA";78343019-3;20821947;LPPZ24;PA29;"General Velasquez Norte - Sur";"Cerro Renca Poniente";2026-08-30;20:17:24;"Tarifa Base Fuera de Punta";512,34
"AUTOMAAS CHILE SPA";78343019-3;20821947;LDWP36;PA18;"Ruta 5 Norte - Sur";"Américo Vespucio Poniente";2026-08-30;20:20:01;"Tarifa Base Fuera de Punta";462,46
"AUTOMAAS CHILE SPA";78343019-3;20821947;LPPZ24;PA26;"General Velasquez Norte - Sur";"San Pablo Poniente";2026-08-30;20:21:43;"Tarifa Base Fuera de Punta";421,93
"AUTOMAAS CHILE SPA";78343019-3;20821947;LPPZ24;PA24;"General Velasquez Norte - Sur";"Carlos Valdovinos Poniente";2026-08-30;20:23:23;"Tarifa Base Fuera de Punta";287,86
"AUTOMAAS CHILE SPA";78343019-3;20821947;LDWP36;PA15;"Ruta 5 Norte - Sur";"Bulnes Poniente";2026-08-30;20:24:22;"Tarifa Base Fuera de Punta";425,04
"AUTOMAAS CHILE SPA";78343019-3;20821947;LJDV98;PA18;"Ruta 5 Norte - Sur";"Américo Vespucio Poniente";2026-08-30;20:26:11;"Tarifa Base Fuera de Punta";462,46
"AUTOMAAS CHILE SPA";78343019-3;20821947;LJDV98;PA15;"Ruta 5 Norte - Sur";"Bulnes Poniente";2026-08-30;20:31:21;"Tarifa Base Fuera de Punta";425,04
"AUTOMAAS CHILE SPA";78343019-3;20821947;LPPZ24;PA9;"Ruta 5 Norte - Sur";"Lo Ovalle Poniente";2026-08-30;20:32:09;"Tarifa Base Fuera de Punta";392,83
"AUTOMAAS CHILE SPA";78343019-3;20821947;LPPZ24;PA8;"Ruta 5 Norte - Sur";"Lo Espejo Poniente";2026-08-30;20:35:10;"Tarifa Base Fuera de Punta";452,06
"AUTOMAAS CHILE SPA";78343019-3;20821947;LPPZ24;PA32;"Ruta 5 Norte - Sur";"Lo Blanco - Las Acacias";2026-08-30;20:36:27;"Tarifa Base Fuera de Punta";176,67
"AUTOMAAS CHILE SPA";78343019-3;20821947;LPPZ24;PA6;"Ruta 5 Norte - Sur";"Colón Poniente";2026-08-30;20:38:16;"Tarifa Base Fuera de Punta";157,96
"AUTOMAAS CHILE SPA";78343019-3;20821947;LPPZ24;PA37;"Ruta 5 Norte - Sur";"Colón, Calera de Tango";2026-08-30;20:39:13;"Tarifa Base Fuera de Punta";455,18
"AUTOMAAS CHILE SPA";78343019-3;20821947;LPPZ24;PA4;"Ruta 5 Norte - Sur";"Calera de Tango Poniente";2026-08-30;20:40:53;"Tarifa Base Fuera de Punta";129,90
"AUTOMAAS CHILE SPA";78343019-3;20821947;LPPZ24;PA3;"Ruta 5 Sur - Norte";"Calera de Tango Oriente";2026-08-30;20:47:54;"Tarifa Base Fuera de Punta";585,09
"AUTOMAAS CHILE SPA";78343019-3;20821947;LKGZ52;PA30;"Ruta 5 Sur - Norte";"Americo Vespucio - Departamental";2026-08-30;21:00:55;"Tarifa Base Fuera de Punta";392,83
"AUTOMAAS CHILE SPA";78343019-3;20821947;LKGZ52;PA10;"Ruta 5 Sur - Norte";"La Marina San Nicolás Oriente";2026-08-30;21:01:38;"Tarifa Base Fuera de Punta";285,79
"AUTOMAAS CHILE SPA";78343019-3;20821947;LKGZ52;PA31;"Ruta 5 Sur - Norte";"Avenida Matta";2026-08-30;21:03:43;"Tarifa Base Fuera de Punta";368,93
"AUTOMAAS CHILE SPA";78343019-3;20821947;LKGZ52;PA13;"Ruta 5 Sur - Norte";"Alameda - Rio Mapocho";2026-08-30;21:05:15;"Tarifa Base Fuera de Punta";181,86
"AUTOMAAS CHILE SPA";78343019-3;20821947;LKGZ52;PA12;"Ruta 5 Norte - Sur";"Avda Matta Poniente";2026-08-30;22:01:57;"Tarifa Base Fuera de Punta";368,93
"AUTOMAAS CHILE SPA";78343019-3;20821947;LPPZ31;PA6;"Ruta 5 Norte - Sur";"Colón Poniente";2026-08-30;22:15:26;"Tarifa Base Fuera de Punta";157,96
"AUTOMAAS CHILE SPA";78343019-3;20821947;LPPZ31;PA37;"Ruta 5 Norte - Sur";"Colón, Calera de Tango";2026-08-30;22:16:31;"Tarifa Base Fuera de Punta";455,18
"AUTOMAAS CHILE SPA";78343019-3;20821947;LPPZ31;PA4;"Ruta 5 Norte - Sur";"Calera de Tango Poniente";2026-08-30;22:18:03;"Tarifa Base Fuera de Punta";129,90
"AUTOMAAS CHILE SPA";78343019-3;20821947;LKGZ52;PA26;"General Velasquez Norte - Sur";"San Pablo Poniente";2026-08-30;22:52:58;"Tarifa Base Fuera de Punta";421,93
"AUTOMAAS CHILE SPA";78343019-3;20821947;LKGZ52;PA24;"General Velasquez Norte - Sur";"Carlos Valdovinos Poniente";2026-08-30;22:54:43;"Tarifa Base Fuera de Punta";287,86
"AUTOMAAS CHILE SPA";78343019-3;20821947;LKGZ52;PA22;"General Velasquez Norte - Sur";"Lo Ovalle Poniente";2026-08-30;22:57:34;"Tarifa Base Fuera de Punta";512,34
"AUTOMAAS CHILE SPA";78343019-3;20821947;LPPZ31;PA3;"Ruta 5 Sur - Norte";"Calera de Tango Oriente";2026-08-30;23:24:55;"Tarifa Base Fuera de Punta";585,09
"AUTOMAAS CHILE SPA";78343019-3;20821947;LPPZ31;PA5;"Ruta 5 Sur - Norte";"Colón Oriente";2026-08-30;23:26:59;"Tarifa Base Fuera de Punta";334,63
"AUTOMAAS CHILE SPA";78343019-3;20821947;LPPZ31;PA7;"Ruta 5 Sur - Norte";"Lo Espejo Oriente";2026-08-30;23:29:23;"Tarifa Base Fuera de Punta";452,06
"AUTOMAAS CHILE SPA";78343019-3;20821947;KDRJ20;PA32;"Ruta 5 Norte - Sur";"Lo Blanco - Las Acacias";2026-08-31;00:29:53;"Tarifa Base Fuera de Punta";176,67
"AUTOMAAS CHILE SPA";78343019-3;20821947;KDRJ20;PA7;"Ruta 5 Sur - Norte";"Lo Espejo Oriente";2026-08-31;01:05:30;"Tarifa Base Fuera de Punta";452,06
"AUTOMAAS CHILE SPA";78343019-3;20821947;LPPZ31;PA30;"Ruta 5 Sur - Norte";"Americo Vespucio - Departamental";2026-08-31;01:28:50;"Tarifa Base Fuera de Punta";392,83
"AUTOMAAS CHILE SPA";78343019-3;20821947;LPPZ31;PA10;"Ruta 5 Sur - Norte";"La Marina San Nicolás Oriente";2026-08-31;01:29:41;"Tarifa Base Fuera de Punta";285,79
"AUTOMAAS CHILE SPA";78343019-3;20821947;LPPZ31;PA31;"Ruta 5 Sur - Norte";"Avenida Matta";2026-08-31;01:31:49;"Tarifa Base Fuera de Punta";368,93
"AUTOMAAS CHILE SPA";78343019-3;20821947;LPPZ31;PA11;"Ruta 5 Norte - Sur";"La Marina San Nicolás Poniente";2026-08-31;01:48:29;"Tarifa Base Fuera de Punta";285,79
"AUTOMAAS CHILE SPA";78343019-3;20821947;LPPZ31;PA9;"Ruta 5 Norte - Sur";"Lo Ovalle Poniente";2026-08-31;01:49:17;"Tarifa Base Fuera de Punta";392,83
"AUTOMAAS CHILE SPA";78343019-3;20821947;KDRJ20;PA19;"General Velasquez Sur - Norte";"Puerta Sur Oriente";2026-08-31;03:44:17;"Tarifa Base Fuera de Punta";412,57
"AUTOMAAS CHILE SPA";78343019-3;20821947;KDRJ20;PA20;"General Velasquez Norte - Sur";"Lo Espejo Poniente";2026-08-31;03:50:29;"Tarifa Base Fuera de Punta";412,57
"AUTOMAAS CHILE SPA";78343019-3;20821947;KDRJ20;PA32;"Ruta 5 Norte - Sur";"Lo Blanco - Las Acacias";2026-08-31;03:52:02;"Tarifa Base Fuera de Punta";176,67
"AUTOMAAS CHILE SPA";78343019-3;20821947;KXZS95;PA21;"General Velasquez Sur - Norte";"Lo Ovalle Oriente";2026-08-31;05:14:42;"Tarifa Base Fuera de Punta";512,34
"AUTOMAAS CHILE SPA";78343019-3;20821947;KXZS95;PA23;"General Velasquez Sur - Norte";"Carlos Valdovinos Oriente";2026-08-31;05:22:41;"Tarifa Base Fuera de Punta";287,86
"AUTOMAAS CHILE SPA";78343019-3;20821947;KXZS95;PA25;"General Velasquez Sur - Norte";"San Pablo Oriente";2026-08-31;05:24:23;"Tarifa Base Fuera de Punta";421,93
"AUTOMAAS CHILE SPA";78343019-3;20821947;LPPZ24;PA7;"Ruta 5 Sur - Norte";"Lo Espejo Oriente";2026-08-31;05:31:34;"Tarifa Base Fuera de Punta";452,06
"AUTOMAAS CHILE SPA";78343019-3;20821947;KXZS95;PA28;"General Velasquez Sur - Norte";"Cerro Renca Oriente";2026-08-31;05:35:09;"Tarifa Base Fuera de Punta";512,34
"AUTOMAAS CHILE SPA";78343019-3;20821947;KXZS95;PA17;"Ruta 5 Sur - Norte";"Américo Vespucio Oriente";2026-08-31;05:36:40;"Tarifa Base Fuera de Punta";462,46
"AUTOMAAS CHILE SPA";78343019-3;20821947;PJHJ69;PA8;"Ruta 5 Norte - Sur";"Lo Espejo Poniente";2026-08-31;06:10:20;"Tarifa Base Fuera de Punta";452,06
"AUTOMAAS CHILE SPA";78343019-3;20821947;PJHJ69;PA32;"Ruta 5 Norte - Sur";"Lo Blanco - Las Acacias";2026-08-31;06:11:21;"Tarifa Base Fuera de Punta";176,67
"AUTOMAAS CHILE SPA";78343019-3;20821947;LDWP36;PA31;"Ruta 5 Sur - Norte";"Avenida Matta";2026-08-31;06:12:05;"Tarifa Base Fuera de Punta";368,93
"AUTOMAAS CHILE SPA";78343019-3;20821947;PJHJ69;PA6;"Ruta 5 Norte - Sur";"Colón Poniente";2026-08-31;06:13:03;"Tarifa Base Fuera de Punta";157,96
"AUTOMAAS CHILE SPA";78343019-3;20821947;LDWP36;PA13;"Ruta 5 Sur - Norte";"Alameda - Rio Mapocho";2026-08-31;06:13:51;"Tarifa Base Fuera de Punta";181,86
"AUTOMAAS CHILE SPA";78343019-3;20821947;LPPZ24;PA13;"Ruta 5 Sur - Norte";"Alameda - Rio Mapocho";2026-08-31;06:40:11;"Tarifa Base Punta";363,73
"AUTOMAAS CHILE SPA";78343019-3;20821947;LPPZ24;PA16;"Ruta 5 Sur - Norte";"Avda Santa María Oriente";2026-08-31;06:43:14;"Tarifa Base Fuera de Punta";425,04
"AUTOMAAS CHILE SPA";78343019-3;20821947;PJHJ69;PA5;"Ruta 5 Sur - Norte";"Colón Oriente";2026-08-31;06:48:37;"Tarifa Base Punta";669,27
"AUTOMAAS CHILE SPA";78343019-3;20821947;PJHJ69;PA19;"General Velasquez Sur - Norte";"Puerta Sur Oriente";2026-08-31;06:52:16;"Tarifa Base Fuera de Punta";412,57
"AUTOMAAS CHILE SPA";78343019-3;20821947;PJHJ69;PA21;"General Velasquez Sur - Norte";"Lo Ovalle Oriente";2026-08-31;06:55:24;"Tarifa Base Fuera de Punta";512,34
"AUTOMAAS CHILE SPA";78343019-3;20821947;PJHJ69;PA23;"General Velasquez Sur - Norte";"Carlos Valdovinos Oriente";2026-08-31;07:10:48;"Tarifa Base Punta";575,74
"AUTOMAAS CHILE SPA";78343019-3;20821947;PJHJ69;PA25;"General Velasquez Sur - Norte";"San Pablo Oriente";2026-08-31;07:14:10;"Tarifa Base Punta";843,86
"AUTOMAAS CHILE SPA";78343019-3;20821947;LPPZ24;PA18;"Ruta 5 Norte - Sur";"Américo Vespucio Poniente";2026-08-31;07:17:47;"Tarifa Base Punta";924,92
"AUTOMAAS CHILE SPA";78343019-3;20821947;LPPZ24;PA29;"General Velasquez Norte - Sur";"Cerro Renca Poniente";2026-08-31;07:19:10;"Tarifa Base Fuera de Punta";512,34
"AUTOMAAS CHILE SPA";78343019-3;20821947;LPPZ24;PA26;"General Velasquez Norte - Sur";"San Pablo Poniente";2026-08-31;07:23:37;"Tarifa Base Fuera de Punta";421,93
"AUTOMAAS CHILE SPA";78343019-3;20821947;LPPZ24;PA24;"General Velasquez Norte - Sur";"Carlos Valdovinos Poniente";2026-08-31;07:25:06;"Tarifa Base Fuera de Punta";287,86
"AUTOMAAS CHILE SPA";78343019-3;20821947;PJHJ69;PA28;"General Velasquez Sur - Norte";"Cerro Renca Oriente";2026-08-31;07:25:52;"Tarifa Base Punta";1.024,69
"AUTOMAAS CHILE SPA";78343019-3;20821947;LPPZ24;PA22;"General Velasquez Norte - Sur";"Lo Ovalle Poniente";2026-08-31;07:27:34;"Tarifa Base Fuera de Punta";512,34
"AUTOMAAS CHILE SPA";78343019-3;20821947;KDRJ20;PA16;"Ruta 5 Sur - Norte";"Avda Santa María Oriente";2026-08-31;07:27:36;"Tarifa Base Fuera de Punta";425,04
"AUTOMAAS CHILE SPA";78343019-3;20821947;LPPZ31;PA21;"General Velasquez Sur - Norte";"Lo Ovalle Oriente";2026-08-31;07:29:06;"Tarifa Base Fuera de Punta";512,34
"AUTOMAAS CHILE SPA";78343019-3;20821947;LPPZ24;PA20;"General Velasquez Norte - Sur";"Lo Espejo Poniente";2026-08-31;07:29:42;"Tarifa Base Fuera de Punta";412,57
"AUTOMAAS CHILE SPA";78343019-3;20821947;LPPZ24;PA32;"Ruta 5 Norte - Sur";"Lo Blanco - Las Acacias";2026-08-31;07:31:20;"Tarifa Base Fuera de Punta";176,67
"AUTOMAAS CHILE SPA";78343019-3;20821947;PJHJ69;PA17;"Ruta 5 Sur - Norte";"Américo Vespucio Oriente";2026-08-31;07:33:00;"Tarifa Base Punta";924,92
"AUTOMAAS CHILE SPA";78343019-3;20821947;LDWP36;PA14;"Ruta 5 Norte - Sur";"Alameda Poniente";2026-08-31;07:33:05;"Tarifa Base Punta";363,73
"AUTOMAAS CHILE SPA";78343019-3;20821947;LPPZ24;PA6;"Ruta 5 Norte - Sur";"Colón Poniente";2026-08-31;07:33:08;"Tarifa Base Fuera de Punta";157,96
"AUTOMAAS CHILE SPA";78343019-3;20821947;LPPZ31;PA23;"General Velasquez Sur - Norte";"Carlos Valdovinos Oriente";2026-08-31;07:34:17;"Tarifa Base Punta";575,74
"AUTOMAAS CHILE SPA";78343019-3;20821947;LDWP36;PA12;"Ruta 5 Norte - Sur";"Avda Matta Poniente";2026-08-31;07:34:51;"Tarifa Base Punta";737,86
"AUTOMAAS CHILE SPA";78343019-3;20821947;LDWP36;PA11;"Ruta 5 Norte - Sur";"La Marina San Nicolás Poniente";2026-08-31;07:36:42;"Tarifa Base Fuera de Punta";285,79
"AUTOMAAS CHILE SPA";78343019-3;20821947;LDWP36;PA9;"Ruta 5 Norte - Sur";"Lo Ovalle Poniente";2026-08-31;07:37:29;"Tarifa Base Fuera de Punta";392,83
"AUTOMAAS CHILE SPA";78343019-3;20821947;KDRJ20;PA17;"Ruta 5 Sur - Norte";"Américo Vespucio Oriente";2026-08-31;07:37:35;"Tarifa Base Punta";924,92
"AUTOMAAS CHILE SPA";78343019-3;20821947;LPPZ31;PA25;"General Velasquez Sur - Norte";"San Pablo Oriente";2026-08-31;07:39:07;"Tarifa Base Punta";843,86
"AUTOMAAS CHILE SPA";78343019-3;20821947;LPPZ31;PA16;"Ruta 5 Sur - Norte";"Avda Santa María Oriente";2026-08-31;07:58:11;"Tarifa Base Punta";850,10
"AUTOMAAS CHILE SPA";78343019-3;20821947;LPPZ31;PA17;"Ruta 5 Sur - Norte";"Américo Vespucio Oriente";2026-08-31;08:07:48;"Tarifa Base Punta";924,92
"AUTOMAAS CHILE SPA";78343019-3;20821947;LJDV98;PA30;"Ruta 5 Sur - Norte";"Americo Vespucio - Departamental";2026-08-31;08:45:26;"Tarifa Base Punta";785,66
"AUTOMAAS CHILE SPA";78343019-3;20821947;LJDV98;PA10;"Ruta 5 Sur - Norte";"La Marina San Nicolás Oriente";2026-08-31;08:46:48;"Tarifa Base Punta";571,58
"AUTOMAAS CHILE SPA";78343019-3;20821947;LPPZ31;PA18;"Ruta 5 Norte - Sur";"Américo Vespucio Poniente";2026-08-31;08:48:48;"Tarifa Base Fuera de Punta";462,46
"AUTOMAAS CHILE SPA";78343019-3;20821947;PJHJ69;PA18;"Ruta 5 Norte - Sur";"Américo Vespucio Poniente";2026-08-31;08:49:00;"Tarifa Base Fuera de Punta";462,46
"AUTOMAAS CHILE SPA";78343019-3;20821947;LPPZ31;PA29;"General Velasquez Norte - Sur";"Cerro Renca Poniente";2026-08-31;08:50:38;"Tarifa Base Fuera de Punta";512,34
"AUTOMAAS CHILE SPA";78343019-3;20821947;PJHJ69;PA15;"Ruta 5 Norte - Sur";"Bulnes Poniente";2026-08-31;08:54:16;"Tarifa Base Punta";850,10
"AUTOMAAS CHILE SPA";78343019-3;20821947;LJDV98;PA31;"Ruta 5 Sur - Norte";"Avenida Matta";2026-08-31;08:57:50;"Tarifa Saturación";1.106,79
"AUTOMAAS CHILE SPA";78343019-3;20821947;LPPZ31;PA26;"General Velasquez Norte - Sur";"San Pablo Poniente";2026-08-31;09:04:59;"Tarifa Base Fuera de Punta";421,93
"AUTOMAAS CHILE SPA";78343019-3;20821947;LJDV98;PA13;"Ruta 5 Sur - Norte";"Alameda - Rio Mapocho";2026-08-31;09:07:29;"Tarifa Base Punta";363,73
"AUTOMAAS CHILE SPA";78343019-3;20821947;LJDV98;PA16;"Ruta 5 Sur - Norte";"Avda Santa María Oriente";2026-08-31;09:14:22;"Tarifa Base Punta";850,10
"AUTOMAAS CHILE SPA";78343019-3;20821947;LJDV98;PA17;"Ruta 5 Sur - Norte";"Américo Vespucio Oriente";2026-08-31;09:20:33;"Tarifa Base Punta";924,92
"AUTOMAAS CHILE SPA";78343019-3;20821947;PJHJ69;PA14;"Ruta 5 Norte - Sur";"Alameda Poniente";2026-08-31;09:21:57;"Tarifa Base Punta";363,73
"AUTOMAAS CHILE SPA";78343019-3;20821947;PJHJ69;PA12;"Ruta 5 Norte - Sur";"Avda Matta Poniente";2026-08-31;09:23:26;"Tarifa Base Punta";737,86
"AUTOMAAS CHILE SPA";78343019-3;20821947;LPPZ31;PA22;"General Velasquez Norte - Sur";"Lo Ovalle Poniente";2026-08-31;09:23:45;"Tarifa Base Fuera de Punta";512,34
"AUTOMAAS CHILE SPA";78343019-3;20821947;PJHJ69;PA11;"Ruta 5 Norte - Sur";"La Marina San Nicolás Poniente";2026-08-31;09:25:24;"Tarifa Base Fuera de Punta";285,79
"AUTOMAAS CHILE SPA";78343019-3;20821947;KDRJ20;PA18;"Ruta 5 Norte - Sur";"Américo Vespucio Poniente";2026-08-31;10:04:19;"Tarifa Base Fuera de Punta";462,46
"AUTOMAAS CHILE SPA";78343019-3;20821947;LJDV98;PA18;"Ruta 5 Norte - Sur";"Américo Vespucio Poniente";2026-08-31;10:04:19;"Tarifa Base Fuera de Punta";462,46
"AUTOMAAS CHILE SPA";78343019-3;20821947;LJDV98;PA15;"Ruta 5 Norte - Sur";"Bulnes Poniente";2026-08-31;10:12:56;"Tarifa Base Fuera de Punta";425,04
"AUTOMAAS CHILE SPA";78343019-3;20821947;KDRJ20;PA15;"Ruta 5 Norte - Sur";"Bulnes Poniente";2026-08-31;10:12:57;"Tarifa Base Fuera de Punta";425,04
"AUTOMAAS CHILE SPA";78343019-3;20821947;LJDV98;PA14;"Ruta 5 Norte - Sur";"Alameda Poniente";2026-08-31;10:17:37;"Tarifa Saturación";545,60
"AUTOMAAS CHILE SPA";78343019-3;20821947;KDRJ20;PA14;"Ruta 5 Norte - Sur";"Alameda Poniente";2026-08-31;10:17:38;"Tarifa Saturación";545,60
"AUTOMAAS CHILE SPA";78343019-3;20821947;KDRJ20;PA12;"Ruta 5 Norte - Sur";"Avda Matta Poniente";2026-08-31;10:20:20;"Tarifa Saturación";1.106,79
"AUTOMAAS CHILE SPA";78343019-3;20821947;LJDV98;PA12;"Ruta 5 Norte - Sur";"Avda Matta Poniente";2026-08-31;10:20:20;"Tarifa Saturación";1.106,79
"AUTOMAAS CHILE SPA";78343019-3;20821947;LJDV98;PA11;"Ruta 5 Norte - Sur";"La Marina San Nicolás Poniente";2026-08-31;10:23:50;"Tarifa Base Fuera de Punta";285,79
"AUTOMAAS CHILE SPA";78343019-3;20821947;KDRJ20;PA11;"Ruta 5 Norte - Sur";"La Marina San Nicolás Poniente";2026-08-31;10:23:51;"Tarifa Base Fuera de Punta";285,79
"AUTOMAAS CHILE SPA";78343019-3;20821947;KDRJ20;PA9;"Ruta 5 Norte - Sur";"Lo Ovalle Poniente";2026-08-31;10:25:24;"Tarifa Base Fuera de Punta";392,83
"AUTOMAAS CHILE SPA";78343019-3;20821947;LJDV98;PA9;"Ruta 5 Norte - Sur";"Lo Ovalle Poniente";2026-08-31;10:25:24;"Tarifa Base Fuera de Punta";392,83
"AUTOMAAS CHILE SPA";78343019-3;20821947;LJDV98;PA30;"Ruta 5 Sur - Norte";"Americo Vespucio - Departamental";2026-08-31;12:51:36;"Tarifa Base Fuera de Punta";392,83
"AUTOMAAS CHILE SPA";78343019-3;20821947;LJDV98;PA10;"Ruta 5 Sur - Norte";"La Marina San Nicolás Oriente";2026-08-31;12:52:37;"Tarifa Base Fuera de Punta";285,79
"AUTOMAAS CHILE SPA";78343019-3;20821947;LJDV98;PA31;"Ruta 5 Sur - Norte";"Avenida Matta";2026-08-31;12:55:32;"Tarifa Base Punta";737,86
"AUTOMAAS CHILE SPA";78343019-3;20821947;HXJJ44;PA13;"Ruta 5 Sur - Norte";"Alameda - Rio Mapocho";2026-08-31;17:25:44;"Tarifa Base Punta";363,73
"AUTOMAAS CHILE SPA";78343019-3;20821947;HXJJ44;PA16;"Ruta 5 Sur - Norte";"Avda Santa María Oriente";2026-08-31;17:29:28;"Tarifa Base Fuera de Punta";425,04
"AUTOMAAS CHILE SPA";78343019-3;20821947;HXJJ44;PA17;"Ruta 5 Sur - Norte";"Américo Vespucio Oriente";2026-08-31;17:35:33;"Tarifa Base Punta";924,92
"AUTOMAAS CHILE SPA";78343019-3;20821947;LPPZ24;PA5;"Ruta 5 Sur - Norte";"Colón Oriente";2026-08-31;17:55:00;"Tarifa Base Fuera de Punta";334,63
"AUTOMAAS CHILE SPA";78343019-3;20821947;LPPZ24;PA19;"General Velasquez Sur - Norte";"Puerta Sur Oriente";2026-08-31;17:56:56;"Tarifa Base Fuera de Punta";412,57
"AUTOMAAS CHILE SPA";78343019-3;20821947;LPPZ24;PA10;"Ruta 5 Sur - Norte";"La Marina San Nicolás Oriente";2026-08-31;18:49:35;"Tarifa Base Fuera de Punta";285,79
"AUTOMAAS CHILE SPA";78343019-3;20821947;LPPZ24;PA31;"Ruta 5 Sur - Norte";"Avenida Matta";2026-08-31;18:51:34;"Tarifa Base Punta";737,86
"AUTOMAAS CHILE SPA";78343019-3;20821947;LPPZ24;PA13;"Ruta 5 Sur - Norte";"Alameda - Rio Mapocho";2026-08-31;18:53:05;"Tarifa Base Punta";363,73
"AUTOMAAS CHILE SPA";78343019-3;20821947;LDWP36;PA23;"General Velasquez Sur - Norte";"Carlos Valdovinos Oriente";2026-08-31;18:55:54;"Tarifa Base Fuera de Punta";287,86
"AUTOMAAS CHILE SPA";78343019-3;20821947;LPPZ24;PA16;"Ruta 5 Sur - Norte";"Avda Santa María Oriente";2026-08-31;18:56:01;"Tarifa Base Fuera de Punta";425,04
"AUTOMAAS CHILE SPA";78343019-3;20821947;LDWP36;PA25;"General Velasquez Sur - Norte";"San Pablo Oriente";2026-08-31;18:57:38;"Tarifa Base Fuera de Punta";421,93
"AUTOMAAS CHILE SPA";78343019-3;20821947;LPPZ24;PA17;"Ruta 5 Sur - Norte";"Américo Vespucio Oriente";2026-08-31;19:02:43;"Tarifa Base Punta";924,92
"AUTOMAAS CHILE SPA";78343019-3;20821947;LDWP36;PA28;"General Velasquez Sur - Norte";"Cerro Renca Oriente";2026-08-31;19:12:16;"Tarifa Base Fuera de Punta";512,34
"AUTOMAAS CHILE SPA";78343019-3;20821947;LDWP36;PA17;"Ruta 5 Sur - Norte";"Américo Vespucio Oriente";2026-08-31;19:16:09;"Tarifa Base Punta";924,92
"AUTOMAAS CHILE SPA";78343019-3;20821947;HXJJ44;PA17;"Ruta 5 Sur - Norte";"Américo Vespucio Oriente";2026-08-31;19:19:29;"Tarifa Base Punta";924,92
"AUTOMAAS CHILE SPA";78343019-3;20821947;LJDV98;PA16;"Ruta 5 Sur - Norte";"Avda Santa María Oriente";2026-08-31;19:40:54;"Tarifa Base Fuera de Punta";425,04
"AUTOMAAS CHILE SPA";78343019-3;20821947;LJDV98;PA17;"Ruta 5 Sur - Norte";"Américo Vespucio Oriente";2026-08-31;19:44:34;"Tarifa Base Fuera de Punta";462,46
"AUTOMAAS CHILE SPA";78343019-3;20821947;LJDV98;PA18;"Ruta 5 Norte - Sur";"Américo Vespucio Poniente";2026-08-31;20:20:56;"Tarifa Base Fuera de Punta";462,46
"AUTOMAAS CHILE SPA";78343019-3;20821947;LDWP36;PA18;"Ruta 5 Norte - Sur";"Américo Vespucio Poniente";2026-08-31;20:21:58;"Tarifa Base Fuera de Punta";462,46
"AUTOMAAS CHILE SPA";78343019-3;20821947;LPPZ24;PA18;"Ruta 5 Norte - Sur";"Américo Vespucio Poniente";2026-08-31;20:25:44;"Tarifa Base Fuera de Punta";462,46
"AUTOMAAS CHILE SPA";78343019-3;20821947;LJDV98;PA15;"Ruta 5 Norte - Sur";"Bulnes Poniente";2026-08-31;20:26:09;"Tarifa Base Punta";850,10
"AUTOMAAS CHILE SPA";78343019-3;20821947;LDWP36;PA15;"Ruta 5 Norte - Sur";"Bulnes Poniente";2026-08-31;20:26:29;"Tarifa Base Punta";850,10
"AUTOMAAS CHILE SPA";78343019-3;20821947;LPPZ24;PA14;"Ruta 5 Norte - Sur";"Alameda Poniente";2026-08-31;20:39:55;"Tarifa Base Fuera de Punta";181,86
"AUTOMAAS CHILE SPA";78343019-3;20821947;LPPZ24;PA12;"Ruta 5 Norte - Sur";"Avda Matta Poniente";2026-08-31;20:41:34;"Tarifa Base Fuera de Punta";368,93
"AUTOMAAS CHILE SPA";78343019-3;20821947;LPPZ24;PA11;"Ruta 5 Norte - Sur";"La Marina San Nicolás Poniente";2026-08-31;20:43:39;"Tarifa Base Fuera de Punta";285,79
"AUTOMAAS CHILE SPA";78343019-3;20821947;LDWP36;PA13;"Ruta 5 Sur - Norte";"Alameda - Rio Mapocho";2026-08-31;20:53:12;"Tarifa Base Fuera de Punta";181,86
"AUTOMAAS CHILE SPA";78343019-3;20821947;LPPZ24;PA22;"General Velasquez Norte - Sur";"Lo Ovalle Poniente";2026-08-31;20:54:00;"Tarifa Base Fuera de Punta";512,34
"AUTOMAAS CHILE SPA";78343019-3;20821947;LPPZ24;PA20;"General Velasquez Norte - Sur";"Lo Espejo Poniente";2026-08-31;20:56:04;"Tarifa Base Fuera de Punta";412,57
"AUTOMAAS CHILE SPA";78343019-3;20821947;LPPZ24;PA32;"Ruta 5 Norte - Sur";"Lo Blanco - Las Acacias";2026-08-31;20:57:31;"Tarifa Base Fuera de Punta";176,67
"AUTOMAAS CHILE SPA";78343019-3;20821947;LPPZ24;PA6;"Ruta 5 Norte - Sur";"Colón Poniente";2026-08-31;20:59:04;"Tarifa Base Fuera de Punta";157,96
"AUTOMAAS CHILE SPA";78343019-3;20821947;LPPZ24;PA37;"Ruta 5 Norte - Sur";"Colón, Calera de Tango";2026-08-31;21:00:02;"Tarifa Base Fuera de Punta";455,18
"AUTOMAAS CHILE SPA";78343019-3;20821947;KXZS95;PA26;"General Velasquez Norte - Sur";"San Pablo Poniente";2026-08-31;23:40:27;"Tarifa Base Fuera de Punta";421,93
"AUTOMAAS CHILE SPA";78343019-3;20821947;KXZS95;PA24;"General Velasquez Norte - Sur";"Carlos Valdovinos Poniente";2026-08-31;23:41:43;"Tarifa Base Fuera de Punta";287,86
"AUTOMAAS CHILE SPA";78343019-3;20821947;KXZS95;PA22;"General Velasquez Norte - Sur";"Lo Ovalle Poniente";2026-08-31;23:44:00;"Tarifa Base Fuera de Punta";512,34
"AUTOMAAS CHILE SPA";78343019-3;20821947;KXZS95;PA21;"General Velasquez Sur - Norte";"Lo Ovalle Oriente";2026-09-01;05:04:13;"Tarifa Base Fuera de Punta";512,34
"AUTOMAAS CHILE SPA";78343019-3;20821947;KXZS95;PA23;"General Velasquez Sur - Norte";"Carlos Valdovinos Oriente";2026-09-01;05:06:37;"Tarifa Base Fuera de Punta";287,86
"AUTOMAAS CHILE SPA";78343019-3;20821947;KXZS95;PA25;"General Velasquez Sur - Norte";"San Pablo Oriente";2026-09-01;05:07:59;"Tarifa Base Fuera de Punta";421,93
"AUTOMAAS CHILE SPA";78343019-3;20821947;KXZS95;PA28;"General Velasquez Sur - Norte";"Cerro Renca Oriente";2026-09-01;05:18:35;"Tarifa Base Fuera de Punta";512,34
"AUTOMAAS CHILE SPA";78343019-3;20821947;KXZS95;PA17;"Ruta 5 Sur - Norte";"Américo Vespucio Oriente";2026-09-01;05:19:43;"Tarifa Base Fuera de Punta";462,46
"AUTOMAAS CHILE SPA";78343019-3;20821947;LPPZ24;PA7;"Ruta 5 Sur - Norte";"Lo Espejo Oriente";2026-09-01;05:38:55;"Tarifa Base Fuera de Punta";452,06
"AUTOMAAS CHILE SPA";78343019-3;20821947;LPPZ31;PA30;"Ruta 5 Sur - Norte";"Americo Vespucio - Departamental";2026-09-01;06:05:36;"Tarifa Base Fuera de Punta";392,83
"AUTOMAAS CHILE SPA";78343019-3;20821947;LPPZ31;PA10;"Ruta 5 Sur - Norte";"La Marina San Nicolás Oriente";2026-09-01;06:06:30;"Tarifa Base Fuera de Punta";285,79
"AUTOMAAS CHILE SPA";78343019-3;20821947;LPPZ31;PA31;"Ruta 5 Sur - Norte";"Avenida Matta";2026-09-01;06:08:23;"Tarifa Base Fuera de Punta";368,93
"AUTOMAAS CHILE SPA";78343019-3;20821947;LPPZ31;PA13;"Ruta 5 Sur - Norte";"Alameda - Rio Mapocho";2026-09-01;06:09:53;"Tarifa Base Fuera de Punta";181,86
"AUTOMAAS CHILE SPA";78343019-3;20821947;PJHJ69;PA8;"Ruta 5 Norte - Sur";"Lo Espejo Poniente";2026-09-01;06:24:59;"Tarifa Base Fuera de Punta";452,06
"AUTOMAAS CHILE SPA";78343019-3;20821947;PJHJ69;PA32;"Ruta 5 Norte - Sur";"Lo Blanco - Las Acacias";2026-09-01;06:26:04;"Tarifa Base Fuera de Punta";176,67
"AUTOMAAS CHILE SPA";78343019-3;20821947;PJHJ69;PA6;"Ruta 5 Norte - Sur";"Colón Poniente";2026-09-01;06:27:32;"Tarifa Base Fuera de Punta";157,96
"AUTOMAAS CHILE SPA";78343019-3;20821947;LPPZ24;PA13;"Ruta 5 Sur - Norte";"Alameda - Rio Mapocho";2026-09-01;06:50:00;"Tarifa Base Punta";363,73
"AUTOMAAS CHILE SPA";78343019-3;20821947;PJHJ69;PA5;"Ruta 5 Sur - Norte";"Colón Oriente";2026-09-01;06:50:29;"Tarifa Base Punta";669,27
"AUTOMAAS CHILE SPA";78343019-3;20821947;LPPZ24;PA16;"Ruta 5 Sur - Norte";"Avda Santa María Oriente";2026-09-01;06:53:08;"Tarifa Base Fuera de Punta";425,04
"AUTOMAAS CHILE SPA";78343019-3;20821947;PJHJ69;PA7;"Ruta 5 Sur - Norte";"Lo Espejo Oriente";2026-09-01;06:54:11;"Tarifa Base Fuera de Punta";452,06
"AUTOMAAS CHILE SPA";78343019-3;20821947;LPPZ31;PA14;"Ruta 5 Norte - Sur";"Alameda Poniente";2026-09-01;07:07:47;"Tarifa Base Punta";363,73
"AUTOMAAS CHILE SPA";78343019-3;20821947;LPPZ31;PA12;"Ruta 5 Norte - Sur";"Avda Matta Poniente";2026-09-01;07:09:18;"Tarifa Base Punta";737,86
"AUTOMAAS CHILE SPA";78343019-3;20821947;LPPZ31;PA11;"Ruta 5 Norte - Sur";"La Marina San Nicolás Poniente";2026-09-01;07:11:14;"Tarifa Base Fuera de Punta";285,79
"AUTOMAAS CHILE SPA";78343019-3;20821947;LPPZ31;PA9;"Ruta 5 Norte - Sur";"Lo Ovalle Poniente";2026-09-01;07:12:05;"Tarifa Base Fuera de Punta";392,83
"AUTOMAAS CHILE SPA";78343019-3;20821947;PJHJ69;PA31;"Ruta 5 Sur - Norte";"Avenida Matta";2026-09-01;07:39:43;"Tarifa Base Punta";737,86
"AUTOMAAS CHILE SPA";78343019-3;20821947;LPPZ24;PA18;"Ruta 5 Norte - Sur";"Américo Vespucio Poniente";2026-09-01;07:39:52;"Tarifa Base Punta";924,92
"AUTOMAAS CHILE SPA";78343019-3;20821947;LPPZ24;PA29;"General Velasquez Norte - Sur";"Cerro Renca Poniente";2026-09-01;07:41:24;"Tarifa Base Fuera de Punta";512,34
"AUTOMAAS CHILE SPA";78343019-3;20821947;PJHJ69;PA13;"Ruta 5 Sur - Norte";"Alameda - Rio Mapocho";2026-09-01;07:42:50;"Tarifa Base Punta";363,73
"AUTOMAAS CHILE SPA";78343019-3;20821947;PJHJ69;PA16;"Ruta 5 Sur - Norte";"Avda Santa María Oriente";2026-09-01;07:46:21;"Tarifa Base Punta";850,10
"AUTOMAAS CHILE SPA";78343019-3;20821947;LPPZ24;PA26;"General Velasquez Norte - Sur";"San Pablo Poniente";2026-09-01;07:46:32;"Tarifa Base Fuera de Punta";421,93
"AUTOMAAS CHILE SPA";78343019-3;20821947;LPPZ24;PA24;"General Velasquez Norte - Sur";"Carlos Valdovinos Poniente";2026-09-01;07:48:00;"Tarifa Base Fuera de Punta";287,86
"AUTOMAAS CHILE SPA";78343019-3;20821947;LPPZ24;PA22;"General Velasquez Norte - Sur";"Lo Ovalle Poniente";2026-09-01;07:50:36;"Tarifa Base Fuera de Punta";512,34
"AUTOMAAS CHILE SPA";78343019-3;20821947;PJHJ69;PA17;"Ruta 5 Sur - Norte";"Américo Vespucio Oriente";2026-09-01;07:52:24;"Tarifa Base Punta";924,92
"AUTOMAAS CHILE SPA";78343019-3;20821947;LPPZ24;PA20;"General Velasquez Norte - Sur";"Lo Espejo Poniente";2026-09-01;07:52:27;"Tarifa Base Fuera de Punta";412,57
"AUTOMAAS CHILE SPA";78343019-3;20821947;LPPZ24;PA32;"Ruta 5 Norte - Sur";"Lo Blanco - Las Acacias";2026-09-01;07:53:54;"Tarifa Base Fuera de Punta";176,67
"AUTOMAAS CHILE SPA";78343019-3;20821947;LPPZ24;PA6;"Ruta 5 Norte - Sur";"Colón Poniente";2026-09-01;07:55:32;"Tarifa Base Fuera de Punta";157,96
"AUTOMAAS CHILE SPA";78343019-3;20821947;PJHJ69;PA18;"Ruta 5 Norte - Sur";"Américo Vespucio Poniente";2026-09-01;08:37:52;"Tarifa Base Fuera de Punta";462,46
"AUTOMAAS CHILE SPA";78343019-3;20821947;PJHJ69;PA15;"Ruta 5 Norte - Sur";"Bulnes Poniente";2026-09-01;08:42:52;"Tarifa Base Punta";850,10
"AUTOMAAS CHILE SPA";78343019-3;20821947;PJHJ69;PA14;"Ruta 5 Norte - Sur";"Alameda Poniente";2026-09-01;08:48:16;"Tarifa Base Fuera de Punta";181,86
"AUTOMAAS CHILE SPA";78343019-3;20821947;PJHJ69;PA12;"Ruta 5 Norte - Sur";"Avda Matta Poniente";2026-09-01;08:49:42;"Tarifa Base Fuera de Punta";368,93
"AUTOMAAS CHILE SPA";78343019-3;20821947;PJHJ69;PA11;"Ruta 5 Norte - Sur";"La Marina San Nicolás Poniente";2026-09-01;08:51:48;"Tarifa Base Fuera de Punta";285,79
"AUTOMAAS CHILE SPA";78343019-3;20821947;LPPZ24;PA7;"Ruta 5 Sur - Norte";"Lo Espejo Oriente";2026-09-01;17:53:18;"Tarifa Base Fuera de Punta";452,06
"AUTOMAAS CHILE SPA";78343019-3;20821947;HXJJ44;PA28;"General Velasquez Sur - Norte";"Cerro Renca Oriente";2026-09-01;17:53:32;"Tarifa Base Fuera de Punta";512,34
"AUTOMAAS CHILE SPA";78343019-3;20821947;HXJJ44;PA17;"Ruta 5 Sur - Norte";"Américo Vespucio Oriente";2026-09-01;17:59:42;"Tarifa Base Punta";924,92
"AUTOMAAS CHILE SPA";78343019-3;20821947;LPPZ24;PA10;"Ruta 5 Sur - Norte";"La Marina San Nicolás Oriente";2026-09-01;18:49:03;"Tarifa Base Fuera de Punta";285,79
"AUTOMAAS CHILE SPA";78343019-3;20821947;LPPZ24;PA31;"Ruta 5 Sur - Norte";"Avenida Matta";2026-09-01;18:51:06;"Tarifa Base Punta";737,86
"AUTOMAAS CHILE SPA";78343019-3;20821947;LPPZ24;PA13;"Ruta 5 Sur - Norte";"Alameda - Rio Mapocho";2026-09-01;18:52:51;"Tarifa Base Punta";363,73
"AUTOMAAS CHILE SPA";78343019-3;20821947;LPPZ24;PA16;"Ruta 5 Sur - Norte";"Avda Santa María Oriente";2026-09-01;18:56:05;"Tarifa Base Fuera de Punta";425,04
"AUTOMAAS CHILE SPA";78343019-3;20821947;LPPZ24;PA17;"Ruta 5 Sur - Norte";"Américo Vespucio Oriente";2026-09-01;19:01:20;"Tarifa Base Punta";924,92
"AUTOMAAS CHILE SPA";78343019-3;20821947;LPPZ31;PA28;"General Velasquez Sur - Norte";"Cerro Renca Oriente";2026-09-01;19:14:03;"Tarifa Base Fuera de Punta";512,34
"AUTOMAAS CHILE SPA";78343019-3;20821947;LPPZ31;PA17;"Ruta 5 Sur - Norte";"Américo Vespucio Oriente";2026-09-01;19:15:37;"Tarifa Base Punta";924,92
"AUTOMAAS CHILE SPA";78343019-3;20821947;HXJJ44;PA28;"General Velasquez Sur - Norte";"Cerro Renca Oriente";2026-09-01;19:19:44;"Tarifa Base Fuera de Punta";512,34
"AUTOMAAS CHILE SPA";78343019-3;20821947;HXJJ44;PA17;"Ruta 5 Sur - Norte";"Américo Vespucio Oriente";2026-09-01;19:21:21;"Tarifa Base Punta";924,92
"AUTOMAAS CHILE SPA";78343019-3;20821947;LJDV98;PA16;"Ruta 5 Sur - Norte";"Avda Santa María Oriente";2026-09-01;19:35:21;"Tarifa Base Fuera de Punta";425,04
"AUTOMAAS CHILE SPA";78343019-3;20821947;LJDV98;PA17;"Ruta 5 Sur - Norte";"Américo Vespucio Oriente";2026-09-01;19:38:43;"Tarifa Base Fuera de Punta";462,46
"AUTOMAAS CHILE SPA";78343019-3;20821947;LPPZ31;PA18;"Ruta 5 Norte - Sur";"Américo Vespucio Poniente";2026-09-01;20:18:59;"Tarifa Base Fuera de Punta";462,46
"AUTOMAAS CHILE SPA";78343019-3;20821947;LPPZ31;PA15;"Ruta 5 Norte - Sur";"Bulnes Poniente";2026-09-01;20:23:18;"Tarifa Base Punta";850,10
"AUTOMAAS CHILE SPA";78343019-3;20821947;LPPZ31;PA14;"Ruta 5 Norte - Sur";"Alameda Poniente";2026-09-01;20:25:41;"Tarifa Base Punta";363,73
"AUTOMAAS CHILE SPA";78343019-3;20821947;LPPZ24;PA18;"Ruta 5 Norte - Sur";"Américo Vespucio Poniente";2026-09-01;20:25:56;"Tarifa Base Fuera de Punta";462,46
"AUTOMAAS CHILE SPA";78343019-3;20821947;LJDV98;PA18;"Ruta 5 Norte - Sur";"Américo Vespucio Poniente";2026-09-01;20:27:38;"Tarifa Base Fuera de Punta";462,46
"AUTOMAAS CHILE SPA";78343019-3;20821947;LJDV98;PA15;"Ruta 5 Norte - Sur";"Bulnes Poniente";2026-09-01;20:32:21;"Tarifa Base Fuera de Punta";425,04
"AUTOMAAS CHILE SPA";78343019-3;20821947;LJDV98;PA14;"Ruta 5 Norte - Sur";"Alameda Poniente";2026-09-01;20:34:27;"Tarifa Base Fuera de Punta";181,86
"AUTOMAAS CHILE SPA";78343019-3;20821947;LPPZ24;PA14;"Ruta 5 Norte - Sur";"Alameda Poniente";2026-09-01;20:38:30;"Tarifa Base Fuera de Punta";181,86
"AUTOMAAS CHILE SPA";78343019-3;20821947;LPPZ24;PA12;"Ruta 5 Norte - Sur";"Avda Matta Poniente";2026-09-01;20:40:01;"Tarifa Base Fuera de Punta";368,93
"AUTOMAAS CHILE SPA";78343019-3;20821947;LPPZ24;PA9;"Ruta 5 Norte - Sur";"Lo Ovalle Poniente";2026-09-01;21:07:10;"Tarifa Base Fuera de Punta";392,83
"AUTOMAAS CHILE SPA";78343019-3;20821947;LPPZ24;PA8;"Ruta 5 Norte - Sur";"Lo Espejo Poniente";2026-09-01;21:09:58;"Tarifa Base Fuera de Punta";452,06
"AUTOMAAS CHILE SPA";78343019-3;20821947;LPPZ24;PA32;"Ruta 5 Norte - Sur";"Lo Blanco - Las Acacias";2026-09-01;21:10:57;"Tarifa Base Fuera de Punta";176,67
"AUTOMAAS CHILE SPA";78343019-3;20821947;LPPZ24;PA6;"Ruta 5 Norte - Sur";"Colón Poniente";2026-09-01;21:15:22;"Tarifa Base Fuera de Punta";157,96
"AUTOMAAS CHILE SPA";78343019-3;20821947;CYPW26;PA12;"Ruta 5 Norte - Sur";"Avda Matta Poniente";2026-09-01;22:16:41;"Tarifa Base Fuera de Punta";368,93
"AUTOMAAS CHILE SPA";78343019-3;20821947;CYPW26;PA11;"Ruta 5 Norte - Sur";"La Marina San Nicolás Poniente";2026-09-01;22:18:56;"Tarifa Base Fuera de Punta";285,79
"AUTOMAAS CHILE SPA";78343019-3;20821947;CYPW26;PA9;"Ruta 5 Norte - Sur";"Lo Ovalle Poniente";2026-09-01;22:19:55;"Tarifa Base Fuera de Punta";392,83
"AUTOMAAS CHILE SPA";78343019-3;20821947;LPPZ31;PA7;"Ruta 5 Sur - Norte";"Lo Espejo Oriente";2026-09-01;22:55:44;"Tarifa Base Fuera de Punta";452,06
"AUTOMAAS CHILE SPA";78343019-3;20821947;KXZS95;PA14;"Ruta 5 Norte - Sur";"Alameda Poniente";2026-09-01;23:20:53;"Tarifa Base Fuera de Punta";181,86
"AUTOMAAS CHILE SPA";78343019-3;20821947;KXZS95;PA12;"Ruta 5 Norte - Sur";"Avda Matta Poniente";2026-09-01;23:24:22;"Tarifa Base Fuera de Punta";368,93
"AUTOMAAS CHILE SPA";78343019-3;20821947;KXZS95;PA11;"Ruta 5 Norte - Sur";"La Marina San Nicolás Poniente";2026-09-01;23:26:17;"Tarifa Base Fuera de Punta";285,79
"AUTOMAAS CHILE SPA";78343019-3;20821947;KXZS95;PA9;"Ruta 5 Norte - Sur";"Lo Ovalle Poniente";2026-09-01;23:27:07;"Tarifa Base Fuera de Punta";392,83
"AUTOMAAS CHILE SPA";78343019-3;20821947;LJDV98;PA20;"General Velasquez Norte - Sur";"Lo Espejo Poniente";2026-09-01;23:46:58;"Tarifa Base Fuera de Punta";412,57
"AUTOMAAS CHILE SPA";78343019-3;20821947;LJDV98;PA32;"Ruta 5 Norte - Sur";"Lo Blanco - Las Acacias";2026-09-01;23:48:33;"Tarifa Base Fuera de Punta";176,67
"AUTOMAAS CHILE SPA";78343019-3;20821947;KXZS95;PA32;"Ruta 5 Norte - Sur";"Lo Blanco - Las Acacias";2026-09-02;00:32:06;"Tarifa Base Fuera de Punta";176,67
"AUTOMAAS CHILE SPA";78343019-3;20821947;PJHJ69;PA10;"Ruta 5 Sur - Norte";"La Marina San Nicolás Oriente";2026-09-02;00:57:01;"Tarifa Base Fuera de Punta";285,79
"AUTOMAAS CHILE SPA";78343019-3;20821947;PJHJ69;PA31;"Ruta 5 Sur - Norte";"Avenida Matta";2026-09-02;00:59:01;"Tarifa Base Fuera de Punta";368,93
"AUTOMAAS CHILE SPA";78343019-3;20821947;KXZS95;PA5;"Ruta 5 Sur - Norte";"Colón Oriente";2026-09-02;01:00:18;"Tarifa Base Fuera de Punta";334,63
"AUTOMAAS CHILE SPA";78343019-3;20821947;PJHJ69;PA13;"Ruta 5 Sur - Norte";"Alameda - Rio Mapocho";2026-09-02;01:00:29;"Tarifa Base Fuera de Punta";181,86
"AUTOMAAS CHILE SPA";78343019-3;20821947;KXZS95;PA19;"General Velasquez Sur - Norte";"Puerta Sur Oriente";2026-09-02;01:02:12;"Tarifa Base Fuera de Punta";412,57
"AUTOMAAS CHILE SPA";78343019-3;20821947;LPPZ31;PA21;"General Velasquez Sur - Norte";"Lo Ovalle Oriente";2026-09-02;01:09:23;"Tarifa Base Fuera de Punta";512,34
"AUTOMAAS CHILE SPA";78343019-3;20821947;LPPZ31;PA23;"General Velasquez Sur - Norte";"Carlos Valdovinos Oriente";2026-09-02;01:11:52;"Tarifa Base Fuera de Punta";287,86
"AUTOMAAS CHILE SPA";78343019-3;20821947;PJHJ69;PA14;"Ruta 5 Norte - Sur";"Alameda Poniente";2026-09-02;01:13:14;"Tarifa Base Fuera de Punta";181,86
"AUTOMAAS CHILE SPA";78343019-3;20821947;LPPZ31;PA24;"General Velasquez Norte - Sur";"Carlos Valdovinos Poniente";2026-09-02;01:21:29;"Tarifa Base Fuera de Punta";287,86
"AUTOMAAS CHILE SPA";78343019-3;20821947;PJHJ69;PA16;"Ruta 5 Sur - Norte";"Avda Santa María Oriente";2026-09-02;01:24:04;"Tarifa Base Fuera de Punta";425,04
"AUTOMAAS CHILE SPA";78343019-3;20821947;LPPZ31;PA22;"General Velasquez Norte - Sur";"Lo Ovalle Poniente";2026-09-02;01:24:11;"Tarifa Base Fuera de Punta";512,34
"AUTOMAAS CHILE SPA";78343019-3;20821947;LPPZ31;PA21;"General Velasquez Sur - Norte";"Lo Ovalle Oriente";2026-09-02;01:26:05;"Tarifa Base Fuera de Punta";512,34
"AUTOMAAS CHILE SPA";78343019-3;20821947;PJHJ69;PA17;"Ruta 5 Sur - Norte";"Américo Vespucio Oriente";2026-09-02;01:33:54;"Tarifa Base Fuera de Punta";462,46
"AUTOMAAS CHILE SPA";78343019-3;20821947;KXZS95;PA32;"Ruta 5 Norte - Sur";"Lo Blanco - Las Acacias";2026-09-02;03:42:32;"Tarifa Base Fuera de Punta";176,67
"AUTOMAAS CHILE SPA";78343019-3;20821947;KXZS95;PA3;"Ruta 5 Sur - Norte";"Calera de Tango Oriente";2026-09-02;04:48:11;"Tarifa Base Fuera de Punta";585,09
"AUTOMAAS CHILE SPA";78343019-3;20821947;KXZS95;PA5;"Ruta 5 Sur - Norte";"Colón Oriente";2026-09-02;04:50:45;"Tarifa Base Fuera de Punta";334,63
"AUTOMAAS CHILE SPA";78343019-3;20821947;KXZS95;PA19;"General Velasquez Sur - Norte";"Puerta Sur Oriente";2026-09-02;05:00:46;"Tarifa Base Fuera de Punta";412,57
"AUTOMAAS CHILE SPA";78343019-3;20821947;LPPZ31;PA21;"General Velasquez Sur - Norte";"Lo Ovalle Oriente";2026-09-02;05:24:06;"Tarifa Base Fuera de Punta";512,34
"AUTOMAAS CHILE SPA";78343019-3;20821947;LPPZ31;PA23;"General Velasquez Sur - Norte";"Carlos Valdovinos Oriente";2026-09-02;05:27:21;"Tarifa Base Fuera de Punta";287,86
"AUTOMAAS CHILE SPA";78343019-3;20821947;LPPZ31;PA25;"General Velasquez Sur - Norte";"San Pablo Oriente";2026-09-02;05:29:07;"Tarifa Base Fuera de Punta";421,93
"AUTOMAAS CHILE SPA";78343019-3;20821947;LPPZ24;PA5;"Ruta 5 Sur - Norte";"Colón Oriente";2026-09-02;05:33:21;"Tarifa Base Fuera de Punta";334,63
"AUTOMAAS CHILE SPA";78343019-3;20821947;LPPZ24;PA7;"Ruta 5 Sur - Norte";"Lo Espejo Oriente";2026-09-02;05:35:48;"Tarifa Base Fuera de Punta";452,06
"AUTOMAAS CHILE SPA";78343019-3;20821947;LPPZ24;PA30;"Ruta 5 Sur - Norte";"Americo Vespucio - Departamental";2026-09-02;05:38:37;"Tarifa Base Fuera de Punta";392,83
"AUTOMAAS CHILE SPA";78343019-3;20821947;LPPZ24;PA10;"Ruta 5 Sur - Norte";"La Marina San Nicolás Oriente";2026-09-02;05:39:26;"Tarifa Base Fuera de Punta";285,79
"AUTOMAAS CHILE SPA";78343019-3;20821947;LPPZ31;PA28;"General Velasquez Sur - Norte";"Cerro Renca Oriente";2026-09-02;05:41:14;"Tarifa Base Fuera de Punta";512,34
"AUTOMAAS CHILE SPA";78343019-3;20821947;LPPZ31;PA17;"Ruta 5 Sur - Norte";"Américo Vespucio Oriente";2026-09-02;05:42:35;"Tarifa Base Fuera de Punta";462,46
"AUTOMAAS CHILE SPA";78343019-3;20821947;LDWP36;PA31;"Ruta 5 Sur - Norte";"Avenida Matta";2026-09-02;05:59:46;"Tarifa Base Fuera de Punta";368,93
"AUTOMAAS CHILE SPA";78343019-3;20821947;LDWP36;PA13;"Ruta 5 Sur - Norte";"Alameda - Rio Mapocho";2026-09-02;06:01:23;"Tarifa Base Fuera de Punta";181,86
"AUTOMAAS CHILE SPA";78343019-3;20821947;PJHJ69;PA8;"Ruta 5 Norte - Sur";"Lo Espejo Poniente";2026-09-02;06:16:43;"Tarifa Base Fuera de Punta";452,06
"AUTOMAAS CHILE SPA";78343019-3;20821947;PJHJ69;PA32;"Ruta 5 Norte - Sur";"Lo Blanco - Las Acacias";2026-09-02;06:17:54;"Tarifa Base Fuera de Punta";176,67
"AUTOMAAS CHILE SPA";78343019-3;20821947;PJHJ69;PA6;"Ruta 5 Norte - Sur";"Colón Poniente";2026-09-02;06:19:40;"Tarifa Base Fuera de Punta";157,96
"AUTOMAAS CHILE SPA";78343019-3;20821947;LPPZ24;PA13;"Ruta 5 Sur - Norte";"Alameda - Rio Mapocho";2026-09-02;06:28:04;"Tarifa Base Fuera de Punta";181,86
"AUTOMAAS CHILE SPA";78343019-3;20821947;LPPZ24;PA16;"Ruta 5 Sur - Norte";"Avda Santa María Oriente";2026-09-02;06:30:51;"Tarifa Base Fuera de Punta";425,04
"AUTOMAAS CHILE SPA";78343019-3;20821947;PJHJ69;PA5;"Ruta 5 Sur - Norte";"Colón Oriente";2026-09-02;06:51:09;"Tarifa Base Punta";669,27
"AUTOMAAS CHILE SPA";78343019-3;20821947;PJHJ69;PA7;"Ruta 5 Sur - Norte";"Lo Espejo Oriente";2026-09-02;06:55:11;"Tarifa Base Fuera de Punta";904,13
"AUTOMAAS CHILE SPA";78343019-3;20821947;LPPZ24;PA18;"Ruta 5 Norte - Sur";"Américo Vespucio Poniente";2026-09-02;07:08:32;"Tarifa Base Punta";924,92
"AUTOMAAS CHILE SPA";78343019-3;20821947;LPPZ24;PA29;"General Velasquez Norte - Sur";"Cerro Renca Poniente";2026-09-02;07:09:57;"Tarifa Base Fuera de Punta";512,34
"AUTOMAAS CHILE SPA";78343019-3;20821947;LPPZ24;PA26;"General Velasquez Norte - Sur";"San Pablo Poniente";2026-09-02;07:14:36;"Tarifa Base Fuera de Punta";421,93
"AUTOMAAS CHILE SPA";78343019-3;20821947;LPPZ24;PA24;"General Velasquez Norte - Sur";"Carlos Valdovinos Poniente";2026-09-02;07:16:04;"Tarifa Base Fuera de Punta";287,86
"AUTOMAAS CHILE SPA";78343019-3;20821947;LDWP36;PA14;"Ruta 5 Norte - Sur";"Alameda Poniente";2026-09-02;07:17:54;"Tarifa Base Punta";363,73
"AUTOMAAS CHILE SPA";78343019-3;20821947;LPPZ24;PA22;"General Velasquez Norte - Sur";"Lo Ovalle Poniente";2026-09-02;07:18:27;"Tarifa Base Fuera de Punta";512,34
"AUTOMAAS CHILE SPA";78343019-3;20821947;LDWP36;PA12;"Ruta 5 Norte - Sur";"Avda Matta Poniente";2026-09-02;07:19:22;"Tarifa Base Punta";737,86
"AUTOMAAS CHILE SPA";78343019-3;20821947;LPPZ24;PA20;"General Velasquez Norte - Sur";"Lo Espejo Poniente";2026-09-02;07:20:35;"Tarifa Base Fuera de Punta";412,57
"AUTOMAAS CHILE SPA";78343019-3;20821947;LDWP36;PA11;"Ruta 5 Norte - Sur";"La Marina San Nicolás Poniente";2026-09-02;07:21:12;"Tarifa Base Fuera de Punta";285,79
"AUTOMAAS CHILE SPA";78343019-3;20821947;LDWP36;PA9;"Ruta 5 Norte - Sur";"Lo Ovalle Poniente";2026-09-02;07:21:56;"Tarifa Base Fuera de Punta";392,83
"AUTOMAAS CHILE SPA";78343019-3;20821947;LPPZ24;PA32;"Ruta 5 Norte - Sur";"Lo Blanco - Las Acacias";2026-09-02;07:22:01;"Tarifa Base Fuera de Punta";176,67
"AUTOMAAS CHILE SPA";78343019-3;20821947;LPPZ24;PA6;"Ruta 5 Norte - Sur";"Colón Poniente";2026-09-02;07:23:31;"Tarifa Base Fuera de Punta";157,96
"AUTOMAAS CHILE SPA";78343019-3;20821947;LPPZ31;PA16;"Ruta 5 Sur - Norte";"Avda Santa María Oriente";2026-09-02;07:23:43;"Tarifa Base Fuera de Punta";425,04
"AUTOMAAS CHILE SPA";78343019-3;20821947;LPPZ31;PA17;"Ruta 5 Sur - Norte";"Américo Vespucio Oriente";2026-09-02;07:28:43;"Tarifa Base Punta";924,92
"AUTOMAAS CHILE SPA";78343019-3;20821947;PJHJ69;PA23;"General Velasquez Sur - Norte";"Carlos Valdovinos Oriente";2026-09-02;07:31:29;"Tarifa Base Punta";575,74
"AUTOMAAS CHILE SPA";78343019-3;20821947;PJHJ69;PA25;"General Velasquez Sur - Norte";"San Pablo Oriente";2026-09-02;07:34:04;"Tarifa Base Punta";843,86
"AUTOMAAS CHILE SPA";78343019-3;20821947;PJHJ69;PA28;"General Velasquez Sur - Norte";"Cerro Renca Oriente";2026-09-02;07:42:13;"Tarifa Saturación";1.537,04
"AUTOMAAS CHILE SPA";78343019-3;20821947;PJHJ69;PA17;"Ruta 5 Sur - Norte";"Américo Vespucio Oriente";2026-09-02;07:44:44;"Tarifa Base Punta";924,92
"AUTOMAAS CHILE SPA";78343019-3;20821947;HXJJ44;PA22;"General Velasquez Norte - Sur";"Lo Ovalle Poniente";2026-09-02;08:16:58;"Tarifa Base Fuera de Punta";512,34
"AUTOMAAS CHILE SPA";78343019-3;20821947;PJHJ69;PA18;"Ruta 5 Norte - Sur";"Américo Vespucio Poniente";2026-09-02;08:23:27;"Tarifa Base Punta";924,92
"AUTOMAAS CHILE SPA";78343019-3;20821947;KXZS95;PA18;"Ruta 5 Norte - Sur";"Américo Vespucio Poniente";2026-09-02;08:23:31;"Tarifa Base Punta";924,92
"AUTOMAAS CHILE SPA";78343019-3;20821947;PJHJ69;PA15;"Ruta 5 Norte - Sur";"Bulnes Poniente";2026-09-02;08:28:22;"Tarifa Base Fuera de Punta";425,04
"AUTOMAAS CHILE SPA";78343019-3;20821947;PJHJ69;PA14;"Ruta 5 Norte - Sur";"Alameda Poniente";2026-09-02;08:31:41;"Tarifa Base Fuera de Punta";181,86
"AUTOMAAS CHILE SPA";78343019-3;20821947;PJHJ69;PA12;"Ruta 5 Norte - Sur";"Avda Matta Poniente";2026-09-02;08:33:13;"Tarifa Base Fuera de Punta";368,93
"AUTOMAAS CHILE SPA";78343019-3;20821947;PJHJ69;PA11;"Ruta 5 Norte - Sur";"La Marina San Nicolás Poniente";2026-09-02;08:35:07;"Tarifa Base Fuera de Punta";285,79
"AUTOMAAS CHILE SPA";78343019-3;20821947;KXZS95;PA26;"General Velasquez Norte - Sur";"San Pablo Poniente";2026-09-02;08:42:10;"Tarifa Base Fuera de Punta";421,93
"AUTOMAAS CHILE SPA";78343019-3;20821947;LPPZ31;PA14;"Ruta 5 Norte - Sur";"Alameda Poniente";2026-09-02;09:56:39;"Tarifa Base Fuera de Punta";181,86
"AUTOMAAS CHILE SPA";78343019-3;20821947;LPPZ31;PA12;"Ruta 5 Norte - Sur";"Avda Matta Poniente";2026-09-02;09:58:38;"Tarifa Base Fuera de Punta";368,93
"AUTOMAAS CHILE SPA";78343019-3;20821947;LPPZ31;PA11;"Ruta 5 Norte - Sur";"La Marina San Nicolás Poniente";2026-09-02;10:00:39;"Tarifa Base Fuera de Punta";285,79
"AUTOMAAS CHILE SPA";78343019-3;20821947;LPPZ31;PA9;"Ruta 5 Norte - Sur";"Lo Ovalle Poniente";2026-09-02;10:01:25;"Tarifa Base Fuera de Punta";392,83
"AUTOMAAS CHILE SPA";78343019-3;20821947;HXJJ44;PA30;"Ruta 5 Sur - Norte";"Americo Vespucio - Departamental";2026-09-02;13:43:51;"Tarifa Base Fuera de Punta";392,83
"AUTOMAAS CHILE SPA";78343019-3;20821947;HXJJ44;PA10;"Ruta 5 Sur - Norte";"La Marina San Nicolás Oriente";2026-09-02;13:44:52;"Tarifa Base Fuera de Punta";285,79
"AUTOMAAS CHILE SPA";78343019-3;20821947;HXJJ44;PA31;"Ruta 5 Sur - Norte";"Avenida Matta";2026-09-02;13:47:27;"Tarifa Base Punta";737,86
"AUTOMAAS CHILE SPA";78343019-3;20821947;HXJJ44;PA12;"Ruta 5 Norte - Sur";"Avda Matta Poniente";2026-09-02;14:18:41;"Tarifa Base Fuera de Punta";368,93
"AUTOMAAS CHILE SPA";78343019-3;20821947;KXZS95;PA14;"Ruta 5 Norte - Sur";"Alameda Poniente";2026-09-02;14:19:50;"Tarifa Base Fuera de Punta";181,86
"AUTOMAAS CHILE SPA";78343019-3;20821947;KXZS95;PA12;"Ruta 5 Norte - Sur";"Avda Matta Poniente";2026-09-02;14:21:37;"Tarifa Base Fuera de Punta";368,93
"AUTOMAAS CHILE SPA";78343019-3;20821947;HXJJ44;PA11;"Ruta 5 Norte - Sur";"La Marina San Nicolás Poniente";2026-09-02;14:24:21;"Tarifa Base Fuera de Punta";285,79
"AUTOMAAS CHILE SPA";78343019-3;20821947;HXJJ44;PA9;"Ruta 5 Norte - Sur";"Lo Ovalle Poniente";2026-09-02;14:25:23;"Tarifa Base Fuera de Punta";392,83
"AUTOMAAS CHILE SPA";78343019-3;20821947;LPPZ24;PA5;"Ruta 5 Sur - Norte";"Colón Oriente";2026-09-02;18:02:43;"Tarifa Base Fuera de Punta";334,63
"AUTOMAAS CHILE SPA";78343019-3;20821947;LPPZ24;PA19;"General Velasquez Sur - Norte";"Puerta Sur Oriente";2026-09-02;18:04:56;"Tarifa Base Fuera de Punta";412,57
"AUTOMAAS CHILE SPA";78343019-3;20821947;LPPZ24;PA10;"Ruta 5 Sur - Norte";"La Marina San Nicolás Oriente";2026-09-02;18:58:30;"Tarifa Base Fuera de Punta";285,79
"AUTOMAAS CHILE SPA";78343019-3;20821947;LPPZ24;PA31;"Ruta 5 Sur - Norte";"Avenida Matta";2026-09-02;19:00:19;"Tarifa Base Fuera de Punta";368,93
"AUTOMAAS CHILE SPA";78343019-3;20821947;LPPZ24;PA13;"Ruta 5 Sur - Norte";"Alameda - Rio Mapocho";2026-09-02;19:02:18;"Tarifa Base Fuera de Punta";181,86
"AUTOMAAS CHILE SPA";78343019-3;20821947;LPPZ24;PA16;"Ruta 5 Sur - Norte";"Avda Santa María Oriente";2026-09-02;19:05:11;"Tarifa Base Fuera de Punta";425,04
"AUTOMAAS CHILE SPA";78343019-3;20821947;LPPZ24;PA17;"Ruta 5 Sur - Norte";"Américo Vespucio Oriente";2026-09-02;19:09:27;"Tarifa Base Punta";924,92
"AUTOMAAS CHILE SPA";78343019-3;20821947;LDWP36;PA28;"General Velasquez Sur - Norte";"Cerro Renca Oriente";2026-09-02;19:26:28;"Tarifa Base Fuera de Punta";512,34
"AUTOMAAS CHILE SPA";78343019-3;20821947;LDWP36;PA17;"Ruta 5 Sur - Norte";"Américo Vespucio Oriente";2026-09-02;19:28:14;"Tarifa Base Punta";924,92
"AUTOMAAS CHILE SPA";78343019-3;20821947;LJDV98;PA16;"Ruta 5 Sur - Norte";"Avda Santa María Oriente";2026-09-02;19:47:36;"Tarifa Base Fuera de Punta";425,04
"AUTOMAAS CHILE SPA";78343019-3;20821947;LJDV98;PA17;"Ruta 5 Sur - Norte";"Américo Vespucio Oriente";2026-09-02;19:51:39;"Tarifa Base Fuera de Punta";462,46
"AUTOMAAS CHILE SPA";78343019-3;20821947;LJDV98;PA18;"Ruta 5 Norte - Sur";"Américo Vespucio Poniente";2026-09-02;20:18:58;"Tarifa Base Fuera de Punta";462,46
"AUTOMAAS CHILE SPA";78343019-3;20821947;LDWP36;PA18;"Ruta 5 Norte - Sur";"Américo Vespucio Poniente";2026-09-02;20:20:54;"Tarifa Base Fuera de Punta";462,46
"AUTOMAAS CHILE SPA";78343019-3;20821947;LJDV98;PA15;"Ruta 5 Norte - Sur";"Bulnes Poniente";2026-09-02;20:23:53;"Tarifa Base Punta";850,10
"AUTOMAAS CHILE SPA";78343019-3;20821947;LDWP36;PA15;"Ruta 5 Norte - Sur";"Bulnes Poniente";2026-09-02;20:25:15;"Tarifa Base Punta";850,10
"AUTOMAAS CHILE SPA";78343019-3;20821947;LPPZ24;PA18;"Ruta 5 Norte - Sur";"Américo Vespucio Poniente";2026-09-02;20:26:02;"Tarifa Base Fuera de Punta";462,46
"AUTOMAAS CHILE SPA";78343019-3;20821947;LPPZ24;PA29;"General Velasquez Norte - Sur";"Cerro Renca Poniente";2026-09-02;20:27:12;"Tarifa Base Punta";1.024,69
"AUTOMAAS CHILE SPA";78343019-3;20821947;LJDV98;PA14;"Ruta 5 Norte - Sur";"Alameda Poniente";2026-09-02;20:27:41;"Tarifa Base Punta";363,73
"AUTOMAAS CHILE SPA";78343019-3;20821947;LPPZ24;PA26;"General Velasquez Norte - Sur";"San Pablo Poniente";2026-09-02;20:31:51;"Tarifa Base Fuera de Punta";421,93
"AUTOMAAS CHILE SPA";78343019-3;20821947;LPPZ24;PA24;"General Velasquez Norte - Sur";"Carlos Valdovinos Poniente";2026-09-02;20:33:18;"Tarifa Base Fuera de Punta";287,86
"AUTOMAAS CHILE SPA";78343019-3;20821947;LPPZ24;PA9;"Ruta 5 Norte - Sur";"Lo Ovalle Poniente";2026-09-02;20:56:04;"Tarifa Base Fuera de Punta";392,83
"AUTOMAAS CHILE SPA";78343019-3;20821947;LDWP36;PA12;"Ruta 5 Norte - Sur";"Avda Matta Poniente";2026-09-02;20:57:34;"Tarifa Base Fuera de Punta";368,93
"AUTOMAAS CHILE SPA";78343019-3;20821947;LPPZ24;PA8;"Ruta 5 Norte - Sur";"Lo Espejo Poniente";2026-09-02;20:59:00;"Tarifa Base Fuera de Punta";452,06
"AUTOMAAS CHILE SPA";78343019-3;20821947;LPPZ24;PA32;"Ruta 5 Norte - Sur";"Lo Blanco - Las Acacias";2026-09-02;21:00:02;"Tarifa Base Fuera de Punta";176,67
"AUTOMAAS CHILE SPA";78343019-3;20821947;LPPZ24;PA6;"Ruta 5 Norte - Sur";"Colón Poniente";2026-09-02;21:01:26;"Tarifa Base Fuera de Punta";157,96
"AUTOMAAS CHILE SPA";78343019-3;20821947;LPPZ24;PA37;"Ruta 5 Norte - Sur";"Colón, Calera de Tango";2026-09-02;21:02:28;"Tarifa Base Fuera de Punta";455,18
"AUTOMAAS CHILE SPA";78343019-3;20821947;KXZS95;PA32;"Ruta 5 Norte - Sur";"Lo Blanco - Las Acacias";2026-09-03;00:25:50;"Tarifa Base Fuera de Punta";176,67
"AUTOMAAS CHILE SPA";78343019-3;20821947;KXZS95;PA5;"Ruta 5 Sur - Norte";"Colón Oriente";2026-09-03;00:56:06;"Tarifa Base Fuera de Punta";334,63
"AUTOMAAS CHILE SPA";78343019-3;20821947;KXZS95;PA19;"General Velasquez Sur - Norte";"Puerta Sur Oriente";2026-09-03;00:58:27;"Tarifa Base Fuera de Punta";412,57
"AUTOMAAS CHILE SPA";78343019-3;20821947;LPPZ31;PA21;"General Velasquez Sur - Norte";"Lo Ovalle Oriente";2026-09-03;01:14:05;"Tarifa Base Fuera de Punta";512,34
"AUTOMAAS CHILE SPA";78343019-3;20821947;LPPZ31;PA23;"General Velasquez Sur - Norte";"Carlos Valdovinos Oriente";2026-09-03;01:17:06;"Tarifa Base Fuera de Punta";287,86
"AUTOMAAS CHILE SPA";78343019-3;20821947;LPPZ31;PA25;"General Velasquez Sur - Norte";"San Pablo Oriente";2026-09-03;01:18:50;"Tarifa Base Fuera de Punta";421,93
"AUTOMAAS CHILE SPA";78343019-3;20821947;LPPZ31;PA14;"Ruta 5 Norte - Sur";"Alameda Poniente";2026-09-03;01:29:30;"Tarifa Base Fuera de Punta";181,86
"AUTOMAAS CHILE SPA";78343019-3;20821947;LPPZ31;PA12;"Ruta 5 Norte - Sur";"Avda Matta Poniente";2026-09-03;01:31:05;"Tarifa Base Fuera de Punta";368,93
"AUTOMAAS CHILE SPA";78343019-3;20821947;LPPZ31;PA11;"Ruta 5 Norte - Sur";"La Marina San Nicolás Poniente";2026-09-03;01:33:08;"Tarifa Base Fuera de Punta";285,79
"AUTOMAAS CHILE SPA";78343019-3;20821947;LPPZ31;PA9;"Ruta 5 Norte - Sur";"Lo Ovalle Poniente";2026-09-03;01:33:58;"Tarifa Base Fuera de Punta";392,83
"AUTOMAAS CHILE SPA";78343019-3;20821947;KXZS95;PA6;"Ruta 5 Norte - Sur";"Colón Poniente";2026-09-03;04:09:35;"Tarifa Base Fuera de Punta";157,96
"AUTOMAAS CHILE SPA";78343019-3;20821947;KXZS95;PA37;"Ruta 5 Norte - Sur";"Colón, Calera de Tango";2026-09-03;04:10:31;"Tarifa Base Fuera de Punta";455,18
"AUTOMAAS CHILE SPA";78343019-3;20821947;KXZS95;PA19;"General Velasquez Sur - Norte";"Puerta Sur Oriente";2026-09-03;04:59:30;"Tarifa Base Fuera de Punta";412,57
"AUTOMAAS CHILE SPA";78343019-3;20821947;LJDV98;PA8;"Ruta 5 Norte - Sur";"Lo Espejo Poniente";2026-09-03;05:29:36;"Tarifa Base Fuera de Punta";452,06
"AUTOMAAS CHILE SPA";78343019-3;20821947;LJDV98;PA32;"Ruta 5 Norte - Sur";"Lo Blanco - Las Acacias";2026-09-03;05:30:41;"Tarifa Base Fuera de Punta";176,67
"AUTOMAAS CHILE SPA";78343019-3;20821947;LPPZ24;PA7;"Ruta 5 Sur - Norte";"Lo Espejo Oriente";2026-09-03;05:44:02;"Tarifa Base Fuera de Punta";452,06
"AUTOMAAS CHILE SPA";78343019-3;20821947;LDWP36;PA31;"Ruta 5 Sur - Norte";"Avenida Matta";2026-09-03;06:07:22;"Tarifa Base Fuera de Punta";368,93
"AUTOMAAS CHILE SPA";78343019-3;20821947;LDWP36;PA13;"Ruta 5 Sur - Norte";"Alameda - Rio Mapocho";2026-09-03;06:09:19;"Tarifa Base Fuera de Punta";181,86
"AUTOMAAS CHILE SPA";78343019-3;20821947;LPPZ24;PA13;"Ruta 5 Sur - Norte";"Alameda - Rio Mapocho";2026-09-03;06:30:56;"Tarifa Base Punta";363,73
"AUTOMAAS CHILE SPA";78343019-3;20821947;KXZS95;PA23;"General Velasquez Sur - Norte";"Carlos Valdovinos Oriente";2026-09-03;06:52:00;"Tarifa Base Fuera de Punta";287,86
"AUTOMAAS CHILE SPA";78343019-3;20821947;LPPZ24;PA17;"Ruta 5 Sur - Norte";"Américo Vespucio Oriente";2026-09-03;06:53:57;"Tarifa Base Fuera de Punta";462,46
"AUTOMAAS CHILE SPA";78343019-3;20821947;LPPZ24;PA18;"Ruta 5 Norte - Sur";"Américo Vespucio Poniente";2026-09-03;07:03:44;"Tarifa Base Punta";924,92
"AUTOMAAS CHILE SPA";78343019-3;20821947;LPPZ24;PA29;"General Velasquez Norte - Sur";"Cerro Renca Poniente";2026-09-03;07:05:08;"Tarifa Base Fuera de Punta";512,34
"AUTOMAAS CHILE SPA";78343019-3;20821947;LPPZ24;PA26;"General Velasquez Norte - Sur";"San Pablo Poniente";2026-09-03;07:09:46;"Tarifa Base Fuera de Punta";421,93
"AUTOMAAS CHILE SPA";78343019-3;20821947;LPPZ24;PA24;"General Velasquez Norte - Sur";"Carlos Valdovinos Poniente";2026-09-03;07:11:08;"Tarifa Base Fuera de Punta";287,86
"AUTOMAAS CHILE SPA";78343019-3;20821947;KXZS95;PA16;"Ruta 5 Sur - Norte";"Avda Santa María Oriente";2026-09-03;07:12:19;"Tarifa Base Fuera de Punta";425,04
"AUTOMAAS CHILE SPA";78343019-3;20821947;LPPZ24;PA22;"General Velasquez Norte - Sur";"Lo Ovalle Poniente";2026-09-03;07:13:24;"Tarifa Base Fuera de Punta";512,34
"AUTOMAAS CHILE SPA";78343019-3;20821947;LDWP36;PA14;"Ruta 5 Norte - Sur";"Alameda Poniente";2026-09-03;07:14:58;"Tarifa Base Punta";363,73
"AUTOMAAS CHILE SPA";78343019-3;20821947;LPPZ24;PA20;"General Velasquez Norte - Sur";"Lo Espejo Poniente";2026-09-03;07:15:38;"Tarifa Base Fuera de Punta";412,57
"AUTOMAAS CHILE SPA";78343019-3;20821947;LDWP36;PA12;"Ruta 5 Norte - Sur";"Avda Matta Poniente";2026-09-03;07:16:30;"Tarifa Base Punta";737,86
"AUTOMAAS CHILE SPA";78343019-3;20821947;LPPZ24;PA32;"Ruta 5 Norte - Sur";"Lo Blanco - Las Acacias";2026-09-03;07:17:16;"Tarifa Base Fuera de Punta";176,67
"AUTOMAAS CHILE SPA";78343019-3;20821947;KXZS95;PA17;"Ruta 5 Sur - Norte";"Américo Vespucio Oriente";2026-09-03;07:17:18;"Tarifa Base Punta";924,92
"AUTOMAAS CHILE SPA";78343019-3;20821947;LDWP36;PA11;"Ruta 5 Norte - Sur";"La Marina San Nicolás Poniente";2026-09-03;07:18:18;"Tarifa Base Fuera de Punta";285,79
"AUTOMAAS CHILE SPA";78343019-3;20821947;LPPZ24;PA6;"Ruta 5 Norte - Sur";"Colón Poniente";2026-09-03;07:18:50;"Tarifa Base Fuera de Punta";157,96
"AUTOMAAS CHILE SPA";78343019-3;20821947;LDWP36;PA9;"Ruta 5 Norte - Sur";"Lo Ovalle Poniente";2026-09-03;07:19:05;"Tarifa Base Fuera de Punta";392,83
"AUTOMAAS CHILE SPA";78343019-3;20821947;PJHJ69;PA31;"Ruta 5 Sur - Norte";"Avenida Matta";2026-09-03;07:19:43;"Tarifa Base Punta";737,86
"AUTOMAAS CHILE SPA";78343019-3;20821947;PJHJ69;PA13;"Ruta 5 Sur - Norte";"Alameda - Rio Mapocho";2026-09-03;07:22:17;"Tarifa Base Punta";363,73
"AUTOMAAS CHILE SPA";78343019-3;20821947;PJHJ69;PA16;"Ruta 5 Sur - Norte";"Avda Santa María Oriente";2026-09-03;07:25:43;"Tarifa Base Fuera de Punta";425,04
"AUTOMAAS CHILE SPA";78343019-3;20821947;PJHJ69;PA17;"Ruta 5 Sur - Norte";"Américo Vespucio Oriente";2026-09-03;07:40:20;"Tarifa Base Punta";924,92
"AUTOMAAS CHILE SPA";78343019-3;20821947;PJHJ69;PA18;"Ruta 5 Norte - Sur";"Américo Vespucio Poniente";2026-09-03;08:23:49;"Tarifa Base Punta";924,92
"AUTOMAAS CHILE SPA";78343019-3;20821947;PJHJ69;PA15;"Ruta 5 Norte - Sur";"Bulnes Poniente";2026-09-03;08:29:47;"Tarifa Base Fuera de Punta";425,04
"AUTOMAAS CHILE SPA";78343019-3;20821947;PJHJ69;PA14;"Ruta 5 Norte - Sur";"Alameda Poniente";2026-09-03;08:33:47;"Tarifa Base Fuera de Punta";181,86
"AUTOMAAS CHILE SPA";78343019-3;20821947;PJHJ69;PA12;"Ruta 5 Norte - Sur";"Avda Matta Poniente";2026-09-03;08:35:13;"Tarifa Base Fuera de Punta";368,93
"AUTOMAAS CHILE SPA";78343019-3;20821947;KXZS95;PA18;"Ruta 5 Norte - Sur";"Américo Vespucio Poniente";2026-09-03;08:35:32;"Tarifa Base Fuera de Punta";462,46
"AUTOMAAS CHILE SPA";78343019-3;20821947;PJHJ69;PA11;"Ruta 5 Norte - Sur";"La Marina San Nicolás Poniente";2026-09-03;08:36:57;"Tarifa Base Fuera de Punta";285,79
"AUTOMAAS CHILE SPA";78343019-3;20821947;KXZS95;PA26;"General Velasquez Norte - Sur";"San Pablo Poniente";2026-09-03;08:54:10;"Tarifa Base Fuera de Punta";421,93
"AUTOMAAS CHILE SPA";78343019-3;20821947;CYPW26;PA14;"Ruta 5 Norte - Sur";"Alameda Poniente";2026-09-03;13:55:45;"Tarifa Base Fuera de Punta";181,86
"AUTOMAAS CHILE SPA";78343019-3;20821947;CYPW26;PA12;"Ruta 5 Norte - Sur";"Avda Matta Poniente";2026-09-03;13:57:56;"Tarifa Base Fuera de Punta";368,93
"AUTOMAAS CHILE SPA";78343019-3;20821947;KXZS95;PA30;"Ruta 5 Sur - Norte";"Americo Vespucio - Departamental";2026-09-03;14:48:46;"Tarifa Base Fuera de Punta";392,83
"AUTOMAAS CHILE SPA";78343019-3;20821947;KXZS95;PA10;"Ruta 5 Sur - Norte";"La Marina San Nicolás Oriente";2026-09-03;14:49:31;"Tarifa Base Fuera de Punta";285,79
"AUTOMAAS CHILE SPA";78343019-3;20821947;KXZS95;PA31;"Ruta 5 Sur - Norte";"Avenida Matta";2026-09-03;14:51:31;"Tarifa Base Fuera de Punta";368,93
"AUTOMAAS CHILE SPA";78343019-3;20821947;LPPZ31;PA24;"General Velasquez Norte - Sur";"Carlos Valdovinos Poniente";2026-09-03;16:38:03;"Tarifa Base Fuera de Punta";287,86
"AUTOMAAS CHILE SPA";78343019-3;20821947;LPPZ31;PA22;"General Velasquez Norte - Sur";"Lo Ovalle Poniente";2026-09-03;16:40:43;"Tarifa Base Fuera de Punta";512,34
"AUTOMAAS CHILE SPA";78343019-3;20821947;HXJJ44;PA28;"General Velasquez Sur - Norte";"Cerro Renca Oriente";2026-09-03;17:56:48;"Tarifa Base Fuera de Punta";512,34
"AUTOMAAS CHILE SPA";78343019-3;20821947;HXJJ44;PA17;"Ruta 5 Sur - Norte";"Américo Vespucio Oriente";2026-09-03;18:03:03;"Tarifa Base Punta";924,92
"AUTOMAAS CHILE SPA";78343019-3;20821947;LPPZ24;PA5;"Ruta 5 Sur - Norte";"Colón Oriente";2026-09-03;18:34:11;"Tarifa Base Fuera de Punta";334,63
"AUTOMAAS CHILE SPA";78343019-3;20821947;LPPZ24;PA19;"General Velasquez Sur - Norte";"Puerta Sur Oriente";2026-09-03;18:36:40;"Tarifa Base Fuera de Punta";412,57
"AUTOMAAS CHILE SPA";78343019-3;20821947;LDWP36;PA23;"General Velasquez Sur - Norte";"Carlos Valdovinos Oriente";2026-09-03;18:46:39;"Tarifa Base Fuera de Punta";287,86
"AUTOMAAS CHILE SPA";78343019-3;20821947;LDWP36;PA25;"General Velasquez Sur - Norte";"San Pablo Oriente";2026-09-03;18:48:29;"Tarifa Base Fuera de Punta";421,93
"AUTOMAAS CHILE SPA";78343019-3;20821947;LJDV98;PA13;"Ruta 5 Sur - Norte";"Alameda - Rio Mapocho";2026-09-03;19:21:08;"Tarifa Base Fuera de Punta";181,86
"AUTOMAAS CHILE SPA";78343019-3;20821947;LJDV98;PA16;"Ruta 5 Sur - Norte";"Avda Santa María Oriente";2026-09-03;19:24:23;"Tarifa Base Fuera de Punta";425,04
"AUTOMAAS CHILE SPA";78343019-3;20821947;LJDV98;PA17;"Ruta 5 Sur - Norte";"Américo Vespucio Oriente";2026-09-03;19:29:06;"Tarifa Base Punta";924,92
"AUTOMAAS CHILE SPA";78343019-3;20821947;LPPZ24;PA10;"Ruta 5 Sur - Norte";"La Marina San Nicolás Oriente";2026-09-03;19:34:22;"Tarifa Base Fuera de Punta";285,79
"AUTOMAAS CHILE SPA";78343019-3;20821947;LPPZ24;PA31;"Ruta 5 Sur - Norte";"Avenida Matta";2026-09-03;19:36:32;"Tarifa Base Fuera de Punta";368,93
"AUTOMAAS CHILE SPA";78343019-3;20821947;LPPZ24;PA13;"Ruta 5 Sur - Norte";"Alameda - Rio Mapocho";2026-09-03;19:38:09;"Tarifa Base Fuera de Punta";181,86
"AUTOMAAS CHILE SPA";78343019-3;20821947;LPPZ24;PA16;"Ruta 5 Sur - Norte";"Avda Santa María Oriente";2026-09-03;19:41:18;"Tarifa Base Fuera de Punta";425,04
"AUTOMAAS CHILE SPA";78343019-3;20821947;LDWP36;PA18;"Ruta 5 Norte - Sur";"Américo Vespucio Poniente";2026-09-03;20:19:07;"Tarifa Base Fuera de Punta";462,46
"AUTOMAAS CHILE SPA";78343019-3;20821947;LPPZ24;PA18;"Ruta 5 Norte - Sur";"Américo Vespucio Poniente";2026-09-03;20:21:42;"Tarifa Base Fuera de Punta";462,46
"AUTOMAAS CHILE SPA";78343019-3;20821947;LDWP36;PA15;"Ruta 5 Norte - Sur";"Bulnes Poniente";2026-09-03;20:23:23;"Tarifa Base Punta";850,10
"AUTOMAAS CHILE SPA";78343019-3;20821947;LJDV98;PA18;"Ruta 5 Norte - Sur";"Américo Vespucio Poniente";2026-09-03;20:23:55;"Tarifa Base Fuera de Punta";462,46
"AUTOMAAS CHILE SPA";78343019-3;20821947;LPPZ24;PA15;"Ruta 5 Norte - Sur";"Bulnes Poniente";2026-09-03;20:25:49;"Tarifa Base Punta";850,10
"AUTOMAAS CHILE SPA";78343019-3;20821947;LJDV98;PA15;"Ruta 5 Norte - Sur";"Bulnes Poniente";2026-09-03;20:28:56;"Tarifa Base Punta";850,10
"AUTOMAAS CHILE SPA";78343019-3;20821947;LJDV98;PA14;"Ruta 5 Norte - Sur";"Alameda Poniente";2026-09-03;20:39:35;"Tarifa Base Fuera de Punta";181,86
"AUTOMAAS CHILE SPA";78343019-3;20821947;HXJJ44;PA16;"Ruta 5 Sur - Norte";"Avda Santa María Oriente";2026-09-03;20:45:20;"Tarifa Base Fuera de Punta";425,04
"AUTOMAAS CHILE SPA";78343019-3;20821947;HXJJ44;PA17;"Ruta 5 Sur - Norte";"Américo Vespucio Oriente";2026-09-03;20:49:21;"Tarifa Base Fuera de Punta";462,46
"AUTOMAAS CHILE SPA";78343019-3;20821947;LPPZ31;PA22;"General Velasquez Norte - Sur";"Lo Ovalle Poniente";2026-09-03;21:22:24;"Tarifa Base Fuera de Punta";512,34
"AUTOMAAS CHILE SPA";78343019-3;20821947;KXZS95;PA12;"Ruta 5 Norte - Sur";"Avda Matta Poniente";2026-09-03;22:10:35;"Tarifa Base Fuera de Punta";368,93
"AUTOMAAS CHILE SPA";78343019-3;20821947;KXZS95;PA11;"Ruta 5 Norte - Sur";"La Marina San Nicolás Poniente";2026-09-03;22:13:04;"Tarifa Base Fuera de Punta";285,79
"AUTOMAAS CHILE SPA";78343019-3;20821947;KXZS95;PA9;"Ruta 5 Norte - Sur";"Lo Ovalle Poniente";2026-09-03;22:14:03;"Tarifa Base Fuera de Punta";392,83
"AUTOMAAS CHILE SPA";78343019-3;20821947;HXJJ44;PA18;"Ruta 5 Norte - Sur";"Américo Vespucio Poniente";2026-09-03;22:23:51;"Tarifa Base Fuera de Punta";462,46
"AUTOMAAS CHILE SPA";78343019-3;20821947;HXJJ44;PA29;"General Velasquez Norte - Sur";"Cerro Renca Poniente";2026-09-03;22:25:16;"Tarifa Base Fuera de Punta";512,34
"AUTOMAAS CHILE SPA";78343019-3;20821947;HXJJ44;PA24;"General Velasquez Norte - Sur";"Carlos Valdovinos Poniente";2026-09-03;23:11:25;"Tarifa Base Fuera de Punta";287,86
"AUTOMAAS CHILE SPA";78343019-3;20821947;HXJJ44;PA22;"General Velasquez Norte - Sur";"Lo Ovalle Poniente";2026-09-03;23:13:51;"Tarifa Base Fuera de Punta";512,34
"AUTOMAAS CHILE SPA";78343019-3;20821947;LPPZ31;PA30;"Ruta 5 Sur - Norte";"Americo Vespucio - Departamental";2026-09-04;00:37:26;"Tarifa Base Fuera de Punta";392,83
"AUTOMAAS CHILE SPA";78343019-3;20821947;LPPZ31;PA24;"General Velasquez Norte - Sur";"Carlos Valdovinos Poniente";2026-09-04;01:09:37;"Tarifa Base Fuera de Punta";287,86
"AUTOMAAS CHILE SPA";78343019-3;20821947;LPPZ31;PA22;"General Velasquez Norte - Sur";"Lo Ovalle Poniente";2026-09-04;01:12:18;"Tarifa Base Fuera de Punta";512,34
"AUTOMAAS CHILE SPA";78343019-3;20821947;KXZS95;PA21;"General Velasquez Sur - Norte";"Lo Ovalle Oriente";2026-09-04;01:16:36;"Tarifa Base Fuera de Punta";512,34
"AUTOMAAS CHILE SPA";78343019-3;20821947;KXZS95;PA23;"General Velasquez Sur - Norte";"Carlos Valdovinos Oriente";2026-09-04;01:19:02;"Tarifa Base Fuera de Punta";287,86
"AUTOMAAS CHILE SPA";78343019-3;20821947;HXJJ44;PA7;"Ruta 5 Sur - Norte";"Lo Espejo Oriente";2026-09-04;01:19:53;"Tarifa Base Fuera de Punta";452,06
"AUTOMAAS CHILE SPA";78343019-3;20821947;KXZS95;PA25;"General Velasquez Sur - Norte";"San Pablo Oriente";2026-09-04;01:20:46;"Tarifa Base Fuera de Punta";421,93
"AUTOMAAS CHILE SPA";78343019-3;20821947;LPPZ31;PA32;"Ruta 5 Norte - Sur";"Lo Blanco - Las Acacias";2026-09-04;01:27:28;"Tarifa Base Fuera de Punta";176,67
"AUTOMAAS CHILE SPA";78343019-3;20821947;LPPZ31;PA6;"Ruta 5 Norte - Sur";"Colón Poniente";2026-09-04;01:28:59;"Tarifa Base Fuera de Punta";157,96
"AUTOMAAS CHILE SPA";78343019-3;20821947;LPPZ31;PA5;"Ruta 5 Sur - Norte";"Colón Oriente";2026-09-04;01:43:33;"Tarifa Base Fuera de Punta";334,63
"AUTOMAAS CHILE SPA";78343019-3;20821947;LPPZ31;PA7;"Ruta 5 Sur - Norte";"Lo Espejo Oriente";2026-09-04;01:45:42;"Tarifa Base Fuera de Punta";452,06
"AUTOMAAS CHILE SPA";78343019-3;20821947;HXJJ44;PA8;"Ruta 5 Norte - Sur";"Lo Espejo Poniente";2026-09-04;03:23:43;"Tarifa Base Fuera de Punta";452,06
"AUTOMAAS CHILE SPA";78343019-3;20821947;HXJJ44;PA32;"Ruta 5 Norte - Sur";"Lo Blanco - Las Acacias";2026-09-04;03:24:40;"Tarifa Base Fuera de Punta";176,67
"AUTOMAAS CHILE SPA";78343019-3;20821947;HXJJ44;PA6;"Ruta 5 Norte - Sur";"Colón Poniente";2026-09-04;03:25:59;"Tarifa Base Fuera de Punta";157,96
"AUTOMAAS CHILE SPA";78343019-3;20821947;HXJJ44;PA37;"Ruta 5 Norte - Sur";"Colón, Calera de Tango";2026-09-04;03:26:47;"Tarifa Base Fuera de Punta";455,18
"AUTOMAAS CHILE SPA";78343019-3;20821947;HXJJ44;PA3;"Ruta 5 Sur - Norte";"Calera de Tango Oriente";2026-09-04;03:36:43;"Tarifa Base Fuera de Punta";585,09
"AUTOMAAS CHILE SPA";78343019-3;20821947;HXJJ44;PA5;"Ruta 5 Sur - Norte";"Colón Oriente";2026-09-04;03:38:54;"Tarifa Base Fuera de Punta";334,63
"AUTOMAAS CHILE SPA";78343019-3;20821947;LJDV98;PA32;"Ruta 5 Norte - Sur";"Lo Blanco - Las Acacias";2026-09-04;03:58:43;"Tarifa Base Fuera de Punta";176,67
"AUTOMAAS CHILE SPA";78343019-3;20821947;HXJJ44;PA32;"Ruta 5 Norte - Sur";"Lo Blanco - Las Acacias";2026-09-04;04:16:51;"Tarifa Base Fuera de Punta";176,67
"AUTOMAAS CHILE SPA";78343019-3;20821947;HXJJ44;PA6;"Ruta 5 Norte - Sur";"Colón Poniente";2026-09-04;04:18:09;"Tarifa Base Fuera de Punta";157,96
"AUTOMAAS CHILE SPA";78343019-3;20821947;HXJJ44;PA37;"Ruta 5 Norte - Sur";"Colón, Calera de Tango";2026-09-04;04:18:59;"Tarifa Base Fuera de Punta";455,18
"AUTOMAAS CHILE SPA";78343019-3;20821947;KXZS95;PA14;"Ruta 5 Norte - Sur";"Alameda Poniente";2026-09-04;04:23:09;"Tarifa Base Fuera de Punta";181,86
"AUTOMAAS CHILE SPA";78343019-3;20821947;KXZS95;PA12;"Ruta 5 Norte - Sur";"Avda Matta Poniente";2026-09-04;04:32:44;"Tarifa Base Fuera de Punta";368,93
"AUTOMAAS CHILE SPA";78343019-3;20821947;KXZS95;PA11;"Ruta 5 Norte - Sur";"La Marina San Nicolás Poniente";2026-09-04;04:34:19;"Tarifa Base Fuera de Punta";285,79
"AUTOMAAS CHILE SPA";78343019-3;20821947;KXZS95;PA9;"Ruta 5 Norte - Sur";"Lo Ovalle Poniente";2026-09-04;04:35:02;"Tarifa Base Fuera de Punta";392,83
"AUTOMAAS CHILE SPA";78343019-3;20821947;KXZS95;PA21;"General Velasquez Sur - Norte";"Lo Ovalle Oriente";2026-09-04;04:42:31;"Tarifa Base Fuera de Punta";512,34
"AUTOMAAS CHILE SPA";78343019-3;20821947;KXZS95;PA23;"General Velasquez Sur - Norte";"Carlos Valdovinos Oriente";2026-09-04;04:44:48;"Tarifa Base Fuera de Punta";287,86
"AUTOMAAS CHILE SPA";78343019-3;20821947;HXJJ44;PA5;"Ruta 5 Sur - Norte";"Colón Oriente";2026-09-04;05:05:55;"Tarifa Base Fuera de Punta";334,63
"AUTOMAAS CHILE SPA";78343019-3;20821947;KXZS95;PA22;"General Velasquez Norte - Sur";"Lo Ovalle Poniente";2026-09-04;05:09:16;"Tarifa Base Fuera de Punta";512,34
"AUTOMAAS CHILE SPA";78343019-3;20821947;HXJJ44;PA19;"General Velasquez Sur - Norte";"Puerta Sur Oriente";2026-09-04;05:15:29;"Tarifa Base Fuera de Punta";412,57
"AUTOMAAS CHILE SPA";78343019-3;20821947;KXZS95;PA21;"General Velasquez Sur - Norte";"Lo Ovalle Oriente";2026-09-04;05:37:08;"Tarifa Base Fuera de Punta";512,34
"AUTOMAAS CHILE SPA";78343019-3;20821947;LPPZ24;PA7;"Ruta 5 Sur - Norte";"Lo Espejo Oriente";2026-09-04;05:42:22;"Tarifa Base Fuera de Punta";452,06
"AUTOMAAS CHILE SPA";78343019-3;20821947;KXZS95;PA23;"General Velasquez Sur - Norte";"Carlos Valdovinos Oriente";2026-09-04;05:43:40;"Tarifa Base Fuera de Punta";287,86
"AUTOMAAS CHILE SPA";78343019-3;20821947;KXZS95;PA25;"General Velasquez Sur - Norte";"San Pablo Oriente";2026-09-04;05:45:04;"Tarifa Base Fuera de Punta";421,93
"AUTOMAAS CHILE SPA";78343019-3;20821947;KXZS95;PA28;"General Velasquez Sur - Norte";"Cerro Renca Oriente";2026-09-04;05:53:34;"Tarifa Base Fuera de Punta";512,34
"AUTOMAAS CHILE SPA";78343019-3;20821947;KXZS95;PA17;"Ruta 5 Sur - Norte";"Américo Vespucio Oriente";2026-09-04;05:54:41;"Tarifa Base Fuera de Punta";462,46
"AUTOMAAS CHILE SPA";78343019-3;20821947;LDWP36;PA31;"Ruta 5 Sur - Norte";"Avenida Matta";2026-09-04;05:58:32;"Tarifa Base Fuera de Punta";368,93
"AUTOMAAS CHILE SPA";78343019-3;20821947;LDWP36;PA13;"Ruta 5 Sur - Norte";"Alameda - Rio Mapocho";2026-09-04;06:00:03;"Tarifa Base Fuera de Punta";181,86
"AUTOMAAS CHILE SPA";78343019-3;20821947;LPPZ31;PA21;"General Velasquez Sur - Norte";"Lo Ovalle Oriente";2026-09-04;06:17:23;"Tarifa Base Fuera de Punta";512,34
"AUTOMAAS CHILE SPA";78343019-3;20821947;LPPZ31;PA23;"General Velasquez Sur - Norte";"Carlos Valdovinos Oriente";2026-09-04;06:20:23;"Tarifa Base Fuera de Punta";287,86
"AUTOMAAS CHILE SPA";78343019-3;20821947;LPPZ31;PA25;"General Velasquez Sur - Norte";"San Pablo Oriente";2026-09-04;06:22:15;"Tarifa Base Fuera de Punta";421,93
"AUTOMAAS CHILE SPA";78343019-3;20821947;PJHJ69;PA8;"Ruta 5 Norte - Sur";"Lo Espejo Poniente";2026-09-04;06:23:28;"Tarifa Base Fuera de Punta";452,06
"AUTOMAAS CHILE SPA";78343019-3;20821947;PJHJ69;PA32;"Ruta 5 Norte - Sur";"Lo Blanco - Las Acacias";2026-09-04;06:24:33;"Tarifa Base Fuera de Punta";176,67
"AUTOMAAS CHILE SPA";78343019-3;20821947;PJHJ69;PA6;"Ruta 5 Norte - Sur";"Colón Poniente";2026-09-04;06:26:04;"Tarifa Base Fuera de Punta";157,96
"AUTOMAAS CHILE SPA";78343019-3;20821947;PJHJ69;PA37;"Ruta 5 Norte - Sur";"Colón, Calera de Tango";2026-09-04;06:27:03;"Tarifa Base Fuera de Punta";455,18
"AUTOMAAS CHILE SPA";78343019-3;20821947;PJHJ69;PA4;"Ruta 5 Norte - Sur";"Calera de Tango Poniente";2026-09-04;06:28:46;"Tarifa Base Fuera de Punta";129,90
"AUTOMAAS CHILE SPA";78343019-3;20821947;LPPZ24;PA13;"Ruta 5 Sur - Norte";"Alameda - Rio Mapocho";2026-09-04;06:32:59;"Tarifa Base Punta";363,73
"AUTOMAAS CHILE SPA";78343019-3;20821947;PJHJ69;PA3;"Ruta 5 Sur - Norte";"Calera de Tango Oriente";2026-09-04;06:40:48;"Tarifa Base Punta";1.170,18
"AUTOMAAS CHILE SPA";78343019-3;20821947;HXJJ44;PA23;"General Velasquez Sur - Norte";"Carlos Valdovinos Oriente";2026-09-04;06:44:12;"Tarifa Base Fuera de Punta";287,86
"AUTOMAAS CHILE SPA";78343019-3;20821947;PJHJ69;PA5;"Ruta 5 Sur - Norte";"Colón Oriente";2026-09-04;06:44:20;"Tarifa Base Punta";669,27
"AUTOMAAS CHILE SPA";78343019-3;20821947;PJHJ69;PA7;"Ruta 5 Sur - Norte";"Lo Espejo Oriente";2026-09-04;06:47:31;"Tarifa Base Fuera de Punta";452,06
"AUTOMAAS CHILE SPA";78343019-3;20821947;LPPZ24;PA17;"Ruta 5 Sur - Norte";"Américo Vespucio Oriente";2026-09-04;06:57:02;"Tarifa Base Fuera de Punta";462,46
"AUTOMAAS CHILE SPA";78343019-3;20821947;LPPZ24;PA18;"Ruta 5 Norte - Sur";"Américo Vespucio Poniente";2026-09-04;07:08:11;"Tarifa Base Punta";924,92
"AUTOMAAS CHILE SPA";78343019-3;20821947;LPPZ24;PA29;"General Velasquez Norte - Sur";"Cerro Renca Poniente";2026-09-04;07:09:37;"Tarifa Base Fuera de Punta";512,34
"AUTOMAAS CHILE SPA";78343019-3;20821947;HXJJ44;PA16;"Ruta 5 Sur - Norte";"Avda Santa María Oriente";2026-09-04;07:10:50;"Tarifa Base Fuera de Punta";425,04
"AUTOMAAS CHILE SPA";78343019-3;20821947;LPPZ24;PA26;"General Velasquez Norte - Sur";"San Pablo Poniente";2026-09-04;07:14:07;"Tarifa Base Fuera de Punta";421,93
"AUTOMAAS CHILE SPA";78343019-3;20821947;LDWP36;PA14;"Ruta 5 Norte - Sur";"Alameda Poniente";2026-09-04;07:14:21;"Tarifa Base Punta";363,73
"AUTOMAAS CHILE SPA";78343019-3;20821947;LPPZ24;PA24;"General Velasquez Norte - Sur";"Carlos Valdovinos Poniente";2026-09-04;07:15:32;"Tarifa Base Fuera de Punta";287,86
"AUTOMAAS CHILE SPA";78343019-3;20821947;HXJJ44;PA17;"Ruta 5 Sur - Norte";"Américo Vespucio Oriente";2026-09-04;07:15:34;"Tarifa Base Punta";924,92
"AUTOMAAS CHILE SPA";78343019-3;20821947;LDWP36;PA12;"Ruta 5 Norte - Sur";"Avda Matta Poniente";2026-09-04;07:16:07;"Tarifa Base Punta";737,86
"AUTOMAAS CHILE SPA";78343019-3;20821947;LPPZ24;PA22;"General Velasquez Norte - Sur";"Lo Ovalle Poniente";2026-09-04;07:17:52;"Tarifa Base Fuera de Punta";512,34
"AUTOMAAS CHILE SPA";78343019-3;20821947;LDWP36;PA11;"Ruta 5 Norte - Sur";"La Marina San Nicolás Poniente";2026-09-04;07:17:56;"Tarifa Base Fuera de Punta";285,79
"AUTOMAAS CHILE SPA";78343019-3;20821947;LDWP36;PA9;"Ruta 5 Norte - Sur";"Lo Ovalle Poniente";2026-09-04;07:18:43;"Tarifa Base Fuera de Punta";392,83
"AUTOMAAS CHILE SPA";78343019-3;20821947;LPPZ24;PA20;"General Velasquez Norte - Sur";"Lo Espejo Poniente";2026-09-04;07:19:44;"Tarifa Base Fuera de Punta";412,57
"AUTOMAAS CHILE SPA";78343019-3;20821947;LPPZ24;PA32;"Ruta 5 Norte - Sur";"Lo Blanco - Las Acacias";2026-09-04;07:21:06;"Tarifa Base Fuera de Punta";176,67
"AUTOMAAS CHILE SPA";78343019-3;20821947;LPPZ24;PA6;"Ruta 5 Norte - Sur";"Colón Poniente";2026-09-04;07:22:26;"Tarifa Base Fuera de Punta";157,96
"AUTOMAAS CHILE SPA";78343019-3;20821947;PJHJ69;PA31;"Ruta 5 Sur - Norte";"Avenida Matta";2026-09-04;07:35:31;"Tarifa Base Punta";737,86
"AUTOMAAS CHILE SPA";78343019-3;20821947;PJHJ69;PA13;"Ruta 5 Sur - Norte";"Alameda - Rio Mapocho";2026-09-04;07:39:19;"Tarifa Base Punta";363,73
"AUTOMAAS CHILE SPA";78343019-3;20821947;PJHJ69;PA16;"Ruta 5 Sur - Norte";"Avda Santa María Oriente";2026-09-04;07:42:44;"Tarifa Base Punta";850,10
"AUTOMAAS CHILE SPA";78343019-3;20821947;PJHJ69;PA17;"Ruta 5 Sur - Norte";"Américo Vespucio Oriente";2026-09-04;07:48:29;"Tarifa Base Punta";924,92
"AUTOMAAS CHILE SPA";78343019-3;20821947;PJHJ69;PA18;"Ruta 5 Norte - Sur";"Américo Vespucio Poniente";2026-09-04;08:27:36;"Tarifa Base Punta";924,92
"AUTOMAAS CHILE SPA";78343019-3;20821947;PJHJ69;PA14;"Ruta 5 Norte - Sur";"Alameda Poniente";2026-09-04;08:53:30;"Tarifa Base Fuera de Punta";181,86
"AUTOMAAS CHILE SPA";78343019-3;20821947;PJHJ69;PA12;"Ruta 5 Norte - Sur";"Avda Matta Poniente";2026-09-04;08:55:16;"Tarifa Base Fuera de Punta";368,93
"AUTOMAAS CHILE SPA";78343019-3;20821947;PJHJ69;PA11;"Ruta 5 Norte - Sur";"La Marina San Nicolás Poniente";2026-09-04;08:57:17;"Tarifa Base Fuera de Punta";285,79
"AUTOMAAS CHILE SPA";78343019-3;20821947;HXJJ44;PA18;"Ruta 5 Norte - Sur";"Américo Vespucio Poniente";2026-09-04;09:05:41;"Tarifa Base Fuera de Punta";462,46
"AUTOMAAS CHILE SPA";78343019-3;20821947;HXJJ44;PA29;"General Velasquez Norte - Sur";"Cerro Renca Poniente";2026-09-04;09:07:26;"Tarifa Base Fuera de Punta";512,34
"AUTOMAAS CHILE SPA";78343019-3;20821947;HXJJ44;PA26;"General Velasquez Norte - Sur";"San Pablo Poniente";2026-09-04;09:12:24;"Tarifa Base Fuera de Punta";421,93
"AUTOMAAS CHILE SPA";78343019-3;20821947;PJHJ69;PA8;"Ruta 5 Norte - Sur";"Lo Espejo Poniente";2026-09-04;09:35:32;"Tarifa Base Fuera de Punta";452,06
"AUTOMAAS CHILE SPA";78343019-3;20821947;PJHJ69;PA32;"Ruta 5 Norte - Sur";"Lo Blanco - Las Acacias";2026-09-04;09:36:28;"Tarifa Base Fuera de Punta";176,67
"AUTOMAAS CHILE SPA";78343019-3;20821947;PJHJ69;PA6;"Ruta 5 Norte - Sur";"Colón Poniente";2026-09-04;09:37:56;"Tarifa Base Fuera de Punta";157,96
"AUTOMAAS CHILE SPA";78343019-3;20821947;PJHJ69;PA5;"Ruta 5 Sur - Norte";"Colón Oriente";2026-09-04;10:09:57;"Tarifa Base Fuera de Punta";334,63
"AUTOMAAS CHILE SPA";78343019-3;20821947;PJHJ69;PA19;"General Velasquez Sur - Norte";"Puerta Sur Oriente";2026-09-04;10:12:35;"Tarifa Base Fuera de Punta";412,57
"AUTOMAAS CHILE SPA";78343019-3;20821947;LPPZ31;PA30;"Ruta 5 Sur - Norte";"Americo Vespucio - Departamental";2026-09-04;13:04:25;"Tarifa Base Fuera de Punta";392,83
"AUTOMAAS CHILE SPA";78343019-3;20821947;LPPZ31;PA10;"Ruta 5 Sur - Norte";"La Marina San Nicolás Oriente";2026-09-04;13:08:55;"Tarifa Base Fuera de Punta";285,79
"AUTOMAAS CHILE SPA";78343019-3;20821947;LPPZ31;PA31;"Ruta 5 Sur - Norte";"Avenida Matta";2026-09-04;13:11:56;"Tarifa Base Punta";737,86
"AUTOMAAS CHILE SPA";78343019-3;20821947;HXJJ44;PA14;"Ruta 5 Norte - Sur";"Alameda Poniente";2026-09-04;14:00:13;"Tarifa Base Fuera de Punta";181,86
"AUTOMAAS CHILE SPA";78343019-3;20821947;HXJJ44;PA12;"Ruta 5 Norte - Sur";"Avda Matta Poniente";2026-09-04;14:01:50;"Tarifa Base Fuera de Punta";368,93
"AUTOMAAS CHILE SPA";78343019-3;20821947;LPPZ31;PA12;"Ruta 5 Norte - Sur";"Avda Matta Poniente";2026-09-04;14:11:10;"Tarifa Base Fuera de Punta";368,93
"AUTOMAAS CHILE SPA";78343019-3;20821947;LPPZ31;PA11;"Ruta 5 Norte - Sur";"La Marina San Nicolás Poniente";2026-09-04;14:13:54;"Tarifa Base Fuera de Punta";285,79
"AUTOMAAS CHILE SPA";78343019-3;20821947;LPPZ31;PA9;"Ruta 5 Norte - Sur";"Lo Ovalle Poniente";2026-09-04;14:15:13;"Tarifa Base Fuera de Punta";392,83
"AUTOMAAS CHILE SPA";78343019-3;20821947;LPPZ31;PA8;"Ruta 5 Norte - Sur";"Lo Espejo Poniente";2026-09-04;14:20:03;"Tarifa Base Fuera de Punta";452,06
"AUTOMAAS CHILE SPA";78343019-3;20821947;LPPZ31;PA19;"General Velasquez Sur - Norte";"Puerta Sur Oriente";2026-09-04;14:22:17;"Tarifa Base Fuera de Punta";412,57
"AUTOMAAS CHILE SPA";78343019-3;20821947;LPPZ24;PA5;"Ruta 5 Sur - Norte";"Colón Oriente";2026-09-04;18:18:29;"Tarifa Base Fuera de Punta";334,63
"AUTOMAAS CHILE SPA";78343019-3;20821947;LPPZ24;PA19;"General Velasquez Sur - Norte";"Puerta Sur Oriente";2026-09-04;18:20:32;"Tarifa Base Fuera de Punta";412,57
"AUTOMAAS CHILE SPA";78343019-3;20821947;LDWP36;PA23;"General Velasquez Sur - Norte";"Carlos Valdovinos Oriente";2026-09-04;18:39:31;"Tarifa Base Fuera de Punta";287,86
"AUTOMAAS CHILE SPA";78343019-3;20821947;LPPZ24;PA10;"Ruta 5 Sur - Norte";"La Marina San Nicolás Oriente";2026-09-04;19:14:14;"Tarifa Base Fuera de Punta";285,79
"AUTOMAAS CHILE SPA";78343019-3;20821947;LPPZ24;PA31;"Ruta 5 Sur - Norte";"Avenida Matta";2026-09-04;19:16:25;"Tarifa Base Fuera de Punta";368,93
"AUTOMAAS CHILE SPA";78343019-3;20821947;LPPZ24;PA13;"Ruta 5 Sur - Norte";"Alameda - Rio Mapocho";2026-09-04;19:18:23;"Tarifa Base Fuera de Punta";181,86
"AUTOMAAS CHILE SPA";78343019-3;20821947;LPPZ24;PA16;"Ruta 5 Sur - Norte";"Avda Santa María Oriente";2026-09-04;19:21:20;"Tarifa Base Fuera de Punta";425,04
"AUTOMAAS CHILE SPA";78343019-3;20821947;LJDV98;PA13;"Ruta 5 Sur - Norte";"Alameda - Rio Mapocho";2026-09-04;19:22:45;"Tarifa Base Fuera de Punta";181,86
"AUTOMAAS CHILE SPA";78343019-3;20821947;LJDV98;PA16;"Ruta 5 Sur - Norte";"Avda Santa María Oriente";2026-09-04;19:26:27;"Tarifa Base Fuera de Punta";425,04
"AUTOMAAS CHILE SPA";78343019-3;20821947;LJDV98;PA17;"Ruta 5 Sur - Norte";"Américo Vespucio Oriente";2026-09-04;19:30:44;"Tarifa Base Fuera de Punta";462,46
"AUTOMAAS CHILE SPA";78343019-3;20821947;LPPZ24;PA18;"Ruta 5 Norte - Sur";"Américo Vespucio Poniente";2026-09-04;20:24:16;"Tarifa Base Fuera de Punta";462,46
"AUTOMAAS CHILE SPA";78343019-3;20821947;LPPZ24;PA15;"Ruta 5 Norte - Sur";"Bulnes Poniente";2026-09-04;20:28:39;"Tarifa Base Punta";850,10
"AUTOMAAS CHILE SPA";78343019-3;20821947;LJDV98;PA18;"Ruta 5 Norte - Sur";"Américo Vespucio Poniente";2026-09-04;20:28:53;"Tarifa Base Fuera de Punta";462,46
"AUTOMAAS CHILE SPA";78343019-3;20821947;LPPZ24;PA14;"Ruta 5 Norte - Sur";"Alameda Poniente";2026-09-04;20:30:44;"Tarifa Base Fuera de Punta";181,86
"AUTOMAAS CHILE SPA";78343019-3;20821947;LPPZ24;PA12;"Ruta 5 Norte - Sur";"Avda Matta Poniente";2026-09-04;20:32:38;"Tarifa Base Fuera de Punta";368,93
"AUTOMAAS CHILE SPA";78343019-3;20821947;LJDV98;PA15;"Ruta 5 Norte - Sur";"Bulnes Poniente";2026-09-04;20:33:37;"Tarifa Base Fuera de Punta";425,04
"AUTOMAAS CHILE SPA";78343019-3;20821947;LJDV98;PA14;"Ruta 5 Norte - Sur";"Alameda Poniente";2026-09-04;20:35:49;"Tarifa Base Fuera de Punta";181,86
"AUTOMAAS CHILE SPA";78343019-3;20821947;LPPZ24;PA8;"Ruta 5 Norte - Sur";"Lo Espejo Poniente";2026-09-04;21:07:44;"Tarifa Base Fuera de Punta";452,06
"AUTOMAAS CHILE SPA";78343019-3;20821947;LPPZ24;PA32;"Ruta 5 Norte - Sur";"Lo Blanco - Las Acacias";2026-09-04;21:08:45;"Tarifa Base Fuera de Punta";176,67
"AUTOMAAS CHILE SPA";78343019-3;20821947;LPPZ24;PA6;"Ruta 5 Norte - Sur";"Colón Poniente";2026-09-04;21:10:12;"Tarifa Base Fuera de Punta";157,96
"AUTOMAAS CHILE SPA";78343019-3;20821947;LPPZ24;PA37;"Ruta 5 Norte - Sur";"Colón, Calera de Tango";2026-09-04;21:11:17;"Tarifa Base Fuera de Punta";455,18
"AUTOMAAS CHILE SPA";78343019-3;20821947;LPPZ24;PA4;"Ruta 5 Norte - Sur";"Calera de Tango Poniente";2026-09-04;21:12:54;"Tarifa Base Fuera de Punta";129,90
"AUTOMAAS CHILE SPA";78343019-3;20821947;LPPZ31;PA12;"Ruta 5 Norte - Sur";"Avda Matta Poniente";2026-09-04;22:31:28;"Tarifa Base Fuera de Punta";368,93
"AUTOMAAS CHILE SPA";78343019-3;20821947;LPPZ31;PA11;"Ruta 5 Norte - Sur";"La Marina San Nicolás Poniente";2026-09-04;22:33:46;"Tarifa Base Fuera de Punta";285,79
"AUTOMAAS CHILE SPA";78343019-3;20821947;LPPZ31;PA9;"Ruta 5 Norte - Sur";"Lo Ovalle Poniente";2026-09-04;22:34:43;"Tarifa Base Fuera de Punta";392,83
"AUTOMAAS CHILE SPA";78343019-3;20821947;HXJJ44;PA11;"Ruta 5 Norte - Sur";"La Marina San Nicolás Poniente";2026-09-04;22:35:45;"Tarifa Base Fuera de Punta";285,79
"AUTOMAAS CHILE SPA";78343019-3;20821947;KXZS95;PA26;"General Velasquez Norte - Sur";"San Pablo Poniente";2026-09-04;23:21:41;"Tarifa Base Fuera de Punta";421,93
"AUTOMAAS CHILE SPA";78343019-3;20821947;KXZS95;PA24;"General Velasquez Norte - Sur";"Carlos Valdovinos Poniente";2026-09-04;23:23:20;"Tarifa Base Fuera de Punta";287,86
"AUTOMAAS CHILE SPA";78343019-3;20821947;KXZS95;PA22;"General Velasquez Norte - Sur";"Lo Ovalle Poniente";2026-09-04;23:26:13;"Tarifa Base Fuera de Punta";512,34
"AUTOMAAS CHILE SPA";78343019-3;20821947;LKGZ52;PA30;"Ruta 5 Sur - Norte";"Americo Vespucio - Departamental";2026-09-05;00:41:06;"Tarifa Base Fuera de Punta";392,83
"AUTOMAAS CHILE SPA";78343019-3;20821947;LKGZ52;PA10;"Ruta 5 Sur - Norte";"La Marina San Nicolás Oriente";2026-09-05;00:42:04;"Tarifa Base Fuera de Punta";285,79
"AUTOMAAS CHILE SPA";78343019-3;20821947;LKGZ52;PA11;"Ruta 5 Norte - Sur";"La Marina San Nicolás Poniente";2026-09-05;01:00:34;"Tarifa Base Fuera de Punta";285,79
"AUTOMAAS CHILE SPA";78343019-3;20821947;LKGZ52;PA9;"Ruta 5 Norte - Sur";"Lo Ovalle Poniente";2026-09-05;01:01:15;"Tarifa Base Fuera de Punta";392,83
"AUTOMAAS CHILE SPA";78343019-3;20821947;LPPZ31;PA8;"Ruta 5 Norte - Sur";"Lo Espejo Poniente";2026-09-05;01:20:23;"Tarifa Base Fuera de Punta";452,06
"AUTOMAAS CHILE SPA";78343019-3;20821947;LPPZ31;PA32;"Ruta 5 Norte - Sur";"Lo Blanco - Las Acacias";2026-09-05;01:21:25;"Tarifa Base Fuera de Punta";176,67
"AUTOMAAS CHILE SPA";78343019-3;20821947;PJHJ69;PA21;"General Velasquez Sur - Norte";"Lo Ovalle Oriente";2026-09-05;02:30:01;"Tarifa Base Fuera de Punta";512,34
"AUTOMAAS CHILE SPA";78343019-3;20821947;HXJJ44;PA24;"General Velasquez Norte - Sur";"Carlos Valdovinos Poniente";2026-09-05;02:32:14;"Tarifa Base Fuera de Punta";287,86
"AUTOMAAS CHILE SPA";78343019-3;20821947;PJHJ69;PA23;"General Velasquez Sur - Norte";"Carlos Valdovinos Oriente";2026-09-05;02:32:23;"Tarifa Base Fuera de Punta";287,86
"AUTOMAAS CHILE SPA";78343019-3;20821947;PJHJ69;PA25;"General Velasquez Sur - Norte";"San Pablo Oriente";2026-09-05;02:33:49;"Tarifa Base Fuera de Punta";421,93
"AUTOMAAS CHILE SPA";78343019-3;20821947;PJHJ69;PA28;"General Velasquez Sur - Norte";"Cerro Renca Oriente";2026-09-05;02:39:12;"Tarifa Base Fuera de Punta";512,34
"AUTOMAAS CHILE SPA";78343019-3;20821947;PJHJ69;PA17;"Ruta 5 Sur - Norte";"Américo Vespucio Oriente";2026-09-05;02:40:17;"Tarifa Base Fuera de Punta";462,46
"AUTOMAAS CHILE SPA";78343019-3;20821947;LPPZ31;PA30;"Ruta 5 Sur - Norte";"Americo Vespucio - Departamental";2026-09-05;03:24:20;"Tarifa Base Fuera de Punta";392,83
"AUTOMAAS CHILE SPA";78343019-3;20821947;LPPZ31;PA10;"Ruta 5 Sur - Norte";"La Marina San Nicolás Oriente";2026-09-05;03:25:07;"Tarifa Base Fuera de Punta";285,79
"AUTOMAAS CHILE SPA";78343019-3;20821947;LPPZ31;PA31;"Ruta 5 Sur - Norte";"Avenida Matta";2026-09-05;03:27:07;"Tarifa Base Fuera de Punta";368,93
"AUTOMAAS CHILE SPA";78343019-3;20821947;PJHJ69;PA26;"General Velasquez Norte - Sur";"San Pablo Poniente";2026-09-05;03:45:02;"Tarifa Base Fuera de Punta";421,93
"AUTOMAAS CHILE SPA";78343019-3;20821947;PJHJ69;PA24;"General Velasquez Norte - Sur";"Carlos Valdovinos Poniente";2026-09-05;03:46:36;"Tarifa Base Fuera de Punta";287,86
"AUTOMAAS CHILE SPA";78343019-3;20821947;PJHJ69;PA22;"General Velasquez Norte - Sur";"Lo Ovalle Poniente";2026-09-05;03:49:02;"Tarifa Base Fuera de Punta";512,34
"AUTOMAAS CHILE SPA";78343019-3;20821947;LPPZ31;PA12;"Ruta 5 Norte - Sur";"Avda Matta Poniente";2026-09-05;03:52:05;"Tarifa Base Fuera de Punta";368,93
"AUTOMAAS CHILE SPA";78343019-3;20821947;LPPZ31;PA9;"Ruta 5 Norte - Sur";"Lo Ovalle Poniente";2026-09-05;04:06:44;"Tarifa Base Fuera de Punta";392,83
"AUTOMAAS CHILE SPA";78343019-3;20821947;HXJJ44;PA21;"General Velasquez Sur - Norte";"Lo Ovalle Oriente";2026-09-05;05:17:19;"Tarifa Base Fuera de Punta";512,34
"AUTOMAAS CHILE SPA";78343019-3;20821947;KXZS95;PA21;"General Velasquez Sur - Norte";"Lo Ovalle Oriente";2026-09-05;05:22:20;"Tarifa Base Fuera de Punta";512,34
"AUTOMAAS CHILE SPA";78343019-3;20821947;KXZS95;PA23;"General Velasquez Sur - Norte";"Carlos Valdovinos Oriente";2026-09-05;05:33:18;"Tarifa Base Fuera de Punta";287,86
"AUTOMAAS CHILE SPA";78343019-3;20821947;KXZS95;PA25;"General Velasquez Sur - Norte";"San Pablo Oriente";2026-09-05;05:34:31;"Tarifa Base Fuera de Punta";421,93
"AUTOMAAS CHILE SPA";78343019-3;20821947;KXZS95;PA28;"General Velasquez Sur - Norte";"Cerro Renca Oriente";2026-09-05;05:38:33;"Tarifa Base Fuera de Punta";512,34
"AUTOMAAS CHILE SPA";78343019-3;20821947;KXZS95;PA17;"Ruta 5 Sur - Norte";"Américo Vespucio Oriente";2026-09-05;05:39:35;"Tarifa Base Fuera de Punta";462,46
"AUTOMAAS CHILE SPA";78343019-3;20821947;LDWP36;PA31;"Ruta 5 Sur - Norte";"Avenida Matta";2026-09-05;05:58:22;"Tarifa Base Fuera de Punta";368,93
"AUTOMAAS CHILE SPA";78343019-3;20821947;LDWP36;PA13;"Ruta 5 Sur - Norte";"Alameda - Rio Mapocho";2026-09-05;05:59:51;"Tarifa Base Fuera de Punta";181,86
"AUTOMAAS CHILE SPA";78343019-3;20821947;LJDV98;PA8;"Ruta 5 Norte - Sur";"Lo Espejo Poniente";2026-09-05;06:07:59;"Tarifa Base Fuera de Punta";452,06
"AUTOMAAS CHILE SPA";78343019-3;20821947;LJDV98;PA32;"Ruta 5 Norte - Sur";"Lo Blanco - Las Acacias";2026-09-05;06:09:10;"Tarifa Base Fuera de Punta";176,67
"AUTOMAAS CHILE SPA";78343019-3;20821947;LJDV98;PA6;"Ruta 5 Norte - Sur";"Colón Poniente";2026-09-05;06:10:48;"Tarifa Base Fuera de Punta";157,96
"AUTOMAAS CHILE SPA";78343019-3;20821947;LJDV98;PA37;"Ruta 5 Norte - Sur";"Colón, Calera de Tango";2026-09-05;06:11:42;"Tarifa Base Fuera de Punta";455,18
"AUTOMAAS CHILE SPA";78343019-3;20821947;LJDV98;PA4;"Ruta 5 Norte - Sur";"Calera de Tango Poniente";2026-09-05;06:13:26;"Tarifa Base Fuera de Punta";129,90
"AUTOMAAS CHILE SPA";78343019-3;20821947;KXZS95;PA18;"Ruta 5 Norte - Sur";"Américo Vespucio Poniente";2026-09-05;06:22:12;"Tarifa Base Fuera de Punta";462,46
"AUTOMAAS CHILE SPA";78343019-3;20821947;LJDV98;PA3;"Ruta 5 Sur - Norte";"Calera de Tango Oriente";2026-09-05;06:23:33;"Tarifa Base Fuera de Punta";585,09
"AUTOMAAS CHILE SPA";78343019-3;20821947;LJDV98;PA5;"Ruta 5 Sur - Norte";"Colón Oriente";2026-09-05;06:33:15;"Tarifa Base Fuera de Punta";334,63
"AUTOMAAS CHILE SPA";78343019-3;20821947;KXZS95;PA17;"Ruta 5 Sur - Norte";"Américo Vespucio Oriente";2026-09-05;06:33:51;"Tarifa Base Fuera de Punta";462,46
"AUTOMAAS CHILE SPA";78343019-3;20821947;LJDV98;PA7;"Ruta 5 Sur - Norte";"Lo Espejo Oriente";2026-09-05;06:35:55;"Tarifa Base Fuera de Punta";452,06
"AUTOMAAS CHILE SPA";78343019-3;20821947;LPPZ24;PA13;"Ruta 5 Sur - Norte";"Alameda - Rio Mapocho";2026-09-05;06:50:41;"Tarifa Base Fuera de Punta";181,86
"AUTOMAAS CHILE SPA";78343019-3;20821947;LPPZ31;PA16;"Ruta 5 Sur - Norte";"Avda Santa María Oriente";2026-09-05;06:51:53;"Tarifa Base Fuera de Punta";425,04
"AUTOMAAS CHILE SPA";78343019-3;20821947;LPPZ31;PA17;"Ruta 5 Sur - Norte";"Américo Vespucio Oriente";2026-09-05;06:55:58;"Tarifa Base Fuera de Punta";462,46
"AUTOMAAS CHILE SPA";78343019-3;20821947;LPPZ24;PA17;"Ruta 5 Sur - Norte";"Américo Vespucio Oriente";2026-09-05;07:13:41;"Tarifa Base Fuera de Punta";462,46
"AUTOMAAS CHILE SPA";78343019-3;20821947;LPPZ24;PA18;"Ruta 5 Norte - Sur";"Américo Vespucio Poniente";2026-09-05;07:22:29;"Tarifa Base Fuera de Punta";462,46
"AUTOMAAS CHILE SPA";78343019-3;20821947;LPPZ24;PA29;"General Velasquez Norte - Sur";"Cerro Renca Poniente";2026-09-05;07:23:37;"Tarifa Base Fuera de Punta";512,34
"AUTOMAAS CHILE SPA";78343019-3;20821947;LJDV98;PA31;"Ruta 5 Sur - Norte";"Avenida Matta";2026-09-05;07:23:41;"Tarifa Base Fuera de Punta";368,93
"AUTOMAAS CHILE SPA";78343019-3;20821947;LJDV98;PA13;"Ruta 5 Sur - Norte";"Alameda - Rio Mapocho";2026-09-05;07:25:11;"Tarifa Base Fuera de Punta";181,86
"AUTOMAAS CHILE SPA";78343019-3;20821947;LPPZ24;PA26;"General Velasquez Norte - Sur";"San Pablo Poniente";2026-09-05;07:27:46;"Tarifa Base Fuera de Punta";421,93
"AUTOMAAS CHILE SPA";78343019-3;20821947;LJDV98;PA16;"Ruta 5 Sur - Norte";"Avda Santa María Oriente";2026-09-05;07:27:57;"Tarifa Base Fuera de Punta";425,04
"AUTOMAAS CHILE SPA";78343019-3;20821947;LPPZ24;PA24;"General Velasquez Norte - Sur";"Carlos Valdovinos Poniente";2026-09-05;07:29:05;"Tarifa Base Fuera de Punta";287,86
"AUTOMAAS CHILE SPA";78343019-3;20821947;LJDV98;PA17;"Ruta 5 Sur - Norte";"Américo Vespucio Oriente";2026-09-05;07:31:10;"Tarifa Base Fuera de Punta";462,46
"AUTOMAAS CHILE SPA";78343019-3;20821947;LPPZ24;PA22;"General Velasquez Norte - Sur";"Lo Ovalle Poniente";2026-09-05;07:31:21;"Tarifa Base Fuera de Punta";512,34
"AUTOMAAS CHILE SPA";78343019-3;20821947;LPPZ24;PA20;"General Velasquez Norte - Sur";"Lo Espejo Poniente";2026-09-05;07:33:12;"Tarifa Base Fuera de Punta";412,57
"AUTOMAAS CHILE SPA";78343019-3;20821947;LPPZ24;PA32;"Ruta 5 Norte - Sur";"Lo Blanco - Las Acacias";2026-09-05;07:34:31;"Tarifa Base Fuera de Punta";176,67
"AUTOMAAS CHILE SPA";78343019-3;20821947;LJDV98;PA18;"Ruta 5 Norte - Sur";"Américo Vespucio Poniente";2026-09-05;08:21:42;"Tarifa Base Fuera de Punta";462,46
"AUTOMAAS CHILE SPA";78343019-3;20821947;LJDV98;PA14;"Ruta 5 Norte - Sur";"Alameda Poniente";2026-09-05;08:42:02;"Tarifa Base Fuera de Punta";181,86
"AUTOMAAS CHILE SPA";78343019-3;20821947;LPPZ31;PA18;"Ruta 5 Norte - Sur";"Américo Vespucio Poniente";2026-09-05;08:42:26;"Tarifa Base Fuera de Punta";462,46
"AUTOMAAS CHILE SPA";78343019-3;20821947;LPPZ31;PA29;"General Velasquez Norte - Sur";"Cerro Renca Poniente";2026-09-05;08:43:44;"Tarifa Base Fuera de Punta";512,34
"AUTOMAAS CHILE SPA";78343019-3;20821947;LJDV98;PA12;"Ruta 5 Norte - Sur";"Avda Matta Poniente";2026-09-05;08:43:44;"Tarifa Base Fuera de Punta";368,93
"AUTOMAAS CHILE SPA";78343019-3;20821947;LJDV98;PA11;"Ruta 5 Norte - Sur";"La Marina San Nicolás Poniente";2026-09-05;08:45:57;"Tarifa Base Fuera de Punta";285,79
"AUTOMAAS CHILE SPA";78343019-3;20821947;LJDV98;PA8;"Ruta 5 Norte - Sur";"Lo Espejo Poniente";2026-09-05;09:26:22;"Tarifa Base Fuera de Punta";452,06
"AUTOMAAS CHILE SPA";78343019-3;20821947;LJDV98;PA32;"Ruta 5 Norte - Sur";"Lo Blanco - Las Acacias";2026-09-05;09:27:40;"Tarifa Base Fuera de Punta";176,67
"AUTOMAAS CHILE SPA";78343019-3;20821947;LJDV98;PA6;"Ruta 5 Norte - Sur";"Colón Poniente";2026-09-05;09:29:28;"Tarifa Base Fuera de Punta";157,96
"AUTOMAAS CHILE SPA";78343019-3;20821947;LPPZ31;PA21;"General Velasquez Sur - Norte";"Lo Ovalle Oriente";2026-09-05;11:38:20;"Tarifa Base Fuera de Punta";512,34
"AUTOMAAS CHILE SPA";78343019-3;20821947;LPPZ31;PA23;"General Velasquez Sur - Norte";"Carlos Valdovinos Oriente";2026-09-05;11:47:20;"Tarifa Base Fuera de Punta";287,86
"AUTOMAAS CHILE SPA";78343019-3;20821947;LPPZ31;PA25;"General Velasquez Sur - Norte";"San Pablo Oriente";2026-09-05;11:48:49;"Tarifa Base Fuera de Punta";421,93
"AUTOMAAS CHILE SPA";78343019-3;20821947;KXZS95;PA14;"Ruta 5 Norte - Sur";"Alameda Poniente";2026-09-05;11:49:52;"Tarifa Base Punta";363,73
"AUTOMAAS CHILE SPA";78343019-3;20821947;KXZS95;PA12;"Ruta 5 Norte - Sur";"Avda Matta Poniente";2026-09-05;11:51:33;"Tarifa Base Punta";737,86
"AUTOMAAS CHILE SPA";78343019-3;20821947;KXZS95;PA11;"Ruta 5 Norte - Sur";"La Marina San Nicolás Poniente";2026-09-05;11:53:57;"Tarifa Base Punta";571,58
"AUTOMAAS CHILE SPA";78343019-3;20821947;KXZS95;PA9;"Ruta 5 Norte - Sur";"Lo Ovalle Poniente";2026-09-05;11:55:05;"Tarifa Base Punta";785,66
"AUTOMAAS CHILE SPA";78343019-3;20821947;KXZS95;PA8;"Ruta 5 Norte - Sur";"Lo Espejo Poniente";2026-09-05;11:58:45;"Tarifa Base Fuera de Punta";452,06
"AUTOMAAS CHILE SPA";78343019-3;20821947;KXZS95;PA19;"General Velasquez Sur - Norte";"Puerta Sur Oriente";2026-09-05;12:00:48;"Tarifa Base Fuera de Punta";412,57
"AUTOMAAS CHILE SPA";78343019-3;20821947;LPPZ31;PA26;"General Velasquez Norte - Sur";"San Pablo Poniente";2026-09-05;13:53:00;"Tarifa Base Fuera de Punta";421,93
"AUTOMAAS CHILE SPA";78343019-3;20821947;LPPZ31;PA24;"General Velasquez Norte - Sur";"Carlos Valdovinos Poniente";2026-09-05;13:54:51;"Tarifa Base Fuera de Punta";287,86
"AUTOMAAS CHILE SPA";78343019-3;20821947;LPPZ31;PA22;"General Velasquez Norte - Sur";"Lo Ovalle Poniente";2026-09-05;13:57:43;"Tarifa Base Fuera de Punta";512,34
"AUTOMAAS CHILE SPA";78343019-3;20821947;LDWP36;PA21;"General Velasquez Sur - Norte";"Lo Ovalle Oriente";2026-09-05;17:28:00;"Tarifa Base Fuera de Punta";512,34
"AUTOMAAS CHILE SPA";78343019-3;20821947;HXJJ44;PA28;"General Velasquez Sur - Norte";"Cerro Renca Oriente";2026-09-05;18:05:20;"Tarifa Base Fuera de Punta";512,34
"AUTOMAAS CHILE SPA";78343019-3;20821947;HXJJ44;PA17;"Ruta 5 Sur - Norte";"Américo Vespucio Oriente";2026-09-05;18:06:33;"Tarifa Base Fuera de Punta";462,46
"AUTOMAAS CHILE SPA";78343019-3;20821947;LPPZ24;PA5;"Ruta 5 Sur - Norte";"Colón Oriente";2026-09-05;18:16:39;"Tarifa Base Fuera de Punta";334,63
"AUTOMAAS CHILE SPA";78343019-3;20821947;LPPZ24;PA7;"Ruta 5 Sur - Norte";"Lo Espejo Oriente";2026-09-05;18:19:04;"Tarifa Base Fuera de Punta";452,06
"AUTOMAAS CHILE SPA";78343019-3;20821947;LPPZ24;PA10;"Ruta 5 Sur - Norte";"La Marina San Nicolás Oriente";2026-09-05;19:08:47;"Tarifa Base Fuera de Punta";285,79
"AUTOMAAS CHILE SPA";78343019-3;20821947;LPPZ24;PA31;"Ruta 5 Sur - Norte";"Avenida Matta";2026-09-05;19:10:39;"Tarifa Base Fuera de Punta";368,93
"AUTOMAAS CHILE SPA";78343019-3;20821947;LPPZ24;PA13;"Ruta 5 Sur - Norte";"Alameda - Rio Mapocho";2026-09-05;19:12:13;"Tarifa Base Fuera de Punta";181,86
"AUTOMAAS CHILE SPA";78343019-3;20821947;LDWP36;PA28;"General Velasquez Sur - Norte";"Cerro Renca Oriente";2026-09-05;19:12:49;"Tarifa Base Fuera de Punta";512,34
"AUTOMAAS CHILE SPA";78343019-3;20821947;LDWP36;PA17;"Ruta 5 Sur - Norte";"Américo Vespucio Oriente";2026-09-05;19:14:30;"Tarifa Base Fuera de Punta";462,46
"AUTOMAAS CHILE SPA";78343019-3;20821947;LPPZ24;PA16;"Ruta 5 Sur - Norte";"Avda Santa María Oriente";2026-09-05;19:15:03;"Tarifa Base Fuera de Punta";425,04
"AUTOMAAS CHILE SPA";78343019-3;20821947;LJDV98;PA13;"Ruta 5 Sur - Norte";"Alameda - Rio Mapocho";2026-09-05;19:18:58;"Tarifa Base Fuera de Punta";181,86
"AUTOMAAS CHILE SPA";78343019-3;20821947;LJDV98;PA16;"Ruta 5 Sur - Norte";"Avda Santa María Oriente";2026-09-05;19:22:22;"Tarifa Base Fuera de Punta";425,04
"AUTOMAAS CHILE SPA";78343019-3;20821947;LJDV98;PA17;"Ruta 5 Sur - Norte";"Américo Vespucio Oriente";2026-09-05;19:26:03;"Tarifa Base Fuera de Punta";462,46
"AUTOMAAS CHILE SPA";78343019-3;20821947;LDWP36;PA18;"Ruta 5 Norte - Sur";"Américo Vespucio Poniente";2026-09-05;20:20:22;"Tarifa Base Fuera de Punta";462,46
"AUTOMAAS CHILE SPA";78343019-3;20821947;LPPZ24;PA18;"Ruta 5 Norte - Sur";"Américo Vespucio Poniente";2026-09-05;20:23:52;"Tarifa Base Fuera de Punta";462,46
"AUTOMAAS CHILE SPA";78343019-3;20821947;LJDV98;PA18;"Ruta 5 Norte - Sur";"Américo Vespucio Poniente";2026-09-05;20:24:03;"Tarifa Base Fuera de Punta";462,46
"AUTOMAAS CHILE SPA";78343019-3;20821947;LDWP36;PA15;"Ruta 5 Norte - Sur";"Bulnes Poniente";2026-09-05;20:24:34;"Tarifa Base Fuera de Punta";425,04
"AUTOMAAS CHILE SPA";78343019-3;20821947;HXJJ44;PA18;"Ruta 5 Norte - Sur";"Américo Vespucio Poniente";2026-09-05;20:27:19;"Tarifa Base Fuera de Punta";462,46
"AUTOMAAS CHILE SPA";78343019-3;20821947;LPPZ24;PA15;"Ruta 5 Norte - Sur";"Bulnes Poniente";2026-09-05;20:28:10;"Tarifa Base Fuera de Punta";425,04
"AUTOMAAS CHILE SPA";78343019-3;20821947;LJDV98;PA15;"Ruta 5 Norte - Sur";"Bulnes Poniente";2026-09-05;20:28:42;"Tarifa Base Fuera de Punta";425,04
"AUTOMAAS CHILE SPA";78343019-3;20821947;LPPZ24;PA14;"Ruta 5 Norte - Sur";"Alameda Poniente";2026-09-05;20:29:59;"Tarifa Base Fuera de Punta";181,86
"AUTOMAAS CHILE SPA";78343019-3;20821947;LJDV98;PA14;"Ruta 5 Norte - Sur";"Alameda Poniente";2026-09-05;20:30:45;"Tarifa Base Fuera de Punta";181,86
"AUTOMAAS CHILE SPA";78343019-3;20821947;LPPZ24;PA12;"Ruta 5 Norte - Sur";"Avda Matta Poniente";2026-09-05;20:31:26;"Tarifa Base Fuera de Punta";368,93
"AUTOMAAS CHILE SPA";78343019-3;20821947;HXJJ44;PA16;"Ruta 5 Sur - Norte";"Avda Santa María Oriente";2026-09-05;20:43:57;"Tarifa Base Fuera de Punta";425,04
"AUTOMAAS CHILE SPA";78343019-3;20821947;HXJJ44;PA17;"Ruta 5 Sur - Norte";"Américo Vespucio Oriente";2026-09-05;20:48:06;"Tarifa Base Fuera de Punta";462,46
"AUTOMAAS CHILE SPA";78343019-3;20821947;LDWP36;PA12;"Ruta 5 Norte - Sur";"Avda Matta Poniente";2026-09-05;20:55:58;"Tarifa Base Fuera de Punta";368,93
"AUTOMAAS CHILE SPA";78343019-3;20821947;LPPZ24;PA8;"Ruta 5 Norte - Sur";"Lo Espejo Poniente";2026-09-05;21:15:01;"Tarifa Base Fuera de Punta";452,06
"AUTOMAAS CHILE SPA";78343019-3;20821947;LPPZ24;PA32;"Ruta 5 Norte - Sur";"Lo Blanco - Las Acacias";2026-09-05;21:16:13;"Tarifa Base Fuera de Punta";176,67
"AUTOMAAS CHILE SPA";78343019-3;20821947;LPPZ24;PA6;"Ruta 5 Norte - Sur";"Colón Poniente";2026-09-05;21:17:48;"Tarifa Base Fuera de Punta";157,96
"AUTOMAAS CHILE SPA";78343019-3;20821947;LPPZ24;PA37;"Ruta 5 Norte - Sur";"Colón, Calera de Tango";2026-09-05;21:18:44;"Tarifa Base Fuera de Punta";455,18
"AUTOMAAS CHILE SPA";78343019-3;20821947;LPPZ24;PA4;"Ruta 5 Norte - Sur";"Calera de Tango Poniente";2026-09-05;21:20:27;"Tarifa Base Fuera de Punta";129,90
"AUTOMAAS CHILE SPA";78343019-3;20821947;LPPZ24;PA3;"Ruta 5 Sur - Norte";"Calera de Tango Oriente";2026-09-05;21:26:35;"Tarifa Base Fuera de Punta";585,09
"AUTOMAAS CHILE SPA";78343019-3;20821947;LKGZ52;PA21;"General Velasquez Sur - Norte";"Lo Ovalle Oriente";2026-09-05;21:53:39;"Tarifa Base Fuera de Punta";512,34
"AUTOMAAS CHILE SPA";78343019-3;20821947;LKGZ52;PA23;"General Velasquez Sur - Norte";"Carlos Valdovinos Oriente";2026-09-05;21:55:53;"Tarifa Base Fuera de Punta";287,86
"AUTOMAAS CHILE SPA";78343019-3;20821947;LKGZ52;PA25;"General Velasquez Sur - Norte";"San Pablo Oriente";2026-09-05;21:57:24;"Tarifa Base Fuera de Punta";421,93
"AUTOMAAS CHILE SPA";78343019-3;20821947;HXJJ44;PA18;"Ruta 5 Norte - Sur";"Américo Vespucio Poniente";2026-09-05;22:03:20;"Tarifa Base Fuera de Punta";462,46
"AUTOMAAS CHILE SPA";78343019-3;20821947;HXJJ44;PA29;"General Velasquez Norte - Sur";"Cerro Renca Poniente";2026-09-05;22:04:30;"Tarifa Base Fuera de Punta";512,34
"AUTOMAAS CHILE SPA";78343019-3;20821947;HXJJ44;PA26;"General Velasquez Norte - Sur";"San Pablo Poniente";2026-09-05;22:09:56;"Tarifa Base Fuera de Punta";421,93
"AUTOMAAS CHILE SPA";78343019-3;20821947;LKGZ52;PA26;"General Velasquez Norte - Sur";"San Pablo Poniente";2026-09-05;22:33:57;"Tarifa Base Fuera de Punta";421,93
"AUTOMAAS CHILE SPA";78343019-3;20821947;LKGZ52;PA24;"General Velasquez Norte - Sur";"Carlos Valdovinos Poniente";2026-09-05;22:35:14;"Tarifa Base Fuera de Punta";287,86
"AUTOMAAS CHILE SPA";78343019-3;20821947;LPPZ24;PA3;"Ruta 5 Sur - Norte";"Calera de Tango Oriente";2026-09-05;22:36:14;"Tarifa Base Fuera de Punta";585,09
"AUTOMAAS CHILE SPA";78343019-3;20821947;LKGZ52;PA22;"General Velasquez Norte - Sur";"Lo Ovalle Poniente";2026-09-05;22:37:31;"Tarifa Base Fuera de Punta";512,34
"AUTOMAAS CHILE SPA";78343019-3;20821947;LPPZ24;PA5;"Ruta 5 Sur - Norte";"Colón Oriente";2026-09-05;22:38:59;"Tarifa Base Fuera de Punta";334,63
"AUTOMAAS CHILE SPA";78343019-3;20821947;LKGZ52;PA11;"Ruta 5 Norte - Sur";"La Marina San Nicolás Poniente";2026-09-05;23:51:42;"Tarifa Base Fuera de Punta";285,79
"AUTOMAAS CHILE SPA";78343019-3;20821947;LKGZ52;PA9;"Ruta 5 Norte - Sur";"Lo Ovalle Poniente";2026-09-05;23:52:23;"Tarifa Base Fuera de Punta";392,83
"AUTOMAAS CHILE SPA";78343019-3;20821947;LPPZ31;PA30;"Ruta 5 Sur - Norte";"Americo Vespucio - Departamental";2026-09-06;01:26:24;"Tarifa Base Fuera de Punta";392,83
"AUTOMAAS CHILE SPA";78343019-3;20821947;LPPZ31;PA10;"Ruta 5 Sur - Norte";"La Marina San Nicolás Oriente";2026-09-06;01:27:16;"Tarifa Base Fuera de Punta";285,79
"AUTOMAAS CHILE SPA";78343019-3;20821947;LPPZ31;PA31;"Ruta 5 Sur - Norte";"Avenida Matta";2026-09-06;01:29:33;"Tarifa Base Fuera de Punta";368,93
"AUTOMAAS CHILE SPA";78343019-3;20821947;HXJJ44;PA24;"General Velasquez Norte - Sur";"Carlos Valdovinos Poniente";2026-09-06;03:45:23;"Tarifa Base Fuera de Punta";287,86
"AUTOMAAS CHILE SPA";78343019-3;20821947;KXZS95;PA22;"General Velasquez Norte - Sur";"Lo Ovalle Poniente";2026-09-06;04:57:57;"Tarifa Base Fuera de Punta";512,34
"AUTOMAAS CHILE SPA";78343019-3;20821947;KXZS95;PA21;"General Velasquez Sur - Norte";"Lo Ovalle Oriente";2026-09-06;05:17:11;"Tarifa Base Fuera de Punta";512,34
"AUTOMAAS CHILE SPA";78343019-3;20821947;HXJJ44;PA21;"General Velasquez Sur - Norte";"Lo Ovalle Oriente";2026-09-06;05:18:55;"Tarifa Base Fuera de Punta";512,34
"AUTOMAAS CHILE SPA";78343019-3;20821947;KXZS95;PA23;"General Velasquez Sur - Norte";"Carlos Valdovinos Oriente";2026-09-06;05:19:48;"Tarifa Base Fuera de Punta";287,86
"AUTOMAAS CHILE SPA";78343019-3;20821947;KXZS95;PA25;"General Velasquez Sur - Norte";"San Pablo Oriente";2026-09-06;05:21:14;"Tarifa Base Fuera de Punta";421,93
"AUTOMAAS CHILE SPA";78343019-3;20821947;HXJJ44;PA23;"General Velasquez Sur - Norte";"Carlos Valdovinos Oriente";2026-09-06;05:22:03;"Tarifa Base Fuera de Punta";287,86
"AUTOMAAS CHILE SPA";78343019-3;20821947;KXZS95;PA28;"General Velasquez Sur - Norte";"Cerro Renca Oriente";2026-09-06;05:25:35;"Tarifa Base Fuera de Punta";512,34
"AUTOMAAS CHILE SPA";78343019-3;20821947;KXZS95;PA17;"Ruta 5 Sur - Norte";"Américo Vespucio Oriente";2026-09-06;05:26:43;"Tarifa Base Fuera de Punta";462,46
"AUTOMAAS CHILE SPA";78343019-3;20821947;LPPZ24;PA5;"Ruta 5 Sur - Norte";"Colón Oriente";2026-09-06;05:50:10;"Tarifa Base Fuera de Punta";334,63
"AUTOMAAS CHILE SPA";78343019-3;20821947;LPPZ24;PA7;"Ruta 5 Sur - Norte";"Lo Espejo Oriente";2026-09-06;05:52:26;"Tarifa Base Fuera de Punta";452,06
"AUTOMAAS CHILE SPA";78343019-3;20821947;KXZS95;PA18;"Ruta 5 Norte - Sur";"Américo Vespucio Poniente";2026-09-06;06:22:08;"Tarifa Base Fuera de Punta";462,46
"AUTOMAAS CHILE SPA";78343019-3;20821947;LJDV98;PA8;"Ruta 5 Norte - Sur";"Lo Espejo Poniente";2026-09-06;06:24:56;"Tarifa Base Fuera de Punta";452,06
"AUTOMAAS CHILE SPA";78343019-3;20821947;LJDV98;PA32;"Ruta 5 Norte - Sur";"Lo Blanco - Las Acacias";2026-09-06;06:25:56;"Tarifa Base Fuera de Punta";176,67
"AUTOMAAS CHILE SPA";78343019-3;20821947;LJDV98;PA6;"Ruta 5 Norte - Sur";"Colón Poniente";2026-09-06;06:27:34;"Tarifa Base Fuera de Punta";157,96
"AUTOMAAS CHILE SPA";78343019-3;20821947;LJDV98;PA37;"Ruta 5 Norte - Sur";"Colón, Calera de Tango";2026-09-06;06:28:36;"Tarifa Base Fuera de Punta";455,18
"AUTOMAAS CHILE SPA";78343019-3;20821947;LJDV98;PA4;"Ruta 5 Norte - Sur";"Calera de Tango Poniente";2026-09-06;06:30:23;"Tarifa Base Fuera de Punta";129,90
"AUTOMAAS CHILE SPA";78343019-3;20821947;LPPZ24;PA13;"Ruta 5 Sur - Norte";"Alameda - Rio Mapocho";2026-09-06;06:35:03;"Tarifa Base Fuera de Punta";181,86
"AUTOMAAS CHILE SPA";78343019-3;20821947;LJDV98;PA3;"Ruta 5 Sur - Norte";"Calera de Tango Oriente";2026-09-06;06:39:28;"Tarifa Base Fuera de Punta";585,09
"AUTOMAAS CHILE SPA";78343019-3;20821947;KXZS95;PA17;"Ruta 5 Sur - Norte";"Américo Vespucio Oriente";2026-09-06;06:39:35;"Tarifa Base Fuera de Punta";462,46
"AUTOMAAS CHILE SPA";78343019-3;20821947;LJDV98;PA5;"Ruta 5 Sur - Norte";"Colón Oriente";2026-09-06;06:47:28;"Tarifa Base Fuera de Punta";334,63
"AUTOMAAS CHILE SPA";78343019-3;20821947;LPPZ24;PA16;"Ruta 5 Sur - Norte";"Avda Santa María Oriente";2026-09-06;06:48:18;"Tarifa Base Fuera de Punta";425,04
"AUTOMAAS CHILE SPA";78343019-3;20821947;LJDV98;PA7;"Ruta 5 Sur - Norte";"Lo Espejo Oriente";2026-09-06;06:49:52;"Tarifa Base Fuera de Punta";452,06
"AUTOMAAS CHILE SPA";78343019-3;20821947;LPPZ24;PA17;"Ruta 5 Sur - Norte";"Américo Vespucio Oriente";2026-09-06;06:51:37;"Tarifa Base Fuera de Punta";462,46
"AUTOMAAS CHILE SPA";78343019-3;20821947;LDWP36;PA14;"Ruta 5 Norte - Sur";"Alameda Poniente";2026-09-06;06:55:53;"Tarifa Base Fuera de Punta";181,86
"AUTOMAAS CHILE SPA";78343019-3;20821947;LDWP36;PA12;"Ruta 5 Norte - Sur";"Avda Matta Poniente";2026-09-06;06:57:22;"Tarifa Base Fuera de Punta";368,93
"AUTOMAAS CHILE SPA";78343019-3;20821947;LDWP36;PA11;"Ruta 5 Norte - Sur";"La Marina San Nicolás Poniente";2026-09-06;06:59:15;"Tarifa Base Fuera de Punta";285,79
"AUTOMAAS CHILE SPA";78343019-3;20821947;LDWP36;PA9;"Ruta 5 Norte - Sur";"Lo Ovalle Poniente";2026-09-06;07:00:04;"Tarifa Base Fuera de Punta";392,83
"AUTOMAAS CHILE SPA";78343019-3;20821947;LPPZ24;PA18;"Ruta 5 Norte - Sur";"Américo Vespucio Poniente";2026-09-06;07:01:14;"Tarifa Base Fuera de Punta";462,46
"AUTOMAAS CHILE SPA";78343019-3;20821947;LPPZ24;PA29;"General Velasquez Norte - Sur";"Cerro Renca Poniente";2026-09-06;07:02:15;"Tarifa Base Fuera de Punta";512,34
"AUTOMAAS CHILE SPA";78343019-3;20821947;LJDV98;PA10;"Ruta 5 Sur - Norte";"La Marina San Nicolás Oriente";2026-09-06;07:26:22;"Tarifa Base Fuera de Punta";285,79
"AUTOMAAS CHILE SPA";78343019-3;20821947;LJDV98;PA31;"Ruta 5 Sur - Norte";"Avenida Matta";2026-09-06;07:28:14;"Tarifa Base Fuera de Punta";368,93
"AUTOMAAS CHILE SPA";78343019-3;20821947;LJDV98;PA13;"Ruta 5 Sur - Norte";"Alameda - Rio Mapocho";2026-09-06;07:29:36;"Tarifa Base Fuera de Punta";181,86
"AUTOMAAS CHILE SPA";78343019-3;20821947;LJDV98;PA16;"Ruta 5 Sur - Norte";"Avda Santa María Oriente";2026-09-06;07:32:09;"Tarifa Base Fuera de Punta";425,04
"AUTOMAAS CHILE SPA";78343019-3;20821947;LJDV98;PA17;"Ruta 5 Sur - Norte";"Américo Vespucio Oriente";2026-09-06;07:35:13;"Tarifa Base Fuera de Punta";462,46
"AUTOMAAS CHILE SPA";78343019-3;20821947;LPPZ31;PA18;"Ruta 5 Norte - Sur";"Américo Vespucio Poniente";2026-09-06;08:20:40;"Tarifa Base Fuera de Punta";462,46
"AUTOMAAS CHILE SPA";78343019-3;20821947;LPPZ31;PA15;"Ruta 5 Norte - Sur";"Bulnes Poniente";2026-09-06;08:25:04;"Tarifa Base Fuera de Punta";425,04
"AUTOMAAS CHILE SPA";78343019-3;20821947;LJDV98;PA18;"Ruta 5 Norte - Sur";"Américo Vespucio Poniente";2026-09-06;08:26:51;"Tarifa Base Fuera de Punta";462,46
"AUTOMAAS CHILE SPA";78343019-3;20821947;LPPZ31;PA14;"Ruta 5 Norte - Sur";"Alameda Poniente";2026-09-06;08:27:03;"Tarifa Base Fuera de Punta";181,86
"AUTOMAAS CHILE SPA";78343019-3;20821947;LJDV98;PA14;"Ruta 5 Norte - Sur";"Alameda Poniente";2026-09-06;08:47:48;"Tarifa Base Fuera de Punta";181,86
"AUTOMAAS CHILE SPA";78343019-3;20821947;LJDV98;PA12;"Ruta 5 Norte - Sur";"Avda Matta Poniente";2026-09-06;08:49:30;"Tarifa Base Fuera de Punta";368,93
"AUTOMAAS CHILE SPA";78343019-3;20821947;LJDV98;PA11;"Ruta 5 Norte - Sur";"La Marina San Nicolás Poniente";2026-09-06;08:51:46;"Tarifa Base Fuera de Punta";285,79
"AUTOMAAS CHILE SPA";78343019-3;20821947;LJDV98;PA8;"Ruta 5 Norte - Sur";"Lo Espejo Poniente";2026-09-06;09:23:25;"Tarifa Base Fuera de Punta";452,06
"AUTOMAAS CHILE SPA";78343019-3;20821947;LJDV98;PA32;"Ruta 5 Norte - Sur";"Lo Blanco - Las Acacias";2026-09-06;09:24:56;"Tarifa Base Fuera de Punta";176,67
"AUTOMAAS CHILE SPA";78343019-3;20821947;LJDV98;PA6;"Ruta 5 Norte - Sur";"Colón Poniente";2026-09-06;09:26:56;"Tarifa Base Fuera de Punta";157,96
"AUTOMAAS CHILE SPA";78343019-3;20821947;LJDV98;PA30;"Ruta 5 Sur - Norte";"Americo Vespucio - Departamental";2026-09-06;10:23:44;"Tarifa Base Fuera de Punta";392,83
"AUTOMAAS CHILE SPA";78343019-3;20821947;LJDV98;PA10;"Ruta 5 Sur - Norte";"La Marina San Nicolás Oriente";2026-09-06;10:24:41;"Tarifa Base Fuera de Punta";285,79
"AUTOMAAS CHILE SPA";78343019-3;20821947;LJDV98;PA31;"Ruta 5 Sur - Norte";"Avenida Matta";2026-09-06;10:26:45;"Tarifa Base Fuera de Punta";368,93
"AUTOMAAS CHILE SPA";78343019-3;20821947;LJDV98;PA13;"Ruta 5 Sur - Norte";"Alameda - Rio Mapocho";2026-09-06;10:28:18;"Tarifa Base Fuera de Punta";181,86
"AUTOMAAS CHILE SPA";78343019-3;20821947;LPPZ24;PA26;"General Velasquez Norte - Sur";"San Pablo Poniente";2026-09-06;11:13:42;"Tarifa Base Fuera de Punta";421,93
"AUTOMAAS CHILE SPA";78343019-3;20821947;LJDV98;PA26;"General Velasquez Norte - Sur";"San Pablo Poniente";2026-09-06;11:13:42;"Tarifa Base Fuera de Punta";421,93
"AUTOMAAS CHILE SPA";78343019-3;20821947;LJDV98;PA24;"General Velasquez Norte - Sur";"Carlos Valdovinos Poniente";2026-09-06;11:17:05;"Tarifa Base Fuera de Punta";287,86
"AUTOMAAS CHILE SPA";78343019-3;20821947;LPPZ24;PA24;"General Velasquez Norte - Sur";"Carlos Valdovinos Poniente";2026-09-06;11:17:06;"Tarifa Base Fuera de Punta";287,86
"AUTOMAAS CHILE SPA";78343019-3;20821947;LJDV98;PA22;"General Velasquez Norte - Sur";"Lo Ovalle Poniente";2026-09-06;11:22:17;"Tarifa Base Fuera de Punta";512,34
"AUTOMAAS CHILE SPA";78343019-3;20821947;LPPZ24;PA22;"General Velasquez Norte - Sur";"Lo Ovalle Poniente";2026-09-06;11:22:18;"Tarifa Base Fuera de Punta";512,34
"AUTOMAAS CHILE SPA";78343019-3;20821947;KXZS95;PA26;"General Velasquez Norte - Sur";"San Pablo Poniente";2026-09-06;13:54:01;"Tarifa Base Fuera de Punta";421,93
"AUTOMAAS CHILE SPA";78343019-3;20821947;KXZS95;PA24;"General Velasquez Norte - Sur";"Carlos Valdovinos Poniente";2026-09-06;13:55:19;"Tarifa Base Fuera de Punta";287,86
"AUTOMAAS CHILE SPA";78343019-3;20821947;KXZS95;PA22;"General Velasquez Norte - Sur";"Lo Ovalle Poniente";2026-09-06;13:57:41;"Tarifa Base Fuera de Punta";512,34
"AUTOMAAS CHILE SPA";78343019-3;20821947;KXZS95;PA20;"General Velasquez Norte - Sur";"Lo Espejo Poniente";2026-09-06;13:59:33;"Tarifa Base Fuera de Punta";412,57
"AUTOMAAS CHILE SPA";78343019-3;20821947;KXZS95;PA32;"Ruta 5 Norte - Sur";"Lo Blanco - Las Acacias";2026-09-06;14:01:00;"Tarifa Base Fuera de Punta";176,67
"AUTOMAAS CHILE SPA";78343019-3;20821947;KXZS95;PA6;"Ruta 5 Norte - Sur";"Colón Poniente";2026-09-06;14:03:06;"Tarifa Base Fuera de Punta";157,96
"AUTOMAAS CHILE SPA";78343019-3;20821947;KXZS95;PA5;"Ruta 5 Sur - Norte";"Colón Oriente";2026-09-06;17:18:44;"Tarifa Base Fuera de Punta";334,63
"AUTOMAAS CHILE SPA";78343019-3;20821947;KXZS95;PA19;"General Velasquez Sur - Norte";"Puerta Sur Oriente";2026-09-06;17:20:39;"Tarifa Base Fuera de Punta";412,57
"AUTOMAAS CHILE SPA";78343019-3;20821947;LDWP36;PA21;"General Velasquez Sur - Norte";"Lo Ovalle Oriente";2026-09-06;17:46:46;"Tarifa Base Fuera de Punta";512,34
"AUTOMAAS CHILE SPA";78343019-3;20821947;HXJJ44;PA28;"General Velasquez Sur - Norte";"Cerro Renca Oriente";2026-09-06;17:49:14;"Tarifa Base Fuera de Punta";512,34
"AUTOMAAS CHILE SPA";78343019-3;20821947;HXJJ44;PA17;"Ruta 5 Sur - Norte";"Américo Vespucio Oriente";2026-09-06;17:50:26;"Tarifa Base Fuera de Punta";462,46
"AUTOMAAS CHILE SPA";78343019-3;20821947;LPPZ24;PA10;"Ruta 5 Sur - Norte";"La Marina San Nicolás Oriente";2026-09-06;19:03:03;"Tarifa Base Punta";571,58
"AUTOMAAS CHILE SPA";78343019-3;20821947;LPPZ24;PA31;"Ruta 5 Sur - Norte";"Avenida Matta";2026-09-06;19:05:18;"Tarifa Base Punta";737,86
"AUTOMAAS CHILE SPA";78343019-3;20821947;LPPZ24;PA13;"Ruta 5 Sur - Norte";"Alameda - Rio Mapocho";2026-09-06;19:06:55;"Tarifa Base Punta";363,73
"AUTOMAAS CHILE SPA";78343019-3;20821947;LJDV98;PA13;"Ruta 5 Sur - Norte";"Alameda - Rio Mapocho";2026-09-06;19:07:03;"Tarifa Base Punta";363,73
"AUTOMAAS CHILE SPA";78343019-3;20821947;LPPZ24;PA16;"Ruta 5 Sur - Norte";"Avda Santa María Oriente";2026-09-06;19:09:58;"Tarifa Base Fuera de Punta";425,04
"AUTOMAAS CHILE SPA";78343019-3;20821947;LJDV98;PA16;"Ruta 5 Sur - Norte";"Avda Santa María Oriente";2026-09-06;19:10:15;"Tarifa Base Fuera de Punta";425,04
"AUTOMAAS CHILE SPA";78343019-3;20821947;LJDV98;PA17;"Ruta 5 Sur - Norte";"Américo Vespucio Oriente";2026-09-06;19:13:57;"Tarifa Base Fuera de Punta";462,46
"AUTOMAAS CHILE SPA";78343019-3;20821947;LPPZ24;PA18;"Ruta 5 Norte - Sur";"Américo Vespucio Poniente";2026-09-06;20:18:07;"Tarifa Base Fuera de Punta";462,46
"AUTOMAAS CHILE SPA";78343019-3;20821947;LPPZ24;PA15;"Ruta 5 Norte - Sur";"Bulnes Poniente";2026-09-06;20:23:05;"Tarifa Base Fuera de Punta";425,04
"AUTOMAAS CHILE SPA";78343019-3;20821947;LJDV98;PA18;"Ruta 5 Norte - Sur";"Américo Vespucio Poniente";2026-09-06;20:23:27;"Tarifa Base Fuera de Punta";462,46
"AUTOMAAS CHILE SPA";78343019-3;20821947;LDWP36;PA18;"Ruta 5 Norte - Sur";"Américo Vespucio Poniente";2026-09-06;20:23:31;"Tarifa Base Fuera de Punta";462,46
"AUTOMAAS CHILE SPA";78343019-3;20821947;LPPZ24;PA14;"Ruta 5 Norte - Sur";"Alameda Poniente";2026-09-06;20:25:01;"Tarifa Base Fuera de Punta";181,86
"AUTOMAAS CHILE SPA";78343019-3;20821947;LPPZ24;PA12;"Ruta 5 Norte - Sur";"Avda Matta Poniente";2026-09-06;20:26:37;"Tarifa Base Fuera de Punta";368,93
"AUTOMAAS CHILE SPA";78343019-3;20821947;LJDV98;PA15;"Ruta 5 Norte - Sur";"Bulnes Poniente";2026-09-06;20:27:54;"Tarifa Base Fuera de Punta";425,04
"AUTOMAAS CHILE SPA";78343019-3;20821947;LPPZ24;PA11;"Ruta 5 Norte - Sur";"La Marina San Nicolás Poniente";2026-09-06;20:29:00;"Tarifa Base Fuera de Punta";285,79
"AUTOMAAS CHILE SPA";78343019-3;20821947;LJDV98;PA14;"Ruta 5 Norte - Sur";"Alameda Poniente";2026-09-06;20:30:02;"Tarifa Base Fuera de Punta";181,86
"AUTOMAAS CHILE SPA";78343019-3;20821947;LJDV98;PA12;"Ruta 5 Norte - Sur";"Avda Matta Poniente";2026-09-06;20:31:42;"Tarifa Base Fuera de Punta";368,93
"AUTOMAAS CHILE SPA";78343019-3;20821947;LJDV98;PA11;"Ruta 5 Norte - Sur";"La Marina San Nicolás Poniente";2026-09-06;20:33:53;"Tarifa Base Fuera de Punta";285,79
"AUTOMAAS CHILE SPA";78343019-3;20821947;LJDV98;PA9;"Ruta 5 Norte - Sur";"Lo Ovalle Poniente";2026-09-06;20:34:46;"Tarifa Base Fuera de Punta";392,83
"AUTOMAAS CHILE SPA";78343019-3;20821947;LDWP36;PA13;"Ruta 5 Sur - Norte";"Alameda - Rio Mapocho";2026-09-06;21:03:58;"Tarifa Base Fuera de Punta";181,86
"AUTOMAAS CHILE SPA";78343019-3;20821947;LPPZ24;PA8;"Ruta 5 Norte - Sur";"Lo Espejo Poniente";2026-09-06;21:07:47;"Tarifa Base Fuera de Punta";452,06
"AUTOMAAS CHILE SPA";78343019-3;20821947;LPPZ24;PA32;"Ruta 5 Norte - Sur";"Lo Blanco - Las Acacias";2026-09-06;21:09:10;"Tarifa Base Fuera de Punta";176,67
"AUTOMAAS CHILE SPA";78343019-3;20821947;LPPZ24;PA6;"Ruta 5 Norte - Sur";"Colón Poniente";2026-09-06;21:10:54;"Tarifa Base Fuera de Punta";157,96
"AUTOMAAS CHILE SPA";78343019-3;20821947;LPPZ24;PA37;"Ruta 5 Norte - Sur";"Colón, Calera de Tango";2026-09-06;21:12:02;"Tarifa Base Fuera de Punta";455,18
"AUTOMAAS CHILE SPA";78343019-3;20821947;LPPZ24;PA4;"Ruta 5 Norte - Sur";"Calera de Tango Poniente";2026-09-06;21:14:11;"Tarifa Base Fuera de Punta";129,90
"AUTOMAAS CHILE SPA";78343019-3;20821947;LPPZ24;PA3;"Ruta 5 Sur - Norte";"Calera de Tango Oriente";2026-09-06;21:22:42;"Tarifa Base Fuera de Punta";585,09
"AUTOMAAS CHILE SPA";78343019-3;20821947;LDWP36;PA22;"General Velasquez Norte - Sur";"Lo Ovalle Poniente";2026-09-06;21:49:06;"Tarifa Base Fuera de Punta";512,34
"AUTOMAAS CHILE SPA";78343019-3;20821947;HXJJ44;PA18;"Ruta 5 Norte - Sur";"Américo Vespucio Poniente";2026-09-06;22:16:00;"Tarifa Base Fuera de Punta";462,46
"AUTOMAAS CHILE SPA";78343019-3;20821947;HXJJ44;PA29;"General Velasquez Norte - Sur";"Cerro Renca Poniente";2026-09-06;22:17:12;"Tarifa Base Fuera de Punta";512,34
"AUTOMAAS CHILE SPA";78343019-3;20821947;HXJJ44;PA26;"General Velasquez Norte - Sur";"San Pablo Poniente";2026-09-06;22:23:02;"Tarifa Base Fuera de Punta";421,93
"AUTOMAAS CHILE SPA";78343019-3;20821947;HXJJ44;PA24;"General Velasquez Norte - Sur";"Carlos Valdovinos Poniente";2026-09-06;23:08:22;"Tarifa Base Fuera de Punta";287,86
"AUTOMAAS CHILE SPA";78343019-3;20821947;HXJJ44;PA22;"General Velasquez Norte - Sur";"Lo Ovalle Poniente";2026-09-06;23:11:41;"Tarifa Base Fuera de Punta";512,34
"AUTOMAAS CHILE SPA";78343019-3;20821947;KXZS95;PA26;"General Velasquez Norte - Sur";"San Pablo Poniente";2026-09-06;23:35:55;"Tarifa Base Fuera de Punta";421,93
"AUTOMAAS CHILE SPA";78343019-3;20821947;KXZS95;PA24;"General Velasquez Norte - Sur";"Carlos Valdovinos Poniente";2026-09-06;23:37:25;"Tarifa Base Fuera de Punta";287,86
"AUTOMAAS CHILE SPA";78343019-3;20821947;KXZS95;PA22;"General Velasquez Norte - Sur";"Lo Ovalle Poniente";2026-09-06;23:39:46;"Tarifa Base Fuera de Punta";512,34
"AUTOMAAS CHILE SPA";78343019-3;20821947;CYPW26;PA21;"General Velasquez Sur - Norte";"Lo Ovalle Oriente";2026-09-07;01:26:22;"Tarifa Base Fuera de Punta";512,34
"AUTOMAAS CHILE SPA";78343019-3;20821947;HXJJ44;PA21;"General Velasquez Sur - Norte";"Lo Ovalle Oriente";2026-09-07;01:29:18;"Tarifa Base Fuera de Punta";512,34
"AUTOMAAS CHILE SPA";78343019-3;20821947;HXJJ44;PA23;"General Velasquez Sur - Norte";"Carlos Valdovinos Oriente";2026-09-07;01:32:41;"Tarifa Base Fuera de Punta";287,86
"AUTOMAAS CHILE SPA";78343019-3;20821947;HXJJ44;PA24;"General Velasquez Norte - Sur";"Carlos Valdovinos Poniente";2026-09-07;02:51:21;"Tarifa Base Fuera de Punta";287,86
"AUTOMAAS CHILE SPA";78343019-3;20821947;HXJJ44;PA22;"General Velasquez Norte - Sur";"Lo Ovalle Poniente";2026-09-07;02:54:23;"Tarifa Base Fuera de Punta";512,34
"AUTOMAAS CHILE SPA";78343019-3;20821947;HXJJ44;PA20;"General Velasquez Norte - Sur";"Lo Espejo Poniente";2026-09-07;02:56:47;"Tarifa Base Fuera de Punta";412,57
"AUTOMAAS CHILE SPA";78343019-3;20821947;HXJJ44;PA32;"Ruta 5 Norte - Sur";"Lo Blanco - Las Acacias";2026-09-07;02:58:32;"Tarifa Base Fuera de Punta";176,67
"AUTOMAAS CHILE SPA";78343019-3;20821947;HXJJ44;PA6;"Ruta 5 Norte - Sur";"Colón Poniente";2026-09-07;03:00:13;"Tarifa Base Fuera de Punta";157,96
"AUTOMAAS CHILE SPA";78343019-3;20821947;HXJJ44;PA37;"Ruta 5 Norte - Sur";"Colón, Calera de Tango";2026-09-07;03:01:15;"Tarifa Base Fuera de Punta";455,18
"AUTOMAAS CHILE SPA";78343019-3;20821947;HXJJ44;PA4;"Ruta 5 Norte - Sur";"Calera de Tango Poniente";2026-09-07;03:03:14;"Tarifa Base Fuera de Punta";129,90
"AUTOMAAS CHILE SPA";78343019-3;20821947;KXZS95;PA18;"Ruta 5 Norte - Sur";"Américo Vespucio Poniente";2026-09-07;04:10:23;"Tarifa Base Fuera de Punta";462,46
"AUTOMAAS CHILE SPA";78343019-3;20821947;KXZS95;PA22;"General Velasquez Norte - Sur";"Lo Ovalle Poniente";2026-09-07;04:57:33;"Tarifa Base Fuera de Punta";512,34
"AUTOMAAS CHILE SPA";78343019-3;20821947;CYPW26;PA21;"General Velasquez Sur - Norte";"Lo Ovalle Oriente";2026-09-07;05:15:45;"Tarifa Base Fuera de Punta";512,34
"AUTOMAAS CHILE SPA";78343019-3;20821947;CYPW26;PA22;"General Velasquez Norte - Sur";"Lo Ovalle Poniente";2026-09-07;05:26:01;"Tarifa Base Fuera de Punta";512,34
"AUTOMAAS CHILE SPA";78343019-3;20821947;KXZS95;PA28;"General Velasquez Sur - Norte";"Cerro Renca Oriente";2026-09-07;05:58:10;"Tarifa Base Fuera de Punta";512,34
"AUTOMAAS CHILE SPA";78343019-3;20821947;KXZS95;PA17;"Ruta 5 Sur - Norte";"Américo Vespucio Oriente";2026-09-07;05:59:19;"Tarifa Base Fuera de Punta";462,46
"AUTOMAAS CHILE SPA";78343019-3;20821947;PJHJ69;PA32;"Ruta 5 Norte - Sur";"Lo Blanco - Las Acacias";2026-09-07;06:05:01;"Tarifa Base Fuera de Punta";176,67
"AUTOMAAS CHILE SPA";78343019-3;20821947;PJHJ69;PA6;"Ruta 5 Norte - Sur";"Colón Poniente";2026-09-07;06:06:30;"Tarifa Base Fuera de Punta";157,96
"AUTOMAAS CHILE SPA";78343019-3;20821947;PJHJ69;PA37;"Ruta 5 Norte - Sur";"Colón, Calera de Tango";2026-09-07;06:07:22;"Tarifa Base Fuera de Punta";455,18
"AUTOMAAS CHILE SPA";78343019-3;20821947;PJHJ69;PA4;"Ruta 5 Norte - Sur";"Calera de Tango Poniente";2026-09-07;06:08:54;"Tarifa Base Fuera de Punta";129,90
"AUTOMAAS CHILE SPA";78343019-3;20821947;LPPZ31;PA30;"Ruta 5 Sur - Norte";"Americo Vespucio - Departamental";2026-09-07;06:11:14;"Tarifa Base Fuera de Punta";392,83
"AUTOMAAS CHILE SPA";78343019-3;20821947;LPPZ31;PA10;"Ruta 5 Sur - Norte";"La Marina San Nicolás Oriente";2026-09-07;06:12:11;"Tarifa Base Fuera de Punta";285,79
"AUTOMAAS CHILE SPA";78343019-3;20821947;LPPZ31;PA31;"Ruta 5 Sur - Norte";"Avenida Matta";2026-09-07;06:14:29;"Tarifa Base Fuera de Punta";368,93
"AUTOMAAS CHILE SPA";78343019-3;20821947;LPPZ31;PA13;"Ruta 5 Sur - Norte";"Alameda - Rio Mapocho";2026-09-07;06:16:17;"Tarifa Base Fuera de Punta";181,86
"AUTOMAAS CHILE SPA";78343019-3;20821947;PJHJ69;PA3;"Ruta 5 Sur - Norte";"Calera de Tango Oriente";2026-09-07;06:23:01;"Tarifa Base Fuera de Punta";585,09
"AUTOMAAS CHILE SPA";78343019-3;20821947;CYPW26;PA21;"General Velasquez Sur - Norte";"Lo Ovalle Oriente";2026-09-07;06:47:22;"Tarifa Base Fuera de Punta";512,34
"AUTOMAAS CHILE SPA";78343019-3;20821947;CYPW26;PA23;"General Velasquez Sur - Norte";"Carlos Valdovinos Oriente";2026-09-07;06:50:41;"Tarifa Base Fuera de Punta";287,86
"AUTOMAAS CHILE SPA";78343019-3;20821947;PJHJ69;PA5;"Ruta 5 Sur - Norte";"Colón Oriente";2026-09-07;06:54:33;"Tarifa Base Punta";669,27
"AUTOMAAS CHILE SPA";78343019-3;20821947;CYPW26;PA25;"General Velasquez Sur - Norte";"San Pablo Oriente";2026-09-07;06:58:35;"Tarifa Base Fuera de Punta";421,93
"AUTOMAAS CHILE SPA";78343019-3;20821947;PJHJ69;PA19;"General Velasquez Sur - Norte";"Puerta Sur Oriente";2026-09-07;06:58:56;"Tarifa Base Fuera de Punta";412,57
"AUTOMAAS CHILE SPA";78343019-3;20821947;CYPW26;PA28;"General Velasquez Sur - Norte";"Cerro Renca Oriente";2026-09-07;07:04:12;"Tarifa Base Punta";1.024,69
"AUTOMAAS CHILE SPA";78343019-3;20821947;CYPW26;PA17;"Ruta 5 Sur - Norte";"Américo Vespucio Oriente";2026-09-07;07:06:09;"Tarifa Base Punta";924,92
"AUTOMAAS CHILE SPA";78343019-3;20821947;LPPZ31;PA14;"Ruta 5 Norte - Sur";"Alameda Poniente";2026-09-07;07:28:24;"Tarifa Base Punta";363,73
"AUTOMAAS CHILE SPA";78343019-3;20821947;LPPZ31;PA12;"Ruta 5 Norte - Sur";"Avda Matta Poniente";2026-09-07;07:30:16;"Tarifa Base Punta";737,86
"AUTOMAAS CHILE SPA";78343019-3;20821947;LPPZ31;PA11;"Ruta 5 Norte - Sur";"La Marina San Nicolás Poniente";2026-09-07;07:32:24;"Tarifa Base Fuera de Punta";285,79
"AUTOMAAS CHILE SPA";78343019-3;20821947;LPPZ31;PA9;"Ruta 5 Norte - Sur";"Lo Ovalle Poniente";2026-09-07;07:33:23;"Tarifa Base Fuera de Punta";392,83
"AUTOMAAS CHILE SPA";78343019-3;20821947;PJHJ69;PA31;"Ruta 5 Sur - Norte";"Avenida Matta";2026-09-07;07:53:51;"Tarifa Base Punta";737,86
"AUTOMAAS CHILE SPA";78343019-3;20821947;PJHJ69;PA13;"Ruta 5 Sur - Norte";"Alameda - Rio Mapocho";2026-09-07;07:58:13;"Tarifa Base Punta";363,73
"AUTOMAAS CHILE SPA";78343019-3;20821947;PJHJ69;PA16;"Ruta 5 Sur - Norte";"Avda Santa María Oriente";2026-09-07;08:01:56;"Tarifa Base Punta";850,10
"AUTOMAAS CHILE SPA";78343019-3;20821947;PJHJ69;PA17;"Ruta 5 Sur - Norte";"Américo Vespucio Oriente";2026-09-07;08:07:26;"Tarifa Base Punta";924,92
"AUTOMAAS CHILE SPA";78343019-3;20821947;PJHJ69;PA18;"Ruta 5 Norte - Sur";"Américo Vespucio Poniente";2026-09-07;08:27:39;"Tarifa Base Punta";924,92
"AUTOMAAS CHILE SPA";78343019-3;20821947;LJDV98;PA21;"General Velasquez Sur - Norte";"Lo Ovalle Oriente";2026-09-07;08:43:54;"Tarifa Base Fuera de Punta";512,34
"AUTOMAAS CHILE SPA";78343019-3;20821947;LJDV98;PA23;"General Velasquez Sur - Norte";"Carlos Valdovinos Oriente";2026-09-07;08:46:50;"Tarifa Base Punta";575,74
"AUTOMAAS CHILE SPA";78343019-3;20821947;PJHJ69;PA14;"Ruta 5 Norte - Sur";"Alameda Poniente";2026-09-07;08:54:20;"Tarifa Base Fuera de Punta";181,86
"AUTOMAAS CHILE SPA";78343019-3;20821947;PJHJ69;PA12;"Ruta 5 Norte - Sur";"Avda Matta Poniente";2026-09-07;08:55:50;"Tarifa Base Fuera de Punta";368,93
"AUTOMAAS CHILE SPA";78343019-3;20821947;PJHJ69;PA11;"Ruta 5 Norte - Sur";"La Marina San Nicolás Poniente";2026-09-07;08:57:45;"Tarifa Base Fuera de Punta";285,79
"AUTOMAAS CHILE SPA";78343019-3;20821947;HXJJ44;PA28;"General Velasquez Sur - Norte";"Cerro Renca Oriente";2026-09-07;18:00:53;"Tarifa Base Punta";1.024,69
"AUTOMAAS CHILE SPA";78343019-3;20821947;LJDV98;PA13;"Ruta 5 Sur - Norte";"Alameda - Rio Mapocho";2026-09-07;19:35:24;"Tarifa Base Fuera de Punta";181,86
"AUTOMAAS CHILE SPA";78343019-3;20821947;LJDV98;PA16;"Ruta 5 Sur - Norte";"Avda Santa María Oriente";2026-09-07;19:38:35;"Tarifa Base Fuera de Punta";425,04
"AUTOMAAS CHILE SPA";78343019-3;20821947;LPPZ31;PA16;"Ruta 5 Sur - Norte";"Avda Santa María Oriente";2026-09-07;19:38:54;"Tarifa Base Fuera de Punta";425,04
"AUTOMAAS CHILE SPA";78343019-3;20821947;LJDV98;PA17;"Ruta 5 Sur - Norte";"Américo Vespucio Oriente";2026-09-07;19:56:51;"Tarifa Base Fuera de Punta";462,46
"AUTOMAAS CHILE SPA";78343019-3;20821947;LPPZ31;PA17;"Ruta 5 Sur - Norte";"Américo Vespucio Oriente";2026-09-07;19:57:39;"Tarifa Base Fuera de Punta";462,46
"AUTOMAAS CHILE SPA";78343019-3;20821947;LJDV98;PA18;"Ruta 5 Norte - Sur";"Américo Vespucio Poniente";2026-09-07;20:25:39;"Tarifa Base Fuera de Punta";462,46
"AUTOMAAS CHILE SPA";78343019-3;20821947;LJDV98;PA15;"Ruta 5 Norte - Sur";"Bulnes Poniente";2026-09-07;20:30:34;"Tarifa Base Fuera de Punta";425,04
"AUTOMAAS CHILE SPA";78343019-3;20821947;LPPZ31;PA18;"Ruta 5 Norte - Sur";"Américo Vespucio Poniente";2026-09-07;20:34:13;"Tarifa Base Fuera de Punta";462,46
"AUTOMAAS CHILE SPA";78343019-3;20821947;LPPZ31;PA29;"General Velasquez Norte - Sur";"Cerro Renca Poniente";2026-09-07;20:35:43;"Tarifa Base Fuera de Punta";512,34
"AUTOMAAS CHILE SPA";78343019-3;20821947;LPPZ31;PA26;"General Velasquez Norte - Sur";"San Pablo Poniente";2026-09-07;20:41:08;"Tarifa Base Fuera de Punta";421,93
"AUTOMAAS CHILE SPA";78343019-3;20821947;HXJJ44;PA16;"Ruta 5 Sur - Norte";"Avda Santa María Oriente";2026-09-07;20:45:14;"Tarifa Base Fuera de Punta";425,04
"AUTOMAAS CHILE SPA";78343019-3;20821947;HXJJ44;PA17;"Ruta 5 Sur - Norte";"Américo Vespucio Oriente";2026-09-07;20:49:13;"Tarifa Base Fuera de Punta";462,46
"AUTOMAAS CHILE SPA";78343019-3;20821947;LPPZ31;PA7;"Ruta 5 Sur - Norte";"Lo Espejo Oriente";2026-09-07;21:55:37;"Tarifa Base Fuera de Punta";452,06
"AUTOMAAS CHILE SPA";78343019-3;20821947;HXJJ44;PA26;"General Velasquez Norte - Sur";"San Pablo Poniente";2026-09-07;22:09:40;"Tarifa Base Fuera de Punta";421,93
"AUTOMAAS CHILE SPA";78343019-3;20821947;KXZS95;PA14;"Ruta 5 Norte - Sur";"Alameda Poniente";2026-09-07;23:07:38;"Tarifa Base Fuera de Punta";181,86
"AUTOMAAS CHILE SPA";78343019-3;20821947;KXZS95;PA12;"Ruta 5 Norte - Sur";"Avda Matta Poniente";2026-09-07;23:09:09;"Tarifa Base Fuera de Punta";368,93
"AUTOMAAS CHILE SPA";78343019-3;20821947;KXZS95;PA11;"Ruta 5 Norte - Sur";"La Marina San Nicolás Poniente";2026-09-07;23:11:09;"Tarifa Base Fuera de Punta";285,79
"AUTOMAAS CHILE SPA";78343019-3;20821947;KXZS95;PA9;"Ruta 5 Norte - Sur";"Lo Ovalle Poniente";2026-09-07;23:11:56;"Tarifa Base Fuera de Punta";392,83
"AUTOMAAS CHILE SPA";78343019-3;20821947;HXJJ44;PA24;"General Velasquez Norte - Sur";"Carlos Valdovinos Poniente";2026-09-07;23:17:47;"Tarifa Base Fuera de Punta";287,86
"AUTOMAAS CHILE SPA";78343019-3;20821947;LKGZ52;PA9;"Ruta 5 Norte - Sur";"Lo Ovalle Poniente";2026-09-08;00:53:43;"Tarifa Base Fuera de Punta";392,83
"AUTOMAAS CHILE SPA";78343019-3;20821947;KZGL59;PA14;"Ruta 5 Norte - Sur";"Alameda Poniente";2026-09-08;01:00:00;"Tarifa Base Fuera de Punta";181,86
"AUTOMAAS CHILE SPA";78343019-3;20821947;KZGL59;PA12;"Ruta 5 Norte - Sur";"Avda Matta Poniente";2026-09-08;01:02:21;"Tarifa Base Fuera de Punta";368,93
"AUTOMAAS CHILE SPA";78343019-3;20821947;KZGL59;PA11;"Ruta 5 Norte - Sur";"La Marina San Nicolás Poniente";2026-09-08;01:06:07;"Tarifa Base Fuera de Punta";285,79
"AUTOMAAS CHILE SPA";78343019-3;20821947;KZGL59;PA9;"Ruta 5 Norte - Sur";"Lo Ovalle Poniente";2026-09-08;01:07:50;"Tarifa Base Fuera de Punta";392,83
"AUTOMAAS CHILE SPA";78343019-3;20821947;LJDV98;PA8;"Ruta 5 Norte - Sur";"Lo Espejo Poniente";2026-09-08;01:59:42;"Tarifa Base Fuera de Punta";452,06
"AUTOMAAS CHILE SPA";78343019-3;20821947;LJDV98;PA32;"Ruta 5 Norte - Sur";"Lo Blanco - Las Acacias";2026-09-08;02:00:47;"Tarifa Base Fuera de Punta";176,67
"AUTOMAAS CHILE SPA";78343019-3;20821947;LJDV98;PA7;"Ruta 5 Sur - Norte";"Lo Espejo Oriente";2026-09-08;02:07:40;"Tarifa Base Fuera de Punta";452,06
"AUTOMAAS CHILE SPA";78343019-3;20821947;LJDV98;PA30;"Ruta 5 Sur - Norte";"Americo Vespucio - Departamental";2026-09-08;02:10:39;"Tarifa Base Fuera de Punta";392,83
"AUTOMAAS CHILE SPA";78343019-3;20821947;LJDV98;PA10;"Ruta 5 Sur - Norte";"La Marina San Nicolás Oriente";2026-09-08;02:11:26;"Tarifa Base Fuera de Punta";285,79
"AUTOMAAS CHILE SPA";78343019-3;20821947;LJDV98;PA31;"Ruta 5 Sur - Norte";"Avenida Matta";2026-09-08;02:13:28;"Tarifa Base Fuera de Punta";368,93
"AUTOMAAS CHILE SPA";78343019-3;20821947;LJDV98;PA13;"Ruta 5 Sur - Norte";"Alameda - Rio Mapocho";2026-09-08;02:14:56;"Tarifa Base Fuera de Punta";181,86
"AUTOMAAS CHILE SPA";78343019-3;20821947;LJDV98;PA16;"Ruta 5 Sur - Norte";"Avda Santa María Oriente";2026-09-08;02:17:38;"Tarifa Base Fuera de Punta";425,04
"AUTOMAAS CHILE SPA";78343019-3;20821947;LJDV98;PA17;"Ruta 5 Sur - Norte";"Américo Vespucio Oriente";2026-09-08;02:21:29;"Tarifa Base Fuera de Punta";462,46
"AUTOMAAS CHILE SPA";78343019-3;20821947;HXJJ44;PA22;"General Velasquez Norte - Sur";"Lo Ovalle Poniente";2026-09-08;03:23:40;"Tarifa Base Fuera de Punta";512,34
"AUTOMAAS CHILE SPA";78343019-3;20821947;HXJJ44;PA20;"General Velasquez Norte - Sur";"Lo Espejo Poniente";2026-09-08;03:26:23;"Tarifa Base Fuera de Punta";412,57
"AUTOMAAS CHILE SPA";78343019-3;20821947;HXJJ44;PA32;"Ruta 5 Norte - Sur";"Lo Blanco - Las Acacias";2026-09-08;03:28:12;"Tarifa Base Fuera de Punta";176,67
"AUTOMAAS CHILE SPA";78343019-3;20821947;HXJJ44;PA6;"Ruta 5 Norte - Sur";"Colón Poniente";2026-09-08;03:30:10;"Tarifa Base Fuera de Punta";157,96
"AUTOMAAS CHILE SPA";78343019-3;20821947;HXJJ44;PA37;"Ruta 5 Norte - Sur";"Colón, Calera de Tango";2026-09-08;03:31:22;"Tarifa Base Fuera de Punta";455,18
"AUTOMAAS CHILE SPA";78343019-3;20821947;KXZS95;PA10;"Ruta 5 Sur - Norte";"La Marina San Nicolás Oriente";2026-09-08;03:31:25;"Tarifa Base Fuera de Punta";285,79
"AUTOMAAS CHILE SPA";78343019-3;20821947;KXZS95;PA31;"Ruta 5 Sur - Norte";"Avenida Matta";2026-09-08;03:33:36;"Tarifa Base Fuera de Punta";368,93
"AUTOMAAS CHILE SPA";78343019-3;20821947;LPPZ31;PA7;"Ruta 5 Sur - Norte";"Lo Espejo Oriente";2026-09-08;03:46:01;"Tarifa Base Fuera de Punta";452,06
"AUTOMAAS CHILE SPA";78343019-3;20821947;KXZS95;PA22;"General Velasquez Norte - Sur";"Lo Ovalle Poniente";2026-09-08;04:52:15;"Tarifa Base Fuera de Punta";512,34
"AUTOMAAS CHILE SPA";78343019-3;20821947;LPPZ24;PA8;"Ruta 5 Norte - Sur";"Lo Espejo Poniente";2026-09-08;04:56:07;"Tarifa Base Fuera de Punta";452,06
"AUTOMAAS CHILE SPA";78343019-3;20821947;LPPZ24;PA9;"Ruta 5 Norte - Sur";"Lo Ovalle Poniente";2026-09-08;05:26:14;"Tarifa Base Fuera de Punta";392,83
"AUTOMAAS CHILE SPA";78343019-3;20821947;LPPZ24;PA8;"Ruta 5 Norte - Sur";"Lo Espejo Poniente";2026-09-08;05:29:19;"Tarifa Base Fuera de Punta";452,06
"AUTOMAAS CHILE SPA";78343019-3;20821947;LPPZ24;PA32;"Ruta 5 Norte - Sur";"Lo Blanco - Las Acacias";2026-09-08;05:30:26;"Tarifa Base Fuera de Punta";176,67
"AUTOMAAS CHILE SPA";78343019-3;20821947;LPPZ31;PA21;"General Velasquez Sur - Norte";"Lo Ovalle Oriente";2026-09-08;05:32:00;"Tarifa Base Fuera de Punta";512,34
"AUTOMAAS CHILE SPA";78343019-3;20821947;LPPZ31;PA23;"General Velasquez Sur - Norte";"Carlos Valdovinos Oriente";2026-09-08;05:34:54;"Tarifa Base Fuera de Punta";287,86
"AUTOMAAS CHILE SPA";78343019-3;20821947;LPPZ31;PA25;"General Velasquez Sur - Norte";"San Pablo Oriente";2026-09-08;05:36:31;"Tarifa Base Fuera de Punta";421,93
"AUTOMAAS CHILE SPA";78343019-3;20821947;LPPZ24;PA7;"Ruta 5 Sur - Norte";"Lo Espejo Oriente";2026-09-08;05:41:45;"Tarifa Base Fuera de Punta";452,06
"AUTOMAAS CHILE SPA";78343019-3;20821947;LPPZ31;PA28;"General Velasquez Sur - Norte";"Cerro Renca Oriente";2026-09-08;05:47:17;"Tarifa Base Fuera de Punta";512,34
"AUTOMAAS CHILE SPA";78343019-3;20821947;LPPZ31;PA17;"Ruta 5 Sur - Norte";"Américo Vespucio Oriente";2026-09-08;05:48:31;"Tarifa Base Fuera de Punta";462,46
"AUTOMAAS CHILE SPA";78343019-3;20821947;LDWP36;PA31;"Ruta 5 Sur - Norte";"Avenida Matta";2026-09-08;06:00:37;"Tarifa Base Fuera de Punta";368,93
"AUTOMAAS CHILE SPA";78343019-3;20821947;LDWP36;PA13;"Ruta 5 Sur - Norte";"Alameda - Rio Mapocho";2026-09-08;06:02:43;"Tarifa Base Fuera de Punta";181,86
"AUTOMAAS CHILE SPA";78343019-3;20821947;PJHJ69;PA8;"Ruta 5 Norte - Sur";"Lo Espejo Poniente";2026-09-08;06:25:15;"Tarifa Base Fuera de Punta";452,06
"AUTOMAAS CHILE SPA";78343019-3;20821947;PJHJ69;PA32;"Ruta 5 Norte - Sur";"Lo Blanco - Las Acacias";2026-09-08;06:26:18;"Tarifa Base Fuera de Punta";176,67
"AUTOMAAS CHILE SPA";78343019-3;20821947;PJHJ69;PA6;"Ruta 5 Norte - Sur";"Colón Poniente";2026-09-08;06:27:47;"Tarifa Base Fuera de Punta";157,96
"AUTOMAAS CHILE SPA";78343019-3;20821947;LPPZ24;PA13;"Ruta 5 Sur - Norte";"Alameda - Rio Mapocho";2026-09-08;06:43:12;"Tarifa Base Punta";363,73
"AUTOMAAS CHILE SPA";78343019-3;20821947;PJHJ69;PA5;"Ruta 5 Sur - Norte";"Colón Oriente";2026-09-08;07:00:02;"Tarifa Saturación";1.003,90
"AUTOMAAS CHILE SPA";78343019-3;20821947;PJHJ69;PA19;"General Velasquez Sur - Norte";"Puerta Sur Oriente";2026-09-08;07:04:08;"Tarifa Base Fuera de Punta";412,57
"AUTOMAAS CHILE SPA";78343019-3;20821947;PJHJ69;PA21;"General Velasquez Sur - Norte";"Lo Ovalle Oriente";2026-09-08;07:07:44;"Tarifa Base Fuera de Punta";512,34
"AUTOMAAS CHILE SPA";78343019-3;20821947;KXZS95;PA25;"General Velasquez Sur - Norte";"San Pablo Oriente";2026-09-08;07:17:24;"Tarifa Base Punta";843,86
"AUTOMAAS CHILE SPA";78343019-3;20821947;KXZS95;PA28;"General Velasquez Sur - Norte";"Cerro Renca Oriente";2026-09-08;07:24:10;"Tarifa Base Punta";1.024,69
"AUTOMAAS CHILE SPA";78343019-3;20821947;KXZS95;PA17;"Ruta 5 Sur - Norte";"Américo Vespucio Oriente";2026-09-08;07:27:34;"Tarifa Base Punta";924,92
"AUTOMAAS CHILE SPA";78343019-3;20821947;LDWP36;PA14;"Ruta 5 Norte - Sur";"Alameda Poniente";2026-09-08;07:32:01;"Tarifa Base Punta";363,73
"AUTOMAAS CHILE SPA";78343019-3;20821947;LDWP36;PA12;"Ruta 5 Norte - Sur";"Avda Matta Poniente";2026-09-08;07:33:34;"Tarifa Base Punta";737,86
"AUTOMAAS CHILE SPA";78343019-3;20821947;LDWP36;PA11;"Ruta 5 Norte - Sur";"La Marina San Nicolás Poniente";2026-09-08;07:35:34;"Tarifa Base Fuera de Punta";285,79
"AUTOMAAS CHILE SPA";78343019-3;20821947;LDWP36;PA9;"Ruta 5 Norte - Sur";"Lo Ovalle Poniente";2026-09-08;07:36:24;"Tarifa Base Fuera de Punta";392,83
"AUTOMAAS CHILE SPA";78343019-3;20821947;PJHJ69;PA31;"Ruta 5 Sur - Norte";"Avenida Matta";2026-09-08;07:45:25;"Tarifa Base Punta";737,86
"AUTOMAAS CHILE SPA";78343019-3;20821947;PJHJ69;PA13;"Ruta 5 Sur - Norte";"Alameda - Rio Mapocho";2026-09-08;07:49:13;"Tarifa Base Punta";363,73
"AUTOMAAS CHILE SPA";78343019-3;20821947;PJHJ69;PA16;"Ruta 5 Sur - Norte";"Avda Santa María Oriente";2026-09-08;07:55:04;"Tarifa Base Punta";850,10
"AUTOMAAS CHILE SPA";78343019-3;20821947;PJHJ69;PA17;"Ruta 5 Sur - Norte";"Américo Vespucio Oriente";2026-09-08;08:00:14;"Tarifa Base Punta";924,92
"AUTOMAAS CHILE SPA";78343019-3;20821947;KXZS95;PA18;"Ruta 5 Norte - Sur";"Américo Vespucio Poniente";2026-09-08;08:22:56;"Tarifa Base Punta";924,92
"AUTOMAAS CHILE SPA";78343019-3;20821947;KXZS95;PA15;"Ruta 5 Norte - Sur";"Bulnes Poniente";2026-09-08;08:28:26;"Tarifa Base Fuera de Punta";425,04
"AUTOMAAS CHILE SPA";78343019-3;20821947;PJHJ69;PA18;"Ruta 5 Norte - Sur";"Américo Vespucio Poniente";2026-09-08;08:31:22;"Tarifa Base Fuera de Punta";462,46
"AUTOMAAS CHILE SPA";78343019-3;20821947;PJHJ69;PA15;"Ruta 5 Norte - Sur";"Bulnes Poniente";2026-09-08;08:36:42;"Tarifa Base Punta";850,10
"AUTOMAAS CHILE SPA";78343019-3;20821947;PJHJ69;PA14;"Ruta 5 Norte - Sur";"Alameda Poniente";2026-09-08;08:43:21;"Tarifa Base Fuera de Punta";181,86
"AUTOMAAS CHILE SPA";78343019-3;20821947;PJHJ69;PA12;"Ruta 5 Norte - Sur";"Avda Matta Poniente";2026-09-08;08:44:55;"Tarifa Base Fuera de Punta";368,93
"AUTOMAAS CHILE SPA";78343019-3;20821947;PJHJ69;PA11;"Ruta 5 Norte - Sur";"La Marina San Nicolás Poniente";2026-09-08;08:46:55;"Tarifa Base Fuera de Punta";285,79
"AUTOMAAS CHILE SPA";78343019-3;20821947;LPPZ24;PA18;"Ruta 5 Norte - Sur";"Américo Vespucio Poniente";2026-09-08;08:58:56;"Tarifa Base Fuera de Punta";462,46
"AUTOMAAS CHILE SPA";78343019-3;20821947;LPPZ24;PA15;"Ruta 5 Norte - Sur";"Bulnes Poniente";2026-09-08;09:04:44;"Tarifa Base Fuera de Punta";425,04
"AUTOMAAS CHILE SPA";78343019-3;20821947;LPPZ24;PA14;"Ruta 5 Norte - Sur";"Alameda Poniente";2026-09-08;09:10:20;"Tarifa Base Punta";363,73
"AUTOMAAS CHILE SPA";78343019-3;20821947;LPPZ24;PA12;"Ruta 5 Norte - Sur";"Avda Matta Poniente";2026-09-08;09:12:10;"Tarifa Base Punta";737,86
"AUTOMAAS CHILE SPA";78343019-3;20821947;LPPZ24;PA11;"Ruta 5 Norte - Sur";"La Marina San Nicolás Poniente";2026-09-08;09:14:33;"Tarifa Base Fuera de Punta";285,79
"AUTOMAAS CHILE SPA";78343019-3;20821947;LPPZ24;PA9;"Ruta 5 Norte - Sur";"Lo Ovalle Poniente";2026-09-08;09:15:25;"Tarifa Base Fuera de Punta";392,83
"AUTOMAAS CHILE SPA";78343019-3;20821947;LPPZ24;PA8;"Ruta 5 Norte - Sur";"Lo Espejo Poniente";2026-09-08;09:18:30;"Tarifa Base Fuera de Punta";452,06
"AUTOMAAS CHILE SPA";78343019-3;20821947;LPPZ24;PA32;"Ruta 5 Norte - Sur";"Lo Blanco - Las Acacias";2026-09-08;09:19:33;"Tarifa Base Fuera de Punta";176,67
"AUTOMAAS CHILE SPA";78343019-3;20821947;LPPZ24;PA6;"Ruta 5 Norte - Sur";"Colón Poniente";2026-09-08;09:25:00;"Tarifa Base Fuera de Punta";157,96
"AUTOMAAS CHILE SPA";78343019-3;20821947;KZGL59;PA8;"Ruta 5 Norte - Sur";"Lo Espejo Poniente";2026-09-08;16:21:44;"Tarifa Base Fuera de Punta";452,06
"AUTOMAAS CHILE SPA";78343019-3;20821947;KZGL59;PA32;"Ruta 5 Norte - Sur";"Lo Blanco - Las Acacias";2026-09-08;16:23:01;"Tarifa Base Fuera de Punta";176,67
"AUTOMAAS CHILE SPA";78343019-3;20821947;KZGL59;PA6;"Ruta 5 Norte - Sur";"Colón Poniente";2026-09-08;16:24:40;"Tarifa Base Fuera de Punta";157,96
"AUTOMAAS CHILE SPA";78343019-3;20821947;KZGL59;PA37;"Ruta 5 Norte - Sur";"Colón, Calera de Tango";2026-09-08;16:25:42;"Tarifa Base Fuera de Punta";455,18
"AUTOMAAS CHILE SPA";78343019-3;20821947;KZGL59;PA4;"Ruta 5 Norte - Sur";"Calera de Tango Poniente";2026-09-08;16:27:41;"Tarifa Base Fuera de Punta";129,90
"AUTOMAAS CHILE SPA";78343019-3;20821947;KZGL59;PA1;"Ruta 5 Norte - Sur";"Río Maipo Poniente";2026-09-08;16:33:28;"Tarifa Base Fuera de Punta";868,37
"AUTOMAAS CHILE SPA";78343019-3;20821947;KZGL59;PA2;"Ruta 5 Sur - Norte";"La Estancilla Oriente";2026-09-08;17:13:17;"Tarifa Base Fuera de Punta";868,37
"AUTOMAAS CHILE SPA";78343019-3;20821947;KZGL59;PA3;"Ruta 5 Sur - Norte";"Calera de Tango Oriente";2026-09-08;17:14:53;"Tarifa Base Fuera de Punta";585,09
"AUTOMAAS CHILE SPA";78343019-3;20821947;KZGL59;PA5;"Ruta 5 Sur - Norte";"Colón Oriente";2026-09-08;17:18:09;"Tarifa Base Fuera de Punta";334,63
"AUTOMAAS CHILE SPA";78343019-3;20821947;KZGL59;PA7;"Ruta 5 Sur - Norte";"Lo Espejo Oriente";2026-09-08;17:21:20;"Tarifa Base Fuera de Punta";452,06
"AUTOMAAS CHILE SPA";78343019-3;20821947;HXJJ44;PA28;"General Velasquez Sur - Norte";"Cerro Renca Oriente";2026-09-08;17:52:29;"Tarifa Base Fuera de Punta";512,34
"AUTOMAAS CHILE SPA";78343019-3;20821947;HXJJ44;PA17;"Ruta 5 Sur - Norte";"Américo Vespucio Oriente";2026-09-08;17:57:24;"Tarifa Base Punta";924,92
"AUTOMAAS CHILE SPA";78343019-3;20821947;LPPZ24;PA5;"Ruta 5 Sur - Norte";"Colón Oriente";2026-09-08;18:13:47;"Tarifa Base Fuera de Punta";334,63
"AUTOMAAS CHILE SPA";78343019-3;20821947;LPPZ24;PA19;"General Velasquez Sur - Norte";"Puerta Sur Oriente";2026-09-08;18:18:25;"Tarifa Base Fuera de Punta";412,57
"AUTOMAAS CHILE SPA";78343019-3;20821947;LPPZ24;PA10;"Ruta 5 Sur - Norte";"La Marina San Nicolás Oriente";2026-09-08;19:27:40;"Tarifa Base Fuera de Punta";285,79
"AUTOMAAS CHILE SPA";78343019-3;20821947;LPPZ24;PA31;"Ruta 5 Sur - Norte";"Avenida Matta";2026-09-08;19:29:57;"Tarifa Base Fuera de Punta";368,93
"AUTOMAAS CHILE SPA";78343019-3;20821947;LDWP36;PA16;"Ruta 5 Sur - Norte";"Avda Santa María Oriente";2026-09-08;19:30:18;"Tarifa Base Fuera de Punta";425,04
"AUTOMAAS CHILE SPA";78343019-3;20821947;LPPZ24;PA13;"Ruta 5 Sur - Norte";"Alameda - Rio Mapocho";2026-09-08;19:31:25;"Tarifa Base Fuera de Punta";181,86
"AUTOMAAS CHILE SPA";78343019-3;20821947;LDWP36;PA17;"Ruta 5 Sur - Norte";"Américo Vespucio Oriente";2026-09-08;19:33:49;"Tarifa Base Fuera de Punta";462,46
"AUTOMAAS CHILE SPA";78343019-3;20821947;LPPZ24;PA16;"Ruta 5 Sur - Norte";"Avda Santa María Oriente";2026-09-08;19:34:16;"Tarifa Base Fuera de Punta";425,04
"AUTOMAAS CHILE SPA";78343019-3;20821947;LPPZ24;PA17;"Ruta 5 Sur - Norte";"Américo Vespucio Oriente";2026-09-08;19:38:08;"Tarifa Base Fuera de Punta";462,46
"AUTOMAAS CHILE SPA";78343019-3;20821947;LJDV98;PA13;"Ruta 5 Sur - Norte";"Alameda - Rio Mapocho";2026-09-08;19:39:02;"Tarifa Base Fuera de Punta";181,86
"AUTOMAAS CHILE SPA";78343019-3;20821947;LJDV98;PA16;"Ruta 5 Sur - Norte";"Avda Santa María Oriente";2026-09-08;19:41:59;"Tarifa Base Fuera de Punta";425,04
"AUTOMAAS CHILE SPA";78343019-3;20821947;LJDV98;PA17;"Ruta 5 Sur - Norte";"Américo Vespucio Oriente";2026-09-08;19:45:41;"Tarifa Base Fuera de Punta";462,46
"AUTOMAAS CHILE SPA";78343019-3;20821947;LPPZ24;PA18;"Ruta 5 Norte - Sur";"Américo Vespucio Poniente";2026-09-08;20:19:19;"Tarifa Base Fuera de Punta";462,46
"AUTOMAAS CHILE SPA";78343019-3;20821947;LPPZ24;PA15;"Ruta 5 Norte - Sur";"Bulnes Poniente";2026-09-08;20:23:57;"Tarifa Base Punta";850,10
"AUTOMAAS CHILE SPA";78343019-3;20821947;LPPZ24;PA14;"Ruta 5 Norte - Sur";"Alameda Poniente";2026-09-08;20:26:46;"Tarifa Base Punta";363,73
"AUTOMAAS CHILE SPA";78343019-3;20821947;LDWP36;PA18;"Ruta 5 Norte - Sur";"Américo Vespucio Poniente";2026-09-08;20:33:50;"Tarifa Base Fuera de Punta";462,46
"AUTOMAAS CHILE SPA";78343019-3;20821947;LDWP36;PA15;"Ruta 5 Norte - Sur";"Bulnes Poniente";2026-09-08;20:38:05;"Tarifa Base Fuera de Punta";425,04
"AUTOMAAS CHILE SPA";78343019-3;20821947;HXJJ44;PA16;"Ruta 5 Sur - Norte";"Avda Santa María Oriente";2026-09-08;20:49:06;"Tarifa Base Fuera de Punta";425,04
"AUTOMAAS CHILE SPA";78343019-3;20821947;LDWP36;PA24;"General Velasquez Norte - Sur";"Carlos Valdovinos Poniente";2026-09-08;20:58:19;"Tarifa Base Fuera de Punta";287,86
"AUTOMAAS CHILE SPA";78343019-3;20821947;LDWP36;PA22;"General Velasquez Norte - Sur";"Lo Ovalle Poniente";2026-09-08;21:00:58;"Tarifa Base Fuera de Punta";512,34
"AUTOMAAS CHILE SPA";78343019-3;20821947;LPPZ24;PA9;"Ruta 5 Norte - Sur";"Lo Ovalle Poniente";2026-09-08;21:12:55;"Tarifa Base Fuera de Punta";392,83
"AUTOMAAS CHILE SPA";78343019-3;20821947;LPPZ24;PA8;"Ruta 5 Norte - Sur";"Lo Espejo Poniente";2026-09-08;21:16:18;"Tarifa Base Fuera de Punta";452,06
"AUTOMAAS CHILE SPA";78343019-3;20821947;LPPZ24;PA32;"Ruta 5 Norte - Sur";"Lo Blanco - Las Acacias";2026-09-08;21:17:32;"Tarifa Base Fuera de Punta";176,67
"AUTOMAAS CHILE SPA";78343019-3;20821947;LPPZ24;PA6;"Ruta 5 Norte - Sur";"Colón Poniente";2026-09-08;21:19:14;"Tarifa Base Fuera de Punta";157,96
"AUTOMAAS CHILE SPA";78343019-3;20821947;LPPZ24;PA37;"Ruta 5 Norte - Sur";"Colón, Calera de Tango";2026-09-08;21:20:17;"Tarifa Base Fuera de Punta";455,18
"AUTOMAAS CHILE SPA";78343019-3;20821947;HXJJ44;PA18;"Ruta 5 Norte - Sur";"Américo Vespucio Poniente";2026-09-08;22:09:09;"Tarifa Base Fuera de Punta";462,46
"AUTOMAAS CHILE SPA";78343019-3;20821947;HXJJ44;PA29;"General Velasquez Norte - Sur";"Cerro Renca Poniente";2026-09-08;22:10:34;"Tarifa Base Fuera de Punta";512,34
"AUTOMAAS CHILE SPA";78343019-3;20821947;HXJJ44;PA26;"General Velasquez Norte - Sur";"San Pablo Poniente";2026-09-08;22:16:06;"Tarifa Base Fuera de Punta";421,93
"AUTOMAAS CHILE SPA";78343019-3;20821947;HXJJ44;PA24;"General Velasquez Norte - Sur";"Carlos Valdovinos Poniente";2026-09-08;22:17:42;"Tarifa Base Fuera de Punta";287,86
"AUTOMAAS CHILE SPA";78343019-3;20821947;KZGL59;PA12;"Ruta 5 Norte - Sur";"Avda Matta Poniente";2026-09-08;22:20:07;"Tarifa Base Fuera de Punta";368,93
"AUTOMAAS CHILE SPA";78343019-3;20821947;HXJJ44;PA22;"General Velasquez Norte - Sur";"Lo Ovalle Poniente";2026-09-08;22:20:25;"Tarifa Base Fuera de Punta";512,34
"AUTOMAAS CHILE SPA";78343019-3;20821947;KZGL59;PA11;"Ruta 5 Norte - Sur";"La Marina San Nicolás Poniente";2026-09-08;22:22:31;"Tarifa Base Fuera de Punta";285,79
"AUTOMAAS CHILE SPA";78343019-3;20821947;KZGL59;PA9;"Ruta 5 Norte - Sur";"Lo Ovalle Poniente";2026-09-08;22:23:33;"Tarifa Base Fuera de Punta";392,83
"AUTOMAAS CHILE SPA";78343019-3;20821947;LPPZ31;PA26;"General Velasquez Norte - Sur";"San Pablo Poniente";2026-09-08;22:30:22;"Tarifa Base Fuera de Punta";421,93
"AUTOMAAS CHILE SPA";78343019-3;20821947;LPPZ31;PA24;"General Velasquez Norte - Sur";"Carlos Valdovinos Poniente";2026-09-08;22:31:45;"Tarifa Base Fuera de Punta";287,86
"AUTOMAAS CHILE SPA";78343019-3;20821947;LPPZ31;PA22;"General Velasquez Norte - Sur";"Lo Ovalle Poniente";2026-09-08;22:34:21;"Tarifa Base Fuera de Punta";512,34
"AUTOMAAS CHILE SPA";78343019-3;20821947;KXZS95;PA21;"General Velasquez Sur - Norte";"Lo Ovalle Oriente";2026-09-08;23:17:25;"Tarifa Base Fuera de Punta";512,34
"AUTOMAAS CHILE SPA";78343019-3;20821947;KXZS95;PA23;"General Velasquez Sur - Norte";"Carlos Valdovinos Oriente";2026-09-08;23:19:56;"Tarifa Base Fuera de Punta";287,86
"AUTOMAAS CHILE SPA";78343019-3;20821947;HXJJ44;PA30;"Ruta 5 Sur - Norte";"Americo Vespucio - Departamental";2026-09-08;23:20:23;"Tarifa Base Fuera de Punta";392,83
"AUTOMAAS CHILE SPA";78343019-3;20821947;HXJJ44;PA10;"Ruta 5 Sur - Norte";"La Marina San Nicolás Oriente";2026-09-08;23:21:18;"Tarifa Base Fuera de Punta";285,79
"AUTOMAAS CHILE SPA";78343019-3;20821947;HXJJ44;PA31;"Ruta 5 Sur - Norte";"Avenida Matta";2026-09-08;23:23:38;"Tarifa Base Fuera de Punta";368,93
"AUTOMAAS CHILE SPA";78343019-3;20821947;KXZS95;PA24;"General Velasquez Norte - Sur";"Carlos Valdovinos Poniente";2026-09-08;23:42:44;"Tarifa Base Fuera de Punta";287,86
"AUTOMAAS CHILE SPA";78343019-3;20821947;KXZS95;PA22;"General Velasquez Norte - Sur";"Lo Ovalle Poniente";2026-09-08;23:44:57;"Tarifa Base Fuera de Punta";512,34
"AUTOMAAS CHILE SPA";78343019-3;20821947;HXJJ44;PA11;"Ruta 5 Norte - Sur";"La Marina San Nicolás Poniente";2026-09-08;23:48:34;"Tarifa Base Fuera de Punta";285,79
"AUTOMAAS CHILE SPA";78343019-3;20821947;HXJJ44;PA9;"Ruta 5 Norte - Sur";"Lo Ovalle Poniente";2026-09-08;23:49:37;"Tarifa Base Fuera de Punta";392,83
"AUTOMAAS CHILE SPA";78343019-3;20821947;KXZS95;PA30;"Ruta 5 Sur - Norte";"Americo Vespucio - Departamental";2026-09-09;00:21:57;"Tarifa Base Fuera de Punta";392,83
"AUTOMAAS CHILE SPA";78343019-3;20821947;KXZS95;PA10;"Ruta 5 Sur - Norte";"La Marina San Nicolás Oriente";2026-09-09;00:26:05;"Tarifa Base Fuera de Punta";285,79
"AUTOMAAS CHILE SPA";78343019-3;20821947;LPPZ31;PA8;"Ruta 5 Norte - Sur";"Lo Espejo Poniente";2026-09-09;00:26:37;"Tarifa Base Fuera de Punta";452,06
"AUTOMAAS CHILE SPA";78343019-3;20821947;LPPZ31;PA32;"Ruta 5 Norte - Sur";"Lo Blanco - Las Acacias";2026-09-09;00:27:46;"Tarifa Base Fuera de Punta";176,67
"AUTOMAAS CHILE SPA";78343019-3;20821947;KXZS95;PA31;"Ruta 5 Sur - Norte";"Avenida Matta";2026-09-09;00:27:55;"Tarifa Base Fuera de Punta";368,93
"AUTOMAAS CHILE SPA";78343019-3;20821947;PJHJ69;PA19;"General Velasquez Sur - Norte";"Puerta Sur Oriente";2026-09-09;00:50:42;"Tarifa Base Fuera de Punta";412,57
"AUTOMAAS CHILE SPA";78343019-3;20821947;LPPZ31;PA5;"Ruta 5 Sur - Norte";"Colón Oriente";2026-09-09;01:15:19;"Tarifa Base Fuera de Punta";334,63
"AUTOMAAS CHILE SPA";78343019-3;20821947;LPPZ31;PA19;"General Velasquez Sur - Norte";"Puerta Sur Oriente";2026-09-09;01:17:36;"Tarifa Base Fuera de Punta";412,57
"AUTOMAAS CHILE SPA";78343019-3;20821947;LPPZ31;PA32;"Ruta 5 Norte - Sur";"Lo Blanco - Las Acacias";2026-09-09;01:32:08;"Tarifa Base Fuera de Punta";176,67
"AUTOMAAS CHILE SPA";78343019-3;20821947;LPPZ31;PA7;"Ruta 5 Sur - Norte";"Lo Espejo Oriente";2026-09-09;01:54:55;"Tarifa Base Fuera de Punta";452,06
"AUTOMAAS CHILE SPA";78343019-3;20821947;PJHJ69;PA5;"Ruta 5 Sur - Norte";"Colón Oriente";2026-09-09;03:33:08;"Tarifa Base Fuera de Punta";334,63
"AUTOMAAS CHILE SPA";78343019-3;20821947;HXJJ44;PA8;"Ruta 5 Norte - Sur";"Lo Espejo Poniente";2026-09-09;03:46:02;"Tarifa Base Fuera de Punta";452,06
"AUTOMAAS CHILE SPA";78343019-3;20821947;HXJJ44;PA32;"Ruta 5 Norte - Sur";"Lo Blanco - Las Acacias";2026-09-09;03:47:11;"Tarifa Base Fuera de Punta";176,67
"AUTOMAAS CHILE SPA";78343019-3;20821947;KXZS95;PA18;"Ruta 5 Norte - Sur";"Américo Vespucio Poniente";2026-09-09;03:47:49;"Tarifa Base Fuera de Punta";462,46
"AUTOMAAS CHILE SPA";78343019-3;20821947;HXJJ44;PA6;"Ruta 5 Norte - Sur";"Colón Poniente";2026-09-09;03:48:35;"Tarifa Base Fuera de Punta";157,96
"AUTOMAAS CHILE SPA";78343019-3;20821947;HXJJ44;PA37;"Ruta 5 Norte - Sur";"Colón, Calera de Tango";2026-09-09;03:49:25;"Tarifa Base Fuera de Punta";455,18
"AUTOMAAS CHILE SPA";78343019-3;20821947;LPPZ31;PA30;"Ruta 5 Sur - Norte";"Americo Vespucio - Departamental";2026-09-09;04:00:14;"Tarifa Base Fuera de Punta";392,83
"AUTOMAAS CHILE SPA";78343019-3;20821947;LPPZ31;PA10;"Ruta 5 Sur - Norte";"La Marina San Nicolás Oriente";2026-09-09;04:01:04;"Tarifa Base Fuera de Punta";285,79
"AUTOMAAS CHILE SPA";78343019-3;20821947;HXJJ44;PA19;"General Velasquez Sur - Norte";"Puerta Sur Oriente";2026-09-09;04:45:54;"Tarifa Base Fuera de Punta";412,57
"AUTOMAAS CHILE SPA";78343019-3;20821947;KXZS95;PA22;"General Velasquez Norte - Sur";"Lo Ovalle Poniente";2026-09-09;04:47:38;"Tarifa Base Fuera de Punta";512,34
"AUTOMAAS CHILE SPA";78343019-3;20821947;KXZS95;PA21;"General Velasquez Sur - Norte";"Lo Ovalle Oriente";2026-09-09;05:13:14;"Tarifa Base Fuera de Punta";512,34
"AUTOMAAS CHILE SPA";78343019-3;20821947;KXZS95;PA23;"General Velasquez Sur - Norte";"Carlos Valdovinos Oriente";2026-09-09;05:27:54;"Tarifa Base Fuera de Punta";287,86
"AUTOMAAS CHILE SPA";78343019-3;20821947;KXZS95;PA25;"General Velasquez Sur - Norte";"San Pablo Oriente";2026-09-09;05:29:40;"Tarifa Base Fuera de Punta";421,93
"AUTOMAAS CHILE SPA";78343019-3;20821947;KXZS95;PA28;"General Velasquez Sur - Norte";"Cerro Renca Oriente";2026-09-09;05:34:26;"Tarifa Base Fuera de Punta";512,34
"AUTOMAAS CHILE SPA";78343019-3;20821947;KXZS95;PA17;"Ruta 5 Sur - Norte";"Américo Vespucio Oriente";2026-09-09;05:35:39;"Tarifa Base Fuera de Punta";462,46
"AUTOMAAS CHILE SPA";78343019-3;20821947;LPPZ24;PA7;"Ruta 5 Sur - Norte";"Lo Espejo Oriente";2026-09-09;05:40:04;"Tarifa Base Fuera de Punta";452,06
"AUTOMAAS CHILE SPA";78343019-3;20821947;LDWP36;PA31;"Ruta 5 Sur - Norte";"Avenida Matta";2026-09-09;06:13:45;"Tarifa Base Fuera de Punta";368,93
"AUTOMAAS CHILE SPA";78343019-3;20821947;LDWP36;PA13;"Ruta 5 Sur - Norte";"Alameda - Rio Mapocho";2026-09-09;06:15:12;"Tarifa Base Fuera de Punta";181,86
"AUTOMAAS CHILE SPA";78343019-3;20821947;PJHJ69;PA8;"Ruta 5 Norte - Sur";"Lo Espejo Poniente";2026-09-09;06:17:57;"Tarifa Base Fuera de Punta";452,06
"AUTOMAAS CHILE SPA";78343019-3;20821947;PJHJ69;PA32;"Ruta 5 Norte - Sur";"Lo Blanco - Las Acacias";2026-09-09;06:18:58;"Tarifa Base Fuera de Punta";176,67
"AUTOMAAS CHILE SPA";78343019-3;20821947;PJHJ69;PA6;"Ruta 5 Norte - Sur";"Colón Poniente";2026-09-09;06:20:44;"Tarifa Base Fuera de Punta";157,96
"AUTOMAAS CHILE SPA";78343019-3;20821947;LPPZ31;PA21;"General Velasquez Sur - Norte";"Lo Ovalle Oriente";2026-09-09;06:28:16;"Tarifa Base Fuera de Punta";512,34
"AUTOMAAS CHILE SPA";78343019-3;20821947;LPPZ31;PA23;"General Velasquez Sur - Norte";"Carlos Valdovinos Oriente";2026-09-09;06:31:29;"Tarifa Base Fuera de Punta";287,86
"AUTOMAAS CHILE SPA";78343019-3;20821947;LPPZ31;PA25;"General Velasquez Sur - Norte";"San Pablo Oriente";2026-09-09;06:33:03;"Tarifa Base Fuera de Punta";421,93
"AUTOMAAS CHILE SPA";78343019-3;20821947;LPPZ24;PA13;"Ruta 5 Sur - Norte";"Alameda - Rio Mapocho";2026-09-09;06:43:58;"Tarifa Base Punta";363,73
"AUTOMAAS CHILE SPA";78343019-3;20821947;PJHJ69;PA5;"Ruta 5 Sur - Norte";"Colón Oriente";2026-09-09;06:49:10;"Tarifa Base Punta";669,27
"AUTOMAAS CHILE SPA";78343019-3;20821947;PJHJ69;PA19;"General Velasquez Sur - Norte";"Puerta Sur Oriente";2026-09-09;06:52:31;"Tarifa Base Fuera de Punta";412,57
"AUTOMAAS CHILE SPA";78343019-3;20821947;PJHJ69;PA21;"General Velasquez Sur - Norte";"Lo Ovalle Oriente";2026-09-09;06:55:54;"Tarifa Base Fuera de Punta";512,34
"AUTOMAAS CHILE SPA";78343019-3;20821947;LDWP36;PA14;"Ruta 5 Norte - Sur";"Alameda Poniente";2026-09-09;07:14:42;"Tarifa Base Punta";363,73
"AUTOMAAS CHILE SPA";78343019-3;20821947;LDWP36;PA12;"Ruta 5 Norte - Sur";"Avda Matta Poniente";2026-09-09;07:16:01;"Tarifa Base Punta";737,86
"AUTOMAAS CHILE SPA";78343019-3;20821947;HXJJ44;PA25;"General Velasquez Sur - Norte";"San Pablo Oriente";2026-09-09;07:16:56;"Tarifa Base Punta";843,86
"AUTOMAAS CHILE SPA";78343019-3;20821947;LDWP36;PA11;"Ruta 5 Norte - Sur";"La Marina San Nicolás Poniente";2026-09-09;07:17:59;"Tarifa Base Fuera de Punta";285,79
"AUTOMAAS CHILE SPA";78343019-3;20821947;LDWP36;PA9;"Ruta 5 Norte - Sur";"Lo Ovalle Poniente";2026-09-09;07:18:47;"Tarifa Base Fuera de Punta";392,83
"AUTOMAAS CHILE SPA";78343019-3;20821947;LPPZ24;PA18;"Ruta 5 Norte - Sur";"Américo Vespucio Poniente";2026-09-09;07:21:42;"Tarifa Base Punta";924,92
"AUTOMAAS CHILE SPA";78343019-3;20821947;LPPZ24;PA29;"General Velasquez Norte - Sur";"Cerro Renca Poniente";2026-09-09;07:23:09;"Tarifa Base Fuera de Punta";512,34
"AUTOMAAS CHILE SPA";78343019-3;20821947;LPPZ24;PA26;"General Velasquez Norte - Sur";"San Pablo Poniente";2026-09-09;07:28:18;"Tarifa Base Fuera de Punta";421,93
"AUTOMAAS CHILE SPA";78343019-3;20821947;HXJJ44;PA28;"General Velasquez Sur - Norte";"Cerro Renca Oriente";2026-09-09;07:29:09;"Tarifa Base Punta";1.024,69
"AUTOMAAS CHILE SPA";78343019-3;20821947;LPPZ24;PA24;"General Velasquez Norte - Sur";"Carlos Valdovinos Poniente";2026-09-09;07:29:55;"Tarifa Base Fuera de Punta";287,86
"AUTOMAAS CHILE SPA";78343019-3;20821947;HXJJ44;PA17;"Ruta 5 Sur - Norte";"Américo Vespucio Oriente";2026-09-09;07:31:36;"Tarifa Base Punta";924,92
"AUTOMAAS CHILE SPA";78343019-3;20821947;LPPZ24;PA22;"General Velasquez Norte - Sur";"Lo Ovalle Poniente";2026-09-09;07:32:34;"Tarifa Base Fuera de Punta";512,34
"AUTOMAAS CHILE SPA";78343019-3;20821947;PJHJ69;PA31;"Ruta 5 Sur - Norte";"Avenida Matta";2026-09-09;07:32:54;"Tarifa Base Punta";737,86
"AUTOMAAS CHILE SPA";78343019-3;20821947;LPPZ24;PA20;"General Velasquez Norte - Sur";"Lo Espejo Poniente";2026-09-09;07:34:53;"Tarifa Base Fuera de Punta";412,57
"AUTOMAAS CHILE SPA";78343019-3;20821947;LPPZ24;PA32;"Ruta 5 Norte - Sur";"Lo Blanco - Las Acacias";2026-09-09;07:36:28;"Tarifa Base Fuera de Punta";176,67
"AUTOMAAS CHILE SPA";78343019-3;20821947;PJHJ69;PA13;"Ruta 5 Sur - Norte";"Alameda - Rio Mapocho";2026-09-09;07:36:36;"Tarifa Base Punta";363,73
"AUTOMAAS CHILE SPA";78343019-3;20821947;LPPZ24;PA6;"Ruta 5 Norte - Sur";"Colón Poniente";2026-09-09;07:38:13;"Tarifa Base Fuera de Punta";157,96
"AUTOMAAS CHILE SPA";78343019-3;20821947;PJHJ69;PA16;"Ruta 5 Sur - Norte";"Avda Santa María Oriente";2026-09-09;07:40:20;"Tarifa Base Punta";850,10
"AUTOMAAS CHILE SPA";78343019-3;20821947;PJHJ69;PA17;"Ruta 5 Sur - Norte";"Américo Vespucio Oriente";2026-09-09;07:46:12;"Tarifa Base Punta";924,92
"AUTOMAAS CHILE SPA";78343019-3;20821947;PJHJ69;PA18;"Ruta 5 Norte - Sur";"Américo Vespucio Poniente";2026-09-09;08:26:04;"Tarifa Base Punta";924,92
"AUTOMAAS CHILE SPA";78343019-3;20821947;PJHJ69;PA15;"Ruta 5 Norte - Sur";"Bulnes Poniente";2026-09-09;08:31:10;"Tarifa Base Punta";850,10
"AUTOMAAS CHILE SPA";78343019-3;20821947;HXJJ44;PA18;"Ruta 5 Norte - Sur";"Américo Vespucio Poniente";2026-09-09;08:31:24;"Tarifa Base Fuera de Punta";462,46
"AUTOMAAS CHILE SPA";78343019-3;20821947;PJHJ69;PA14;"Ruta 5 Norte - Sur";"Alameda Poniente";2026-09-09;08:35:24;"Tarifa Base Fuera de Punta";181,86
"AUTOMAAS CHILE SPA";78343019-3;20821947;HXJJ44;PA15;"Ruta 5 Norte - Sur";"Bulnes Poniente";2026-09-09;08:36:17;"Tarifa Base Punta";850,10
"AUTOMAAS CHILE SPA";78343019-3;20821947;PJHJ69;PA12;"Ruta 5 Norte - Sur";"Avda Matta Poniente";2026-09-09;08:37:09;"Tarifa Base Fuera de Punta";368,93
"AUTOMAAS CHILE SPA";78343019-3;20821947;LPPZ31;PA30;"Ruta 5 Sur - Norte";"Americo Vespucio - Departamental";2026-09-09;08:52:50;"Tarifa Base Punta";785,66
"AUTOMAAS CHILE SPA";78343019-3;20821947;LPPZ31;PA10;"Ruta 5 Sur - Norte";"La Marina San Nicolás Oriente";2026-09-09;08:55:38;"Tarifa Base Punta";571,58
"AUTOMAAS CHILE SPA";78343019-3;20821947;HXJJ44;PA26;"General Velasquez Norte - Sur";"San Pablo Poniente";2026-09-09;09:02:47;"Tarifa Base Fuera de Punta";421,93
"AUTOMAAS CHILE SPA";78343019-3;20821947;PJHJ69;PA8;"Ruta 5 Norte - Sur";"Lo Espejo Poniente";2026-09-09;09:26:38;"Tarifa Base Fuera de Punta";452,06
"AUTOMAAS CHILE SPA";78343019-3;20821947;PJHJ69;PA32;"Ruta 5 Norte - Sur";"Lo Blanco - Las Acacias";2026-09-09;09:27:47;"Tarifa Base Fuera de Punta";176,67
"AUTOMAAS CHILE SPA";78343019-3;20821947;PJHJ69;PA6;"Ruta 5 Norte - Sur";"Colón Poniente";2026-09-09;09:29:32;"Tarifa Base Fuera de Punta";157,96
"AUTOMAAS CHILE SPA";78343019-3;20821947;PJHJ69;PA5;"Ruta 5 Sur - Norte";"Colón Oriente";2026-09-09;10:04:08;"Tarifa Base Fuera de Punta";334,63
"AUTOMAAS CHILE SPA";78343019-3;20821947;PJHJ69;PA19;"General Velasquez Sur - Norte";"Puerta Sur Oriente";2026-09-09;10:07:38;"Tarifa Base Fuera de Punta";412,57
"AUTOMAAS CHILE SPA";78343019-3;20821947;LJDV98;PA30;"Ruta 5 Sur - Norte";"Americo Vespucio - Departamental";2026-09-09;12:26:12;"Tarifa Base Fuera de Punta";392,83
"AUTOMAAS CHILE SPA";78343019-3;20821947;LJDV98;PA10;"Ruta 5 Sur - Norte";"La Marina San Nicolás Oriente";2026-09-09;12:27:14;"Tarifa Base Fuera de Punta";285,79
"AUTOMAAS CHILE SPA";78343019-3;20821947;LJDV98;PA31;"Ruta 5 Sur - Norte";"Avenida Matta";2026-09-09;12:30:13;"Tarifa Base Punta";737,86
"AUTOMAAS CHILE SPA";78343019-3;20821947;HXJJ44;PA13;"Ruta 5 Sur - Norte";"Alameda - Rio Mapocho";2026-09-09;13:00:12;"Tarifa Base Punta";363,73
"AUTOMAAS CHILE SPA";78343019-3;20821947;LJDV98;PA12;"Ruta 5 Norte - Sur";"Avda Matta Poniente";2026-09-09;15:20:20;"Tarifa Base Punta";737,86
"AUTOMAAS CHILE SPA";78343019-3;20821947;LJDV98;PA11;"Ruta 5 Norte - Sur";"La Marina San Nicolás Poniente";2026-09-09;15:22:59;"Tarifa Base Fuera de Punta";285,79
"AUTOMAAS CHILE SPA";78343019-3;20821947;LJDV98;PA9;"Ruta 5 Norte - Sur";"Lo Ovalle Poniente";2026-09-09;15:24:04;"Tarifa Base Fuera de Punta";392,83
"AUTOMAAS CHILE SPA";78343019-3;20821947;LPPZ24;PA5;"Ruta 5 Sur - Norte";"Colón Oriente";2026-09-09;18:00:41;"Tarifa Base Fuera de Punta";334,63
"AUTOMAAS CHILE SPA";78343019-3;20821947;LPPZ24;PA19;"General Velasquez Sur - Norte";"Puerta Sur Oriente";2026-09-09;18:04:32;"Tarifa Base Fuera de Punta";412,57
"AUTOMAAS CHILE SPA";78343019-3;20821947;LPPZ24;PA10;"Ruta 5 Sur - Norte";"La Marina San Nicolás Oriente";2026-09-09;19:00:45;"Tarifa Base Fuera de Punta";285,79
"AUTOMAAS CHILE SPA";78343019-3;20821947;LPPZ24;PA31;"Ruta 5 Sur - Norte";"Avenida Matta";2026-09-09;19:02:53;"Tarifa Base Fuera de Punta";368,93
"AUTOMAAS CHILE SPA";78343019-3;20821947;LPPZ24;PA13;"Ruta 5 Sur - Norte";"Alameda - Rio Mapocho";2026-09-09;19:04:21;"Tarifa Base Fuera de Punta";181,86
"AUTOMAAS CHILE SPA";78343019-3;20821947;LPPZ24;PA16;"Ruta 5 Sur - Norte";"Avda Santa María Oriente";2026-09-09;19:16:35;"Tarifa Base Fuera de Punta";425,04
"AUTOMAAS CHILE SPA";78343019-3;20821947;LPPZ24;PA17;"Ruta 5 Sur - Norte";"Américo Vespucio Oriente";2026-09-09;19:20:24;"Tarifa Base Punta";924,92
"AUTOMAAS CHILE SPA";78343019-3;20821947;LDWP36;PA16;"Ruta 5 Sur - Norte";"Avda Santa María Oriente";2026-09-09;19:33:03;"Tarifa Base Fuera de Punta";425,04
"AUTOMAAS CHILE SPA";78343019-3;20821947;LDWP36;PA17;"Ruta 5 Sur - Norte";"Américo Vespucio Oriente";2026-09-09;19:36:29;"Tarifa Base Fuera de Punta";462,46
"AUTOMAAS CHILE SPA";78343019-3;20821947;LPPZ24;PA18;"Ruta 5 Norte - Sur";"Américo Vespucio Poniente";2026-09-09;20:20:36;"Tarifa Base Fuera de Punta";462,46
"AUTOMAAS CHILE SPA";78343019-3;20821947;LDWP36;PA18;"Ruta 5 Norte - Sur";"Américo Vespucio Poniente";2026-09-09;20:22:45;"Tarifa Base Fuera de Punta";462,46
"AUTOMAAS CHILE SPA";78343019-3;20821947;LDWP36;PA29;"General Velasquez Norte - Sur";"Cerro Renca Poniente";2026-09-09;20:24:32;"Tarifa Base Punta";1.024,69
"AUTOMAAS CHILE SPA";78343019-3;20821947;LPPZ24;PA15;"Ruta 5 Norte - Sur";"Bulnes Poniente";2026-09-09;20:25:10;"Tarifa Base Punta";850,10
"AUTOMAAS CHILE SPA";78343019-3;20821947;LPPZ24;PA14;"Ruta 5 Norte - Sur";"Alameda Poniente";2026-09-09;20:29:04;"Tarifa Base Punta";363,73
"AUTOMAAS CHILE SPA";78343019-3;20821947;LDWP36;PA26;"General Velasquez Norte - Sur";"San Pablo Poniente";2026-09-09;20:29:33;"Tarifa Base Punta";843,86
"AUTOMAAS CHILE SPA";78343019-3;20821947;LPPZ24;PA9;"Ruta 5 Norte - Sur";"Lo Ovalle Poniente";2026-09-09;21:12:45;"Tarifa Base Fuera de Punta";392,83
"AUTOMAAS CHILE SPA";78343019-3;20821947;KZGL59;PA12;"Ruta 5 Norte - Sur";"Avda Matta Poniente";2026-09-09;22:06:56;"Tarifa Base Fuera de Punta";368,93
"AUTOMAAS CHILE SPA";78343019-3;20821947;KZGL59;PA11;"Ruta 5 Norte - Sur";"La Marina San Nicolás Poniente";2026-09-09;22:09:11;"Tarifa Base Fuera de Punta";285,79
"AUTOMAAS CHILE SPA";78343019-3;20821947;KZGL59;PA9;"Ruta 5 Norte - Sur";"Lo Ovalle Poniente";2026-09-09;22:10:14;"Tarifa Base Fuera de Punta";392,83
"AUTOMAAS CHILE SPA";78343019-3;20821947;HXJJ44;PA11;"Ruta 5 Norte - Sur";"La Marina San Nicolás Poniente";2026-09-09;22:26:06;"Tarifa Base Fuera de Punta";285,79
"AUTOMAAS CHILE SPA";78343019-3;20821947;HXJJ44;PA9;"Ruta 5 Norte - Sur";"Lo Ovalle Poniente";2026-09-09;22:27:15;"Tarifa Base Fuera de Punta";392,83
"AUTOMAAS CHILE SPA";78343019-3;20821947;LPPZ24;PA3;"Ruta 5 Sur - Norte";"Calera de Tango Oriente";2026-09-09;22:34:23;"Tarifa Base Fuera de Punta";585,09
"AUTOMAAS CHILE SPA";78343019-3;20821947;LPPZ24;PA5;"Ruta 5 Sur - Norte";"Colón Oriente";2026-09-09;22:36:58;"Tarifa Base Fuera de Punta";334,63
"AUTOMAAS CHILE SPA";78343019-3;20821947;LPPZ24;PA19;"General Velasquez Sur - Norte";"Puerta Sur Oriente";2026-09-09;22:39:02;"Tarifa Base Fuera de Punta";412,57
"AUTOMAAS CHILE SPA";78343019-3;20821947;KXZS95;PA24;"General Velasquez Norte - Sur";"Carlos Valdovinos Poniente";2026-09-09;22:52:27;"Tarifa Base Fuera de Punta";287,86
"AUTOMAAS CHILE SPA";78343019-3;20821947;KXZS95;PA22;"General Velasquez Norte - Sur";"Lo Ovalle Poniente";2026-09-09;22:55:05;"Tarifa Base Fuera de Punta";512,34
"AUTOMAAS CHILE SPA";78343019-3;20821947;LPPZ24;PA8;"Ruta 5 Norte - Sur";"Lo Espejo Poniente";2026-09-09;23:00:59;"Tarifa Base Fuera de Punta";452,06
"AUTOMAAS CHILE SPA";78343019-3;20821947;LPPZ24;PA32;"Ruta 5 Norte - Sur";"Lo Blanco - Las Acacias";2026-09-09;23:02:19;"Tarifa Base Fuera de Punta";176,67
"AUTOMAAS CHILE SPA";78343019-3;20821947;LPPZ24;PA6;"Ruta 5 Norte - Sur";"Colón Poniente";2026-09-09;23:08:27;"Tarifa Base Fuera de Punta";157,96
"AUTOMAAS CHILE SPA";78343019-3;20821947;LPPZ24;PA37;"Ruta 5 Norte - Sur";"Colón, Calera de Tango";2026-09-09;23:09:42;"Tarifa Base Fuera de Punta";455,18
"AUTOMAAS CHILE SPA";78343019-3;20821947;LPPZ24;PA5;"Ruta 5 Sur - Norte";"Colón Oriente";2026-09-09;23:34:31;"Tarifa Base Fuera de Punta";334,63
"AUTOMAAS CHILE SPA";78343019-3;20821947;LPPZ24;PA19;"General Velasquez Sur - Norte";"Puerta Sur Oriente";2026-09-09;23:53:39;"Tarifa Base Fuera de Punta";412,57
"AUTOMAAS CHILE SPA";78343019-3;20821947;LPPZ24;PA21;"General Velasquez Sur - Norte";"Lo Ovalle Oriente";2026-09-09;23:57:24;"Tarifa Base Fuera de Punta";512,34
"AUTOMAAS CHILE SPA";78343019-3;20821947;KXZS95;PA22;"General Velasquez Norte - Sur";"Lo Ovalle Poniente";2026-09-10;00:52:21;"Tarifa Base Fuera de Punta";512,34
"AUTOMAAS CHILE SPA";78343019-3;20821947;HXJJ44;PA17;"Ruta 5 Sur - Norte";"Américo Vespucio Oriente";2026-09-10;01:13:35;"Tarifa Base Fuera de Punta";462,46
"AUTOMAAS CHILE SPA";78343019-3;20821947;LPPZ31;PA32;"Ruta 5 Norte - Sur";"Lo Blanco - Las Acacias";2026-09-10;01:32:14;"Tarifa Base Fuera de Punta";176,67
"AUTOMAAS CHILE SPA";78343019-3;20821947;LPPZ31;PA6;"Ruta 5 Norte - Sur";"Colón Poniente";2026-09-10;01:33:44;"Tarifa Base Fuera de Punta";157,96
"AUTOMAAS CHILE SPA";78343019-3;20821947;KXZS95;PA21;"General Velasquez Sur - Norte";"Lo Ovalle Oriente";2026-09-10;01:49:17;"Tarifa Base Fuera de Punta";512,34
"AUTOMAAS CHILE SPA";78343019-3;20821947;KZGL59;PA7;"Ruta 5 Sur - Norte";"Lo Espejo Oriente";2026-09-10;01:49:41;"Tarifa Base Fuera de Punta";452,06
"AUTOMAAS CHILE SPA";78343019-3;20821947;KXZS95;PA23;"General Velasquez Sur - Norte";"Carlos Valdovinos Oriente";2026-09-10;01:51:59;"Tarifa Base Fuera de Punta";287,86
"AUTOMAAS CHILE SPA";78343019-3;20821947;HXJJ44;PA15;"Ruta 5 Norte - Sur";"Bulnes Poniente";2026-09-10;01:52:34;"Tarifa Base Fuera de Punta";425,04
"AUTOMAAS CHILE SPA";78343019-3;20821947;KXZS95;PA25;"General Velasquez Sur - Norte";"San Pablo Oriente";2026-09-10;01:53:31;"Tarifa Base Fuera de Punta";421,93
"AUTOMAAS CHILE SPA";78343019-3;20821947;LPPZ31;PA7;"Ruta 5 Sur - Norte";"Lo Espejo Oriente";2026-09-10;01:53:36;"Tarifa Base Fuera de Punta";452,06
"AUTOMAAS CHILE SPA";78343019-3;20821947;HXJJ44;PA14;"Ruta 5 Norte - Sur";"Alameda Poniente";2026-09-10;01:57:03;"Tarifa Base Fuera de Punta";181,86
"AUTOMAAS CHILE SPA";78343019-3;20821947;HXJJ44;PA12;"Ruta 5 Norte - Sur";"Avda Matta Poniente";2026-09-10;01:58:37;"Tarifa Base Fuera de Punta";368,93
"AUTOMAAS CHILE SPA";78343019-3;20821947;HXJJ44;PA11;"Ruta 5 Norte - Sur";"La Marina San Nicolás Poniente";2026-09-10;02:00:47;"Tarifa Base Fuera de Punta";285,79
"AUTOMAAS CHILE SPA";78343019-3;20821947;HXJJ44;PA9;"Ruta 5 Norte - Sur";"Lo Ovalle Poniente";2026-09-10;02:01:44;"Tarifa Base Fuera de Punta";392,83
"AUTOMAAS CHILE SPA";78343019-3;20821947;KZGL59;PA13;"Ruta 5 Sur - Norte";"Alameda - Rio Mapocho";2026-09-10;02:04:44;"Tarifa Base Fuera de Punta";181,86
"AUTOMAAS CHILE SPA";78343019-3;20821947;KZGL59;PA16;"Ruta 5 Sur - Norte";"Avda Santa María Oriente";2026-09-10;02:08:00;"Tarifa Base Fuera de Punta";425,04
"AUTOMAAS CHILE SPA";78343019-3;20821947;KZGL59;PA22;"General Velasquez Norte - Sur";"Lo Ovalle Poniente";2026-09-10;03:20:43;"Tarifa Base Fuera de Punta";512,34
"AUTOMAAS CHILE SPA";78343019-3;20821947;KZGL59;PA20;"General Velasquez Norte - Sur";"Lo Espejo Poniente";2026-09-10;03:23:05;"Tarifa Base Fuera de Punta";412,57
"AUTOMAAS CHILE SPA";78343019-3;20821947;KZGL59;PA32;"Ruta 5 Norte - Sur";"Lo Blanco - Las Acacias";2026-09-10;03:24:43;"Tarifa Base Fuera de Punta";176,67
"AUTOMAAS CHILE SPA";78343019-3;20821947;LDWP36;PA9;"Ruta 5 Norte - Sur";"Lo Ovalle Poniente";2026-09-10;03:42:11;"Tarifa Base Fuera de Punta";392,83
"AUTOMAAS CHILE SPA";78343019-3;20821947;LPPZ24;PA13;"Ruta 5 Sur - Norte";"Alameda - Rio Mapocho";2026-09-10;03:44:37;"Tarifa Base Fuera de Punta";181,86
"AUTOMAAS CHILE SPA";78343019-3;20821947;LDWP36;PA8;"Ruta 5 Norte - Sur";"Lo Espejo Poniente";2026-09-10;03:45:32;"Tarifa Base Fuera de Punta";452,06
"AUTOMAAS CHILE SPA";78343019-3;20821947;LDWP36;PA32;"Ruta 5 Norte - Sur";"Lo Blanco - Las Acacias";2026-09-10;03:46:48;"Tarifa Base Fuera de Punta";176,67
"AUTOMAAS CHILE SPA";78343019-3;20821947;LPPZ31;PA30;"Ruta 5 Sur - Norte";"Americo Vespucio - Departamental";2026-09-10;04:02:11;"Tarifa Base Fuera de Punta";392,83
"AUTOMAAS CHILE SPA";78343019-3;20821947;LPPZ31;PA10;"Ruta 5 Sur - Norte";"La Marina San Nicolás Oriente";2026-09-10;04:03:03;"Tarifa Base Fuera de Punta";285,79
"AUTOMAAS CHILE SPA";78343019-3;20821947;LPPZ24;PA22;"General Velasquez Norte - Sur";"Lo Ovalle Poniente";2026-09-10;04:51:52;"Tarifa Base Fuera de Punta";512,34
"AUTOMAAS CHILE SPA";78343019-3;20821947;KXZS95;PA22;"General Velasquez Norte - Sur";"Lo Ovalle Poniente";2026-09-10;04:53:56;"Tarifa Base Fuera de Punta";512,34
"AUTOMAAS CHILE SPA";78343019-3;20821947;LPPZ24;PA20;"General Velasquez Norte - Sur";"Lo Espejo Poniente";2026-09-10;04:54:11;"Tarifa Base Fuera de Punta";412,57
"AUTOMAAS CHILE SPA";78343019-3;20821947;LPPZ24;PA32;"Ruta 5 Norte - Sur";"Lo Blanco - Las Acacias";2026-09-10;04:55:54;"Tarifa Base Fuera de Punta";176,67
"AUTOMAAS CHILE SPA";78343019-3;20821947;LPPZ24;PA19;"General Velasquez Sur - Norte";"Puerta Sur Oriente";2026-09-10;05:11:21;"Tarifa Base Fuera de Punta";412,57
"AUTOMAAS CHILE SPA";78343019-3;20821947;KXZS95;PA21;"General Velasquez Sur - Norte";"Lo Ovalle Oriente";2026-09-10;05:27:53;"Tarifa Base Fuera de Punta";512,34
"AUTOMAAS CHILE SPA";78343019-3;20821947;KXZS95;PA23;"General Velasquez Sur - Norte";"Carlos Valdovinos Oriente";2026-09-10;05:30:26;"Tarifa Base Fuera de Punta";287,86
"AUTOMAAS CHILE SPA";78343019-3;20821947;KXZS95;PA25;"General Velasquez Sur - Norte";"San Pablo Oriente";2026-09-10;05:31:58;"Tarifa Base Fuera de Punta";421,93
"AUTOMAAS CHILE SPA";78343019-3;20821947;HXJJ44;PA21;"General Velasquez Sur - Norte";"Lo Ovalle Oriente";2026-09-10;05:40:53;"Tarifa Base Fuera de Punta";512,34
"AUTOMAAS CHILE SPA";78343019-3;20821947;KXZS95;PA28;"General Velasquez Sur - Norte";"Cerro Renca Oriente";2026-09-10;05:41:40;"Tarifa Base Fuera de Punta";512,34
"AUTOMAAS CHILE SPA";78343019-3;20821947;KXZS95;PA17;"Ruta 5 Sur - Norte";"Américo Vespucio Oriente";2026-09-10;05:43:01;"Tarifa Base Fuera de Punta";462,46
"AUTOMAAS CHILE SPA";78343019-3;20821947;HXJJ44;PA23;"General Velasquez Sur - Norte";"Carlos Valdovinos Oriente";2026-09-10;05:49:03;"Tarifa Base Fuera de Punta";287,86
"AUTOMAAS CHILE SPA";78343019-3;20821947;LDWP36;PA31;"Ruta 5 Sur - Norte";"Avenida Matta";2026-09-10;05:52:01;"Tarifa Base Fuera de Punta";368,93
"AUTOMAAS CHILE SPA";78343019-3;20821947;LDWP36;PA13;"Ruta 5 Sur - Norte";"Alameda - Rio Mapocho";2026-09-10;05:53:38;"Tarifa Base Fuera de Punta";181,86
"AUTOMAAS CHILE SPA";78343019-3;20821947;LPPZ31;PA30;"Ruta 5 Sur - Norte";"Americo Vespucio - Departamental";2026-09-10;05:53:48;"Tarifa Base Fuera de Punta";392,83
"AUTOMAAS CHILE SPA";78343019-3;20821947;LPPZ31;PA10;"Ruta 5 Sur - Norte";"La Marina San Nicolás Oriente";2026-09-10;05:54:36;"Tarifa Base Fuera de Punta";285,79
"AUTOMAAS CHILE SPA";78343019-3;20821947;PJHJ69;PA32;"Ruta 5 Norte - Sur";"Lo Blanco - Las Acacias";2026-09-10;06:19:17;"Tarifa Base Fuera de Punta";176,67
"AUTOMAAS CHILE SPA";78343019-3;20821947;PJHJ69;PA6;"Ruta 5 Norte - Sur";"Colón Poniente";2026-09-10;06:21:23;"Tarifa Base Fuera de Punta";157,96
"AUTOMAAS CHILE SPA";78343019-3;20821947;LPPZ31;PA13;"Ruta 5 Sur - Norte";"Alameda - Rio Mapocho";2026-09-10;06:37:38;"Tarifa Base Punta";363,73
"AUTOMAAS CHILE SPA";78343019-3;20821947;PJHJ69;PA5;"Ruta 5 Sur - Norte";"Colón Oriente";2026-09-10;06:52:31;"Tarifa Base Punta";669,27
"AUTOMAAS CHILE SPA";78343019-3;20821947;PJHJ69;PA19;"General Velasquez Sur - Norte";"Puerta Sur Oriente";2026-09-10;06:56:37;"Tarifa Base Fuera de Punta";412,57
"AUTOMAAS CHILE SPA";78343019-3;20821947;LPPZ31;PA16;"Ruta 5 Sur - Norte";"Avda Santa María Oriente";2026-09-10;06:58:21;"Tarifa Base Fuera de Punta";425,04
"AUTOMAAS CHILE SPA";78343019-3;20821947;PJHJ69;PA21;"General Velasquez Sur - Norte";"Lo Ovalle Oriente";2026-09-10;06:59:54;"Tarifa Base Fuera de Punta";512,34
"AUTOMAAS CHILE SPA";78343019-3;20821947;LPPZ24;PA23;"General Velasquez Sur - Norte";"Carlos Valdovinos Oriente";2026-09-10;07:09:03;"Tarifa Base Punta";575,74
"AUTOMAAS CHILE SPA";78343019-3;20821947;LDWP36;PA14;"Ruta 5 Norte - Sur";"Alameda Poniente";2026-09-10;07:20:42;"Tarifa Base Punta";363,73
"AUTOMAAS CHILE SPA";78343019-3;20821947;LDWP36;PA12;"Ruta 5 Norte - Sur";"Avda Matta Poniente";2026-09-10;07:22:07;"Tarifa Base Punta";737,86
"AUTOMAAS CHILE SPA";78343019-3;20821947;PJHJ69;PA31;"Ruta 5 Sur - Norte";"Avenida Matta";2026-09-10;07:23:48;"Tarifa Base Punta";737,86
"AUTOMAAS CHILE SPA";78343019-3;20821947;LDWP36;PA11;"Ruta 5 Norte - Sur";"La Marina San Nicolás Poniente";2026-09-10;07:24:16;"Tarifa Base Fuera de Punta";285,79
"AUTOMAAS CHILE SPA";78343019-3;20821947;LDWP36;PA9;"Ruta 5 Norte - Sur";"Lo Ovalle Poniente";2026-09-10;07:25:10;"Tarifa Base Fuera de Punta";392,83
"AUTOMAAS CHILE SPA";78343019-3;20821947;PJHJ69;PA13;"Ruta 5 Sur - Norte";"Alameda - Rio Mapocho";2026-09-10;07:26:03;"Tarifa Base Punta";363,73
"AUTOMAAS CHILE SPA";78343019-3;20821947;PJHJ69;PA16;"Ruta 5 Sur - Norte";"Avda Santa María Oriente";2026-09-10;07:30:01;"Tarifa Base Punta";850,10
"AUTOMAAS CHILE SPA";78343019-3;20821947;PJHJ69;PA17;"Ruta 5 Sur - Norte";"Américo Vespucio Oriente";2026-09-10;07:35:11;"Tarifa Base Punta";924,92
"AUTOMAAS CHILE SPA";78343019-3;20821947;LPPZ24;PA16;"Ruta 5 Sur - Norte";"Avda Santa María Oriente";2026-09-10;07:37:44;"Tarifa Base Punta";850,10
"AUTOMAAS CHILE SPA";78343019-3;20821947;LPPZ24;PA17;"Ruta 5 Sur - Norte";"Américo Vespucio Oriente";2026-09-10;07:43:10;"Tarifa Base Punta";924,92
"AUTOMAAS CHILE SPA";78343019-3;20821947;LPPZ24;PA18;"Ruta 5 Norte - Sur";"Américo Vespucio Poniente";2026-09-10;08:19:41;"Tarifa Base Punta";924,92
"AUTOMAAS CHILE SPA";78343019-3;20821947;LPPZ24;PA15;"Ruta 5 Norte - Sur";"Bulnes Poniente";2026-09-10;08:25:05;"Tarifa Base Fuera de Punta";425,04
"AUTOMAAS CHILE SPA";78343019-3;20821947;PJHJ69;PA18;"Ruta 5 Norte - Sur";"Américo Vespucio Poniente";2026-09-10;08:25:35;"Tarifa Base Punta";924,92
"AUTOMAAS CHILE SPA";78343019-3;20821947;PJHJ69;PA15;"Ruta 5 Norte - Sur";"Bulnes Poniente";2026-09-10;08:31:07;"Tarifa Base Punta";850,10
"AUTOMAAS CHILE SPA";78343019-3;20821947;PJHJ69;PA14;"Ruta 5 Norte - Sur";"Alameda Poniente";2026-09-10;08:47:30;"Tarifa Base Fuera de Punta";181,86
"AUTOMAAS CHILE SPA";78343019-3;20821947;PJHJ69;PA12;"Ruta 5 Norte - Sur";"Avda Matta Poniente";2026-09-10;08:49:08;"Tarifa Base Fuera de Punta";368,93
"AUTOMAAS CHILE SPA";78343019-3;20821947;PJHJ69;PA11;"Ruta 5 Norte - Sur";"La Marina San Nicolás Poniente";2026-09-10;08:51:17;"Tarifa Base Fuera de Punta";285,79
"AUTOMAAS CHILE SPA";78343019-3;20821947;LPPZ24;PA26;"General Velasquez Norte - Sur";"San Pablo Poniente";2026-09-10;08:52:19;"Tarifa Base Fuera de Punta";421,93
"AUTOMAAS CHILE SPA";78343019-3;20821947;KXZS95;PA26;"General Velasquez Norte - Sur";"San Pablo Poniente";2026-09-10;09:31:09;"Tarifa Base Fuera de Punta";421,93
"AUTOMAAS CHILE SPA";78343019-3;20821947;KXZS95;PA24;"General Velasquez Norte - Sur";"Carlos Valdovinos Poniente";2026-09-10;09:33:03;"Tarifa Base Fuera de Punta";287,86
"AUTOMAAS CHILE SPA";78343019-3;20821947;KXZS95;PA9;"Ruta 5 Norte - Sur";"Lo Ovalle Poniente";2026-09-10;10:49:40;"Tarifa Base Fuera de Punta";392,83
"AUTOMAAS CHILE SPA";78343019-3;20821947;KXZS95;PA8;"Ruta 5 Norte - Sur";"Lo Espejo Poniente";2026-09-10;10:52:23;"Tarifa Base Fuera de Punta";452,06
"AUTOMAAS CHILE SPA";78343019-3;20821947;KXZS95;PA32;"Ruta 5 Norte - Sur";"Lo Blanco - Las Acacias";2026-09-10;10:53:17;"Tarifa Base Fuera de Punta";176,67
"AUTOMAAS CHILE SPA";78343019-3;20821947;KXZS95;PA6;"Ruta 5 Norte - Sur";"Colón Poniente";2026-09-10;10:55:03;"Tarifa Base Fuera de Punta";157,96
"AUTOMAAS CHILE SPA";78343019-3;20821947;KXZS95;PA5;"Ruta 5 Sur - Norte";"Colón Oriente";2026-09-10;11:37:50;"Tarifa Base Fuera de Punta";334,63
"AUTOMAAS CHILE SPA";78343019-3;20821947;KXZS95;PA19;"General Velasquez Sur - Norte";"Puerta Sur Oriente";2026-09-10;11:40:05;"Tarifa Base Fuera de Punta";412,57
"AUTOMAAS CHILE SPA";78343019-3;20821947;KXZS95;PA21;"General Velasquez Sur - Norte";"Lo Ovalle Oriente";2026-09-10;11:42:45;"Tarifa Base Fuera de Punta";512,34
"AUTOMAAS CHILE SPA";78343019-3;20821947;KXZS95;PA23;"General Velasquez Sur - Norte";"Carlos Valdovinos Oriente";2026-09-10;11:45:34;"Tarifa Base Fuera de Punta";287,86
"AUTOMAAS CHILE SPA";78343019-3;20821947;KXZS95;PA25;"General Velasquez Sur - Norte";"San Pablo Oriente";2026-09-10;11:47:22;"Tarifa Base Fuera de Punta";421,93
"AUTOMAAS CHILE SPA";78343019-3;20821947;LDWP36;PA23;"General Velasquez Sur - Norte";"Carlos Valdovinos Oriente";2026-09-10;19:00:02;"Tarifa Base Fuera de Punta";287,86
"AUTOMAAS CHILE SPA";78343019-3;20821947;LDWP36;PA25;"General Velasquez Sur - Norte";"San Pablo Oriente";2026-09-10;19:01:50;"Tarifa Base Punta";843,86
"AUTOMAAS CHILE SPA";78343019-3;20821947;LPPZ31;PA10;"Ruta 5 Sur - Norte";"La Marina San Nicolás Oriente";2026-09-10;19:11:20;"Tarifa Base Fuera de Punta";285,79
"AUTOMAAS CHILE SPA";78343019-3;20821947;LPPZ31;PA31;"Ruta 5 Sur - Norte";"Avenida Matta";2026-09-10;19:13:19;"Tarifa Base Fuera de Punta";368,93
"AUTOMAAS CHILE SPA";78343019-3;20821947;LPPZ31;PA13;"Ruta 5 Sur - Norte";"Alameda - Rio Mapocho";2026-09-10;19:14:46;"Tarifa Base Fuera de Punta";181,86
"AUTOMAAS CHILE SPA";78343019-3;20821947;LPPZ31;PA16;"Ruta 5 Sur - Norte";"Avda Santa María Oriente";2026-09-10;19:17:43;"Tarifa Base Fuera de Punta";425,04
"AUTOMAAS CHILE SPA";78343019-3;20821947;LPPZ31;PA17;"Ruta 5 Sur - Norte";"Américo Vespucio Oriente";2026-09-10;19:21:55;"Tarifa Base Punta";924,92
"AUTOMAAS CHILE SPA";78343019-3;20821947;LDWP36;PA16;"Ruta 5 Sur - Norte";"Avda Santa María Oriente";2026-09-10;19:28:43;"Tarifa Base Fuera de Punta";425,04
"AUTOMAAS CHILE SPA";78343019-3;20821947;LDWP36;PA17;"Ruta 5 Sur - Norte";"Américo Vespucio Oriente";2026-09-10;19:32:35;"Tarifa Base Fuera de Punta";462,46
"AUTOMAAS CHILE SPA";78343019-3;20821947;LPPZ31;PA18;"Ruta 5 Norte - Sur";"Américo Vespucio Poniente";2026-09-10;20:22:25;"Tarifa Base Fuera de Punta";462,46
"AUTOMAAS CHILE SPA";78343019-3;20821947;LDWP36;PA18;"Ruta 5 Norte - Sur";"Américo Vespucio Poniente";2026-09-10;20:23:47;"Tarifa Base Fuera de Punta";462,46
"AUTOMAAS CHILE SPA";78343019-3;20821947;LPPZ31;PA15;"Ruta 5 Norte - Sur";"Bulnes Poniente";2026-09-10;20:27:06;"Tarifa Base Punta";850,10
"AUTOMAAS CHILE SPA";78343019-3;20821947;LPPZ31;PA14;"Ruta 5 Norte - Sur";"Alameda Poniente";2026-09-10;20:33:42;"Tarifa Base Fuera de Punta";181,86
"AUTOMAAS CHILE SPA";78343019-3;20821947;LJDV98;PA18;"Ruta 5 Norte - Sur";"Américo Vespucio Poniente";2026-09-10;20:47:58;"Tarifa Base Fuera de Punta";462,46
"AUTOMAAS CHILE SPA";78343019-3;20821947;HXJJ44;PA16;"Ruta 5 Sur - Norte";"Avda Santa María Oriente";2026-09-10;20:50:46;"Tarifa Base Fuera de Punta";425,04
"AUTOMAAS CHILE SPA";78343019-3;20821947;LJDV98;PA15;"Ruta 5 Norte - Sur";"Bulnes Poniente";2026-09-10;20:52:36;"Tarifa Base Fuera de Punta";425,04
"AUTOMAAS CHILE SPA";78343019-3;20821947;LDWP36;PA24;"General Velasquez Norte - Sur";"Carlos Valdovinos Poniente";2026-09-10;20:53:31;"Tarifa Base Fuera de Punta";287,86
"AUTOMAAS CHILE SPA";78343019-3;20821947;HXJJ44;PA17;"Ruta 5 Sur - Norte";"Américo Vespucio Oriente";2026-09-10;20:54:31;"Tarifa Base Fuera de Punta";462,46
"AUTOMAAS CHILE SPA";78343019-3;20821947;LJDV98;PA14;"Ruta 5 Norte - Sur";"Alameda Poniente";2026-09-10;20:54:33;"Tarifa Base Fuera de Punta";181,86
"AUTOMAAS CHILE SPA";78343019-3;20821947;LDWP36;PA22;"General Velasquez Norte - Sur";"Lo Ovalle Poniente";2026-09-10;20:56:00;"Tarifa Base Fuera de Punta";512,34
"AUTOMAAS CHILE SPA";78343019-3;20821947;LJDV98;PA12;"Ruta 5 Norte - Sur";"Avda Matta Poniente";2026-09-10;20:56:06;"Tarifa Base Fuera de Punta";368,93
"AUTOMAAS CHILE SPA";78343019-3;20821947;LJDV98;PA11;"Ruta 5 Norte - Sur";"La Marina San Nicolás Poniente";2026-09-10;20:58:11;"Tarifa Base Fuera de Punta";285,79
"AUTOMAAS CHILE SPA";78343019-3;20821947;LJDV98;PA9;"Ruta 5 Norte - Sur";"Lo Ovalle Poniente";2026-09-10;20:59:03;"Tarifa Base Fuera de Punta";392,83
"AUTOMAAS CHILE SPA";78343019-3;20821947;LPPZ31;PA9;"Ruta 5 Norte - Sur";"Lo Ovalle Poniente";2026-09-10;21:12:38;"Tarifa Base Fuera de Punta";392,83
"AUTOMAAS CHILE SPA";78343019-3;20821947;LPPZ31;PA8;"Ruta 5 Norte - Sur";"Lo Espejo Poniente";2026-09-10;21:16:07;"Tarifa Base Fuera de Punta";452,06
"AUTOMAAS CHILE SPA";78343019-3;20821947;LPPZ31;PA32;"Ruta 5 Norte - Sur";"Lo Blanco - Las Acacias";2026-09-10;21:17:11;"Tarifa Base Fuera de Punta";176,67
"AUTOMAAS CHILE SPA";78343019-3;20821947;LPPZ31;PA6;"Ruta 5 Norte - Sur";"Colón Poniente";2026-09-10;21:18:52;"Tarifa Base Fuera de Punta";157,96
"AUTOMAAS CHILE SPA";78343019-3;20821947;LPPZ31;PA37;"Ruta 5 Norte - Sur";"Colón, Calera de Tango";2026-09-10;21:20:00;"Tarifa Base Fuera de Punta";455,18
"AUTOMAAS CHILE SPA";78343019-3;20821947;LPPZ31;PA5;"Ruta 5 Sur - Norte";"Colón Oriente";2026-09-10;21:55:51;"Tarifa Base Fuera de Punta";334,63
"AUTOMAAS CHILE SPA";78343019-3;20821947;LPPZ31;PA7;"Ruta 5 Sur - Norte";"Lo Espejo Oriente";2026-09-10;21:58:50;"Tarifa Base Fuera de Punta";452,06
"AUTOMAAS CHILE SPA";78343019-3;20821947;LPPZ24;PA11;"Ruta 5 Norte - Sur";"La Marina San Nicolás Poniente";2026-09-10;22:05:05;"Tarifa Base Fuera de Punta";285,79
"AUTOMAAS CHILE SPA";78343019-3;20821947;LPPZ24;PA9;"Ruta 5 Norte - Sur";"Lo Ovalle Poniente";2026-09-10;22:06:10;"Tarifa Base Fuera de Punta";392,83
"AUTOMAAS CHILE SPA";78343019-3;20821947;HXJJ44;PA18;"Ruta 5 Norte - Sur";"Américo Vespucio Poniente";2026-09-10;22:09:37;"Tarifa Base Fuera de Punta";462,46
"AUTOMAAS CHILE SPA";78343019-3;20821947;HXJJ44;PA29;"General Velasquez Norte - Sur";"Cerro Renca Poniente";2026-09-10;22:10:55;"Tarifa Base Fuera de Punta";512,34
"AUTOMAAS CHILE SPA";78343019-3;20821947;HXJJ44;PA26;"General Velasquez Norte - Sur";"San Pablo Poniente";2026-09-10;22:16:56;"Tarifa Base Fuera de Punta";421,93
"AUTOMAAS CHILE SPA";78343019-3;20821947;HXJJ44;PA24;"General Velasquez Norte - Sur";"Carlos Valdovinos Poniente";2026-09-10;23:32:02;"Tarifa Base Fuera de Punta";287,86
"AUTOMAAS CHILE SPA";78343019-3;20821947;HXJJ44;PA22;"General Velasquez Norte - Sur";"Lo Ovalle Poniente";2026-09-10;23:34:46;"Tarifa Base Fuera de Punta";512,34
"AUTOMAAS CHILE SPA";78343019-3;20821947;LKGZ52;PA12;"Ruta 5 Norte - Sur";"Avda Matta Poniente";2026-09-10;23:49:06;"Tarifa Base Fuera de Punta";368,93
"AUTOMAAS CHILE SPA";78343019-3;20821947;LKGZ52;PA11;"Ruta 5 Norte - Sur";"La Marina San Nicolás Poniente";2026-09-10;23:50:49;"Tarifa Base Fuera de Punta";285,79
"AUTOMAAS CHILE SPA";78343019-3;20821947;LKGZ52;PA9;"Ruta 5 Norte - Sur";"Lo Ovalle Poniente";2026-09-10;23:51:34;"Tarifa Base Fuera de Punta";392,83
"AUTOMAAS CHILE SPA";78343019-3;20821947;KXZS95;PA26;"General Velasquez Norte - Sur";"San Pablo Poniente";2026-09-10;23:53:36;"Tarifa Base Fuera de Punta";421,93
"AUTOMAAS CHILE SPA";78343019-3;20821947;KXZS95;PA24;"General Velasquez Norte - Sur";"Carlos Valdovinos Poniente";2026-09-10;23:55:00;"Tarifa Base Fuera de Punta";287,86
"AUTOMAAS CHILE SPA";78343019-3;20821947;KXZS95;PA22;"General Velasquez Norte - Sur";"Lo Ovalle Poniente";2026-09-10;23:57:37;"Tarifa Base Fuera de Punta";512,34
"AUTOMAAS CHILE SPA";78343019-3;20821947;KXZS95;PA30;"Ruta 5 Sur - Norte";"Americo Vespucio - Departamental";2026-09-11;00:25:02;"Tarifa Base Fuera de Punta";392,83
"AUTOMAAS CHILE SPA";78343019-3;20821947;KXZS95;PA10;"Ruta 5 Sur - Norte";"La Marina San Nicolás Oriente";2026-09-11;00:29:12;"Tarifa Base Fuera de Punta";285,79
"AUTOMAAS CHILE SPA";78343019-3;20821947;LJDV98;PA8;"Ruta 5 Norte - Sur";"Lo Espejo Poniente";2026-09-11;00:32:57;"Tarifa Base Fuera de Punta";452,06
"AUTOMAAS CHILE SPA";78343019-3;20821947;LJDV98;PA32;"Ruta 5 Norte - Sur";"Lo Blanco - Las Acacias";2026-09-11;00:34:06;"Tarifa Base Fuera de Punta";176,67
"AUTOMAAS CHILE SPA";78343019-3;20821947;KXZS95;PA31;"Ruta 5 Sur - Norte";"Avenida Matta";2026-09-11;00:35:01;"Tarifa Base Fuera de Punta";368,93
"AUTOMAAS CHILE SPA";78343019-3;20821947;KXZS95;PA13;"Ruta 5 Sur - Norte";"Alameda - Rio Mapocho";2026-09-11;00:36:31;"Tarifa Base Fuera de Punta";181,86
"AUTOMAAS CHILE SPA";78343019-3;20821947;LJDV98;PA7;"Ruta 5 Sur - Norte";"Lo Espejo Oriente";2026-09-11;00:51:11;"Tarifa Base Fuera de Punta";452,06
"AUTOMAAS CHILE SPA";78343019-3;20821947;LPPZ31;PA22;"General Velasquez Norte - Sur";"Lo Ovalle Poniente";2026-09-11;00:59:53;"Tarifa Base Fuera de Punta";512,34
"AUTOMAAS CHILE SPA";78343019-3;20821947;LJDV98;PA9;"Ruta 5 Norte - Sur";"Lo Ovalle Poniente";2026-09-11;01:23:11;"Tarifa Base Fuera de Punta";392,83
"AUTOMAAS CHILE SPA";78343019-3;20821947;HXJJ44;PA21;"General Velasquez Sur - Norte";"Lo Ovalle Oriente";2026-09-11;01:41:08;"Tarifa Base Fuera de Punta";512,34
"AUTOMAAS CHILE SPA";78343019-3;20821947;HXJJ44;PA23;"General Velasquez Sur - Norte";"Carlos Valdovinos Oriente";2026-09-11;01:44:18;"Tarifa Base Fuera de Punta";287,86
"AUTOMAAS CHILE SPA";78343019-3;20821947;HXJJ44;PA24;"General Velasquez Norte - Sur";"Carlos Valdovinos Poniente";2026-09-11;02:31:13;"Tarifa Base Fuera de Punta";287,86
"AUTOMAAS CHILE SPA";78343019-3;20821947;HXJJ44;PA22;"General Velasquez Norte - Sur";"Lo Ovalle Poniente";2026-09-11;02:34:28;"Tarifa Base Fuera de Punta";512,34
"AUTOMAAS CHILE SPA";78343019-3;20821947;HXJJ44;PA20;"General Velasquez Norte - Sur";"Lo Espejo Poniente";2026-09-11;02:37:11;"Tarifa Base Fuera de Punta";412,57
"AUTOMAAS CHILE SPA";78343019-3;20821947;HXJJ44;PA32;"Ruta 5 Norte - Sur";"Lo Blanco - Las Acacias";2026-09-11;02:38:50;"Tarifa Base Fuera de Punta";176,67
"AUTOMAAS CHILE SPA";78343019-3;20821947;HXJJ44;PA6;"Ruta 5 Norte - Sur";"Colón Poniente";2026-09-11;02:40:36;"Tarifa Base Fuera de Punta";157,96
"AUTOMAAS CHILE SPA";78343019-3;20821947;HXJJ44;PA37;"Ruta 5 Norte - Sur";"Colón, Calera de Tango";2026-09-11;02:41:44;"Tarifa Base Fuera de Punta";455,18
"AUTOMAAS CHILE SPA";78343019-3;20821947;HXJJ44;PA5;"Ruta 5 Sur - Norte";"Colón Oriente";2026-09-11;03:12:00;"Tarifa Base Fuera de Punta";334,63
"AUTOMAAS CHILE SPA";78343019-3;20821947;HXJJ44;PA19;"General Velasquez Sur - Norte";"Puerta Sur Oriente";2026-09-11;03:14:21;"Tarifa Base Fuera de Punta";412,57
"AUTOMAAS CHILE SPA";78343019-3;20821947;LPPZ31;PA8;"Ruta 5 Norte - Sur";"Lo Espejo Poniente";2026-09-11;03:18:21;"Tarifa Base Fuera de Punta";452,06
"AUTOMAAS CHILE SPA";78343019-3;20821947;LPPZ31;PA32;"Ruta 5 Norte - Sur";"Lo Blanco - Las Acacias";2026-09-11;03:19:26;"Tarifa Base Fuera de Punta";176,67
"AUTOMAAS CHILE SPA";78343019-3;20821947;KXZS95;PA18;"Ruta 5 Norte - Sur";"Américo Vespucio Poniente";2026-09-11;04:12:37;"Tarifa Base Fuera de Punta";462,46
"AUTOMAAS CHILE SPA";78343019-3;20821947;LJDV98;PA32;"Ruta 5 Norte - Sur";"Lo Blanco - Las Acacias";2026-09-11;04:37:11;"Tarifa Base Fuera de Punta";176,67
"AUTOMAAS CHILE SPA";78343019-3;20821947;KXZS95;PA22;"General Velasquez Norte - Sur";"Lo Ovalle Poniente";2026-09-11;04:58:01;"Tarifa Base Fuera de Punta";512,34
"AUTOMAAS CHILE SPA";78343019-3;20821947;HXJJ44;PA21;"General Velasquez Sur - Norte";"Lo Ovalle Oriente";2026-09-11;05:25:35;"Tarifa Base Fuera de Punta";512,34
"AUTOMAAS CHILE SPA";78343019-3;20821947;HXJJ44;PA23;"General Velasquez Sur - Norte";"Carlos Valdovinos Oriente";2026-09-11;05:28:42;"Tarifa Base Fuera de Punta";287,86
"AUTOMAAS CHILE SPA";78343019-3;20821947;LPPZ24;PA7;"Ruta 5 Sur - Norte";"Lo Espejo Oriente";2026-09-11;05:34:49;"Tarifa Base Fuera de Punta";452,06
"AUTOMAAS CHILE SPA";78343019-3;20821947;KZGL59;PA21;"General Velasquez Sur - Norte";"Lo Ovalle Oriente";2026-09-11;06:17:31;"Tarifa Base Fuera de Punta";512,34
"AUTOMAAS CHILE SPA";78343019-3;20821947;KZGL59;PA23;"General Velasquez Sur - Norte";"Carlos Valdovinos Oriente";2026-09-11;06:20:21;"Tarifa Base Fuera de Punta";287,86
"AUTOMAAS CHILE SPA";78343019-3;20821947;KZGL59;PA25;"General Velasquez Sur - Norte";"San Pablo Oriente";2026-09-11;06:21:48;"Tarifa Base Fuera de Punta";421,93
"AUTOMAAS CHILE SPA";78343019-3;20821947;KZGL59;PA28;"General Velasquez Sur - Norte";"Cerro Renca Oriente";2026-09-11;06:34:36;"Tarifa Base Fuera de Punta";512,34
"AUTOMAAS CHILE SPA";78343019-3;20821947;KZGL59;PA17;"Ruta 5 Sur - Norte";"Américo Vespucio Oriente";2026-09-11;06:36:00;"Tarifa Base Fuera de Punta";462,46
"AUTOMAAS CHILE SPA";78343019-3;20821947;PJHJ69;PA8;"Ruta 5 Norte - Sur";"Lo Espejo Poniente";2026-09-11;06:45:19;"Tarifa Base Fuera de Punta";452,06
"AUTOMAAS CHILE SPA";78343019-3;20821947;PJHJ69;PA32;"Ruta 5 Norte - Sur";"Lo Blanco - Las Acacias";2026-09-11;06:46:20;"Tarifa Base Fuera de Punta";176,67
"AUTOMAAS CHILE SPA";78343019-3;20821947;PJHJ69;PA6;"Ruta 5 Norte - Sur";"Colón Poniente";2026-09-11;06:47:45;"Tarifa Base Fuera de Punta";157,96
"AUTOMAAS CHILE SPA";78343019-3;20821947;PJHJ69;PA37;"Ruta 5 Norte - Sur";"Colón, Calera de Tango";2026-09-11;06:48:36;"Tarifa Base Fuera de Punta";455,18
"AUTOMAAS CHILE SPA";78343019-3;20821947;PJHJ69;PA4;"Ruta 5 Norte - Sur";"Calera de Tango Poniente";2026-09-11;06:50:10;"Tarifa Base Fuera de Punta";129,90
"AUTOMAAS CHILE SPA";78343019-3;20821947;PJHJ69;PA3;"Ruta 5 Sur - Norte";"Calera de Tango Oriente";2026-09-11;07:00:52;"Tarifa Saturación";1.755,28
"AUTOMAAS CHILE SPA";78343019-3;20821947;LPPZ24;PA13;"Ruta 5 Sur - Norte";"Alameda - Rio Mapocho";2026-09-11;07:03:27;"Tarifa Base Punta";363,73
"AUTOMAAS CHILE SPA";78343019-3;20821947;LPPZ31;PA25;"General Velasquez Sur - Norte";"San Pablo Oriente";2026-09-11;07:09:22;"Tarifa Base Punta";843,86
"AUTOMAAS CHILE SPA";78343019-3;20821947;PJHJ69;PA5;"Ruta 5 Sur - Norte";"Colón Oriente";2026-09-11;07:09:31;"Tarifa Saturación";1.003,90
"AUTOMAAS CHILE SPA";78343019-3;20821947;PJHJ69;PA7;"Ruta 5 Sur - Norte";"Lo Espejo Oriente";2026-09-11;07:13:53;"Tarifa Base Fuera de Punta";452,06
"AUTOMAAS CHILE SPA";78343019-3;20821947;LDWP36;PA12;"Ruta 5 Norte - Sur";"Avda Matta Poniente";2026-09-11;07:22:49;"Tarifa Base Punta";737,86
"AUTOMAAS CHILE SPA";78343019-3;20821947;LDWP36;PA9;"Ruta 5 Norte - Sur";"Lo Ovalle Poniente";2026-09-11;07:25:43;"Tarifa Base Fuera de Punta";392,83
"AUTOMAAS CHILE SPA";78343019-3;20821947;LPPZ24;PA17;"Ruta 5 Sur - Norte";"Américo Vespucio Oriente";2026-09-11;07:30:49;"Tarifa Base Punta";924,92
"AUTOMAAS CHILE SPA";78343019-3;20821947;PJHJ69;PA10;"Ruta 5 Sur - Norte";"La Marina San Nicolás Oriente";2026-09-11;07:33:21;"Tarifa Base Punta";571,58
"AUTOMAAS CHILE SPA";78343019-3;20821947;LPPZ31;PA16;"Ruta 5 Sur - Norte";"Avda Santa María Oriente";2026-09-11;07:44:10;"Tarifa Base Punta";850,10
"AUTOMAAS CHILE SPA";78343019-3;20821947;PJHJ69;PA31;"Ruta 5 Sur - Norte";"Avenida Matta";2026-09-11;07:44:23;"Tarifa Base Punta";737,86
"AUTOMAAS CHILE SPA";78343019-3;20821947;LPPZ24;PA18;"Ruta 5 Norte - Sur";"Américo Vespucio Poniente";2026-09-11;07:46:23;"Tarifa Base Punta";924,92
"AUTOMAAS CHILE SPA";78343019-3;20821947;PJHJ69;PA13;"Ruta 5 Sur - Norte";"Alameda - Rio Mapocho";2026-09-11;07:47:38;"Tarifa Base Punta";363,73
"AUTOMAAS CHILE SPA";78343019-3;20821947;LPPZ24;PA29;"General Velasquez Norte - Sur";"Cerro Renca Poniente";2026-09-11;07:47:43;"Tarifa Base Fuera de Punta";512,34
"AUTOMAAS CHILE SPA";78343019-3;20821947;LPPZ31;PA17;"Ruta 5 Sur - Norte";"Américo Vespucio Oriente";2026-09-11;07:50:00;"Tarifa Base Punta";924,92
"AUTOMAAS CHILE SPA";78343019-3;20821947;PJHJ69;PA16;"Ruta 5 Sur - Norte";"Avda Santa María Oriente";2026-09-11;07:51:27;"Tarifa Base Punta";850,10
"AUTOMAAS CHILE SPA";78343019-3;20821947;LPPZ24;PA26;"General Velasquez Norte - Sur";"San Pablo Poniente";2026-09-11;07:53:00;"Tarifa Base Fuera de Punta";421,93
"AUTOMAAS CHILE SPA";78343019-3;20821947;LPPZ24;PA24;"General Velasquez Norte - Sur";"Carlos Valdovinos Poniente";2026-09-11;07:54:45;"Tarifa Base Fuera de Punta";287,86
"AUTOMAAS CHILE SPA";78343019-3;20821947;PJHJ69;PA17;"Ruta 5 Sur - Norte";"Américo Vespucio Oriente";2026-09-11;07:57:07;"Tarifa Base Punta";924,92
"AUTOMAAS CHILE SPA";78343019-3;20821947;LPPZ24;PA22;"General Velasquez Norte - Sur";"Lo Ovalle Poniente";2026-09-11;07:57:26;"Tarifa Base Fuera de Punta";512,34
"AUTOMAAS CHILE SPA";78343019-3;20821947;LPPZ24;PA20;"General Velasquez Norte - Sur";"Lo Espejo Poniente";2026-09-11;07:59:33;"Tarifa Base Fuera de Punta";412,57
"AUTOMAAS CHILE SPA";78343019-3;20821947;LPPZ24;PA32;"Ruta 5 Norte - Sur";"Lo Blanco - Las Acacias";2026-09-11;08:01:05;"Tarifa Base Fuera de Punta";176,67
"AUTOMAAS CHILE SPA";78343019-3;20821947;LPPZ24;PA6;"Ruta 5 Norte - Sur";"Colón Poniente";2026-09-11;08:02:47;"Tarifa Base Fuera de Punta";157,96
"AUTOMAAS CHILE SPA";78343019-3;20821947;LPPZ31;PA18;"Ruta 5 Norte - Sur";"Américo Vespucio Poniente";2026-09-11;08:27:17;"Tarifa Base Punta";924,92
"AUTOMAAS CHILE SPA";78343019-3;20821947;PJHJ69;PA18;"Ruta 5 Norte - Sur";"Américo Vespucio Poniente";2026-09-11;08:31:45;"Tarifa Base Fuera de Punta";462,46
"AUTOMAAS CHILE SPA";78343019-3;20821947;LPPZ31;PA15;"Ruta 5 Norte - Sur";"Bulnes Poniente";2026-09-11;08:33:11;"Tarifa Base Punta";850,10
"AUTOMAAS CHILE SPA";78343019-3;20821947;PJHJ69;PA15;"Ruta 5 Norte - Sur";"Bulnes Poniente";2026-09-11;08:37:01;"Tarifa Base Punta";850,10
"AUTOMAAS CHILE SPA";78343019-3;20821947;PJHJ69;PA14;"Ruta 5 Norte - Sur";"Alameda Poniente";2026-09-11;08:41:12;"Tarifa Base Fuera de Punta";181,86
"AUTOMAAS CHILE SPA";78343019-3;20821947;PJHJ69;PA12;"Ruta 5 Norte - Sur";"Avda Matta Poniente";2026-09-11;08:42:49;"Tarifa Base Fuera de Punta";368,93
"AUTOMAAS CHILE SPA";78343019-3;20821947;PJHJ69;PA11;"Ruta 5 Norte - Sur";"La Marina San Nicolás Poniente";2026-09-11;08:44:40;"Tarifa Base Fuera de Punta";285,79
"AUTOMAAS CHILE SPA";78343019-3;20821947;LPPZ31;PA26;"General Velasquez Norte - Sur";"San Pablo Poniente";2026-09-11;08:56:01;"Tarifa Base Fuera de Punta";421,93
"AUTOMAAS CHILE SPA";78343019-3;20821947;LJDV98;PA30;"Ruta 5 Sur - Norte";"Americo Vespucio - Departamental";2026-09-11;11:18:39;"Tarifa Base Fuera de Punta";392,83
"AUTOMAAS CHILE SPA";78343019-3;20821947;LJDV98;PA10;"Ruta 5 Sur - Norte";"La Marina San Nicolás Oriente";2026-09-11;11:19:33;"Tarifa Base Fuera de Punta";285,79
"AUTOMAAS CHILE SPA";78343019-3;20821947;LJDV98;PA31;"Ruta 5 Sur - Norte";"Avenida Matta";2026-09-11;11:27:06;"Tarifa Base Punta";737,86
"AUTOMAAS CHILE SPA";78343019-3;20821947;LPPZ24;PA20;"General Velasquez Norte - Sur";"Lo Espejo Poniente";2026-09-11;16:48:15;"Tarifa Base Fuera de Punta";412,57
"AUTOMAAS CHILE SPA";78343019-3;20821947;LPPZ24;PA32;"Ruta 5 Norte - Sur";"Lo Blanco - Las Acacias";2026-09-11;17:00:46;"Tarifa Base Fuera de Punta";176,67
"AUTOMAAS CHILE SPA";78343019-3;20821947;LPPZ31;PA7;"Ruta 5 Sur - Norte";"Lo Espejo Oriente";2026-09-11;17:42:33;"Tarifa Base Fuera de Punta";452,06
"AUTOMAAS CHILE SPA";78343019-3;20821947;HXJJ44;PA28;"General Velasquez Sur - Norte";"Cerro Renca Oriente";2026-09-11;18:05:21;"Tarifa Base Punta";1.024,69
"AUTOMAAS CHILE SPA";78343019-3;20821947;HXJJ44;PA17;"Ruta 5 Sur - Norte";"Américo Vespucio Oriente";2026-09-11;18:06:39;"Tarifa Base Punta";924,92
"AUTOMAAS CHILE SPA";78343019-3;20821947;LPPZ31;PA22;"General Velasquez Norte - Sur";"Lo Ovalle Poniente";2026-09-11;18:50:49;"Tarifa Base Fuera de Punta";512,34
"AUTOMAAS CHILE SPA";78343019-3;20821947;HXJJ44;PA16;"Ruta 5 Sur - Norte";"Avda Santa María Oriente";2026-09-11;18:56:06;"Tarifa Base Fuera de Punta";425,04
"AUTOMAAS CHILE SPA";78343019-3;20821947;LJDV98;PA24;"General Velasquez Norte - Sur";"Carlos Valdovinos Poniente";2026-09-11;19:03:28;"Tarifa Base Punta";575,74
"AUTOMAAS CHILE SPA";78343019-3;20821947;KZGL59;PA24;"General Velasquez Norte - Sur";"Carlos Valdovinos Poniente";2026-09-11;19:03:29;"Tarifa Base Punta";575,74
"AUTOMAAS CHILE SPA";78343019-3;20821947;LJDV98;PA22;"General Velasquez Norte - Sur";"Lo Ovalle Poniente";2026-09-11;19:09:09;"Tarifa Base Fuera de Punta";512,34
"AUTOMAAS CHILE SPA";78343019-3;20821947;KZGL59;PA22;"General Velasquez Norte - Sur";"Lo Ovalle Poniente";2026-09-11;19:09:10;"Tarifa Base Fuera de Punta";512,34
"AUTOMAAS CHILE SPA";78343019-3;20821947;LPPZ24;PA10;"Ruta 5 Sur - Norte";"La Marina San Nicolás Oriente";2026-09-11;19:09:55;"Tarifa Base Fuera de Punta";285,79
"AUTOMAAS CHILE SPA";78343019-3;20821947;LPPZ24;PA31;"Ruta 5 Sur - Norte";"Avenida Matta";2026-09-11;19:11:51;"Tarifa Base Fuera de Punta";368,93
"AUTOMAAS CHILE SPA";78343019-3;20821947;LPPZ24;PA13;"Ruta 5 Sur - Norte";"Alameda - Rio Mapocho";2026-09-11;19:13:16;"Tarifa Base Fuera de Punta";181,86
"AUTOMAAS CHILE SPA";78343019-3;20821947;LPPZ24;PA16;"Ruta 5 Sur - Norte";"Avda Santa María Oriente";2026-09-11;19:16:00;"Tarifa Base Fuera de Punta";425,04
"AUTOMAAS CHILE SPA";78343019-3;20821947;LPPZ24;PA17;"Ruta 5 Sur - Norte";"Américo Vespucio Oriente";2026-09-11;19:19:26;"Tarifa Base Punta";924,92
"AUTOMAAS CHILE SPA";78343019-3;20821947;LDWP36;PA16;"Ruta 5 Sur - Norte";"Avda Santa María Oriente";2026-09-11;19:21:34;"Tarifa Base Fuera de Punta";425,04
"AUTOMAAS CHILE SPA";78343019-3;20821947;LPPZ24;PA18;"Ruta 5 Norte - Sur";"Américo Vespucio Poniente";2026-09-11;20:18:41;"Tarifa Base Fuera de Punta";462,46
"AUTOMAAS CHILE SPA";78343019-3;20821947;LPPZ24;PA15;"Ruta 5 Norte - Sur";"Bulnes Poniente";2026-09-11;20:22:59;"Tarifa Base Punta";850,10
"AUTOMAAS CHILE SPA";78343019-3;20821947;LPPZ24;PA14;"Ruta 5 Norte - Sur";"Alameda Poniente";2026-09-11;20:24:50;"Tarifa Base Punta";363,73
"AUTOMAAS CHILE SPA";78343019-3;20821947;LDWP36;PA18;"Ruta 5 Norte - Sur";"Américo Vespucio Poniente";2026-09-11;20:30:04;"Tarifa Base Fuera de Punta";462,46
"AUTOMAAS CHILE SPA";78343019-3;20821947;LDWP36;PA15;"Ruta 5 Norte - Sur";"Bulnes Poniente";2026-09-11;20:34:14;"Tarifa Base Fuera de Punta";425,04
"AUTOMAAS CHILE SPA";78343019-3;20821947;HXJJ44;PA16;"Ruta 5 Sur - Norte";"Avda Santa María Oriente";2026-09-11;20:36:36;"Tarifa Base Fuera de Punta";425,04
"AUTOMAAS CHILE SPA";78343019-3;20821947;HXJJ44;PA17;"Ruta 5 Sur - Norte";"Américo Vespucio Oriente";2026-09-11;20:40:17;"Tarifa Base Fuera de Punta";462,46
"AUTOMAAS CHILE SPA";78343019-3;20821947;LPPZ24;PA8;"Ruta 5 Norte - Sur";"Lo Espejo Poniente";2026-09-11;21:03:41;"Tarifa Base Fuera de Punta";452,06
"AUTOMAAS CHILE SPA";78343019-3;20821947;LPPZ24;PA32;"Ruta 5 Norte - Sur";"Lo Blanco - Las Acacias";2026-09-11;21:04:50;"Tarifa Base Fuera de Punta";176,67
"AUTOMAAS CHILE SPA";78343019-3;20821947;LPPZ24;PA6;"Ruta 5 Norte - Sur";"Colón Poniente";2026-09-11;21:06:23;"Tarifa Base Fuera de Punta";157,96
"AUTOMAAS CHILE SPA";78343019-3;20821947;LPPZ24;PA37;"Ruta 5 Norte - Sur";"Colón, Calera de Tango";2026-09-11;21:07:19;"Tarifa Base Fuera de Punta";455,18
"AUTOMAAS CHILE SPA";78343019-3;20821947;LPPZ24;PA4;"Ruta 5 Norte - Sur";"Calera de Tango Poniente";2026-09-11;21:09:00;"Tarifa Base Fuera de Punta";129,90
"AUTOMAAS CHILE SPA";78343019-3;20821947;HXJJ44;PA18;"Ruta 5 Norte - Sur";"Américo Vespucio Poniente";2026-09-11;22:28:15;"Tarifa Base Fuera de Punta";462,46
"AUTOMAAS CHILE SPA";78343019-3;20821947;HXJJ44;PA29;"General Velasquez Norte - Sur";"Cerro Renca Poniente";2026-09-11;22:29:32;"Tarifa Base Fuera de Punta";512,34
"AUTOMAAS CHILE SPA";78343019-3;20821947;HXJJ44;PA26;"General Velasquez Norte - Sur";"San Pablo Poniente";2026-09-11;22:35:12;"Tarifa Base Fuera de Punta";421,93
"AUTOMAAS CHILE SPA";78343019-3;20821947;KXZS95;PA26;"General Velasquez Norte - Sur";"San Pablo Poniente";2026-09-11;22:41:24;"Tarifa Base Fuera de Punta";421,93
"AUTOMAAS CHILE SPA";78343019-3;20821947;KXZS95;PA24;"General Velasquez Norte - Sur";"Carlos Valdovinos Poniente";2026-09-11;22:42:48;"Tarifa Base Fuera de Punta";287,86
"AUTOMAAS CHILE SPA";78343019-3;20821947;KXZS95;PA22;"General Velasquez Norte - Sur";"Lo Ovalle Poniente";2026-09-11;22:45:06;"Tarifa Base Fuera de Punta";512,34
"AUTOMAAS CHILE SPA";78343019-3;20821947;HXJJ44;PA24;"General Velasquez Norte - Sur";"Carlos Valdovinos Poniente";2026-09-11;22:55:06;"Tarifa Base Fuera de Punta";287,86
"AUTOMAAS CHILE SPA";78343019-3;20821947;HXJJ44;PA22;"General Velasquez Norte - Sur";"Lo Ovalle Poniente";2026-09-11;22:57:45;"Tarifa Base Fuera de Punta";512,34
"AUTOMAAS CHILE SPA";78343019-3;20821947;LJDV98;PA8;"Ruta 5 Norte - Sur";"Lo Espejo Poniente";2026-09-11;23:03:34;"Tarifa Base Fuera de Punta";452,06
"AUTOMAAS CHILE SPA";78343019-3;20821947;LJDV98;PA32;"Ruta 5 Norte - Sur";"Lo Blanco - Las Acacias";2026-09-11;23:04:32;"Tarifa Base Fuera de Punta";176,67
"AUTOMAAS CHILE SPA";78343019-3;20821947;LJDV98;PA8;"Ruta 5 Norte - Sur";"Lo Espejo Poniente";2026-09-11;23:47:17;"Tarifa Base Fuera de Punta";452,06
"AUTOMAAS CHILE SPA";78343019-3;20821947;LJDV98;PA32;"Ruta 5 Norte - Sur";"Lo Blanco - Las Acacias";2026-09-11;23:48:20;"Tarifa Base Fuera de Punta";176,67
"AUTOMAAS CHILE SPA";78343019-3;20821947;KXZS95;PA30;"Ruta 5 Sur - Norte";"Americo Vespucio - Departamental";2026-09-12;00:27:36;"Tarifa Base Fuera de Punta";392,83
"AUTOMAAS CHILE SPA";78343019-3;20821947;LPPZ31;PA30;"Ruta 5 Sur - Norte";"Americo Vespucio - Departamental";2026-09-12;00:29:16;"Tarifa Base Fuera de Punta";392,83
"AUTOMAAS CHILE SPA";78343019-3;20821947;KXZS95;PA10;"Ruta 5 Sur - Norte";"La Marina San Nicolás Oriente";2026-09-12;00:30:35;"Tarifa Base Fuera de Punta";285,79
"AUTOMAAS CHILE SPA";78343019-3;20821947;KXZS95;PA31;"Ruta 5 Sur - Norte";"Avenida Matta";2026-09-12;00:32:35;"Tarifa Base Fuera de Punta";368,93
"AUTOMAAS CHILE SPA";78343019-3;20821947;LPPZ31;PA9;"Ruta 5 Norte - Sur";"Lo Ovalle Poniente";2026-09-12;00:35:44;"Tarifa Base Fuera de Punta";392,83
"AUTOMAAS CHILE SPA";78343019-3;20821947;LJDV98;PA9;"Ruta 5 Norte - Sur";"Lo Ovalle Poniente";2026-09-12;00:40:05;"Tarifa Base Fuera de Punta";392,83
"AUTOMAAS CHILE SPA";78343019-3;20821947;LPPZ31;PA21;"General Velasquez Sur - Norte";"Lo Ovalle Oriente";2026-09-12;00:40:26;"Tarifa Base Fuera de Punta";512,34
"AUTOMAAS CHILE SPA";78343019-3;20821947;KXZS95;PA13;"Ruta 5 Sur - Norte";"Alameda - Rio Mapocho";2026-09-12;00:41:33;"Tarifa Base Fuera de Punta";181,86
"AUTOMAAS CHILE SPA";78343019-3;20821947;LJDV98;PA8;"Ruta 5 Norte - Sur";"Lo Espejo Poniente";2026-09-12;00:42:52;"Tarifa Base Fuera de Punta";452,06
"AUTOMAAS CHILE SPA";78343019-3;20821947;LPPZ31;PA23;"General Velasquez Sur - Norte";"Carlos Valdovinos Oriente";2026-09-12;00:43:09;"Tarifa Base Fuera de Punta";287,86
"AUTOMAAS CHILE SPA";78343019-3;20821947;LJDV98;PA32;"Ruta 5 Norte - Sur";"Lo Blanco - Las Acacias";2026-09-12;00:43:54;"Tarifa Base Fuera de Punta";176,67
"AUTOMAAS CHILE SPA";78343019-3;20821947;KXZS95;PA16;"Ruta 5 Sur - Norte";"Avda Santa María Oriente";2026-09-12;00:44:17;"Tarifa Base Fuera de Punta";425,04
"AUTOMAAS CHILE SPA";78343019-3;20821947;KXZS95;PA17;"Ruta 5 Sur - Norte";"Américo Vespucio Oriente";2026-09-12;00:47:45;"Tarifa Base Fuera de Punta";462,46
"AUTOMAAS CHILE SPA";78343019-3;20821947;PJHJ69;PA10;"Ruta 5 Sur - Norte";"La Marina San Nicolás Oriente";2026-09-12;00:51:07;"Tarifa Base Fuera de Punta";285,79
"AUTOMAAS CHILE SPA";78343019-3;20821947;PJHJ69;PA31;"Ruta 5 Sur - Norte";"Avenida Matta";2026-09-12;00:52:53;"Tarifa Base Fuera de Punta";368,93
"AUTOMAAS CHILE SPA";78343019-3;20821947;PJHJ69;PA13;"Ruta 5 Sur - Norte";"Alameda - Rio Mapocho";2026-09-12;00:54:17;"Tarifa Base Fuera de Punta";181,86
"AUTOMAAS CHILE SPA";78343019-3;20821947;HXJJ44;PA5;"Ruta 5 Sur - Norte";"Colón Oriente";2026-09-12;01:06:26;"Tarifa Base Fuera de Punta";334,63
"AUTOMAAS CHILE SPA";78343019-3;20821947;HXJJ44;PA19;"General Velasquez Sur - Norte";"Puerta Sur Oriente";2026-09-12;01:09:00;"Tarifa Base Fuera de Punta";412,57
"AUTOMAAS CHILE SPA";78343019-3;20821947;HXJJ44;PA21;"General Velasquez Sur - Norte";"Lo Ovalle Oriente";2026-09-12;01:12:40;"Tarifa Base Fuera de Punta";512,34
"AUTOMAAS CHILE SPA";78343019-3;20821947;LPPZ31;PA14;"Ruta 5 Norte - Sur";"Alameda Poniente";2026-09-12;01:13:02;"Tarifa Base Fuera de Punta";181,86
"AUTOMAAS CHILE SPA";78343019-3;20821947;LPPZ31;PA12;"Ruta 5 Norte - Sur";"Avda Matta Poniente";2026-09-12;01:14:34;"Tarifa Base Fuera de Punta";368,93
"AUTOMAAS CHILE SPA";78343019-3;20821947;LPPZ31;PA11;"Ruta 5 Norte - Sur";"La Marina San Nicolás Poniente";2026-09-12;01:16:31;"Tarifa Base Fuera de Punta";285,79
"AUTOMAAS CHILE SPA";78343019-3;20821947;LPPZ31;PA9;"Ruta 5 Norte - Sur";"Lo Ovalle Poniente";2026-09-12;01:17:15;"Tarifa Base Fuera de Punta";392,83
"AUTOMAAS CHILE SPA";78343019-3;20821947;HXJJ44;PA23;"General Velasquez Sur - Norte";"Carlos Valdovinos Oriente";2026-09-12;01:25:00;"Tarifa Base Fuera de Punta";287,86
"AUTOMAAS CHILE SPA";78343019-3;20821947;LPPZ31;PA7;"Ruta 5 Sur - Norte";"Lo Espejo Oriente";2026-09-12;01:56:05;"Tarifa Base Fuera de Punta";452,06
"AUTOMAAS CHILE SPA";78343019-3;20821947;HXJJ44;PA24;"General Velasquez Norte - Sur";"Carlos Valdovinos Poniente";2026-09-12;03:53:47;"Tarifa Base Fuera de Punta";287,86
"AUTOMAAS CHILE SPA";78343019-3;20821947;HXJJ44;PA22;"General Velasquez Norte - Sur";"Lo Ovalle Poniente";2026-09-12;03:56:37;"Tarifa Base Fuera de Punta";512,34
"AUTOMAAS CHILE SPA";78343019-3;20821947;PJHJ69;PA11;"Ruta 5 Norte - Sur";"La Marina San Nicolás Poniente";2026-09-12;05:01:27;"Tarifa Base Fuera de Punta";285,79
"AUTOMAAS CHILE SPA";78343019-3;20821947;PJHJ69;PA9;"Ruta 5 Norte - Sur";"Lo Ovalle Poniente";2026-09-12;05:02:27;"Tarifa Base Fuera de Punta";392,83
"AUTOMAAS CHILE SPA";78343019-3;20821947;LPPZ31;PA7;"Ruta 5 Sur - Norte";"Lo Espejo Oriente";2026-09-12;05:09:29;"Tarifa Base Fuera de Punta";452,06
"AUTOMAAS CHILE SPA";78343019-3;20821947;KXZS95;PA21;"General Velasquez Sur - Norte";"Lo Ovalle Oriente";2026-09-12;05:31:51;"Tarifa Base Fuera de Punta";512,34
"AUTOMAAS CHILE SPA";78343019-3;20821947;KXZS95;PA23;"General Velasquez Sur - Norte";"Carlos Valdovinos Oriente";2026-09-12;05:34:28;"Tarifa Base Fuera de Punta";287,86
"AUTOMAAS CHILE SPA";78343019-3;20821947;HXJJ44;PA21;"General Velasquez Sur - Norte";"Lo Ovalle Oriente";2026-09-12;05:34:50;"Tarifa Base Fuera de Punta";512,34
"AUTOMAAS CHILE SPA";78343019-3;20821947;KXZS95;PA25;"General Velasquez Sur - Norte";"San Pablo Oriente";2026-09-12;05:35:56;"Tarifa Base Fuera de Punta";421,93
"AUTOMAAS CHILE SPA";78343019-3;20821947;HXJJ44;PA23;"General Velasquez Sur - Norte";"Carlos Valdovinos Oriente";2026-09-12;05:37:44;"Tarifa Base Fuera de Punta";287,86
"AUTOMAAS CHILE SPA";78343019-3;20821947;LPPZ24;PA7;"Ruta 5 Sur - Norte";"Lo Espejo Oriente";2026-09-12;05:39:42;"Tarifa Base Fuera de Punta";452,06
"AUTOMAAS CHILE SPA";78343019-3;20821947;KXZS95;PA28;"General Velasquez Sur - Norte";"Cerro Renca Oriente";2026-09-12;05:40:26;"Tarifa Base Fuera de Punta";512,34
"AUTOMAAS CHILE SPA";78343019-3;20821947;KXZS95;PA17;"Ruta 5 Sur - Norte";"Américo Vespucio Oriente";2026-09-12;05:41:39;"Tarifa Base Fuera de Punta";462,46
"AUTOMAAS CHILE SPA";78343019-3;20821947;LDWP36;PA31;"Ruta 5 Sur - Norte";"Avenida Matta";2026-09-12;05:55:41;"Tarifa Base Fuera de Punta";368,93
"AUTOMAAS CHILE SPA";78343019-3;20821947;LDWP36;PA13;"Ruta 5 Sur - Norte";"Alameda - Rio Mapocho";2026-09-12;05:57:26;"Tarifa Base Fuera de Punta";181,86
"AUTOMAAS CHILE SPA";78343019-3;20821947;PJHJ69;PA8;"Ruta 5 Norte - Sur";"Lo Espejo Poniente";2026-09-12;06:25:46;"Tarifa Base Fuera de Punta";452,06
"AUTOMAAS CHILE SPA";78343019-3;20821947;PJHJ69;PA32;"Ruta 5 Norte - Sur";"Lo Blanco - Las Acacias";2026-09-12;06:26:45;"Tarifa Base Fuera de Punta";176,67
"AUTOMAAS CHILE SPA";78343019-3;20821947;PJHJ69;PA6;"Ruta 5 Norte - Sur";"Colón Poniente";2026-09-12;06:28:15;"Tarifa Base Fuera de Punta";157,96
"AUTOMAAS CHILE SPA";78343019-3;20821947;PJHJ69;PA37;"Ruta 5 Norte - Sur";"Colón, Calera de Tango";2026-09-12;06:29:13;"Tarifa Base Fuera de Punta";455,18
"AUTOMAAS CHILE SPA";78343019-3;20821947;PJHJ69;PA4;"Ruta 5 Norte - Sur";"Calera de Tango Poniente";2026-09-12;06:31:05;"Tarifa Base Fuera de Punta";129,90
"AUTOMAAS CHILE SPA";78343019-3;20821947;LPPZ24;PA13;"Ruta 5 Sur - Norte";"Alameda - Rio Mapocho";2026-09-12;06:33:47;"Tarifa Base Fuera de Punta";181,86
"AUTOMAAS CHILE SPA";78343019-3;20821947;PJHJ69;PA3;"Ruta 5 Sur - Norte";"Calera de Tango Oriente";2026-09-12;06:40:57;"Tarifa Base Fuera de Punta";585,09
"AUTOMAAS CHILE SPA";78343019-3;20821947;PJHJ69;PA5;"Ruta 5 Sur - Norte";"Colón Oriente";2026-09-12;06:52:29;"Tarifa Base Fuera de Punta";334,63
"AUTOMAAS CHILE SPA";78343019-3;20821947;PJHJ69;PA7;"Ruta 5 Sur - Norte";"Lo Espejo Oriente";2026-09-12;06:55:09;"Tarifa Base Fuera de Punta";452,06
"AUTOMAAS CHILE SPA";78343019-3;20821947;LPPZ24;PA17;"Ruta 5 Sur - Norte";"Américo Vespucio Oriente";2026-09-12;07:07:20;"Tarifa Base Fuera de Punta";462,46
"AUTOMAAS CHILE SPA";78343019-3;20821947;PJHJ69;PA10;"Ruta 5 Sur - Norte";"La Marina San Nicolás Oriente";2026-09-12;07:23:29;"Tarifa Base Fuera de Punta";285,79
"AUTOMAAS CHILE SPA";78343019-3;20821947;LPPZ24;PA18;"Ruta 5 Norte - Sur";"Américo Vespucio Poniente";2026-09-12;07:23:33;"Tarifa Base Fuera de Punta";462,46
"AUTOMAAS CHILE SPA";78343019-3;20821947;LPPZ24;PA29;"General Velasquez Norte - Sur";"Cerro Renca Poniente";2026-09-12;07:24:45;"Tarifa Base Fuera de Punta";512,34
"AUTOMAAS CHILE SPA";78343019-3;20821947;PJHJ69;PA31;"Ruta 5 Sur - Norte";"Avenida Matta";2026-09-12;07:25:32;"Tarifa Base Fuera de Punta";368,93
"AUTOMAAS CHILE SPA";78343019-3;20821947;PJHJ69;PA13;"Ruta 5 Sur - Norte";"Alameda - Rio Mapocho";2026-09-12;07:26:58;"Tarifa Base Fuera de Punta";181,86
"AUTOMAAS CHILE SPA";78343019-3;20821947;LPPZ24;PA26;"General Velasquez Norte - Sur";"San Pablo Poniente";2026-09-12;07:29:20;"Tarifa Base Fuera de Punta";421,93
"AUTOMAAS CHILE SPA";78343019-3;20821947;PJHJ69;PA16;"Ruta 5 Sur - Norte";"Avda Santa María Oriente";2026-09-12;07:29:30;"Tarifa Base Fuera de Punta";425,04
"AUTOMAAS CHILE SPA";78343019-3;20821947;LPPZ24;PA24;"General Velasquez Norte - Sur";"Carlos Valdovinos Poniente";2026-09-12;07:30:45;"Tarifa Base Fuera de Punta";287,86
"AUTOMAAS CHILE SPA";78343019-3;20821947;PJHJ69;PA17;"Ruta 5 Sur - Norte";"Américo Vespucio Oriente";2026-09-12;07:32:44;"Tarifa Base Fuera de Punta";462,46
"AUTOMAAS CHILE SPA";78343019-3;20821947;LPPZ24;PA22;"General Velasquez Norte - Sur";"Lo Ovalle Poniente";2026-09-12;07:33:17;"Tarifa Base Fuera de Punta";512,34
"AUTOMAAS CHILE SPA";78343019-3;20821947;LPPZ24;PA20;"General Velasquez Norte - Sur";"Lo Espejo Poniente";2026-09-12;07:35:23;"Tarifa Base Fuera de Punta";412,57
"AUTOMAAS CHILE SPA";78343019-3;20821947;LPPZ24;PA32;"Ruta 5 Norte - Sur";"Lo Blanco - Las Acacias";2026-09-12;07:36:51;"Tarifa Base Fuera de Punta";176,67
"AUTOMAAS CHILE SPA";78343019-3;20821947;LPPZ24;PA6;"Ruta 5 Norte - Sur";"Colón Poniente";2026-09-12;07:38:18;"Tarifa Base Fuera de Punta";157,96
"AUTOMAAS CHILE SPA";78343019-3;20821947;LPPZ24;PA37;"Ruta 5 Norte - Sur";"Colón, Calera de Tango";2026-09-12;07:39:16;"Tarifa Base Fuera de Punta";455,18
"AUTOMAAS CHILE SPA";78343019-3;20821947;PJHJ69;PA18;"Ruta 5 Norte - Sur";"Américo Vespucio Poniente";2026-09-12;08:20:32;"Tarifa Base Fuera de Punta";462,46
"AUTOMAAS CHILE SPA";78343019-3;20821947;PJHJ69;PA15;"Ruta 5 Norte - Sur";"Bulnes Poniente";2026-09-12;08:24:39;"Tarifa Base Fuera de Punta";425,04
"AUTOMAAS CHILE SPA";78343019-3;20821947;PJHJ69;PA14;"Ruta 5 Norte - Sur";"Alameda Poniente";2026-09-12;08:26:29;"Tarifa Base Fuera de Punta";181,86
"AUTOMAAS CHILE SPA";78343019-3;20821947;PJHJ69;PA12;"Ruta 5 Norte - Sur";"Avda Matta Poniente";2026-09-12;08:27:52;"Tarifa Base Fuera de Punta";368,93
"AUTOMAAS CHILE SPA";78343019-3;20821947;PJHJ69;PA11;"Ruta 5 Norte - Sur";"La Marina San Nicolás Poniente";2026-09-12;08:29:45;"Tarifa Base Fuera de Punta";285,79
"AUTOMAAS CHILE SPA";78343019-3;20821947;PJHJ69;PA8;"Ruta 5 Norte - Sur";"Lo Espejo Poniente";2026-09-12;08:56:38;"Tarifa Base Fuera de Punta";452,06
"AUTOMAAS CHILE SPA";78343019-3;20821947;PJHJ69;PA32;"Ruta 5 Norte - Sur";"Lo Blanco - Las Acacias";2026-09-12;08:57:39;"Tarifa Base Fuera de Punta";176,67
"AUTOMAAS CHILE SPA";78343019-3;20821947;PJHJ69;PA6;"Ruta 5 Norte - Sur";"Colón Poniente";2026-09-12;08:59:15;"Tarifa Base Fuera de Punta";157,96
"AUTOMAAS CHILE SPA";78343019-3;20821947;PJHJ69;PA19;"General Velasquez Sur - Norte";"Puerta Sur Oriente";2026-09-12;09:26:37;"Tarifa Base Fuera de Punta";412,57
"AUTOMAAS CHILE SPA";78343019-3;20821947;HXJJ44;PA25;"General Velasquez Sur - Norte";"San Pablo Oriente";2026-09-12;17:47:23;"Tarifa Base Fuera de Punta";421,93
"AUTOMAAS CHILE SPA";78343019-3;20821947;HXJJ44;PA28;"General Velasquez Sur - Norte";"Cerro Renca Oriente";2026-09-12;17:52:02;"Tarifa Base Fuera de Punta";512,34
"AUTOMAAS CHILE SPA";78343019-3;20821947;HXJJ44;PA17;"Ruta 5 Sur - Norte";"Américo Vespucio Oriente";2026-09-12;17:53:07;"Tarifa Base Fuera de Punta";462,46
"AUTOMAAS CHILE SPA";78343019-3;20821947;LPPZ24;PA10;"Ruta 5 Sur - Norte";"La Marina San Nicolás Oriente";2026-09-12;19:01:03;"Tarifa Base Fuera de Punta";285,79
"AUTOMAAS CHILE SPA";78343019-3;20821947;LDWP36;PA13;"Ruta 5 Sur - Norte";"Alameda - Rio Mapocho";2026-09-12;19:02:49;"Tarifa Base Fuera de Punta";181,86
"AUTOMAAS CHILE SPA";78343019-3;20821947;LPPZ24;PA31;"Ruta 5 Sur - Norte";"Avenida Matta";2026-09-12;19:03:05;"Tarifa Base Fuera de Punta";368,93
"AUTOMAAS CHILE SPA";78343019-3;20821947;LPPZ24;PA13;"Ruta 5 Sur - Norte";"Alameda - Rio Mapocho";2026-09-12;19:04:40;"Tarifa Base Fuera de Punta";181,86
"AUTOMAAS CHILE SPA";78343019-3;20821947;LPPZ24;PA16;"Ruta 5 Sur - Norte";"Avda Santa María Oriente";2026-09-12;19:07:29;"Tarifa Base Fuera de Punta";425,04
"AUTOMAAS CHILE SPA";78343019-3;20821947;LPPZ24;PA17;"Ruta 5 Sur - Norte";"Américo Vespucio Oriente";2026-09-12;19:10:59;"Tarifa Base Fuera de Punta";462,46
"AUTOMAAS CHILE SPA";78343019-3;20821947;LDWP36;PA16;"Ruta 5 Sur - Norte";"Avda Santa María Oriente";2026-09-12;19:28:00;"Tarifa Base Fuera de Punta";425,04
"AUTOMAAS CHILE SPA";78343019-3;20821947;LPPZ24;PA18;"Ruta 5 Norte - Sur";"Américo Vespucio Poniente";2026-09-12;20:15:21;"Tarifa Base Fuera de Punta";462,46
"AUTOMAAS CHILE SPA";78343019-3;20821947;LPPZ24;PA15;"Ruta 5 Norte - Sur";"Bulnes Poniente";2026-09-12;20:19:31;"Tarifa Base Fuera de Punta";425,04
"AUTOMAAS CHILE SPA";78343019-3;20821947;LPPZ24;PA14;"Ruta 5 Norte - Sur";"Alameda Poniente";2026-09-12;20:21:25;"Tarifa Base Fuera de Punta";181,86
"AUTOMAAS CHILE SPA";78343019-3;20821947;LDWP36;PA18;"Ruta 5 Norte - Sur";"Américo Vespucio Poniente";2026-09-12;20:27:43;"Tarifa Base Fuera de Punta";462,46
"AUTOMAAS CHILE SPA";78343019-3;20821947;LDWP36;PA15;"Ruta 5 Norte - Sur";"Bulnes Poniente";2026-09-12;20:32:55;"Tarifa Base Fuera de Punta";425,04
"AUTOMAAS CHILE SPA";78343019-3;20821947;LPPZ24;PA11;"Ruta 5 Norte - Sur";"La Marina San Nicolás Poniente";2026-09-12;20:36:01;"Tarifa Base Fuera de Punta";285,79
"AUTOMAAS CHILE SPA";78343019-3;20821947;LPPZ24;PA9;"Ruta 5 Norte - Sur";"Lo Ovalle Poniente";2026-09-12;20:36:53;"Tarifa Base Fuera de Punta";392,83
"AUTOMAAS CHILE SPA";78343019-3;20821947;HXJJ44;PA16;"Ruta 5 Sur - Norte";"Avda Santa María Oriente";2026-09-12;20:41:49;"Tarifa Base Fuera de Punta";425,04
"AUTOMAAS CHILE SPA";78343019-3;20821947;HXJJ44;PA17;"Ruta 5 Sur - Norte";"Américo Vespucio Oriente";2026-09-12;20:45:38;"Tarifa Base Fuera de Punta";462,46
"AUTOMAAS CHILE SPA";78343019-3;20821947;LPPZ24;PA8;"Ruta 5 Norte - Sur";"Lo Espejo Poniente";2026-09-12;20:49:48;"Tarifa Base Fuera de Punta";452,06
"AUTOMAAS CHILE SPA";78343019-3;20821947;LPPZ24;PA32;"Ruta 5 Norte - Sur";"Lo Blanco - Las Acacias";2026-09-12;20:50:51;"Tarifa Base Fuera de Punta";176,67
"AUTOMAAS CHILE SPA";78343019-3;20821947;LPPZ24;PA6;"Ruta 5 Norte - Sur";"Colón Poniente";2026-09-12;20:52:22;"Tarifa Base Fuera de Punta";157,96
"AUTOMAAS CHILE SPA";78343019-3;20821947;LPPZ24;PA37;"Ruta 5 Norte - Sur";"Colón, Calera de Tango";2026-09-12;20:53:17;"Tarifa Base Fuera de Punta";455,18
"AUTOMAAS CHILE SPA";78343019-3;20821947;LPPZ24;PA4;"Ruta 5 Norte - Sur";"Calera de Tango Poniente";2026-09-12;20:54:57;"Tarifa Base Fuera de Punta";129,90
"AUTOMAAS CHILE SPA";78343019-3;20821947;LPPZ24;PA3;"Ruta 5 Sur - Norte";"Calera de Tango Oriente";2026-09-12;21:02:47;"Tarifa Base Fuera de Punta";585,09
"AUTOMAAS CHILE SPA";78343019-3;20821947;CYPW26;PA12;"Ruta 5 Norte - Sur";"Avda Matta Poniente";2026-09-12;22:22:24;"Tarifa Base Fuera de Punta";368,93
"AUTOMAAS CHILE SPA";78343019-3;20821947;CYPW26;PA11;"Ruta 5 Norte - Sur";"La Marina San Nicolás Poniente";2026-09-12;22:25:04;"Tarifa Base Fuera de Punta";285,79
"AUTOMAAS CHILE SPA";78343019-3;20821947;CYPW26;PA9;"Ruta 5 Norte - Sur";"Lo Ovalle Poniente";2026-09-12;22:26:10;"Tarifa Base Fuera de Punta";392,83
"AUTOMAAS CHILE SPA";78343019-3;20821947;HXJJ44;PA18;"Ruta 5 Norte - Sur";"Américo Vespucio Poniente";2026-09-12;22:46:03;"Tarifa Base Fuera de Punta";462,46
"AUTOMAAS CHILE SPA";78343019-3;20821947;HXJJ44;PA29;"General Velasquez Norte - Sur";"Cerro Renca Poniente";2026-09-12;22:47:10;"Tarifa Base Fuera de Punta";512,34
"AUTOMAAS CHILE SPA";78343019-3;20821947;HXJJ44;PA26;"General Velasquez Norte - Sur";"San Pablo Poniente";2026-09-12;22:52:27;"Tarifa Base Fuera de Punta";421,93
"AUTOMAAS CHILE SPA";78343019-3;20821947;KXZS95;PA26;"General Velasquez Norte - Sur";"San Pablo Poniente";2026-09-12;23:06:29;"Tarifa Base Fuera de Punta";421,93
"AUTOMAAS CHILE SPA";78343019-3;20821947;KXZS95;PA24;"General Velasquez Norte - Sur";"Carlos Valdovinos Poniente";2026-09-12;23:08:00;"Tarifa Base Fuera de Punta";287,86
"AUTOMAAS CHILE SPA";78343019-3;20821947;KXZS95;PA22;"General Velasquez Norte - Sur";"Lo Ovalle Poniente";2026-09-12;23:10:44;"Tarifa Base Fuera de Punta";512,34
"AUTOMAAS CHILE SPA";78343019-3;20821947;HXJJ44;PA24;"General Velasquez Norte - Sur";"Carlos Valdovinos Poniente";2026-09-12;23:32:05;"Tarifa Base Fuera de Punta";287,86
"AUTOMAAS CHILE SPA";78343019-3;20821947;HXJJ44;PA22;"General Velasquez Norte - Sur";"Lo Ovalle Poniente";2026-09-12;23:34:48;"Tarifa Base Fuera de Punta";512,34
"AUTOMAAS CHILE SPA";78343019-3;20821947;CYPW26;PA19;"General Velasquez Sur - Norte";"Puerta Sur Oriente";2026-09-13;00:45:40;"Tarifa Base Fuera de Punta";412,57
"AUTOMAAS CHILE SPA";78343019-3;20821947;PJHJ69;PA21;"General Velasquez Sur - Norte";"Lo Ovalle Oriente";2026-09-13;01:36:49;"Tarifa Base Fuera de Punta";512,34
"AUTOMAAS CHILE SPA";78343019-3;20821947;PJHJ69;PA23;"General Velasquez Sur - Norte";"Carlos Valdovinos Oriente";2026-09-13;01:41:18;"Tarifa Base Fuera de Punta";287,86
"AUTOMAAS CHILE SPA";78343019-3;20821947;PJHJ69;PA25;"General Velasquez Sur - Norte";"San Pablo Oriente";2026-09-13;01:42:58;"Tarifa Base Fuera de Punta";421,93
"AUTOMAAS CHILE SPA";78343019-3;20821947;CYPW26;PA12;"Ruta 5 Norte - Sur";"Avda Matta Poniente";2026-09-13;04:26:36;"Tarifa Base Fuera de Punta";368,93
"AUTOMAAS CHILE SPA";78343019-3;20821947;CYPW26;PA11;"Ruta 5 Norte - Sur";"La Marina San Nicolás Poniente";2026-09-13;04:28:33;"Tarifa Base Fuera de Punta";285,79
"AUTOMAAS CHILE SPA";78343019-3;20821947;CYPW26;PA9;"Ruta 5 Norte - Sur";"Lo Ovalle Poniente";2026-09-13;04:29:23;"Tarifa Base Fuera de Punta";392,83
"AUTOMAAS CHILE SPA";78343019-3;20821947;LPPZ31;PA9;"Ruta 5 Norte - Sur";"Lo Ovalle Poniente";2026-09-13;04:44:51;"Tarifa Base Fuera de Punta";392,83
"AUTOMAAS CHILE SPA";78343019-3;20821947;KXZS95;PA26;"General Velasquez Norte - Sur";"San Pablo Poniente";2026-09-13;05:06:18;"Tarifa Base Fuera de Punta";421,93
"AUTOMAAS CHILE SPA";78343019-3;20821947;KXZS95;PA24;"General Velasquez Norte - Sur";"Carlos Valdovinos Poniente";2026-09-13;05:07:36;"Tarifa Base Fuera de Punta";287,86
"AUTOMAAS CHILE SPA";78343019-3;20821947;KXZS95;PA22;"General Velasquez Norte - Sur";"Lo Ovalle Poniente";2026-09-13;05:16:34;"Tarifa Base Fuera de Punta";512,34
"AUTOMAAS CHILE SPA";78343019-3;20821947;HXJJ44;PA21;"General Velasquez Sur - Norte";"Lo Ovalle Oriente";2026-09-13;05:22:08;"Tarifa Base Fuera de Punta";512,34
"AUTOMAAS CHILE SPA";78343019-3;20821947;HXJJ44;PA23;"General Velasquez Sur - Norte";"Carlos Valdovinos Oriente";2026-09-13;05:24:57;"Tarifa Base Fuera de Punta";287,86
"AUTOMAAS CHILE SPA";78343019-3;20821947;KXZS95;PA21;"General Velasquez Sur - Norte";"Lo Ovalle Oriente";2026-09-13;05:27:27;"Tarifa Base Fuera de Punta";512,34
"AUTOMAAS CHILE SPA";78343019-3;20821947;KXZS95;PA23;"General Velasquez Sur - Norte";"Carlos Valdovinos Oriente";2026-09-13;05:29:50;"Tarifa Base Fuera de Punta";287,86
"AUTOMAAS CHILE SPA";78343019-3;20821947;KXZS95;PA25;"General Velasquez Sur - Norte";"San Pablo Oriente";2026-09-13;05:31:09;"Tarifa Base Fuera de Punta";421,93
"AUTOMAAS CHILE SPA";78343019-3;20821947;KXZS95;PA28;"General Velasquez Sur - Norte";"Cerro Renca Oriente";2026-09-13;05:35:04;"Tarifa Base Fuera de Punta";512,34
"AUTOMAAS CHILE SPA";78343019-3;20821947;KXZS95;PA17;"Ruta 5 Sur - Norte";"Américo Vespucio Oriente";2026-09-13;05:36:11;"Tarifa Base Fuera de Punta";462,46
"AUTOMAAS CHILE SPA";78343019-3;20821947;LPPZ24;PA30;"Ruta 5 Sur - Norte";"Americo Vespucio - Departamental";2026-09-13;06:11:24;"Tarifa Base Fuera de Punta";392,83
"AUTOMAAS CHILE SPA";78343019-3;20821947;LPPZ24;PA10;"Ruta 5 Sur - Norte";"La Marina San Nicolás Oriente";2026-09-13;06:12:07;"Tarifa Base Fuera de Punta";285,79
"AUTOMAAS CHILE SPA";78343019-3;20821947;PJHJ69;PA8;"Ruta 5 Norte - Sur";"Lo Espejo Poniente";2026-09-13;06:12:14;"Tarifa Base Fuera de Punta";452,06
"AUTOMAAS CHILE SPA";78343019-3;20821947;PJHJ69;PA32;"Ruta 5 Norte - Sur";"Lo Blanco - Las Acacias";2026-09-13;06:13:10;"Tarifa Base Fuera de Punta";176,67
"AUTOMAAS CHILE SPA";78343019-3;20821947;PJHJ69;PA6;"Ruta 5 Norte - Sur";"Colón Poniente";2026-09-13;06:14:53;"Tarifa Base Fuera de Punta";157,96
"AUTOMAAS CHILE SPA";78343019-3;20821947;PJHJ69;PA37;"Ruta 5 Norte - Sur";"Colón, Calera de Tango";2026-09-13;06:16:05;"Tarifa Base Fuera de Punta";455,18
"AUTOMAAS CHILE SPA";78343019-3;20821947;PJHJ69;PA4;"Ruta 5 Norte - Sur";"Calera de Tango Poniente";2026-09-13;06:20:19;"Tarifa Base Fuera de Punta";129,90
"AUTOMAAS CHILE SPA";78343019-3;20821947;LPPZ24;PA13;"Ruta 5 Sur - Norte";"Alameda - Rio Mapocho";2026-09-13;06:27:41;"Tarifa Base Fuera de Punta";181,86
"AUTOMAAS CHILE SPA";78343019-3;20821947;PJHJ69;PA3;"Ruta 5 Sur - Norte";"Calera de Tango Oriente";2026-09-13;06:32:50;"Tarifa Base Fuera de Punta";585,09
"AUTOMAAS CHILE SPA";78343019-3;20821947;PJHJ69;PA5;"Ruta 5 Sur - Norte";"Colón Oriente";2026-09-13;06:35:56;"Tarifa Base Fuera de Punta";334,63
"AUTOMAAS CHILE SPA";78343019-3;20821947;PJHJ69;PA7;"Ruta 5 Sur - Norte";"Lo Espejo Oriente";2026-09-13;06:38:57;"Tarifa Base Fuera de Punta";452,06
"AUTOMAAS CHILE SPA";78343019-3;20821947;CYPW26;PA23;"General Velasquez Sur - Norte";"Carlos Valdovinos Oriente";2026-09-13;06:41:16;"Tarifa Base Fuera de Punta";287,86
"AUTOMAAS CHILE SPA";78343019-3;20821947;CYPW26;PA16;"Ruta 5 Sur - Norte";"Avda Santa María Oriente";2026-09-13;07:00:17;"Tarifa Base Fuera de Punta";425,04
"AUTOMAAS CHILE SPA";78343019-3;20821947;LPPZ24;PA17;"Ruta 5 Sur - Norte";"Américo Vespucio Oriente";2026-09-13;07:00:53;"Tarifa Base Fuera de Punta";462,46
"AUTOMAAS CHILE SPA";78343019-3;20821947;CYPW26;PA17;"Ruta 5 Sur - Norte";"Américo Vespucio Oriente";2026-09-13;07:03:27;"Tarifa Base Fuera de Punta";462,46
"AUTOMAAS CHILE SPA";78343019-3;20821947;PJHJ69;PA10;"Ruta 5 Sur - Norte";"La Marina San Nicolás Oriente";2026-09-13;07:08:24;"Tarifa Base Fuera de Punta";285,79
"AUTOMAAS CHILE SPA";78343019-3;20821947;LPPZ31;PA30;"Ruta 5 Sur - Norte";"Americo Vespucio - Departamental";2026-09-13;07:08:56;"Tarifa Base Fuera de Punta";392,83
"AUTOMAAS CHILE SPA";78343019-3;20821947;LPPZ31;PA10;"Ruta 5 Sur - Norte";"La Marina San Nicolás Oriente";2026-09-13;07:09:46;"Tarifa Base Fuera de Punta";285,79
"AUTOMAAS CHILE SPA";78343019-3;20821947;PJHJ69;PA31;"Ruta 5 Sur - Norte";"Avenida Matta";2026-09-13;07:10:11;"Tarifa Base Fuera de Punta";368,93
"AUTOMAAS CHILE SPA";78343019-3;20821947;PJHJ69;PA13;"Ruta 5 Sur - Norte";"Alameda - Rio Mapocho";2026-09-13;07:11:31;"Tarifa Base Fuera de Punta";181,86
"AUTOMAAS CHILE SPA";78343019-3;20821947;LPPZ31;PA31;"Ruta 5 Sur - Norte";"Avenida Matta";2026-09-13;07:11:51;"Tarifa Base Fuera de Punta";368,93
"AUTOMAAS CHILE SPA";78343019-3;20821947;LPPZ31;PA13;"Ruta 5 Sur - Norte";"Alameda - Rio Mapocho";2026-09-13;07:13:24;"Tarifa Base Fuera de Punta";181,86
"AUTOMAAS CHILE SPA";78343019-3;20821947;PJHJ69;PA16;"Ruta 5 Sur - Norte";"Avda Santa María Oriente";2026-09-13;07:14:05;"Tarifa Base Fuera de Punta";425,04
"AUTOMAAS CHILE SPA";78343019-3;20821947;LPPZ31;PA16;"Ruta 5 Sur - Norte";"Avda Santa María Oriente";2026-09-13;07:16:29;"Tarifa Base Fuera de Punta";425,04
"AUTOMAAS CHILE SPA";78343019-3;20821947;PJHJ69;PA17;"Ruta 5 Sur - Norte";"Américo Vespucio Oriente";2026-09-13;07:16:58;"Tarifa Base Fuera de Punta";462,46
"AUTOMAAS CHILE SPA";78343019-3;20821947;LPPZ31;PA17;"Ruta 5 Sur - Norte";"Américo Vespucio Oriente";2026-09-13;07:20:10;"Tarifa Base Fuera de Punta";462,46
"AUTOMAAS CHILE SPA";78343019-3;20821947;CYPW26;PA18;"Ruta 5 Norte - Sur";"Américo Vespucio Poniente";2026-09-13;08:17:48;"Tarifa Base Fuera de Punta";462,46
"AUTOMAAS CHILE SPA";78343019-3;20821947;LPPZ24;PA18;"Ruta 5 Norte - Sur";"Américo Vespucio Poniente";2026-09-13;08:19:25;"Tarifa Base Fuera de Punta";462,46
"AUTOMAAS CHILE SPA";78343019-3;20821947;PJHJ69;PA18;"Ruta 5 Norte - Sur";"Américo Vespucio Poniente";2026-09-13;08:20:22;"Tarifa Base Fuera de Punta";462,46
"AUTOMAAS CHILE SPA";78343019-3;20821947;LPPZ24;PA29;"General Velasquez Norte - Sur";"Cerro Renca Poniente";2026-09-13;08:20:32;"Tarifa Base Fuera de Punta";512,34
"AUTOMAAS CHILE SPA";78343019-3;20821947;PJHJ69;PA15;"Ruta 5 Norte - Sur";"Bulnes Poniente";2026-09-13;08:24:33;"Tarifa Base Fuera de Punta";425,04
"AUTOMAAS CHILE SPA";78343019-3;20821947;LPPZ24;PA26;"General Velasquez Norte - Sur";"San Pablo Poniente";2026-09-13;08:25:04;"Tarifa Base Fuera de Punta";421,93
"AUTOMAAS CHILE SPA";78343019-3;20821947;PJHJ69;PA14;"Ruta 5 Norte - Sur";"Alameda Poniente";2026-09-13;08:26:10;"Tarifa Base Fuera de Punta";181,86
"AUTOMAAS CHILE SPA";78343019-3;20821947;LPPZ24;PA24;"General Velasquez Norte - Sur";"Carlos Valdovinos Poniente";2026-09-13;08:26:38;"Tarifa Base Fuera de Punta";287,86
"AUTOMAAS CHILE SPA";78343019-3;20821947;PJHJ69;PA12;"Ruta 5 Norte - Sur";"Avda Matta Poniente";2026-09-13;08:27:30;"Tarifa Base Fuera de Punta";368,93
"AUTOMAAS CHILE SPA";78343019-3;20821947;LPPZ24;PA22;"General Velasquez Norte - Sur";"Lo Ovalle Poniente";2026-09-13;08:29:01;"Tarifa Base Fuera de Punta";512,34
"AUTOMAAS CHILE SPA";78343019-3;20821947;PJHJ69;PA11;"Ruta 5 Norte - Sur";"La Marina San Nicolás Poniente";2026-09-13;08:29:22;"Tarifa Base Fuera de Punta";285,79
"AUTOMAAS CHILE SPA";78343019-3;20821947;LPPZ24;PA20;"General Velasquez Norte - Sur";"Lo Espejo Poniente";2026-09-13;08:30:59;"Tarifa Base Fuera de Punta";412,57
"AUTOMAAS CHILE SPA";78343019-3;20821947;LPPZ24;PA32;"Ruta 5 Norte - Sur";"Lo Blanco - Las Acacias";2026-09-13;08:32:25;"Tarifa Base Fuera de Punta";176,67
"AUTOMAAS CHILE SPA";78343019-3;20821947;LPPZ24;PA6;"Ruta 5 Norte - Sur";"Colón Poniente";2026-09-13;08:33:59;"Tarifa Base Fuera de Punta";157,96
"AUTOMAAS CHILE SPA";78343019-3;20821947;LPPZ24;PA37;"Ruta 5 Norte - Sur";"Colón, Calera de Tango";2026-09-13;08:34:55;"Tarifa Base Fuera de Punta";455,18
"AUTOMAAS CHILE SPA";78343019-3;20821947;CYPW26;PA14;"Ruta 5 Norte - Sur";"Alameda Poniente";2026-09-13;08:39:29;"Tarifa Base Fuera de Punta";181,86
"AUTOMAAS CHILE SPA";78343019-3;20821947;PJHJ69;PA8;"Ruta 5 Norte - Sur";"Lo Espejo Poniente";2026-09-13;08:57:40;"Tarifa Base Fuera de Punta";452,06
"AUTOMAAS CHILE SPA";78343019-3;20821947;PJHJ69;PA32;"Ruta 5 Norte - Sur";"Lo Blanco - Las Acacias";2026-09-13;08:58:37;"Tarifa Base Fuera de Punta";176,67
"AUTOMAAS CHILE SPA";78343019-3;20821947;CYPW26;PA26;"General Velasquez Norte - Sur";"San Pablo Poniente";2026-09-13;08:58:53;"Tarifa Base Fuera de Punta";421,93
"AUTOMAAS CHILE SPA";78343019-3;20821947;PJHJ69;PA6;"Ruta 5 Norte - Sur";"Colón Poniente";2026-09-13;09:00:02;"Tarifa Base Fuera de Punta";157,96
"AUTOMAAS CHILE SPA";78343019-3;20821947;CYPW26;PA24;"General Velasquez Norte - Sur";"Carlos Valdovinos Poniente";2026-09-13;09:00:24;"Tarifa Base Fuera de Punta";287,86
"AUTOMAAS CHILE SPA";78343019-3;20821947;KXZS95;PA26;"General Velasquez Norte - Sur";"San Pablo Poniente";2026-09-13;09:39:37;"Tarifa Base Fuera de Punta";421,93
"AUTOMAAS CHILE SPA";78343019-3;20821947;KXZS95;PA24;"General Velasquez Norte - Sur";"Carlos Valdovinos Poniente";2026-09-13;09:40:58;"Tarifa Base Fuera de Punta";287,86
"AUTOMAAS CHILE SPA";78343019-3;20821947;KXZS95;PA22;"General Velasquez Norte - Sur";"Lo Ovalle Poniente";2026-09-13;09:43:07;"Tarifa Base Fuera de Punta";512,34
"AUTOMAAS CHILE SPA";78343019-3;20821947;KXZS95;PA20;"General Velasquez Norte - Sur";"Lo Espejo Poniente";2026-09-13;09:44:54;"Tarifa Base Fuera de Punta";412,57
"AUTOMAAS CHILE SPA";78343019-3;20821947;KXZS95;PA32;"Ruta 5 Norte - Sur";"Lo Blanco - Las Acacias";2026-09-13;09:46:07;"Tarifa Base Fuera de Punta";176,67
"AUTOMAAS CHILE SPA";78343019-3;20821947;KXZS95;PA6;"Ruta 5 Norte - Sur";"Colón Poniente";2026-09-13;09:53:18;"Tarifa Base Fuera de Punta";157,96
"AUTOMAAS CHILE SPA";78343019-3;20821947;KXZS95;PA5;"Ruta 5 Sur - Norte";"Colón Oriente";2026-09-13;12:41:37;"Tarifa Base Fuera de Punta";334,63
"AUTOMAAS CHILE SPA";78343019-3;20821947;KXZS95;PA19;"General Velasquez Sur - Norte";"Puerta Sur Oriente";2026-09-13;12:43:41;"Tarifa Base Fuera de Punta";412,57
"AUTOMAAS CHILE SPA";78343019-3;20821947;LPPZ24;PA5;"Ruta 5 Sur - Norte";"Colón Oriente";2026-09-13;17:50:48;"Tarifa Base Fuera de Punta";334,63
"AUTOMAAS CHILE SPA";78343019-3;20821947;HXJJ44;PA28;"General Velasquez Sur - Norte";"Cerro Renca Oriente";2026-09-13;17:52:55;"Tarifa Base Fuera de Punta";512,34
"AUTOMAAS CHILE SPA";78343019-3;20821947;LPPZ24;PA7;"Ruta 5 Sur - Norte";"Lo Espejo Oriente";2026-09-13;17:53:11;"Tarifa Base Fuera de Punta";452,06
"AUTOMAAS CHILE SPA";78343019-3;20821947;HXJJ44;PA17;"Ruta 5 Sur - Norte";"Américo Vespucio Oriente";2026-09-13;17:54:04;"Tarifa Base Fuera de Punta";462,46
"AUTOMAAS CHILE SPA";78343019-3;20821947;LPPZ31;PA30;"Ruta 5 Sur - Norte";"Americo Vespucio - Departamental";2026-09-13;18:03:34;"Tarifa Base Fuera de Punta";392,83
"AUTOMAAS CHILE SPA";78343019-3;20821947;LPPZ31;PA10;"Ruta 5 Sur - Norte";"La Marina San Nicolás Oriente";2026-09-13;18:04:16;"Tarifa Base Fuera de Punta";285,79
"AUTOMAAS CHILE SPA";78343019-3;20821947;LPPZ31;PA31;"Ruta 5 Sur - Norte";"Avenida Matta";2026-09-13;18:06:03;"Tarifa Base Fuera de Punta";368,93
"AUTOMAAS CHILE SPA";78343019-3;20821947;LPPZ31;PA13;"Ruta 5 Sur - Norte";"Alameda - Rio Mapocho";2026-09-13;18:30:46;"Tarifa Base Punta";363,73
"AUTOMAAS CHILE SPA";78343019-3;20821947;LPPZ24;PA10;"Ruta 5 Sur - Norte";"La Marina San Nicolás Oriente";2026-09-13;18:59:44;"Tarifa Base Punta";571,58
"AUTOMAAS CHILE SPA";78343019-3;20821947;LPPZ24;PA31;"Ruta 5 Sur - Norte";"Avenida Matta";2026-09-13;19:01:47;"Tarifa Base Punta";737,86
"AUTOMAAS CHILE SPA";78343019-3;20821947;LPPZ24;PA13;"Ruta 5 Sur - Norte";"Alameda - Rio Mapocho";2026-09-13;19:03:22;"Tarifa Base Punta";363,73
"AUTOMAAS CHILE SPA";78343019-3;20821947;LPPZ24;PA16;"Ruta 5 Sur - Norte";"Avda Santa María Oriente";2026-09-13;19:06:10;"Tarifa Base Fuera de Punta";425,04
"AUTOMAAS CHILE SPA";78343019-3;20821947;LPPZ24;PA17;"Ruta 5 Sur - Norte";"Américo Vespucio Oriente";2026-09-13;19:09:22;"Tarifa Base Fuera de Punta";462,46
"AUTOMAAS CHILE SPA";78343019-3;20821947;LPPZ24;PA18;"Ruta 5 Norte - Sur";"Américo Vespucio Poniente";2026-09-13;20:17:43;"Tarifa Base Fuera de Punta";462,46
"AUTOMAAS CHILE SPA";78343019-3;20821947;LPPZ24;PA15;"Ruta 5 Norte - Sur";"Bulnes Poniente";2026-09-13;20:21:57;"Tarifa Base Fuera de Punta";425,04
"AUTOMAAS CHILE SPA";78343019-3;20821947;LPPZ24;PA14;"Ruta 5 Norte - Sur";"Alameda Poniente";2026-09-13;20:23:46;"Tarifa Base Fuera de Punta";181,86
"AUTOMAAS CHILE SPA";78343019-3;20821947;LPPZ31;PA18;"Ruta 5 Norte - Sur";"Américo Vespucio Poniente";2026-09-13;20:26:07;"Tarifa Base Fuera de Punta";462,46
"AUTOMAAS CHILE SPA";78343019-3;20821947;LPPZ24;PA11;"Ruta 5 Norte - Sur";"La Marina San Nicolás Poniente";2026-09-13;20:38:00;"Tarifa Base Fuera de Punta";285,79
"AUTOMAAS CHILE SPA";78343019-3;20821947;LPPZ24;PA9;"Ruta 5 Norte - Sur";"Lo Ovalle Poniente";2026-09-13;20:38:50;"Tarifa Base Fuera de Punta";392,83
"AUTOMAAS CHILE SPA";78343019-3;20821947;HXJJ44;PA17;"Ruta 5 Sur - Norte";"Américo Vespucio Oriente";2026-09-13;20:48:25;"Tarifa Base Fuera de Punta";462,46
"AUTOMAAS CHILE SPA";78343019-3;20821947;LPPZ24;PA8;"Ruta 5 Norte - Sur";"Lo Espejo Poniente";2026-09-13;21:08:48;"Tarifa Base Fuera de Punta";452,06
"AUTOMAAS CHILE SPA";78343019-3;20821947;LPPZ24;PA32;"Ruta 5 Norte - Sur";"Lo Blanco - Las Acacias";2026-09-13;21:09:52;"Tarifa Base Fuera de Punta";176,67
"AUTOMAAS CHILE SPA";78343019-3;20821947;LPPZ24;PA6;"Ruta 5 Norte - Sur";"Colón Poniente";2026-09-13;21:11:19;"Tarifa Base Fuera de Punta";157,96
"AUTOMAAS CHILE SPA";78343019-3;20821947;LPPZ24;PA37;"Ruta 5 Norte - Sur";"Colón, Calera de Tango";2026-09-13;21:12:12;"Tarifa Base Fuera de Punta";455,18
"AUTOMAAS CHILE SPA";78343019-3;20821947;LPPZ24;PA4;"Ruta 5 Norte - Sur";"Calera de Tango Poniente";2026-09-13;21:13:47;"Tarifa Base Fuera de Punta";129,90
"AUTOMAAS CHILE SPA";78343019-3;20821947;LPPZ24;PA3;"Ruta 5 Sur - Norte";"Calera de Tango Oriente";2026-09-13;21:19:52;"Tarifa Base Fuera de Punta";585,09
"AUTOMAAS CHILE SPA";78343019-3;20821947;HXJJ44;PA18;"Ruta 5 Norte - Sur";"Américo Vespucio Poniente";2026-09-13;22:33:08;"Tarifa Base Fuera de Punta";462,46
"AUTOMAAS CHILE SPA";78343019-3;20821947;HXJJ44;PA29;"General Velasquez Norte - Sur";"Cerro Renca Poniente";2026-09-13;22:34:18;"Tarifa Base Fuera de Punta";512,34
"AUTOMAAS CHILE SPA";78343019-3;20821947;HXJJ44;PA26;"General Velasquez Norte - Sur";"San Pablo Poniente";2026-09-13;22:39:44;"Tarifa Base Fuera de Punta";421,93
"AUTOMAAS CHILE SPA";78343019-3;20821947;KXZS95;PA14;"Ruta 5 Norte - Sur";"Alameda Poniente";2026-09-13;22:46:32;"Tarifa Base Fuera de Punta";181,86
"AUTOMAAS CHILE SPA";78343019-3;20821947;KXZS95;PA12;"Ruta 5 Norte - Sur";"Avda Matta Poniente";2026-09-13;22:48:13;"Tarifa Base Fuera de Punta";368,93
"AUTOMAAS CHILE SPA";78343019-3;20821947;KXZS95;PA11;"Ruta 5 Norte - Sur";"La Marina San Nicolás Poniente";2026-09-13;22:50:25;"Tarifa Base Fuera de Punta";285,79
"AUTOMAAS CHILE SPA";78343019-3;20821947;HXJJ44;PA24;"General Velasquez Norte - Sur";"Carlos Valdovinos Poniente";2026-09-13;23:27:32;"Tarifa Base Fuera de Punta";287,86
"AUTOMAAS CHILE SPA";78343019-3;20821947;HXJJ44;PA22;"General Velasquez Norte - Sur";"Lo Ovalle Poniente";2026-09-13;23:30:32;"Tarifa Base Fuera de Punta";512,34
"AUTOMAAS CHILE SPA";78343019-3;20821947;LKGZ52;PA12;"Ruta 5 Norte - Sur";"Avda Matta Poniente";2026-09-13;23:49:03;"Tarifa Base Fuera de Punta";368,93
"AUTOMAAS CHILE SPA";78343019-3;20821947;LKGZ52;PA11;"Ruta 5 Norte - Sur";"La Marina San Nicolás Poniente";2026-09-13;23:50:48;"Tarifa Base Fuera de Punta";285,79
"AUTOMAAS CHILE SPA";78343019-3;20821947;LKGZ52;PA9;"Ruta 5 Norte - Sur";"Lo Ovalle Poniente";2026-09-13;23:51:29;"Tarifa Base Fuera de Punta";392,83
"AUTOMAAS CHILE SPA";78343019-3;20821947;LPPZ31;PA21;"General Velasquez Sur - Norte";"Lo Ovalle Oriente";2026-09-14;00:25:55;"Tarifa Base Fuera de Punta";512,34
"AUTOMAAS CHILE SPA";78343019-3;20821947;LPPZ31;PA14;"Ruta 5 Norte - Sur";"Alameda Poniente";2026-09-14;01:08:38;"Tarifa Base Fuera de Punta";181,86
"AUTOMAAS CHILE SPA";78343019-3;20821947;LPPZ31;PA12;"Ruta 5 Norte - Sur";"Avda Matta Poniente";2026-09-14;01:09:57;"Tarifa Base Fuera de Punta";368,93
"AUTOMAAS CHILE SPA";78343019-3;20821947;LPPZ31;PA11;"Ruta 5 Norte - Sur";"La Marina San Nicolás Poniente";2026-09-14;01:11:39;"Tarifa Base Fuera de Punta";285,79
"AUTOMAAS CHILE SPA";78343019-3;20821947;LPPZ31;PA9;"Ruta 5 Norte - Sur";"Lo Ovalle Poniente";2026-09-14;01:12:29;"Tarifa Base Fuera de Punta";392,83
"AUTOMAAS CHILE SPA";78343019-3;20821947;KXZS95;PA32;"Ruta 5 Norte - Sur";"Lo Blanco - Las Acacias";2026-09-14;01:38:25;"Tarifa Base Fuera de Punta";176,67
"AUTOMAAS CHILE SPA";78343019-3;20821947;KXZS95;PA6;"Ruta 5 Norte - Sur";"Colón Poniente";2026-09-14;01:40:03;"Tarifa Base Fuera de Punta";157,96
"AUTOMAAS CHILE SPA";78343019-3;20821947;KXZS95;PA19;"General Velasquez Sur - Norte";"Puerta Sur Oriente";2026-09-14;03:57:39;"Tarifa Base Fuera de Punta";412,57
"AUTOMAAS CHILE SPA";78343019-3;20821947;KXZS95;PA21;"General Velasquez Sur - Norte";"Lo Ovalle Oriente";2026-09-14;04:55:49;"Tarifa Base Fuera de Punta";512,34
"AUTOMAAS CHILE SPA";78343019-3;20821947;KXZS95;PA22;"General Velasquez Norte - Sur";"Lo Ovalle Poniente";2026-09-14;05:08:04;"Tarifa Base Fuera de Punta";512,34
"AUTOMAAS CHILE SPA";78343019-3;20821947;HXJJ44;PA21;"General Velasquez Sur - Norte";"Lo Ovalle Oriente";2026-09-14;05:25:45;"Tarifa Base Fuera de Punta";512,34
"AUTOMAAS CHILE SPA";78343019-3;20821947;HXJJ44;PA23;"General Velasquez Sur - Norte";"Carlos Valdovinos Oriente";2026-09-14;05:28:25;"Tarifa Base Fuera de Punta";287,86
"AUTOMAAS CHILE SPA";78343019-3;20821947;LPPZ31;PA21;"General Velasquez Sur - Norte";"Lo Ovalle Oriente";2026-09-14;05:36:51;"Tarifa Base Fuera de Punta";512,34
"AUTOMAAS CHILE SPA";78343019-3;20821947;LPPZ31;PA23;"General Velasquez Sur - Norte";"Carlos Valdovinos Oriente";2026-09-14;05:39:06;"Tarifa Base Fuera de Punta";287,86
"AUTOMAAS CHILE SPA";78343019-3;20821947;LPPZ31;PA25;"General Velasquez Sur - Norte";"San Pablo Oriente";2026-09-14;05:40:20;"Tarifa Base Fuera de Punta";421,93
"AUTOMAAS CHILE SPA";78343019-3;20821947;LPPZ24;PA7;"Ruta 5 Sur - Norte";"Lo Espejo Oriente";2026-09-14;05:40:36;"Tarifa Base Fuera de Punta";452,06
"AUTOMAAS CHILE SPA";78343019-3;20821947;LPPZ24;PA30;"Ruta 5 Sur - Norte";"Americo Vespucio - Departamental";2026-09-14;05:43:35;"Tarifa Base Fuera de Punta";392,83
"AUTOMAAS CHILE SPA";78343019-3;20821947;LPPZ24;PA10;"Ruta 5 Sur - Norte";"La Marina San Nicolás Oriente";2026-09-14;05:44:21;"Tarifa Base Fuera de Punta";285,79
"AUTOMAAS CHILE SPA";78343019-3;20821947;LPPZ31;PA28;"General Velasquez Sur - Norte";"Cerro Renca Oriente";2026-09-14;05:49:27;"Tarifa Base Fuera de Punta";512,34
"AUTOMAAS CHILE SPA";78343019-3;20821947;LPPZ31;PA17;"Ruta 5 Sur - Norte";"Américo Vespucio Oriente";2026-09-14;05:50:35;"Tarifa Base Fuera de Punta";462,46
"AUTOMAAS CHILE SPA";78343019-3;20821947;LDWP36;PA31;"Ruta 5 Sur - Norte";"Avenida Matta";2026-09-14;06:10:42;"Tarifa Base Fuera de Punta";368,93
"AUTOMAAS CHILE SPA";78343019-3;20821947;LDWP36;PA13;"Ruta 5 Sur - Norte";"Alameda - Rio Mapocho";2026-09-14;06:12:24;"Tarifa Base Fuera de Punta";181,86
"AUTOMAAS CHILE SPA";78343019-3;20821947;LPPZ24;PA13;"Ruta 5 Sur - Norte";"Alameda - Rio Mapocho";2026-09-14;06:12:48;"Tarifa Base Fuera de Punta";181,86
"AUTOMAAS CHILE SPA";78343019-3;20821947;PJHJ69;PA32;"Ruta 5 Norte - Sur";"Lo Blanco - Las Acacias";2026-09-14;06:21:46;"Tarifa Base Fuera de Punta";176,67
"AUTOMAAS CHILE SPA";78343019-3;20821947;PJHJ69;PA6;"Ruta 5 Norte - Sur";"Colón Poniente";2026-09-14;06:23:10;"Tarifa Base Fuera de Punta";157,96
"AUTOMAAS CHILE SPA";78343019-3;20821947;PJHJ69;PA37;"Ruta 5 Norte - Sur";"Colón, Calera de Tango";2026-09-14;06:23:58;"Tarifa Base Fuera de Punta";455,18
"AUTOMAAS CHILE SPA";78343019-3;20821947;PJHJ69;PA4;"Ruta 5 Norte - Sur";"Calera de Tango Poniente";2026-09-14;06:25:39;"Tarifa Base Fuera de Punta";129,90
"AUTOMAAS CHILE SPA";78343019-3;20821947;PJHJ69;PA3;"Ruta 5 Sur - Norte";"Calera de Tango Oriente";2026-09-14;06:35:08;"Tarifa Base Punta";1.170,18
"AUTOMAAS CHILE SPA";78343019-3;20821947;PJHJ69;PA5;"Ruta 5 Sur - Norte";"Colón Oriente";2026-09-14;06:38:33;"Tarifa Base Punta";669,27
"AUTOMAAS CHILE SPA";78343019-3;20821947;PJHJ69;PA7;"Ruta 5 Sur - Norte";"Lo Espejo Oriente";2026-09-14;06:42:13;"Tarifa Base Fuera de Punta";452,06
"AUTOMAAS CHILE SPA";78343019-3;20821947;KXZS95;PA23;"General Velasquez Sur - Norte";"Carlos Valdovinos Oriente";2026-09-14;06:44:21;"Tarifa Base Fuera de Punta";287,86
"AUTOMAAS CHILE SPA";78343019-3;20821947;LPPZ24;PA17;"Ruta 5 Sur - Norte";"Américo Vespucio Oriente";2026-09-14;06:50:58;"Tarifa Base Fuera de Punta";462,46
"AUTOMAAS CHILE SPA";78343019-3;20821947;KXZS95;PA16;"Ruta 5 Sur - Norte";"Avda Santa María Oriente";2026-09-14;07:02:36;"Tarifa Base Fuera de Punta";425,04
"AUTOMAAS CHILE SPA";78343019-3;20821947;LPPZ24;PA18;"Ruta 5 Norte - Sur";"Américo Vespucio Poniente";2026-09-14;07:04:15;"Tarifa Base Punta";924,92
"AUTOMAAS CHILE SPA";78343019-3;20821947;LPPZ24;PA29;"General Velasquez Norte - Sur";"Cerro Renca Poniente";2026-09-14;07:05:33;"Tarifa Base Fuera de Punta";512,34
"AUTOMAAS CHILE SPA";78343019-3;20821947;KXZS95;PA17;"Ruta 5 Sur - Norte";"Américo Vespucio Oriente";2026-09-14;07:06:28;"Tarifa Base Punta";924,92
"AUTOMAAS CHILE SPA";78343019-3;20821947;LPPZ24;PA26;"General Velasquez Norte - Sur";"San Pablo Poniente";2026-09-14;07:10:05;"Tarifa Base Fuera de Punta";421,93
"AUTOMAAS CHILE SPA";78343019-3;20821947;LPPZ24;PA24;"General Velasquez Norte - Sur";"Carlos Valdovinos Poniente";2026-09-14;07:11:34;"Tarifa Base Fuera de Punta";287,86
"AUTOMAAS CHILE SPA";78343019-3;20821947;LPPZ24;PA22;"General Velasquez Norte - Sur";"Lo Ovalle Poniente";2026-09-14;07:14:10;"Tarifa Base Fuera de Punta";512,34
"AUTOMAAS CHILE SPA";78343019-3;20821947;LPPZ24;PA20;"General Velasquez Norte - Sur";"Lo Espejo Poniente";2026-09-14;07:16:09;"Tarifa Base Fuera de Punta";412,57
"AUTOMAAS CHILE SPA";78343019-3;20821947;LPPZ24;PA32;"Ruta 5 Norte - Sur";"Lo Blanco - Las Acacias";2026-09-14;07:17:33;"Tarifa Base Fuera de Punta";176,67
"AUTOMAAS CHILE SPA";78343019-3;20821947;LPPZ24;PA6;"Ruta 5 Norte - Sur";"Colón Poniente";2026-09-14;07:19:03;"Tarifa Base Fuera de Punta";157,96
"AUTOMAAS CHILE SPA";78343019-3;20821947;LDWP36;PA14;"Ruta 5 Norte - Sur";"Alameda Poniente";2026-09-14;07:19:18;"Tarifa Base Punta";363,73
"AUTOMAAS CHILE SPA";78343019-3;20821947;LDWP36;PA12;"Ruta 5 Norte - Sur";"Avda Matta Poniente";2026-09-14;07:20:56;"Tarifa Base Punta";737,86
"AUTOMAAS CHILE SPA";78343019-3;20821947;LDWP36;PA11;"Ruta 5 Norte - Sur";"La Marina San Nicolás Poniente";2026-09-14;07:22:57;"Tarifa Base Fuera de Punta";285,79
"AUTOMAAS CHILE SPA";78343019-3;20821947;LDWP36;PA9;"Ruta 5 Norte - Sur";"Lo Ovalle Poniente";2026-09-14;07:23:50;"Tarifa Base Fuera de Punta";392,83
"AUTOMAAS CHILE SPA";78343019-3;20821947;PJHJ69;PA31;"Ruta 5 Sur - Norte";"Avenida Matta";2026-09-14;07:39:16;"Tarifa Base Punta";737,86
"AUTOMAAS CHILE SPA";78343019-3;20821947;PJHJ69;PA13;"Ruta 5 Sur - Norte";"Alameda - Rio Mapocho";2026-09-14;07:44:09;"Tarifa Base Punta";363,73
"AUTOMAAS CHILE SPA";78343019-3;20821947;PJHJ69;PA16;"Ruta 5 Sur - Norte";"Avda Santa María Oriente";2026-09-14;07:47:44;"Tarifa Base Punta";850,10
"AUTOMAAS CHILE SPA";78343019-3;20821947;PJHJ69;PA17;"Ruta 5 Sur - Norte";"Américo Vespucio Oriente";2026-09-14;07:54:07;"Tarifa Base Punta";924,92
"AUTOMAAS CHILE SPA";78343019-3;20821947;LJDV98;PA21;"General Velasquez Sur - Norte";"Lo Ovalle Oriente";2026-09-14;08:22:12;"Tarifa Base Fuera de Punta";512,34
"AUTOMAAS CHILE SPA";78343019-3;20821947;KXZS95;PA18;"Ruta 5 Norte - Sur";"Américo Vespucio Poniente";2026-09-14;08:24:48;"Tarifa Base Punta";924,92
"AUTOMAAS CHILE SPA";78343019-3;20821947;LJDV98;PA23;"General Velasquez Sur - Norte";"Carlos Valdovinos Oriente";2026-09-14;08:27:10;"Tarifa Base Punta";575,74
"AUTOMAAS CHILE SPA";78343019-3;20821947;PJHJ69;PA18;"Ruta 5 Norte - Sur";"Américo Vespucio Poniente";2026-09-14;08:30:40;"Tarifa Base Fuera de Punta";462,46
"AUTOMAAS CHILE SPA";78343019-3;20821947;PJHJ69;PA15;"Ruta 5 Norte - Sur";"Bulnes Poniente";2026-09-14;08:35:18;"Tarifa Base Punta";850,10
"AUTOMAAS CHILE SPA";78343019-3;20821947;PJHJ69;PA14;"Ruta 5 Norte - Sur";"Alameda Poniente";2026-09-14;08:37:13;"Tarifa Base Fuera de Punta";181,86
"AUTOMAAS CHILE SPA";78343019-3;20821947;PJHJ69;PA12;"Ruta 5 Norte - Sur";"Avda Matta Poniente";2026-09-14;08:38:59;"Tarifa Base Fuera de Punta";368,93
"AUTOMAAS CHILE SPA";78343019-3;20821947;PJHJ69;PA11;"Ruta 5 Norte - Sur";"La Marina San Nicolás Poniente";2026-09-14;08:41:06;"Tarifa Base Fuera de Punta";285,79
"AUTOMAAS CHILE SPA";78343019-3;20821947;KXZS95;PA14;"Ruta 5 Norte - Sur";"Alameda Poniente";2026-09-14;08:46:23;"Tarifa Base Fuera de Punta";181,86
"AUTOMAAS CHILE SPA";78343019-3;20821947;KXZS95;PA13;"Ruta 5 Sur - Norte";"Alameda - Rio Mapocho";2026-09-14;08:53:01;"Tarifa Saturación";545,60
"AUTOMAAS CHILE SPA";78343019-3;20821947;HXJJ44;PA28;"General Velasquez Sur - Norte";"Cerro Renca Oriente";2026-09-14;18:02:53;"Tarifa Base Punta";1.024,69
"AUTOMAAS CHILE SPA";78343019-3;20821947;HXJJ44;PA17;"Ruta 5 Sur - Norte";"Américo Vespucio Oriente";2026-09-14;18:09:26;"Tarifa Base Punta";924,92
"AUTOMAAS CHILE SPA";78343019-3;20821947;LPPZ31;PA22;"General Velasquez Norte - Sur";"Lo Ovalle Poniente";2026-09-14;18:23:21;"Tarifa Base Fuera de Punta";512,34
"AUTOMAAS CHILE SPA";78343019-3;20821947;LDWP36;PA21;"General Velasquez Sur - Norte";"Lo Ovalle Oriente";2026-09-14;18:42:16;"Tarifa Base Fuera de Punta";512,34
"AUTOMAAS CHILE SPA";78343019-3;20821947;LDWP36;PA31;"Ruta 5 Sur - Norte";"Avenida Matta";2026-09-14;18:52:37;"Tarifa Base Punta";737,86
"AUTOMAAS CHILE SPA";78343019-3;20821947;LPPZ24;PA10;"Ruta 5 Sur - Norte";"La Marina San Nicolás Oriente";2026-09-14;19:07:29;"Tarifa Base Fuera de Punta";285,79
"AUTOMAAS CHILE SPA";78343019-3;20821947;LPPZ24;PA31;"Ruta 5 Sur - Norte";"Avenida Matta";2026-09-14;19:14:33;"Tarifa Base Fuera de Punta";368,93
"AUTOMAAS CHILE SPA";78343019-3;20821947;LPPZ24;PA13;"Ruta 5 Sur - Norte";"Alameda - Rio Mapocho";2026-09-14;19:15:59;"Tarifa Base Fuera de Punta";181,86
"AUTOMAAS CHILE SPA";78343019-3;20821947;LPPZ24;PA16;"Ruta 5 Sur - Norte";"Avda Santa María Oriente";2026-09-14;19:18:36;"Tarifa Base Fuera de Punta";425,04
"AUTOMAAS CHILE SPA";78343019-3;20821947;LDWP36;PA13;"Ruta 5 Sur - Norte";"Alameda - Rio Mapocho";2026-09-14;19:19:01;"Tarifa Base Fuera de Punta";181,86
"AUTOMAAS CHILE SPA";78343019-3;20821947;LPPZ24;PA17;"Ruta 5 Sur - Norte";"Américo Vespucio Oriente";2026-09-14;19:22:03;"Tarifa Base Punta";924,92
"AUTOMAAS CHILE SPA";78343019-3;20821947;LPPZ24;PA18;"Ruta 5 Norte - Sur";"Américo Vespucio Poniente";2026-09-14;20:22:29;"Tarifa Base Fuera de Punta";462,46
"AUTOMAAS CHILE SPA";78343019-3;20821947;LPPZ24;PA15;"Ruta 5 Norte - Sur";"Bulnes Poniente";2026-09-14;20:26:40;"Tarifa Base Punta";850,10
"AUTOMAAS CHILE SPA";78343019-3;20821947;LPPZ24;PA14;"Ruta 5 Norte - Sur";"Alameda Poniente";2026-09-14;20:28:47;"Tarifa Base Punta";363,73
"AUTOMAAS CHILE SPA";78343019-3;20821947;LDWP36;PA18;"Ruta 5 Norte - Sur";"Américo Vespucio Poniente";2026-09-14;20:32:34;"Tarifa Base Fuera de Punta";462,46
"AUTOMAAS CHILE SPA";78343019-3;20821947;HXJJ44;PA16;"Ruta 5 Sur - Norte";"Avda Santa María Oriente";2026-09-14;20:38:46;"Tarifa Base Fuera de Punta";425,04
"AUTOMAAS CHILE SPA";78343019-3;20821947;HXJJ44;PA17;"Ruta 5 Sur - Norte";"Américo Vespucio Oriente";2026-09-14;20:42:52;"Tarifa Base Fuera de Punta";462,46
"AUTOMAAS CHILE SPA";78343019-3;20821947;LPPZ24;PA8;"Ruta 5 Norte - Sur";"Lo Espejo Poniente";2026-09-14;21:21:22;"Tarifa Base Fuera de Punta";452,06
"AUTOMAAS CHILE SPA";78343019-3;20821947;LPPZ24;PA32;"Ruta 5 Norte - Sur";"Lo Blanco - Las Acacias";2026-09-14;21:22:28;"Tarifa Base Fuera de Punta";176,67
"AUTOMAAS CHILE SPA";78343019-3;20821947;LPPZ31;PA7;"Ruta 5 Sur - Norte";"Lo Espejo Oriente";2026-09-14;21:22:37;"Tarifa Base Fuera de Punta";452,06
"AUTOMAAS CHILE SPA";78343019-3;20821947;LPPZ24;PA6;"Ruta 5 Norte - Sur";"Colón Poniente";2026-09-14;21:24:10;"Tarifa Base Fuera de Punta";157,96
"AUTOMAAS CHILE SPA";78343019-3;20821947;LPPZ24;PA37;"Ruta 5 Norte - Sur";"Colón, Calera de Tango";2026-09-14;21:25:06;"Tarifa Base Fuera de Punta";455,18
"AUTOMAAS CHILE SPA";78343019-3;20821947;LPPZ24;PA4;"Ruta 5 Norte - Sur";"Calera de Tango Poniente";2026-09-14;21:26:46;"Tarifa Base Fuera de Punta";129,90
"AUTOMAAS CHILE SPA";78343019-3;20821947;HXJJ44;PA18;"Ruta 5 Norte - Sur";"Américo Vespucio Poniente";2026-09-14;22:21:21;"Tarifa Base Fuera de Punta";462,46
"AUTOMAAS CHILE SPA";78343019-3;20821947;HXJJ44;PA29;"General Velasquez Norte - Sur";"Cerro Renca Poniente";2026-09-14;22:22:41;"Tarifa Base Fuera de Punta";512,34
"AUTOMAAS CHILE SPA";78343019-3;20821947;LPPZ31;PA22;"General Velasquez Norte - Sur";"Lo Ovalle Poniente";2026-09-14;22:30:20;"Tarifa Base Fuera de Punta";512,34
"AUTOMAAS CHILE SPA";78343019-3;20821947;HXJJ44;PA22;"General Velasquez Norte - Sur";"Lo Ovalle Poniente";2026-09-14;22:44:23;"Tarifa Base Fuera de Punta";512,34
"AUTOMAAS CHILE SPA";78343019-3;20821947;CYPW26;PA21;"General Velasquez Sur - Norte";"Lo Ovalle Oriente";2026-09-14;23:57:51;"Tarifa Base Fuera de Punta";512,34
"AUTOMAAS CHILE SPA";78343019-3;20821947;KXZS95;PA21;"General Velasquez Sur - Norte";"Lo Ovalle Oriente";2026-09-15;00:31:23;"Tarifa Base Fuera de Punta";512,34
"AUTOMAAS CHILE SPA";78343019-3;20821947;KXZS95;PA23;"General Velasquez Sur - Norte";"Carlos Valdovinos Oriente";2026-09-15;00:35:27;"Tarifa Base Fuera de Punta";287,86
"AUTOMAAS CHILE SPA";78343019-3;20821947;KXZS95;PA25;"General Velasquez Sur - Norte";"San Pablo Oriente";2026-09-15;00:36:39;"Tarifa Base Fuera de Punta";421,93
"AUTOMAAS CHILE SPA";78343019-3;20821947;LPPZ31;PA9;"Ruta 5 Norte - Sur";"Lo Ovalle Poniente";2026-09-15;00:43:12;"Tarifa Base Fuera de Punta";392,83
"AUTOMAAS CHILE SPA";78343019-3;20821947;KXZS95;PA26;"General Velasquez Norte - Sur";"San Pablo Poniente";2026-09-15;00:45:54;"Tarifa Base Fuera de Punta";421,93
"AUTOMAAS CHILE SPA";78343019-3;20821947;KXZS95;PA24;"General Velasquez Norte - Sur";"Carlos Valdovinos Poniente";2026-09-15;00:47:33;"Tarifa Base Fuera de Punta";287,86
"AUTOMAAS CHILE SPA";78343019-3;20821947;KXZS95;PA22;"General Velasquez Norte - Sur";"Lo Ovalle Poniente";2026-09-15;00:49:45;"Tarifa Base Fuera de Punta";512,34
"AUTOMAAS CHILE SPA";78343019-3;20821947;LPPZ31;PA21;"General Velasquez Sur - Norte";"Lo Ovalle Oriente";2026-09-15;01:24:28;"Tarifa Base Fuera de Punta";512,34
"AUTOMAAS CHILE SPA";78343019-3;20821947;KXZS95;PA8;"Ruta 5 Norte - Sur";"Lo Espejo Poniente";2026-09-15;01:24:54;"Tarifa Base Fuera de Punta";452,06
"AUTOMAAS CHILE SPA";78343019-3;20821947;KXZS95;PA32;"Ruta 5 Norte - Sur";"Lo Blanco - Las Acacias";2026-09-15;01:25:54;"Tarifa Base Fuera de Punta";176,67
"AUTOMAAS CHILE SPA";78343019-3;20821947;LPPZ31;PA23;"General Velasquez Sur - Norte";"Carlos Valdovinos Oriente";2026-09-15;01:31:14;"Tarifa Base Fuera de Punta";287,86
"AUTOMAAS CHILE SPA";78343019-3;20821947;LJDV98;PA7;"Ruta 5 Sur - Norte";"Lo Espejo Oriente";2026-09-15;01:43:57;"Tarifa Base Fuera de Punta";452,06
"AUTOMAAS CHILE SPA";78343019-3;20821947;LPPZ31;PA26;"General Velasquez Norte - Sur";"San Pablo Poniente";2026-09-15;01:52:07;"Tarifa Base Fuera de Punta";421,93
"AUTOMAAS CHILE SPA";78343019-3;20821947;LPPZ31;PA24;"General Velasquez Norte - Sur";"Carlos Valdovinos Poniente";2026-09-15;01:53:39;"Tarifa Base Fuera de Punta";287,86
"AUTOMAAS CHILE SPA";78343019-3;20821947;LPPZ31;PA22;"General Velasquez Norte - Sur";"Lo Ovalle Poniente";2026-09-15;01:56:15;"Tarifa Base Fuera de Punta";512,34
"AUTOMAAS CHILE SPA";78343019-3;20821947;HXJJ44;PA21;"General Velasquez Sur - Norte";"Lo Ovalle Oriente";2026-09-15;04:22:41;"Tarifa Base Fuera de Punta";512,34
"AUTOMAAS CHILE SPA";78343019-3;20821947;KXZS95;PA12;"Ruta 5 Norte - Sur";"Avda Matta Poniente";2026-09-15;04:24:39;"Tarifa Base Fuera de Punta";368,93
"AUTOMAAS CHILE SPA";78343019-3;20821947;LDWP36;PA7;"Ruta 5 Sur - Norte";"Lo Espejo Oriente";2026-09-15;04:33:25;"Tarifa Base Fuera de Punta";452,06
"AUTOMAAS CHILE SPA";78343019-3;20821947;HXJJ44;PA22;"General Velasquez Norte - Sur";"Lo Ovalle Poniente";2026-09-15;04:51:37;"Tarifa Base Fuera de Punta";512,34
"AUTOMAAS CHILE SPA";78343019-3;20821947;LJDV98;PA11;"Ruta 5 Norte - Sur";"La Marina San Nicolás Poniente";2026-09-15;04:53:52;"Tarifa Base Fuera de Punta";285,79
"AUTOMAAS CHILE SPA";78343019-3;20821947;LJDV98;PA9;"Ruta 5 Norte - Sur";"Lo Ovalle Poniente";2026-09-15;04:54:42;"Tarifa Base Fuera de Punta";392,83
"AUTOMAAS CHILE SPA";78343019-3;20821947;LJDV98;PA8;"Ruta 5 Norte - Sur";"Lo Espejo Poniente";2026-09-15;04:57:50;"Tarifa Base Fuera de Punta";452,06
"AUTOMAAS CHILE SPA";78343019-3;20821947;LJDV98;PA32;"Ruta 5 Norte - Sur";"Lo Blanco - Las Acacias";2026-09-15;04:58:58;"Tarifa Base Fuera de Punta";176,67
"AUTOMAAS CHILE SPA";78343019-3;20821947;LPPZ24;PA7;"Ruta 5 Sur - Norte";"Lo Espejo Oriente";2026-09-15;05:44:19;"Tarifa Base Fuera de Punta";452,06
"AUTOMAAS CHILE SPA";78343019-3;20821947;LPPZ24;PA30;"Ruta 5 Sur - Norte";"Americo Vespucio - Departamental";2026-09-15;05:47:35;"Tarifa Base Fuera de Punta";392,83
"AUTOMAAS CHILE SPA";78343019-3;20821947;LPPZ24;PA10;"Ruta 5 Sur - Norte";"La Marina San Nicolás Oriente";2026-09-15;05:48:24;"Tarifa Base Fuera de Punta";285,79
"AUTOMAAS CHILE SPA";78343019-3;20821947;KXZS95;PA28;"General Velasquez Sur - Norte";"Cerro Renca Oriente";2026-09-15;05:51:49;"Tarifa Base Fuera de Punta";512,34
"AUTOMAAS CHILE SPA";78343019-3;20821947;KXZS95;PA17;"Ruta 5 Sur - Norte";"Américo Vespucio Oriente";2026-09-15;05:52:56;"Tarifa Base Fuera de Punta";462,46
"AUTOMAAS CHILE SPA";78343019-3;20821947;LDWP36;PA31;"Ruta 5 Sur - Norte";"Avenida Matta";2026-09-15;06:06:54;"Tarifa Base Fuera de Punta";368,93
"AUTOMAAS CHILE SPA";78343019-3;20821947;LDWP36;PA13;"Ruta 5 Sur - Norte";"Alameda - Rio Mapocho";2026-09-15;06:08:31;"Tarifa Base Fuera de Punta";181,86
"AUTOMAAS CHILE SPA";78343019-3;20821947;PJHJ69;PA32;"Ruta 5 Norte - Sur";"Lo Blanco - Las Acacias";2026-09-15;06:26:26;"Tarifa Base Fuera de Punta";176,67
"AUTOMAAS CHILE SPA";78343019-3;20821947;PJHJ69;PA6;"Ruta 5 Norte - Sur";"Colón Poniente";2026-09-15;06:27:53;"Tarifa Base Fuera de Punta";157,96
"AUTOMAAS CHILE SPA";78343019-3;20821947;PJHJ69;PA37;"Ruta 5 Norte - Sur";"Colón, Calera de Tango";2026-09-15;06:28:47;"Tarifa Base Fuera de Punta";455,18
"AUTOMAAS CHILE SPA";78343019-3;20821947;PJHJ69;PA4;"Ruta 5 Norte - Sur";"Calera de Tango Poniente";2026-09-15;06:30:29;"Tarifa Base Fuera de Punta";129,90
"AUTOMAAS CHILE SPA";78343019-3;20821947;LPPZ31;PA21;"General Velasquez Sur - Norte";"Lo Ovalle Oriente";2026-09-15;06:30:31;"Tarifa Base Fuera de Punta";512,34
"AUTOMAAS CHILE SPA";78343019-3;20821947;LPPZ24;PA13;"Ruta 5 Sur - Norte";"Alameda - Rio Mapocho";2026-09-15;06:33:04;"Tarifa Base Punta";363,73
"AUTOMAAS CHILE SPA";78343019-3;20821947;LPPZ31;PA23;"General Velasquez Sur - Norte";"Carlos Valdovinos Oriente";2026-09-15;06:33:44;"Tarifa Base Fuera de Punta";287,86
"AUTOMAAS CHILE SPA";78343019-3;20821947;LPPZ31;PA25;"General Velasquez Sur - Norte";"San Pablo Oriente";2026-09-15;06:35:28;"Tarifa Base Fuera de Punta";421,93
"AUTOMAAS CHILE SPA";78343019-3;20821947;LPPZ24;PA16;"Ruta 5 Sur - Norte";"Avda Santa María Oriente";2026-09-15;06:35:55;"Tarifa Base Fuera de Punta";425,04
"AUTOMAAS CHILE SPA";78343019-3;20821947;KXZS95;PA18;"Ruta 5 Norte - Sur";"Américo Vespucio Poniente";2026-09-15;06:38:03;"Tarifa Base Fuera de Punta";462,46
"AUTOMAAS CHILE SPA";78343019-3;20821947;LPPZ24;PA17;"Ruta 5 Sur - Norte";"Américo Vespucio Oriente";2026-09-15;06:39:38;"Tarifa Base Fuera de Punta";462,46
"AUTOMAAS CHILE SPA";78343019-3;20821947;PJHJ69;PA3;"Ruta 5 Sur - Norte";"Calera de Tango Oriente";2026-09-15;06:42:03;"Tarifa Base Punta";1.170,18
"AUTOMAAS CHILE SPA";78343019-3;20821947;KXZS95;PA15;"Ruta 5 Norte - Sur";"Bulnes Poniente";2026-09-15;06:43:12;"Tarifa Base Fuera de Punta";425,04
"AUTOMAAS CHILE SPA";78343019-3;20821947;LPPZ24;PA18;"Ruta 5 Norte - Sur";"Américo Vespucio Poniente";2026-09-15;07:02:13;"Tarifa Base Punta";924,92
"AUTOMAAS CHILE SPA";78343019-3;20821947;LPPZ24;PA29;"General Velasquez Norte - Sur";"Cerro Renca Poniente";2026-09-15;07:03:42;"Tarifa Base Fuera de Punta";512,34
"AUTOMAAS CHILE SPA";78343019-3;20821947;LPPZ24;PA26;"General Velasquez Norte - Sur";"San Pablo Poniente";2026-09-15;07:08:43;"Tarifa Base Fuera de Punta";421,93
"AUTOMAAS CHILE SPA";78343019-3;20821947;LPPZ24;PA24;"General Velasquez Norte - Sur";"Carlos Valdovinos Poniente";2026-09-15;07:10:08;"Tarifa Base Fuera de Punta";287,86
"AUTOMAAS CHILE SPA";78343019-3;20821947;PJHJ69;PA5;"Ruta 5 Sur - Norte";"Colón Oriente";2026-09-15;07:10:29;"Tarifa Saturación";1.003,90
"AUTOMAAS CHILE SPA";78343019-3;20821947;HXJJ44;PA25;"General Velasquez Sur - Norte";"San Pablo Oriente";2026-09-15;07:11:07;"Tarifa Base Punta";843,86
"AUTOMAAS CHILE SPA";78343019-3;20821947;LPPZ24;PA22;"General Velasquez Norte - Sur";"Lo Ovalle Poniente";2026-09-15;07:12:45;"Tarifa Base Fuera de Punta";512,34
"AUTOMAAS CHILE SPA";78343019-3;20821947;PJHJ69;PA7;"Ruta 5 Sur - Norte";"Lo Espejo Oriente";2026-09-15;07:14:14;"Tarifa Base Fuera de Punta";452,06
"AUTOMAAS CHILE SPA";78343019-3;20821947;LPPZ24;PA20;"General Velasquez Norte - Sur";"Lo Espejo Poniente";2026-09-15;07:14:46;"Tarifa Base Fuera de Punta";412,57
"AUTOMAAS CHILE SPA";78343019-3;20821947;LPPZ24;PA32;"Ruta 5 Norte - Sur";"Lo Blanco - Las Acacias";2026-09-15;07:16:18;"Tarifa Base Fuera de Punta";176,67
"AUTOMAAS CHILE SPA";78343019-3;20821947;HXJJ44;PA28;"General Velasquez Sur - Norte";"Cerro Renca Oriente";2026-09-15;07:16:49;"Tarifa Base Punta";1.024,69
"AUTOMAAS CHILE SPA";78343019-3;20821947;LPPZ24;PA6;"Ruta 5 Norte - Sur";"Colón Poniente";2026-09-15;07:18:01;"Tarifa Base Fuera de Punta";157,96
"AUTOMAAS CHILE SPA";78343019-3;20821947;HXJJ44;PA17;"Ruta 5 Sur - Norte";"Américo Vespucio Oriente";2026-09-15;07:21:30;"Tarifa Base Punta";924,92
"AUTOMAAS CHILE SPA";78343019-3;20821947;LDWP36;PA14;"Ruta 5 Norte - Sur";"Alameda Poniente";2026-09-15;07:26:06;"Tarifa Base Punta";363,73
"AUTOMAAS CHILE SPA";78343019-3;20821947;LDWP36;PA12;"Ruta 5 Norte - Sur";"Avda Matta Poniente";2026-09-15;07:27:53;"Tarifa Base Punta";737,86
"AUTOMAAS CHILE SPA";78343019-3;20821947;LDWP36;PA11;"Ruta 5 Norte - Sur";"La Marina San Nicolás Poniente";2026-09-15;07:30:08;"Tarifa Base Fuera de Punta";285,79
"AUTOMAAS CHILE SPA";78343019-3;20821947;LDWP36;PA9;"Ruta 5 Norte - Sur";"Lo Ovalle Poniente";2026-09-15;07:31:09;"Tarifa Base Fuera de Punta";392,83
"AUTOMAAS CHILE SPA";78343019-3;20821947;PJHJ69;PA31;"Ruta 5 Sur - Norte";"Avenida Matta";2026-09-15;07:54:04;"Tarifa Base Punta";737,86
"AUTOMAAS CHILE SPA";78343019-3;20821947;PJHJ69;PA13;"Ruta 5 Sur - Norte";"Alameda - Rio Mapocho";2026-09-15;07:58:43;"Tarifa Base Punta";363,73
"AUTOMAAS CHILE SPA";78343019-3;20821947;PJHJ69;PA16;"Ruta 5 Sur - Norte";"Avda Santa María Oriente";2026-09-15;08:02:15;"Tarifa Base Punta";850,10
"AUTOMAAS CHILE SPA";78343019-3;20821947;PJHJ69;PA17;"Ruta 5 Sur - Norte";"Américo Vespucio Oriente";2026-09-15;08:08:05;"Tarifa Base Punta";924,92
"AUTOMAAS CHILE SPA";78343019-3;20821947;PJHJ69;PA18;"Ruta 5 Norte - Sur";"Américo Vespucio Poniente";2026-09-15;08:34:23;"Tarifa Base Fuera de Punta";462,46
"AUTOMAAS CHILE SPA";78343019-3;20821947;PJHJ69;PA15;"Ruta 5 Norte - Sur";"Bulnes Poniente";2026-09-15;08:39:11;"Tarifa Base Punta";850,10
"AUTOMAAS CHILE SPA";78343019-3;20821947;PJHJ69;PA12;"Ruta 5 Norte - Sur";"Avda Matta Poniente";2026-09-15;08:47:46;"Tarifa Base Fuera de Punta";368,93
"AUTOMAAS CHILE SPA";78343019-3;20821947;PJHJ69;PA11;"Ruta 5 Norte - Sur";"La Marina San Nicolás Poniente";2026-09-15;08:49:42;"Tarifa Base Fuera de Punta";285,79
"AUTOMAAS CHILE SPA";78343019-3;20821947;PJHJ69;PA9;"Ruta 5 Norte - Sur";"Lo Ovalle Poniente";2026-09-15;08:50:37;"Tarifa Base Fuera de Punta";392,83
"AUTOMAAS CHILE SPA";78343019-3;20821947;HXJJ44;PA14;"Ruta 5 Norte - Sur";"Alameda Poniente";2026-09-15;09:03:09;"Tarifa Base Punta";363,73
"AUTOMAAS CHILE SPA";78343019-3;20821947;HXJJ44;PA13;"Ruta 5 Sur - Norte";"Alameda - Rio Mapocho";2026-09-15;09:13:07;"Tarifa Base Punta";363,73
"AUTOMAAS CHILE SPA";78343019-3;20821947;PJHJ69;PA8;"Ruta 5 Norte - Sur";"Lo Espejo Poniente";2026-09-15;09:18:49;"Tarifa Base Fuera de Punta";452,06
"AUTOMAAS CHILE SPA";78343019-3;20821947;PJHJ69;PA32;"Ruta 5 Norte - Sur";"Lo Blanco - Las Acacias";2026-09-15;09:19:48;"Tarifa Base Fuera de Punta";176,67
"AUTOMAAS CHILE SPA";78343019-3;20821947;PJHJ69;PA6;"Ruta 5 Norte - Sur";"Colón Poniente";2026-09-15;09:21:26;"Tarifa Base Fuera de Punta";157,96
"AUTOMAAS CHILE SPA";78343019-3;20821947;HXJJ44;PA26;"General Velasquez Norte - Sur";"San Pablo Poniente";2026-09-15;09:27:05;"Tarifa Base Fuera de Punta";421,93
"AUTOMAAS CHILE SPA";78343019-3;20821947;HXJJ44;PA24;"General Velasquez Norte - Sur";"Carlos Valdovinos Poniente";2026-09-15;09:28:33;"Tarifa Base Fuera de Punta";287,86
"AUTOMAAS CHILE SPA";78343019-3;20821947;HXJJ44;PA22;"General Velasquez Norte - Sur";"Lo Ovalle Poniente";2026-09-15;09:30:50;"Tarifa Base Fuera de Punta";512,34
"AUTOMAAS CHILE SPA";78343019-3;20821947;HXJJ44;PA14;"Ruta 5 Norte - Sur";"Alameda Poniente";2026-09-15;13:50:22;"Tarifa Base Fuera de Punta";181,86
"AUTOMAAS CHILE SPA";78343019-3;20821947;HXJJ44;PA12;"Ruta 5 Norte - Sur";"Avda Matta Poniente";2026-09-15;13:52:07;"Tarifa Base Fuera de Punta";368,93
"AUTOMAAS CHILE SPA";78343019-3;20821947;LPPZ31;PA30;"Ruta 5 Sur - Norte";"Americo Vespucio - Departamental";2026-09-15;18:08:07;"Tarifa Base Fuera de Punta";392,83
"AUTOMAAS CHILE SPA";78343019-3;20821947;LPPZ31;PA10;"Ruta 5 Sur - Norte";"La Marina San Nicolás Oriente";2026-09-15;18:08:57;"Tarifa Base Fuera de Punta";285,79
"AUTOMAAS CHILE SPA";78343019-3;20821947;LPPZ31;PA31;"Ruta 5 Sur - Norte";"Avenida Matta";2026-09-15;18:10:57;"Tarifa Base Punta";737,86
"AUTOMAAS CHILE SPA";78343019-3;20821947;LPPZ31;PA13;"Ruta 5 Sur - Norte";"Alameda - Rio Mapocho";2026-09-15;18:12:30;"Tarifa Base Punta";363,73
"AUTOMAAS CHILE SPA";78343019-3;20821947;LPPZ24;PA10;"Ruta 5 Sur - Norte";"La Marina San Nicolás Oriente";2026-09-15;18:55:42;"Tarifa Base Fuera de Punta";285,79
"AUTOMAAS CHILE SPA";78343019-3;20821947;LPPZ24;PA31;"Ruta 5 Sur - Norte";"Avenida Matta";2026-09-15;18:57:45;"Tarifa Base Punta";737,86
"AUTOMAAS CHILE SPA";78343019-3;20821947;LPPZ24;PA13;"Ruta 5 Sur - Norte";"Alameda - Rio Mapocho";2026-09-15;19:02:12;"Tarifa Base Fuera de Punta";181,86
"AUTOMAAS CHILE SPA";78343019-3;20821947;LPPZ24;PA16;"Ruta 5 Sur - Norte";"Avda Santa María Oriente";2026-09-15;19:20:58;"Tarifa Base Fuera de Punta";425,04
"AUTOMAAS CHILE SPA";78343019-3;20821947;LPPZ24;PA17;"Ruta 5 Sur - Norte";"Américo Vespucio Oriente";2026-09-15;19:24:38;"Tarifa Base Punta";924,92
"AUTOMAAS CHILE SPA";78343019-3;20821947;LDWP36;PA28;"General Velasquez Sur - Norte";"Cerro Renca Oriente";2026-09-15;19:30:57;"Tarifa Base Fuera de Punta";512,34
"AUTOMAAS CHILE SPA";78343019-3;20821947;LDWP36;PA17;"Ruta 5 Sur - Norte";"Américo Vespucio Oriente";2026-09-15;19:32:45;"Tarifa Base Fuera de Punta";462,46
"AUTOMAAS CHILE SPA";78343019-3;20821947;LDWP36;PA18;"Ruta 5 Norte - Sur";"Américo Vespucio Poniente";2026-09-15;20:18:19;"Tarifa Base Fuera de Punta";462,46
"AUTOMAAS CHILE SPA";78343019-3;20821947;LJDV98;PA18;"Ruta 5 Norte - Sur";"Américo Vespucio Poniente";2026-09-15;20:20:42;"Tarifa Base Fuera de Punta";462,46
"AUTOMAAS CHILE SPA";78343019-3;20821947;LDWP36;PA15;"Ruta 5 Norte - Sur";"Bulnes Poniente";2026-09-15;20:23:27;"Tarifa Base Punta";850,10
"AUTOMAAS CHILE SPA";78343019-3;20821947;LPPZ24;PA18;"Ruta 5 Norte - Sur";"Américo Vespucio Poniente";2026-09-15;20:24:17;"Tarifa Base Fuera de Punta";462,46
"AUTOMAAS CHILE SPA";78343019-3;20821947;LPPZ24;PA29;"General Velasquez Norte - Sur";"Cerro Renca Poniente";2026-09-15;20:25:30;"Tarifa Base Punta";1.024,69
"AUTOMAAS CHILE SPA";78343019-3;20821947;LJDV98;PA15;"Ruta 5 Norte - Sur";"Bulnes Poniente";2026-09-15;20:25:47;"Tarifa Base Punta";850,10
"AUTOMAAS CHILE SPA";78343019-3;20821947;LJDV98;PA14;"Ruta 5 Norte - Sur";"Alameda Poniente";2026-09-15;20:29:45;"Tarifa Base Punta";363,73
"AUTOMAAS CHILE SPA";78343019-3;20821947;LPPZ24;PA26;"General Velasquez Norte - Sur";"San Pablo Poniente";2026-09-15;20:30:17;"Tarifa Base Fuera de Punta";421,93
"AUTOMAAS CHILE SPA";78343019-3;20821947;LPPZ24;PA24;"General Velasquez Norte - Sur";"Carlos Valdovinos Poniente";2026-09-15;20:32:01;"Tarifa Base Fuera de Punta";287,86
"AUTOMAAS CHILE SPA";78343019-3;20821947;LPPZ24;PA9;"Ruta 5 Norte - Sur";"Lo Ovalle Poniente";2026-09-15;20:56:02;"Tarifa Base Fuera de Punta";392,83
"AUTOMAAS CHILE SPA";78343019-3;20821947;LPPZ24;PA8;"Ruta 5 Norte - Sur";"Lo Espejo Poniente";2026-09-15;20:59:01;"Tarifa Base Fuera de Punta";452,06
"AUTOMAAS CHILE SPA";78343019-3;20821947;LPPZ31;PA28;"General Velasquez Sur - Norte";"Cerro Renca Oriente";2026-09-15;20:59:24;"Tarifa Base Fuera de Punta";512,34
"AUTOMAAS CHILE SPA";78343019-3;20821947;LPPZ24;PA32;"Ruta 5 Norte - Sur";"Lo Blanco - Las Acacias";2026-09-15;21:00:00;"Tarifa Base Fuera de Punta";176,67
"AUTOMAAS CHILE SPA";78343019-3;20821947;LPPZ31;PA17;"Ruta 5 Sur - Norte";"Américo Vespucio Oriente";2026-09-15;21:00:49;"Tarifa Base Fuera de Punta";462,46
"AUTOMAAS CHILE SPA";78343019-3;20821947;LPPZ24;PA6;"Ruta 5 Norte - Sur";"Colón Poniente";2026-09-15;21:01:28;"Tarifa Base Fuera de Punta";157,96
"AUTOMAAS CHILE SPA";78343019-3;20821947;LPPZ24;PA37;"Ruta 5 Norte - Sur";"Colón, Calera de Tango";2026-09-15;21:02:25;"Tarifa Base Fuera de Punta";455,18
"AUTOMAAS CHILE SPA";78343019-3;20821947;LPPZ24;PA4;"Ruta 5 Norte - Sur";"Calera de Tango Poniente";2026-09-15;21:04:10;"Tarifa Base Fuera de Punta";129,90
"AUTOMAAS CHILE SPA";78343019-3;20821947;LPPZ24;PA3;"Ruta 5 Sur - Norte";"Calera de Tango Oriente";2026-09-15;21:11:55;"Tarifa Base Fuera de Punta";585,09
"AUTOMAAS CHILE SPA";78343019-3;20821947;LPPZ31;PA18;"Ruta 5 Norte - Sur";"Américo Vespucio Poniente";2026-09-15;21:51:43;"Tarifa Base Fuera de Punta";462,46
"AUTOMAAS CHILE SPA";78343019-3;20821947;LPPZ31;PA29;"General Velasquez Norte - Sur";"Cerro Renca Poniente";2026-09-15;21:53:21;"Tarifa Base Fuera de Punta";512,34
"AUTOMAAS CHILE SPA";78343019-3;20821947;LPPZ31;PA26;"General Velasquez Norte - Sur";"San Pablo Poniente";2026-09-15;21:58:25;"Tarifa Base Fuera de Punta";421,93
"AUTOMAAS CHILE SPA";78343019-3;20821947;LPPZ31;PA24;"General Velasquez Norte - Sur";"Carlos Valdovinos Poniente";2026-09-15;21:59:45;"Tarifa Base Fuera de Punta";287,86
"AUTOMAAS CHILE SPA";78343019-3;20821947;LPPZ31;PA22;"General Velasquez Norte - Sur";"Lo Ovalle Poniente";2026-09-15;22:02:41;"Tarifa Base Fuera de Punta";512,34
"AUTOMAAS CHILE SPA";78343019-3;20821947;LKGZ52;PA14;"Ruta 5 Norte - Sur";"Alameda Poniente";2026-09-15;22:23:47;"Tarifa Base Fuera de Punta";181,86
"AUTOMAAS CHILE SPA";78343019-3;20821947;LKGZ52;PA12;"Ruta 5 Norte - Sur";"Avda Matta Poniente";2026-09-15;22:26:41;"Tarifa Base Fuera de Punta";368,93
"AUTOMAAS CHILE SPA";78343019-3;20821947;HXJJ44;PA11;"Ruta 5 Norte - Sur";"La Marina San Nicolás Poniente";2026-09-15;22:41:04;"Tarifa Base Fuera de Punta";285,79
"AUTOMAAS CHILE SPA";78343019-3;20821947;HXJJ44;PA9;"Ruta 5 Norte - Sur";"Lo Ovalle Poniente";2026-09-15;22:42:11;"Tarifa Base Fuera de Punta";392,83
"AUTOMAAS CHILE SPA";78343019-3;20821947;LKGZ52;PA11;"Ruta 5 Norte - Sur";"La Marina San Nicolás Poniente";2026-09-15;22:48:25;"Tarifa Base Fuera de Punta";285,79
"AUTOMAAS CHILE SPA";78343019-3;20821947;LKGZ52;PA9;"Ruta 5 Norte - Sur";"Lo Ovalle Poniente";2026-09-15;22:49:10;"Tarifa Base Fuera de Punta";392,83
"AUTOMAAS CHILE SPA";78343019-3;20821947;KXZS95;PA26;"General Velasquez Norte - Sur";"San Pablo Poniente";2026-09-15;22:52:49;"Tarifa Base Fuera de Punta";421,93
"AUTOMAAS CHILE SPA";78343019-3;20821947;LPPZ31;PA30;"Ruta 5 Sur - Norte";"Americo Vespucio - Departamental";2026-09-15;23:00:30;"Tarifa Base Fuera de Punta";392,83
"AUTOMAAS CHILE SPA";78343019-3;20821947;LPPZ31;PA10;"Ruta 5 Sur - Norte";"La Marina San Nicolás Oriente";2026-09-15;23:01:32;"Tarifa Base Fuera de Punta";285,79
"AUTOMAAS CHILE SPA";78343019-3;20821947;LPPZ31;PA31;"Ruta 5 Sur - Norte";"Avenida Matta";2026-09-15;23:03:46;"Tarifa Base Fuera de Punta";368,93
"AUTOMAAS CHILE SPA";78343019-3;20821947;KXZS95;PA22;"General Velasquez Norte - Sur";"Lo Ovalle Poniente";2026-09-15;23:16:42;"Tarifa Base Fuera de Punta";512,34
"AUTOMAAS CHILE SPA";78343019-3;20821947;LPPZ31;PA9;"Ruta 5 Norte - Sur";"Lo Ovalle Poniente";2026-09-15;23:34:15;"Tarifa Base Fuera de Punta";392,83
"AUTOMAAS CHILE SPA";78343019-3;20821947;LJDV98;PA6;"Ruta 5 Norte - Sur";"Colón Poniente";2026-09-16;00:51:12;"Tarifa Base Fuera de Punta";157,96
"AUTOMAAS CHILE SPA";78343019-3;20821947;LJDV98;PA37;"Ruta 5 Norte - Sur";"Colón, Calera de Tango";2026-09-16;00:52:16;"Tarifa Base Fuera de Punta";455,18
"AUTOMAAS CHILE SPA";78343019-3;20821947;LPPZ24;PA7;"Ruta 5 Sur - Norte";"Lo Espejo Oriente";2026-09-16;00:52:53;"Tarifa Base Fuera de Punta";452,06
"AUTOMAAS CHILE SPA";78343019-3;20821947;LPPZ24;PA8;"Ruta 5 Norte - Sur";"Lo Espejo Poniente";2026-09-16;01:05:37;"Tarifa Base Fuera de Punta";452,06
"AUTOMAAS CHILE SPA";78343019-3;20821947;LPPZ24;PA32;"Ruta 5 Norte - Sur";"Lo Blanco - Las Acacias";2026-09-16;01:06:38;"Tarifa Base Fuera de Punta";176,67
"AUTOMAAS CHILE SPA";78343019-3;20821947;LPPZ31;PA19;"General Velasquez Sur - Norte";"Puerta Sur Oriente";2026-09-16;01:13:34;"Tarifa Base Fuera de Punta";412,57
"AUTOMAAS CHILE SPA";78343019-3;20821947;LJDV98;PA5;"Ruta 5 Sur - Norte";"Colón Oriente";2026-09-16;03:32:08;"Tarifa Base Fuera de Punta";334,63
"AUTOMAAS CHILE SPA";78343019-3;20821947;KXZS95;PA22;"General Velasquez Norte - Sur";"Lo Ovalle Poniente";2026-09-16;03:55:31;"Tarifa Base Fuera de Punta";512,34
"AUTOMAAS CHILE SPA";78343019-3;20821947;LJDV98;PA22;"General Velasquez Norte - Sur";"Lo Ovalle Poniente";2026-09-16;04:45:06;"Tarifa Base Fuera de Punta";512,34
"AUTOMAAS CHILE SPA";78343019-3;20821947;LJDV98;PA32;"Ruta 5 Norte - Sur";"Lo Blanco - Las Acacias";2026-09-16;04:57:29;"Tarifa Base Fuera de Punta";176,67
"AUTOMAAS CHILE SPA";78343019-3;20821947;LDWP36;PA32;"Ruta 5 Norte - Sur";"Lo Blanco - Las Acacias";2026-09-16;04:58:35;"Tarifa Base Fuera de Punta";176,67
"AUTOMAAS CHILE SPA";78343019-3;20821947;KXZS95;PA21;"General Velasquez Sur - Norte";"Lo Ovalle Oriente";2026-09-16;05:06:42;"Tarifa Base Fuera de Punta";512,34
"AUTOMAAS CHILE SPA";78343019-3;20821947;KXZS95;PA23;"General Velasquez Sur - Norte";"Carlos Valdovinos Oriente";2026-09-16;05:09:01;"Tarifa Base Fuera de Punta";287,86
"AUTOMAAS CHILE SPA";78343019-3;20821947;KXZS95;PA25;"General Velasquez Sur - Norte";"San Pablo Oriente";2026-09-16;05:10:17;"Tarifa Base Fuera de Punta";421,93
"AUTOMAAS CHILE SPA";78343019-3;20821947;LPPZ31;PA19;"General Velasquez Sur - Norte";"Puerta Sur Oriente";2026-09-16;05:14:48;"Tarifa Base Fuera de Punta";412,57
"AUTOMAAS CHILE SPA";78343019-3;20821947;HXJJ44;PA21;"General Velasquez Sur - Norte";"Lo Ovalle Oriente";2026-09-16;05:16:08;"Tarifa Base Fuera de Punta";512,34
"AUTOMAAS CHILE SPA";78343019-3;20821947;HXJJ44;PA23;"General Velasquez Sur - Norte";"Carlos Valdovinos Oriente";2026-09-16;05:19:09;"Tarifa Base Fuera de Punta";287,86
"AUTOMAAS CHILE SPA";78343019-3;20821947;LPPZ24;PA7;"Ruta 5 Sur - Norte";"Lo Espejo Oriente";2026-09-16;05:22:11;"Tarifa Base Fuera de Punta";452,06
"AUTOMAAS CHILE SPA";78343019-3;20821947;KXZS95;PA28;"General Velasquez Sur - Norte";"Cerro Renca Oriente";2026-09-16;05:22:25;"Tarifa Base Fuera de Punta";512,34
"AUTOMAAS CHILE SPA";78343019-3;20821947;KXZS95;PA17;"Ruta 5 Sur - Norte";"Américo Vespucio Oriente";2026-09-16;05:23:26;"Tarifa Base Fuera de Punta";462,46
"AUTOMAAS CHILE SPA";78343019-3;20821947;PJHJ69;PA8;"Ruta 5 Norte - Sur";"Lo Espejo Poniente";2026-09-16;06:13:50;"Tarifa Base Fuera de Punta";452,06
"AUTOMAAS CHILE SPA";78343019-3;20821947;PJHJ69;PA32;"Ruta 5 Norte - Sur";"Lo Blanco - Las Acacias";2026-09-16;06:14:57;"Tarifa Base Fuera de Punta";176,67
"AUTOMAAS CHILE SPA";78343019-3;20821947;PJHJ69;PA6;"Ruta 5 Norte - Sur";"Colón Poniente";2026-09-16;06:16:31;"Tarifa Base Fuera de Punta";157,96
"AUTOMAAS CHILE SPA";78343019-3;20821947;LPPZ24;PA13;"Ruta 5 Sur - Norte";"Alameda - Rio Mapocho";2026-09-16;06:45:58;"Tarifa Base Punta";363,73
"AUTOMAAS CHILE SPA";78343019-3;20821947;PJHJ69;PA5;"Ruta 5 Sur - Norte";"Colón Oriente";2026-09-16;06:46:29;"Tarifa Base Punta";669,27
"AUTOMAAS CHILE SPA";78343019-3;20821947;LPPZ24;PA16;"Ruta 5 Sur - Norte";"Avda Santa María Oriente";2026-09-16;06:48:57;"Tarifa Base Fuera de Punta";425,04
"AUTOMAAS CHILE SPA";78343019-3;20821947;PJHJ69;PA7;"Ruta 5 Sur - Norte";"Lo Espejo Oriente";2026-09-16;06:49:45;"Tarifa Base Fuera de Punta";452,06
"AUTOMAAS CHILE SPA";78343019-3;20821947;LPPZ24;PA17;"Ruta 5 Sur - Norte";"Américo Vespucio Oriente";2026-09-16;06:53:17;"Tarifa Base Fuera de Punta";462,46
"AUTOMAAS CHILE SPA";78343019-3;20821947;LPPZ31;PA25;"General Velasquez Sur - Norte";"San Pablo Oriente";2026-09-16;07:12:16;"Tarifa Base Punta";843,86
"AUTOMAAS CHILE SPA";78343019-3;20821947;LPPZ24;PA18;"Ruta 5 Norte - Sur";"Américo Vespucio Poniente";2026-09-16;07:16:02;"Tarifa Base Punta";924,92
"AUTOMAAS CHILE SPA";78343019-3;20821947;LPPZ24;PA29;"General Velasquez Norte - Sur";"Cerro Renca Poniente";2026-09-16;07:17:32;"Tarifa Base Fuera de Punta";512,34
"AUTOMAAS CHILE SPA";78343019-3;20821947;LPPZ31;PA28;"General Velasquez Sur - Norte";"Cerro Renca Oriente";2026-09-16;07:17:48;"Tarifa Base Punta";1.024,69
"AUTOMAAS CHILE SPA";78343019-3;20821947;LPPZ31;PA17;"Ruta 5 Sur - Norte";"Américo Vespucio Oriente";2026-09-16;07:21:37;"Tarifa Base Punta";924,92
"AUTOMAAS CHILE SPA";78343019-3;20821947;LPPZ24;PA26;"General Velasquez Norte - Sur";"San Pablo Poniente";2026-09-16;07:22:42;"Tarifa Base Fuera de Punta";421,93
"AUTOMAAS CHILE SPA";78343019-3;20821947;LPPZ24;PA24;"General Velasquez Norte - Sur";"Carlos Valdovinos Poniente";2026-09-16;07:24:09;"Tarifa Base Fuera de Punta";287,86
"AUTOMAAS CHILE SPA";78343019-3;20821947;PJHJ69;PA23;"General Velasquez Sur - Norte";"Carlos Valdovinos Oriente";2026-09-16;07:24:34;"Tarifa Base Punta";575,74
"AUTOMAAS CHILE SPA";78343019-3;20821947;LDWP36;PA11;"Ruta 5 Norte - Sur";"La Marina San Nicolás Poniente";2026-09-16;07:24:56;"Tarifa Base Fuera de Punta";285,79
"AUTOMAAS CHILE SPA";78343019-3;20821947;LDWP36;PA9;"Ruta 5 Norte - Sur";"Lo Ovalle Poniente";2026-09-16;07:25:44;"Tarifa Base Fuera de Punta";392,83
"AUTOMAAS CHILE SPA";78343019-3;20821947;PJHJ69;PA25;"General Velasquez Sur - Norte";"San Pablo Oriente";2026-09-16;07:26:33;"Tarifa Base Punta";843,86
"AUTOMAAS CHILE SPA";78343019-3;20821947;LPPZ24;PA22;"General Velasquez Norte - Sur";"Lo Ovalle Poniente";2026-09-16;07:26:36;"Tarifa Base Fuera de Punta";512,34
"AUTOMAAS CHILE SPA";78343019-3;20821947;LPPZ24;PA20;"General Velasquez Norte - Sur";"Lo Espejo Poniente";2026-09-16;07:28:34;"Tarifa Base Fuera de Punta";412,57
"AUTOMAAS CHILE SPA";78343019-3;20821947;LPPZ24;PA32;"Ruta 5 Norte - Sur";"Lo Blanco - Las Acacias";2026-09-16;07:30:18;"Tarifa Base Fuera de Punta";176,67
"AUTOMAAS CHILE SPA";78343019-3;20821947;LPPZ24;PA6;"Ruta 5 Norte - Sur";"Colón Poniente";2026-09-16;07:31:48;"Tarifa Base Fuera de Punta";157,96
"AUTOMAAS CHILE SPA";78343019-3;20821947;PJHJ69;PA28;"General Velasquez Sur - Norte";"Cerro Renca Oriente";2026-09-16;07:35:46;"Tarifa Saturación";1.537,04
"AUTOMAAS CHILE SPA";78343019-3;20821947;PJHJ69;PA17;"Ruta 5 Sur - Norte";"Américo Vespucio Oriente";2026-09-16;07:39:28;"Tarifa Base Punta";924,92
"AUTOMAAS CHILE SPA";78343019-3;20821947;PJHJ69;PA18;"Ruta 5 Norte - Sur";"Américo Vespucio Poniente";2026-09-16;08:28:49;"Tarifa Base Punta";924,92
"AUTOMAAS CHILE SPA";78343019-3;20821947;LPPZ31;PA18;"Ruta 5 Norte - Sur";"Américo Vespucio Poniente";2026-09-16;08:31:33;"Tarifa Base Fuera de Punta";462,46
"AUTOMAAS CHILE SPA";78343019-3;20821947;PJHJ69;PA15;"Ruta 5 Norte - Sur";"Bulnes Poniente";2026-09-16;08:33:36;"Tarifa Base Punta";850,10
"AUTOMAAS CHILE SPA";78343019-3;20821947;LPPZ31;PA26;"General Velasquez Norte - Sur";"San Pablo Poniente";2026-09-16;08:46:20;"Tarifa Base Fuera de Punta";421,93
"AUTOMAAS CHILE SPA";78343019-3;20821947;PJHJ69;PA14;"Ruta 5 Norte - Sur";"Alameda Poniente";2026-09-16;08:50:37;"Tarifa Base Fuera de Punta";181,86
"AUTOMAAS CHILE SPA";78343019-3;20821947;PJHJ69;PA12;"Ruta 5 Norte - Sur";"Avda Matta Poniente";2026-09-16;08:52:20;"Tarifa Base Fuera de Punta";368,93
"AUTOMAAS CHILE SPA";78343019-3;20821947;PJHJ69;PA11;"Ruta 5 Norte - Sur";"La Marina San Nicolás Poniente";2026-09-16;08:54:27;"Tarifa Base Fuera de Punta";285,79
"AUTOMAAS CHILE SPA";78343019-3;20821947;LPPZ31;PA22;"General Velasquez Norte - Sur";"Lo Ovalle Poniente";2026-09-16;09:05:24;"Tarifa Base Fuera de Punta";512,34
"AUTOMAAS CHILE SPA";78343019-3;20821947;KXZS95;PA26;"General Velasquez Norte - Sur";"San Pablo Poniente";2026-09-16;10:07:41;"Tarifa Base Fuera de Punta";421,93
"AUTOMAAS CHILE SPA";78343019-3;20821947;KXZS95;PA24;"General Velasquez Norte - Sur";"Carlos Valdovinos Poniente";2026-09-16;10:09:16;"Tarifa Base Fuera de Punta";287,86
"AUTOMAAS CHILE SPA";78343019-3;20821947;KXZS95;PA22;"General Velasquez Norte - Sur";"Lo Ovalle Poniente";2026-09-16;10:12:12;"Tarifa Base Fuera de Punta";512,34
"AUTOMAAS CHILE SPA";78343019-3;20821947;KXZS95;PA20;"General Velasquez Norte - Sur";"Lo Espejo Poniente";2026-09-16;10:14:28;"Tarifa Base Fuera de Punta";412,57
"AUTOMAAS CHILE SPA";78343019-3;20821947;KXZS95;PA32;"Ruta 5 Norte - Sur";"Lo Blanco - Las Acacias";2026-09-16;10:16:08;"Tarifa Base Punta";353,34
"AUTOMAAS CHILE SPA";78343019-3;20821947;KXZS95;PA6;"Ruta 5 Norte - Sur";"Colón Poniente";2026-09-16;10:17:58;"Tarifa Base Punta";315,93
"AUTOMAAS CHILE SPA";78343019-3;20821947;LJDV98;PA30;"Ruta 5 Sur - Norte";"Americo Vespucio - Departamental";2026-09-16;17:06:57;"Tarifa Base Fuera de Punta";392,83
"AUTOMAAS CHILE SPA";78343019-3;20821947;LJDV98;PA10;"Ruta 5 Sur - Norte";"La Marina San Nicolás Oriente";2026-09-16;17:07:48;"Tarifa Base Fuera de Punta";285,79
"AUTOMAAS CHILE SPA";78343019-3;20821947;LJDV98;PA31;"Ruta 5 Sur - Norte";"Avenida Matta";2026-09-16;17:09:50;"Tarifa Base Punta";737,86
"AUTOMAAS CHILE SPA";78343019-3;20821947;HXJJ44;PA25;"General Velasquez Sur - Norte";"San Pablo Oriente";2026-09-16;17:53:11;"Tarifa Base Fuera de Punta";421,93
"AUTOMAAS CHILE SPA";78343019-3;20821947;HXJJ44;PA28;"General Velasquez Sur - Norte";"Cerro Renca Oriente";2026-09-16;17:58:17;"Tarifa Base Fuera de Punta";512,34
"AUTOMAAS CHILE SPA";78343019-3;20821947;LJDV98;PA12;"Ruta 5 Norte - Sur";"Avda Matta Poniente";2026-09-16;18:00:49;"Tarifa Base Fuera de Punta";368,93
"AUTOMAAS CHILE SPA";78343019-3;20821947;HXJJ44;PA17;"Ruta 5 Sur - Norte";"Américo Vespucio Oriente";2026-09-16;18:02:41;"Tarifa Base Punta";924,92
"AUTOMAAS CHILE SPA";78343019-3;20821947;LJDV98;PA11;"Ruta 5 Norte - Sur";"La Marina San Nicolás Poniente";2026-09-16;18:05:22;"Tarifa Base Punta";571,58
"AUTOMAAS CHILE SPA";78343019-3;20821947;LJDV98;PA9;"Ruta 5 Norte - Sur";"Lo Ovalle Poniente";2026-09-16;18:06:42;"Tarifa Base Punta";785,66
"AUTOMAAS CHILE SPA";78343019-3;20821947;LPPZ24;PA10;"Ruta 5 Sur - Norte";"La Marina San Nicolás Oriente";2026-09-16;18:38:19;"Tarifa Base Fuera de Punta";285,79
"AUTOMAAS CHILE SPA";78343019-3;20821947;LPPZ24;PA31;"Ruta 5 Sur - Norte";"Avenida Matta";2026-09-16;18:40:25;"Tarifa Base Punta";737,86
"AUTOMAAS CHILE SPA";78343019-3;20821947;LPPZ24;PA13;"Ruta 5 Sur - Norte";"Alameda - Rio Mapocho";2026-09-16;18:41:59;"Tarifa Base Punta";363,73
"AUTOMAAS CHILE SPA";78343019-3;20821947;LPPZ24;PA16;"Ruta 5 Sur - Norte";"Avda Santa María Oriente";2026-09-16;19:12:21;"Tarifa Base Fuera de Punta";425,04
"AUTOMAAS CHILE SPA";78343019-3;20821947;LPPZ24;PA17;"Ruta 5 Sur - Norte";"Américo Vespucio Oriente";2026-09-16;19:16:04;"Tarifa Base Punta";924,92
"AUTOMAAS CHILE SPA";78343019-3;20821947;LDWP36;PA28;"General Velasquez Sur - Norte";"Cerro Renca Oriente";2026-09-16;19:38:46;"Tarifa Base Fuera de Punta";512,34
"AUTOMAAS CHILE SPA";78343019-3;20821947;LDWP36;PA17;"Ruta 5 Sur - Norte";"Américo Vespucio Oriente";2026-09-16;19:40:23;"Tarifa Base Fuera de Punta";462,46
"AUTOMAAS CHILE SPA";78343019-3;20821947;LDWP36;PA18;"Ruta 5 Norte - Sur";"Américo Vespucio Poniente";2026-09-16;20:22:52;"Tarifa Base Fuera de Punta";462,46
"AUTOMAAS CHILE SPA";78343019-3;20821947;LDWP36;PA15;"Ruta 5 Norte - Sur";"Bulnes Poniente";2026-09-16;20:27:32;"Tarifa Base Punta";850,10
"AUTOMAAS CHILE SPA";78343019-3;20821947;LPPZ24;PA18;"Ruta 5 Norte - Sur";"Américo Vespucio Poniente";2026-09-16;20:32:17;"Tarifa Base Fuera de Punta";462,46
"AUTOMAAS CHILE SPA";78343019-3;20821947;LPPZ24;PA29;"General Velasquez Norte - Sur";"Cerro Renca Poniente";2026-09-16;20:33:44;"Tarifa Base Fuera de Punta";512,34
"AUTOMAAS CHILE SPA";78343019-3;20821947;LPPZ24;PA26;"General Velasquez Norte - Sur";"San Pablo Poniente";2026-09-16;20:43:20;"Tarifa Base Fuera de Punta";421,93
"AUTOMAAS CHILE SPA";78343019-3;20821947;LPPZ24;PA24;"General Velasquez Norte - Sur";"Carlos Valdovinos Poniente";2026-09-16;20:45:23;"Tarifa Base Fuera de Punta";287,86
"AUTOMAAS CHILE SPA";78343019-3;20821947;HXJJ44;PA16;"Ruta 5 Sur - Norte";"Avda Santa María Oriente";2026-09-16;21:04:21;"Tarifa Base Fuera de Punta";425,04
"AUTOMAAS CHILE SPA";78343019-3;20821947;HXJJ44;PA17;"Ruta 5 Sur - Norte";"Américo Vespucio Oriente";2026-09-16;21:08:21;"Tarifa Base Fuera de Punta";462,46
"AUTOMAAS CHILE SPA";78343019-3;20821947;LPPZ24;PA8;"Ruta 5 Norte - Sur";"Lo Espejo Poniente";2026-09-16;21:14:15;"Tarifa Base Fuera de Punta";452,06
"AUTOMAAS CHILE SPA";78343019-3;20821947;LPPZ24;PA32;"Ruta 5 Norte - Sur";"Lo Blanco - Las Acacias";2026-09-16;21:15:19;"Tarifa Base Fuera de Punta";176,67
"AUTOMAAS CHILE SPA";78343019-3;20821947;LPPZ24;PA6;"Ruta 5 Norte - Sur";"Colón Poniente";2026-09-16;21:16:53;"Tarifa Base Fuera de Punta";157,96
"AUTOMAAS CHILE SPA";78343019-3;20821947;LPPZ24;PA37;"Ruta 5 Norte - Sur";"Colón, Calera de Tango";2026-09-16;21:18:01;"Tarifa Base Fuera de Punta";455,18
"AUTOMAAS CHILE SPA";78343019-3;20821947;HXJJ44;PA18;"Ruta 5 Norte - Sur";"Américo Vespucio Poniente";2026-09-16;22:04:41;"Tarifa Base Fuera de Punta";462,46
"AUTOMAAS CHILE SPA";78343019-3;20821947;HXJJ44;PA29;"General Velasquez Norte - Sur";"Cerro Renca Poniente";2026-09-16;22:05:53;"Tarifa Base Fuera de Punta";512,34
"AUTOMAAS CHILE SPA";78343019-3;20821947;HXJJ44;PA26;"General Velasquez Norte - Sur";"San Pablo Poniente";2026-09-16;22:11:33;"Tarifa Base Fuera de Punta";421,93
"AUTOMAAS CHILE SPA";78343019-3;20821947;LPPZ31;PA30;"Ruta 5 Sur - Norte";"Americo Vespucio - Departamental";2026-09-16;23:11:16;"Tarifa Base Fuera de Punta";392,83
"AUTOMAAS CHILE SPA";78343019-3;20821947;LPPZ31;PA10;"Ruta 5 Sur - Norte";"La Marina San Nicolás Oriente";2026-09-16;23:12:11;"Tarifa Base Fuera de Punta";285,79
"AUTOMAAS CHILE SPA";78343019-3;20821947;KXZS95;PA26;"General Velasquez Norte - Sur";"San Pablo Poniente";2026-09-16;23:25:45;"Tarifa Base Fuera de Punta";421,93
"AUTOMAAS CHILE SPA";78343019-3;20821947;KXZS95;PA24;"General Velasquez Norte - Sur";"Carlos Valdovinos Poniente";2026-09-16;23:27:12;"Tarifa Base Fuera de Punta";287,86
"AUTOMAAS CHILE SPA";78343019-3;20821947;KXZS95;PA22;"General Velasquez Norte - Sur";"Lo Ovalle Poniente";2026-09-16;23:29:49;"Tarifa Base Fuera de Punta";512,34
"AUTOMAAS CHILE SPA";78343019-3;20821947;LPPZ31;PA11;"Ruta 5 Norte - Sur";"La Marina San Nicolás Poniente";2026-09-16;23:36:48;"Tarifa Base Fuera de Punta";285,79
"AUTOMAAS CHILE SPA";78343019-3;20821947;LPPZ31;PA9;"Ruta 5 Norte - Sur";"Lo Ovalle Poniente";2026-09-16;23:37:40;"Tarifa Base Fuera de Punta";392,83
"AUTOMAAS CHILE SPA";78343019-3;20821947;LJDV98;PA20;"General Velasquez Norte - Sur";"Lo Espejo Poniente";2026-09-16;23:45:34;"Tarifa Base Fuera de Punta";412,57
"AUTOMAAS CHILE SPA";78343019-3;20821947;LJDV98;PA32;"Ruta 5 Norte - Sur";"Lo Blanco - Las Acacias";2026-09-16;23:47:08;"Tarifa Base Fuera de Punta";176,67
